station,month,day,tmax_normal,tmin_normal
100,1,1,-1.3,-11.6
100,1,2,-1.5,-11.7
100,1,3,-1.4,-12.0
100,1,4,-1.3,-12.0
100,1,5,-1.3,-12.4
100,1,6,-1.3,-12.5
100,1,7,-1.4,-12.3
100,1,8,-1.5,-12.1
100,1,9,-1.7,-12.1
100,1,10,-2.0,-11.9
100,1,11,-2.2,-12.0
100,1,12,-2.2,-12.2
100,1,13,-2.1,-12.4
100,1,14,-2.0,-12.4
100,1,15,-1.8,-12.4
100,1,16,-1.6,-12.4
100,1,17,-1.5,-12.3
100,1,18,-1.5,-11.9
100,1,19,-1.5,-11.9
100,1,20,-1.8,-11.8
100,1,21,-2.0,-12.1
100,1,22,-2.3,-12.3
100,1,23,-2.6,-12.7
100,1,24,-2.7,-12.7
100,1,25,-2.5,-12.8
100,1,26,-2.3,-12.8
100,1,27,-2.0,-12.4
100,1,28,-1.8,-12.0
100,1,29,-1.6,-11.9
100,1,30,-1.6,-12.0
100,1,31,-1.4,-12.2
100,2,1,-1.4,-12.3
100,2,2,-1.2,-12.5
100,2,3,-1.0,-12.4
100,2,4,-0.7,-12.0
100,2,5,-0.6,-11.5
100,2,6,-0.5,-11.4
100,2,7,-0.6,-11.4
100,2,8,-0.8,-11.3
100,2,9,-0.9,-11.3
100,2,10,-0.8,-11.0
100,2,11,-0.3,-10.7
100,2,12,0.3,-10.2
100,2,13,0.7,-9.8
100,2,14,0.8,-9.7
100,2,15,0.7,-9.9
100,2,16,0.5,-9.9
100,2,17,0.5,-9.9
100,2,18,0.7,-10.1
100,2,19,1.0,-10.1
100,2,20,1.6,-9.7
100,2,21,1.7,-9.4
100,2,22,1.7,-9.1
100,2,23,1.9,-8.7
100,2,24,2.1,-8.2
100,2,25,2.3,-7.9
100,2,26,2.7,-7.5
100,2,27,3.0,-7.3
100,2,28,2.8,-7.1
100,2,29,2.9,-7.0
100,3,1,3.0,-7.0
100,3,2,3.0,-6.8
100,3,3,3.0,-6.9
100,3,4,3.0,-6.9
100,3,5,3.0,-6.8
100,3,6,3.0,-6.8
100,3,7,3.2,-6.7
100,3,8,3.2,-6.5
100,3,9,3.3,-6.5
100,3,10,3.8,-6.2
100,3,11,4.3,-5.9
100,3,12,4.5,-5.8
100,3,13,4.8,-5.6
100,3,14,5.2,-5.1
100,3,15,5.6,-4.9
100,3,16,5.9,-4.5
100,3,17,6.4,-4.1
100,3,18,6.6,-4.0
100,3,19,7.0,-4.0
100,3,20,7.0,-3.8
100,3,21,6.7,-3.8
100,3,22,6.4,-3.8
100,3,23,6.5,-3.6
100,3,24,6.6,-3.5
100,3,25,7.1,-3.3
100,3,26,7.4,-3.0
100,3,27,7.8,-2.7
100,3,28,8.2,-2.4
100,3,29,8.5,-1.9
100,3,30,8.7,-1.8
100,3,31,9.1,-1.6
100,4,1,9.5,-1.6
100,4,2,9.7,-1.6
100,4,3,10.0,-1.5
100,4,4,10.1,-1.2
100,4,5,10.1,-1.0
100,4,6,10.5,-0.8
100,4,7,10.9,-0.4
100,4,8,11.0,-0.3
100,4,9,11.0,-0.2
100,4,10,11.1,-0.2
100,4,11,11.2,0.0
100,4,12,11.4,0.2
100,4,13,11.8,0.5
100,4,14,12.7,0.9
100,4,15,13.3,1.3
100,4,16,14.1,1.6
100,4,17,14.3,1.7
100,4,18,14.3,1.9
100,4,19,14.5,2.2
100,4,20,14.6,2.5
100,4,21,14.4,2.7
100,4,22,14.6,2.9
100,4,23,14.9,2.9
100,4,24,14.7,2.8
100,4,25,14.7,2.6
100,4,26,15.0,2.6
100,4,27,15.2,3.1
100,4,28,15.4,3.7
100,4,29,15.9,4.2
100,4,30,16.4,4.7
100,5,1,16.6,5.3
100,5,2,17.0,5.5
100,5,3,17.3,5.5
100,5,4,17.3,5.6
100,5,5,17.5,5.6
100,5,6,17.5,5.6
100,5,7,17.4,5.6
100,5,8,16.9,5.5
100,5,9,16.8,5.5
100,5,10,16.7,5.7
100,5,11,16.7,5.8
100,5,12,16.8,6.0
100,5,13,17.3,6.3
100,5,14,17.6,6.7
100,5,15,18.0,6.7
100,5,16,18.2,6.8
100,5,17,18.6,7.1
100,5,18,18.8,7.1
100,5,19,19.2,7.0
100,5,20,19.7,7.3
100,5,21,19.9,7.6
100,5,22,20.0,7.6
100,5,23,20.2,7.8
100,5,24,20.2,8.3
100,5,25,19.8,8.2
100,5,26,19.7,8.1
100,5,27,19.7,8.2
100,5,28,19.7,8.2
100,5,29,19.9,8.1
100,5,30,20.5,8.2
100,5,31,20.6,8.5
100,6,1,20.7,8.6
100,6,2,20.9,8.8
100,6,3,20.8,9.2
100,6,4,20.8,9.5
100,6,5,20.9,9.8
100,6,6,21.1,10.1
100,6,7,20.9,10.2
100,6,8,20.9,10.4
100,6,9,20.6,10.4
100,6,10,20.5,10.4
100,6,11,20.5,10.5
100,6,12,20.7,10.7
100,6,13,20.9,10.8
100,6,14,21.2,11.0
100,6,15,21.4,11.3
100,6,16,21.5,11.6
100,6,17,21.6,11.8
100,6,18,21.8,12.1
100,6,19,21.8,12.5
100,6,20,21.7,12.7
100,6,21,21.4,12.7
100,6,22,21.3,12.8
100,6,23,21.1,12.9
100,6,24,21.1,13.0
100,6,25,21.2,13.2
100,6,26,21.7,13.5
100,6,27,22.1,13.9
100,6,28,22.4,14.2
100,6,29,22.6,14.6
100,6,30,22.8,14.9
100,7,1,22.8,15.2
100,7,2,22.7,15.5
100,7,3,22.8,15.4
100,7,4,22.9,15.2
100,7,5,22.7,14.9
100,7,6,22.5,14.9
100,7,7,22.5,14.9
100,7,8,22.3,15.1
100,7,9,22.3,15.3
100,7,10,22.5,15.7
100,7,11,22.6,16.0
100,7,12,22.6,16.1
100,7,13,22.6,16.3
100,7,14,22.5,16.3
100,7,15,22.5,16.4
100,7,16,22.7,16.3
100,7,17,23.0,16.3
100,7,18,23.4,16.5
100,7,19,23.9,16.8
100,7,20,24.4,17.1
100,7,21,24.6,17.4
100,7,22,24.5,17.7
100,7,23,24.4,17.8
100,7,24,24.2,17.8
100,7,25,24.0,17.8
100,7,26,24.0,17.9
100,7,27,24.1,18.0
100,7,28,24.5,18.2
100,7,29,24.9,18.3
100,7,30,25.2,18.5
100,7,31,25.3,18.5
100,8,1,25.5,18.4
100,8,2,25.5,18.3
100,8,3,25.4,18.1
100,8,4,25.2,17.9
100,8,5,25.1,17.7
100,8,6,25.0,17.6
100,8,7,24.7,17.6
100,8,8,24.4,17.6
100,8,9,24.3,17.5
100,8,10,24.4,17.5
100,8,11,24.5,17.5
100,8,12,24.5,17.5
100,8,13,24.5,17.5
100,8,14,24.3,17.4
100,8,15,24.0,17.3
100,8,16,23.6,17.0
100,8,17,23.3,16.7
100,8,18,23.1,16.3
100,8,19,23.1,16.2
100,8,20,23.0,16.1
100,8,21,23.0,15.9
100,8,22,23.0,15.7
100,8,23,22.9,15.6
100,8,24,22.7,15.2
100,8,25,22.5,15.0
100,8,26,22.4,14.9
100,8,27,22.2,14.8
100,8,28,21.9,14.7
100,8,29,21.8,14.6
100,8,30,21.8,14.4
100,8,31,21.7,14.2
100,9,1,21.6,13.8
100,9,2,21.7,13.4
100,9,3,21.7,13.2
100,9,4,21.3,12.9
100,9,5,21.0,12.6
100,9,6,20.9,12.4
100,9,7,20.8,12.4
100,9,8,20.5,12.2
100,9,9,20.4,12.0
100,9,10,20.2,11.9
100,9,11,19.9,11.7
100,9,12,19.6,11.5
100,9,13,19.4,11.3
100,9,14,19.5,11.2
100,9,15,19.4,11.0
100,9,16,19.5,10.7
100,9,17,19.6,10.4
100,9,18,19.5,10.0
100,9,19,19.1,9.6
100,9,20,18.6,8.9
100,9,21,18.1,8.4
100,9,22,17.9,8.2
100,9,23,17.8,8.0
100,9,24,17.9,7.9
100,9,25,18.1,7.9
100,9,26,18.1,7.8
100,9,27,17.7,7.6
100,9,28,17.6,7.4
100,9,29,17.3,7.3
100,9,30,17.2,7.2
100,10,1,17.1,7.1
100,10,2,17.0,6.8
100,10,3,16.7,6.3
100,10,4,16.5,5.9
100,10,5,16.2,5.7
100,10,6,16.1,5.4
100,10,7,16.1,5.4
100,10,8,16.1,5.5
100,10,9,16.1,5.4
100,10,10,16.1,5.2
100,10,11,15.9,4.9
100,10,12,15.7,4.6
100,10,13,15.4,4.0
100,10,14,15.2,3.7
100,10,15,14.8,3.3
100,10,16,14.7,3.2
100,10,17,14.5,3.0
100,10,18,14.3,3.1
100,10,19,14.2,2.9
100,10,20,14.1,2.8
100,10,21,13.8,2.6
100,10,22,13.6,2.5
100,10,23,13.5,2.3
100,10,24,13.2,2.0
100,10,25,13.1,1.5
100,10,26,13.0,1.2
100,10,27,12.7,0.9
100,10,28,12.2,0.4
100,10,29,12.0,0.3
100,10,30,11.6,0.2
100,10,31,11.2,0.1
100,11,1,11.0,-0.2
100,11,2,11.1,-0.4
100,11,3,11.4,-0.3
100,11,4,11.7,0.0
100,11,5,11.7,0.2
100,11,6,11.4,0.4
100,11,7,10.8,0.4
100,11,8,9.9,0.3
100,11,9,9.4,-0.2
100,11,10,8.9,-0.7
100,11,11,8.6,-0.9
100,11,12,8.4,-1.1
100,11,13,8.0,-1.6
100,11,14,7.5,-2.2
100,11,15,7.2,-2.6
100,11,16,6.9,-3.3
100,11,17,6.5,-4.0
100,11,18,6.3,-4.3
100,11,19,6.1,-4.7
100,11,20,5.8,-4.8
100,11,21,5.7,-4.7
100,11,22,5.6,-4.6
100,11,23,5.6,-4.6
100,11,24,5.3,-4.6
100,11,25,5.0,-4.8
100,11,26,4.6,-4.9
100,11,27,4.3,-4.9
100,11,28,4.0,-5.0
100,11,29,3.9,-5.2
100,11,30,3.8,-5.4
100,12,1,3.7,-5.9
100,12,2,3.3,-6.5
100,12,3,2.9,-7.1
100,12,4,2.2,-7.6
100,12,5,1.8,-8.0
100,12,6,1.4,-8.0
100,12,7,1.2,-8.3
100,12,8,1.2,-8.3
100,12,9,1.1,-8.4
100,12,10,0.9,-8.8
100,12,11,0.8,-9.3
100,12,12,0.5,-9.4
100,12,13,0.1,-9.6
100,12,14,0.1,-9.9
100,12,15,-0.1,-9.9
100,12,16,-0.4,-9.9
100,12,17,-0.3,-10.1
100,12,18,-0.1,-10.2
100,12,19,0.0,-10.0
100,12,20,0.3,-9.8
100,12,21,0.5,-9.4
100,12,22,0.5,-9.2
100,12,23,0.2,-9.4
100,12,24,-0.2,-9.7
100,12,25,-0.5,-10.4
100,12,26,-0.7,-11.0
100,12,27,-0.8,-11.3
100,12,28,-0.9,-11.6
100,12,29,-1.1,-11.7
100,12,30,-1.2,-11.6
100,12,31,-1.3,-11.5
101,1,1,1.7,-9.1
101,1,2,1.8,-9.1
101,1,3,1.8,-9.3
101,1,4,1.9,-9.3
101,1,5,1.8,-9.4
101,1,6,1.6,-9.3
101,1,7,1.5,-9.4
101,1,8,1.6,-9.4
101,1,9,1.5,-9.5
101,1,10,1.5,-9.6
101,1,11,1.4,-9.8
101,1,12,1.3,-9.9
101,1,13,1.3,-9.8
101,1,14,1.5,-9.7
101,1,15,1.7,-9.4
101,1,16,1.9,-9.2
101,1,17,2.0,-9.1
101,1,18,2.1,-8.8
101,1,19,2.0,-8.8
101,1,20,1.9,-8.8
101,1,21,1.8,-8.9
101,1,22,1.7,-9.3
101,1,23,1.6,-9.6
101,1,24,1.7,-9.8
101,1,25,1.9,-10.0
101,1,26,2.1,-9.9
101,1,27,2.3,-9.6
101,1,28,2.6,-9.4
101,1,29,2.8,-9.1
101,1,30,2.8,-9.1
101,1,31,2.9,-9.3
101,2,1,2.9,-9.5
101,2,2,2.9,-9.5
101,2,3,3.1,-9.6
101,2,4,3.5,-9.3
101,2,5,3.7,-8.8
101,2,6,3.7,-8.5
101,2,7,3.7,-8.4
101,2,8,3.8,-8.1
101,2,9,3.8,-8.1
101,2,10,3.8,-7.9
101,2,11,4.4,-7.6
101,2,12,5.0,-7.1
101,2,13,5.4,-6.6
101,2,14,5.4,-6.3
101,2,15,5.5,-6.4
101,2,16,5.6,-6.2
101,2,17,5.6,-6.3
101,2,18,5.8,-6.5
101,2,19,6.1,-6.3
101,2,20,6.5,-5.9
101,2,21,6.8,-5.7
101,2,22,7.1,-5.5
101,2,23,7.2,-5.1
101,2,24,7.7,-4.8
101,2,25,7.9,-4.5
101,2,26,8.1,-4.1
101,2,27,8.2,-3.6
101,2,28,8.2,-3.4
101,2,29,8.3,-3.3
101,3,1,8.3,-3.3
101,3,2,8.4,-3.0
101,3,3,8.6,-2.9
101,3,4,8.7,-2.8
101,3,5,8.9,-2.6
101,3,6,9.0,-2.6
101,3,7,9.2,-2.6
101,3,8,9.3,-2.6
101,3,9,9.5,-2.6
101,3,10,10.0,-2.6
101,3,11,10.3,-2.5
101,3,12,10.4,-2.3
101,3,13,10.9,-2.2
101,3,14,11.3,-1.8
101,3,15,11.7,-1.5
101,3,16,12.1,-1.0
101,3,17,12.6,-0.7
101,3,18,12.8,-0.4
101,3,19,13.2,-0.3
101,3,20,13.3,0.0
101,3,21,13.0,0.0
101,3,22,12.8,-0.1
101,3,23,12.7,0.0
101,3,24,12.8,-0.1
101,3,25,13.1,-0.2
101,3,26,13.6,0.0
101,3,27,14.1,0.4
101,3,28,14.6,0.6
101,3,29,14.7,1.0
101,3,30,14.9,1.2
101,3,31,15.0,1.5
101,4,1,15.2,1.6
101,4,2,15.6,1.5
101,4,3,16.2,1.6
101,4,4,16.3,1.9
101,4,5,16.7,2.3
101,4,6,17.2,2.6
101,4,7,17.3,3.1
101,4,8,17.4,3.5
101,4,9,17.7,3.8
101,4,10,17.8,3.9
101,4,11,17.7,4.1
101,4,12,17.9,4.3
101,4,13,18.2,4.3
101,4,14,18.6,4.4
101,4,15,19.1,4.4
101,4,16,19.7,4.7
101,4,17,20.0,5.0
101,4,18,20.1,5.5
101,4,19,20.2,6.0
101,4,20,20.2,6.4
101,4,21,20.1,6.5
101,4,22,20.2,6.6
101,4,23,20.3,6.4
101,4,24,20.3,6.3
101,4,25,20.4,6.1
101,4,26,20.7,6.0
101,4,27,20.8,6.4
101,4,28,21.1,7.1
101,4,29,21.6,7.8
101,4,30,22.2,8.4
101,5,1,22.5,9.0
101,5,2,23.0,9.2
101,5,3,23.4,9.3
101,5,4,23.3,9.4
101,5,5,23.3,9.4
101,5,6,23.5,9.6
101,5,7,23.4,9.8
101,5,8,22.9,9.9
101,5,9,23.0,10.0
101,5,10,22.8,10.3
101,5,11,22.7,10.3
101,5,12,22.9,10.5
101,5,13,23.1,10.8
101,5,14,23.3,11.1
101,5,15,23.8,11.1
101,5,16,23.8,11.3
101,5,17,23.9,11.4
101,5,18,24.2,11.4
101,5,19,24.6,11.4
101,5,20,24.9,11.5
101,5,21,25.2,11.9
101,5,22,25.4,12.2
101,5,23,25.5,12.6
101,5,24,25.5,13.0
101,5,25,25.4,13.1
101,5,26,25.5,13.0
101,5,27,25.7,13.2
101,5,28,25.9,13.3
101,5,29,26.4,13.3
101,5,30,26.8,13.5
101,5,31,27.0,13.8
101,6,1,27.0,14.0
101,6,2,27.2,14.2
101,6,3,27.3,14.6
101,6,4,27.4,15.0
101,6,5,27.5,15.3
101,6,6,27.6,15.5
101,6,7,27.9,15.8
101,6,8,28.0,16.0
101,6,9,27.9,16.1
101,6,10,27.9,16.1
101,6,11,28.0,16.3
101,6,12,28.0,16.5
101,6,13,28.1,16.5
101,6,14,28.3,16.6
101,6,15,28.6,17.0
101,6,16,28.6,17.2
101,6,17,28.6,17.3
101,6,18,28.7,17.5
101,6,19,28.6,17.9
101,6,20,28.6,18.0
101,6,21,28.6,18.1
101,6,22,28.5,18.1
101,6,23,28.3,18.2
101,6,24,28.1,18.2
101,6,25,28.0,18.5
101,6,26,28.3,18.7
101,6,27,28.3,19.0
101,6,28,28.4,19.4
101,6,29,28.4,19.7
101,6,30,28.3,19.9
101,7,1,28.2,20.1
101,7,2,28.4,20.2
101,7,3,28.7,20.2
101,7,4,29.0,20.1
101,7,5,29.2,20.1
101,7,6,29.2,20.0
101,7,7,29.2,20.0
101,7,8,29.0,20.2
101,7,9,28.7,20.3
101,7,10,28.5,20.4
101,7,11,28.4,20.6
101,7,12,28.4,20.7
101,7,13,28.4,20.8
101,7,14,28.4,20.9
101,7,15,28.5,21.0
101,7,16,28.7,21.0
101,7,17,28.8,21.1
101,7,18,29.2,21.3
101,7,19,29.5,21.6
101,7,20,29.9,21.9
101,7,21,29.9,22.1
101,7,22,30.0,22.2
101,7,23,29.9,22.3
101,7,24,29.9,22.1
101,7,25,29.8,22.1
101,7,26,29.8,22.1
101,7,27,30.0,22.2
101,7,28,30.2,22.4
101,7,29,30.4,22.6
101,7,30,30.8,22.9
101,7,31,31.0,23.0
101,8,1,31.1,23.0
101,8,2,31.1,22.9
101,8,3,31.2,22.8
101,8,4,31.1,22.7
101,8,5,30.9,22.5
101,8,6,30.9,22.4
101,8,7,31.0,22.4
101,8,8,30.8,22.3
101,8,9,30.7,22.2
101,8,10,30.9,22.2
101,8,11,30.9,22.1
101,8,12,30.8,22.1
101,8,13,30.8,22.1
101,8,14,30.7,22.0
101,8,15,30.6,21.9
101,8,16,30.3,21.8
101,8,17,29.9,21.5
101,8,18,29.7,21.3
101,8,19,29.5,21.1
101,8,20,29.5,20.9
101,8,21,29.2,20.6
101,8,22,29.1,20.3
101,8,23,28.8,20.2
101,8,24,28.7,20.0
101,8,25,28.3,19.8
101,8,26,28.3,19.6
101,8,27,28.2,19.5
101,8,28,28.2,19.4
101,8,29,28.2,19.2
101,8,30,28.4,19.1
101,8,31,28.3,19.0
101,9,1,28.3,18.8
101,9,2,28.2,18.5
101,9,3,27.8,18.3
101,9,4,27.5,18.1
101,9,5,27.2,17.9
101,9,6,27.1,17.6
101,9,7,26.8,17.3
101,9,8,26.8,17.1
101,9,9,26.5,16.8
101,9,10,26.3,16.7
101,9,11,26.0,16.5
101,9,12,25.9,16.3
101,9,13,25.9,16.2
101,9,14,26.0,16.0
101,9,15,26.0,15.7
101,9,16,26.0,15.5
101,9,17,25.9,15.1
101,9,18,25.5,14.7
101,9,19,25.0,14.2
101,9,20,24.8,13.8
101,9,21,24.5,13.3
101,9,22,24.3,13.2
101,9,23,24.3,13.0
101,9,24,24.5,13.0
101,9,25,24.5,13.0
101,9,26,24.1,12.9
101,9,27,23.8,12.8
101,9,28,23.5,12.6
101,9,29,23.0,12.4
101,9,30,22.5,12.1
101,10,1,22.4,11.9
101,10,2,22.2,11.5
101,10,3,22.0,11.0
101,10,4,22.0,10.6
101,10,5,22.0,10.4
101,10,6,22.0,10.0
101,10,7,21.9,9.9
101,10,8,21.8,9.9
101,10,9,21.5,9.7
101,10,10,21.3,9.4
101,10,11,21.0,9.0
101,10,12,20.8,8.7
101,10,13,20.5,8.2
101,10,14,20.2,7.9
101,10,15,20.0,7.5
101,10,16,19.8,7.3
101,10,17,19.6,7.1
101,10,18,19.7,7.0
101,10,19,19.7,6.9
101,10,20,19.4,6.8
101,10,21,19.0,6.6
101,10,22,18.6,6.3
101,10,23,18.3,6.0
101,10,24,17.7,5.5
101,10,25,17.5,5.1
101,10,26,17.3,4.8
101,10,27,16.9,4.3
101,10,28,16.5,3.8
101,10,29,16.3,3.4
101,10,30,15.9,3.2
101,10,31,15.6,2.9
101,11,1,15.5,2.7
101,11,2,15.4,2.5
101,11,3,15.5,2.5
101,11,4,15.6,2.6
101,11,5,15.4,2.9
101,11,6,15.1,3.1
101,11,7,14.7,3.2
101,11,8,14.0,3.1
101,11,9,13.4,2.8
101,11,10,13.1,2.3
101,11,11,12.8,2.1
101,11,12,12.4,2.0
101,11,13,12.1,1.5
101,11,14,11.7,0.9
101,11,15,11.2,0.6
101,11,16,10.6,0.0
101,11,17,10.1,-0.7
101,11,18,9.7,-1.0
101,11,19,9.3,-1.3
101,11,20,9.0,-1.8
101,11,21,8.9,-1.9
101,11,22,8.7,-1.8
101,11,23,8.5,-1.8
101,11,24,8.2,-1.7
101,11,25,7.8,-1.6
101,11,26,7.6,-1.7
101,11,27,7.4,-1.7
101,11,28,7.4,-1.9
101,11,29,7.2,-2.1
101,11,30,7.1,-2.4
101,12,1,6.7,-2.9
101,12,2,6.3,-3.7
101,12,3,5.7,-4.2
101,12,4,5.2,-4.9
101,12,5,4.7,-5.2
101,12,6,4.4,-5.3
101,12,7,4.2,-5.4
101,12,8,4.1,-5.5
101,12,9,4.1,-5.4
101,12,10,4.0,-5.9
101,12,11,3.8,-6.3
101,12,12,3.5,-6.6
101,12,13,3.2,-7.0
101,12,14,3.0,-7.3
101,12,15,2.7,-7.3
101,12,16,2.6,-7.5
101,12,17,2.6,-7.6
101,12,18,2.6,-7.7
101,12,19,2.8,-7.5
101,12,20,3.2,-7.3
101,12,21,3.5,-6.8
101,12,22,3.6,-6.4
101,12,23,3.6,-6.3
101,12,24,3.3,-6.7
101,12,25,2.7,-7.3
101,12,26,2.3,-8.0
101,12,27,1.9,-8.6
101,12,28,1.5,-9.0
101,12,29,1.4,-9.1
101,12,30,1.4,-9.1
101,12,31,1.5,-9.0
108,1,1,2.2,-5.3
108,1,2,2.1,-5.4
108,1,3,2.2,-5.4
108,1,4,2.2,-5.3
108,1,5,2.2,-5.5
108,1,6,2.1,-5.5
108,1,7,2.0,-5.4
108,1,8,2.0,-5.4
108,1,9,1.8,-5.5
108,1,10,1.7,-5.7
108,1,11,1.6,-5.7
108,1,12,1.6,-5.7
108,1,13,1.7,-5.7
108,1,14,1.9,-5.6
108,1,15,2.1,-5.3
108,1,16,2.2,-5.3
108,1,17,2.4,-5.2
108,1,18,2.5,-5.0
108,1,19,2.3,-5.2
108,1,20,2.2,-5.3
108,1,21,2.0,-5.5
108,1,22,1.7,-5.8
108,1,23,1.4,-6.1
108,1,24,1.5,-6.1
108,1,25,1.6,-6.1
108,1,26,1.9,-6.0
108,1,27,2.2,-5.7
108,1,28,2.5,-5.5
108,1,29,2.6,-5.3
108,1,30,2.6,-5.3
108,1,31,2.5,-5.4
108,2,1,2.5,-5.5
108,2,2,2.6,-5.4
108,2,3,2.7,-5.4
108,2,4,3.0,-5.0
108,2,5,3.4,-4.8
108,2,6,3.4,-4.6
108,2,7,3.4,-4.7
108,2,8,3.5,-4.5
108,2,9,3.6,-4.6
108,2,10,3.5,-4.3
108,2,11,4.1,-3.9
108,2,12,4.7,-3.4
108,2,13,5.0,-3.1
108,2,14,5.1,-3.0
108,2,15,5.2,-3.1
108,2,16,5.1,-3.1
108,2,17,5.1,-3.2
108,2,18,5.4,-3.2
108,2,19,5.7,-2.8
108,2,20,6.2,-2.5
108,2,21,6.4,-2.3
108,2,22,6.7,-2.1
108,2,23,6.9,-1.7
108,2,24,7.4,-1.4
108,2,25,7.7,-1.1
108,2,26,8.1,-0.7
108,2,27,8.2,-0.4
108,2,28,8.1,-0.5
108,2,29,8.2,-0.4
108,3,1,8.2,-0.4
108,3,2,8.3,-0.3
108,3,3,8.4,-0.1
108,3,4,8.5,0.0
108,3,5,8.7,0.2
108,3,6,8.7,0.3
108,3,7,8.9,0.2
108,3,8,8.8,0.2
108,3,9,8.9,0.2
108,3,10,9.3,0.2
108,3,11,9.6,0.5
108,3,12,9.7,0.7
108,3,13,10.3,1.0
108,3,14,10.8,1.5
108,3,15,11.3,1.8
108,3,16,11.7,2.3
108,3,17,12.1,2.6
108,3,18,12.4,2.8
108,3,19,12.6,2.9
108,3,20,12.7,3.1
108,3,21,12.5,3.0
108,3,22,12.2,2.9
108,3,23,11.9,2.9
108,3,24,12.0,2.9
108,3,25,12.3,3.1
108,3,26,12.6,3.4
108,3,27,13.1,3.7
108,3,28,13.5,4.0
108,3,29,13.7,4.3
108,3,30,13.9,4.5
108,3,31,14.1,4.7
108,4,1,14.4,4.9
108,4,2,14.8,5.1
108,4,3,15.3,5.4
108,4,4,15.4,5.6
108,4,5,15.7,5.9
108,4,6,16.1,6.2
108,4,7,16.3,6.5
108,4,8,16.5,6.7
108,4,9,16.9,6.9
108,4,10,17.0,7.1
108,4,11,17.0,7.3
108,4,12,17.0,7.4
108,4,13,17.3,7.4
108,4,14,17.5,7.6
108,4,15,17.9,7.7
108,4,16,18.3,8.0
108,4,17,18.8,8.3
108,4,18,19.0,8.7
108,4,19,19.2,9.0
108,4,20,19.2,9.3
108,4,21,19.1,9.4
108,4,22,19.1,9.5
108,4,23,19.2,9.4
108,4,24,19.1,9.2
108,4,25,19.2,9.1
108,4,26,19.5,9.3
108,4,27,19.7,9.6
108,4,28,20.2,10.1
108,4,29,20.8,10.8
108,4,30,21.5,11.4
108,5,1,21.8,11.8
108,5,2,22.2,12.1
108,5,3,22.6,12.1
108,5,4,22.4,12.1
108,5,5,22.4,12.0
108,5,6,22.6,12.1
108,5,7,22.7,12.2
108,5,8,22.3,12.3
108,5,9,22.5,12.3
108,5,10,22.2,12.4
108,5,11,22.1,12.4
108,5,12,22.2,12.5
108,5,13,22.4,12.7
108,5,14,22.6,13.0
108,5,15,23.0,13.1
108,5,16,23.2,13.3
108,5,17,23.2,13.5
108,5,18,23.4,13.4
108,5,19,23.8,13.5
108,5,20,24.2,13.8
108,5,21,24.6,14.1
108,5,22,24.9,14.4
108,5,23,24.9,14.7
108,5,24,24.9,15.0
108,5,25,24.9,15.0
108,5,26,24.9,15.0
108,5,27,25.2,15.3
108,5,28,25.4,15.5
108,5,29,25.8,15.6
108,5,30,26.1,15.9
108,5,31,26.3,16.1
108,6,1,26.3,16.2
108,6,2,26.5,16.4
108,6,3,26.6,16.7
108,6,4,26.8,17.0
108,6,5,26.9,17.2
108,6,6,27.1,17.5
108,6,7,27.3,17.7
108,6,8,27.4,17.9
108,6,9,27.4,18.1
108,6,10,27.4,18.2
108,6,11,27.4,18.2
108,6,12,27.5,18.4
108,6,13,27.6,18.4
108,6,14,27.9,18.5
108,6,15,28.1,18.7
108,6,16,28.2,18.9
108,6,17,28.2,19.0
108,6,18,28.2,19.1
108,6,19,28.2,19.3
108,6,20,28.2,19.4
108,6,21,28.2,19.5
108,6,22,28.0,19.5
108,6,23,28.0,19.6
108,6,24,27.8,19.6
108,6,25,27.6,19.7
108,6,26,27.8,19.9
108,6,27,27.9,20.2
108,6,28,27.9,20.3
108,6,29,27.8,20.5
108,6,30,27.8,20.7
108,7,1,27.5,20.8
108,7,2,27.7,21.0
108,7,3,28.0,21.0
108,7,4,28.3,21.1
108,7,5,28.6,21.2
108,7,6,28.9,21.3
108,7,7,28.9,21.3
108,7,8,28.8,21.5
108,7,9,28.6,21.5
108,7,10,28.4,21.5
108,7,11,28.3,21.6
108,7,12,28.3,21.8
108,7,13,28.3,21.9
108,7,14,28.3,21.9
108,7,15,28.3,21.9
108,7,16,28.5,22.0
108,7,17,28.6,22.0
108,7,18,29.0,22.1
108,7,19,29.3,22.5
108,7,20,29.7,22.8
108,7,21,29.7,23.0
108,7,22,29.7,23.2
108,7,23,29.7,23.4
108,7,24,29.8,23.3
108,7,25,29.8,23.4
108,7,26,29.8,23.5
108,7,27,30.1,23.6
108,7,28,30.2,23.8
108,7,29,30.3,24.0
108,7,30,30.5,24.2
108,7,31,30.7,24.3
108,8,1,30.9,24.3
108,8,2,30.9,24.3
108,8,3,31.1,24.2
108,8,4,31.1,24.2
108,8,5,31.0,24.1
108,8,6,31.0,24.0
108,8,7,31.1,24.1
108,8,8,30.9,24.0
108,8,9,30.9,23.9
108,8,10,30.9,23.8
108,8,11,30.9,23.8
108,8,12,30.8,23.8
108,8,13,30.7,23.7
108,8,14,30.5,23.6
108,8,15,30.5,23.6
108,8,16,30.4,23.5
108,8,17,30.1,23.1
108,8,18,30.0,23.0
108,8,19,29.9,22.8
108,8,20,29.8,22.6
108,8,21,29.6,22.4
108,8,22,29.4,22.2
108,8,23,29.1,22.0
108,8,24,28.9,21.7
108,8,25,28.6,21.6
108,8,26,28.5,21.4
108,8,27,28.4,21.2
108,8,28,28.5,21.1
108,8,29,28.4,21.0
108,8,30,28.6,20.9
108,8,31,28.6,20.8
108,9,1,28.5,20.7
108,9,2,28.5,20.5
108,9,3,28.1,20.3
108,9,4,27.8,20.0
108,9,5,27.6,19.7
108,9,6,27.6,19.5
108,9,7,27.3,19.3
108,9,8,27.4,19.1
108,9,9,27.1,19.0
108,9,10,26.8,18.9
108,9,11,26.6,18.6
108,9,12,26.5,18.5
108,9,13,26.4,18.4
108,9,14,26.5,18.2
108,9,15,26.6,18.1
108,9,16,26.6,17.9
108,9,17,26.5,17.6
108,9,18,26.2,17.3
108,9,19,25.8,16.9
108,9,20,25.5,16.5
108,9,21,25.3,16.2
108,9,22,25.1,16.1
108,9,23,25.1,15.9
108,9,24,25.2,15.9
108,9,25,25.2,15.9
108,9,26,24.8,15.8
108,9,27,24.5,15.5
108,9,28,24.1,15.3
108,9,29,23.8,15.0
108,9,30,23.3,14.7
108,10,1,23.1,14.3
108,10,2,22.9,13.9
108,10,3,22.7,13.5
108,10,4,22.6,13.2
108,10,5,22.6,13.1
108,10,6,22.6,12.8
108,10,7,22.6,12.8
108,10,8,22.4,12.8
108,10,9,22.2,12.6
108,10,10,21.9,12.3
108,10,11,21.7,12.0
108,10,12,21.3,11.6
108,10,13,21.0,11.1
108,10,14,20.7,10.8
108,10,15,20.4,10.5
108,10,16,20.2,10.4
108,10,17,20.1,10.2
108,10,18,20.2,10.2
108,10,19,20.2,10.2
108,10,20,20.1,10.1
108,10,21,19.8,10.0
108,10,22,19.5,9.8
108,10,23,18.9,9.5
108,10,24,18.4,9.1
108,10,25,18.0,8.6
108,10,26,17.7,8.3
108,10,27,17.2,7.8
108,10,28,16.8,7.3
108,10,29,16.5,6.9
108,10,30,16.1,6.7
108,10,31,15.7,6.4
108,11,1,15.7,6.1
108,11,2,15.7,6.1
108,11,3,15.9,6.2
108,11,4,16.1,6.5
108,11,5,16.2,6.6
108,11,6,15.8,6.6
108,11,7,15.4,6.5
108,11,8,14.8,6.3
108,11,9,14.2,5.9
108,11,10,13.8,5.5
108,11,11,13.6,5.4
108,11,12,13.2,5.1
108,11,13,12.7,4.6
108,11,14,12.2,4.0
108,11,15,11.7,3.7
108,11,16,11.0,3.0
108,11,17,10.5,2.4
108,11,18,10.2,1.9
108,11,19,9.9,1.7
108,11,20,9.7,1.3
108,11,21,9.8,1.3
108,11,22,9.6,1.4
108,11,23,9.7,1.4
108,11,24,9.5,1.4
108,11,25,9.1,1.1
108,11,26,8.8,1.0
108,11,27,8.5,0.8
108,11,28,8.3,0.7
108,11,29,8.2,0.5
108,11,30,8.0,0.3
108,12,1,7.5,-0.2
108,12,2,7.1,-0.8
108,12,3,6.4,-1.4
108,12,4,5.8,-2.0
108,12,5,5.4,-2.3
108,12,6,5.2,-2.4
108,12,7,4.9,-2.5
108,12,8,5.0,-2.4
108,12,9,5.0,-2.3
108,12,10,4.7,-2.7
108,12,11,4.6,-3.0
108,12,12,4.3,-3.3
108,12,13,3.8,-3.5
108,12,14,3.6,-3.7
108,12,15,3.5,-4.0
108,12,16,3.2,-4.1
108,12,17,3.3,-4.1
108,12,18,3.5,-4.1
108,12,19,3.7,-4.0
108,12,20,4.2,-3.6
108,12,21,4.6,-3.3
108,12,22,4.6,-3.2
108,12,23,4.4,-3.4
108,12,24,3.9,-3.8
108,12,25,3.2,-4.4
108,12,26,2.7,-4.9
108,12,27,2.4,-5.2
108,12,28,2.1,-5.4
108,12,29,2.0,-5.5
108,12,30,2.1,-5.5
108,12,31,2.1,-5.4
112,1,1,2.6,-4.4
112,1,2,2.5,-4.5
112,1,3,2.5,-4.5
112,1,4,2.5,-4.5
112,1,5,2.3,-4.7
112,1,6,2.2,-4.7
112,1,7,2.3,-4.7
112,1,8,2.2,-4.8
112,1,9,2.0,-5.0
112,1,10,2.0,-5.1
112,1,11,1.8,-5.1
112,1,12,1.7,-5.2
112,1,13,1.7,-5.2
112,1,14,1.9,-5.0
112,1,15,2.1,-4.8
112,1,16,2.3,-4.8
112,1,17,2.6,-4.7
112,1,18,2.7,-4.5
112,1,19,2.5,-4.7
112,1,20,2.3,-4.7
112,1,21,2.1,-4.9
112,1,22,1.8,-5.2
112,1,23,1.6,-5.4
112,1,24,1.7,-5.4
112,1,25,1.7,-5.5
112,1,26,2.0,-5.4
112,1,27,2.3,-5.0
112,1,28,2.5,-4.8
112,1,29,2.6,-4.7
112,1,30,2.6,-4.7
112,1,31,2.5,-4.8
112,2,1,2.5,-4.9
112,2,2,2.5,-4.9
112,2,3,2.6,-4.9
112,2,4,2.8,-4.5
112,2,5,3.1,-4.3
112,2,6,3.1,-4.2
112,2,7,3.2,-4.2
112,2,8,3.3,-4.1
112,2,9,3.4,-4.1
112,2,10,3.5,-3.7
112,2,11,4.0,-3.3
112,2,12,4.5,-2.9
112,2,13,4.7,-2.6
112,2,14,4.8,-2.6
112,2,15,4.8,-2.6
112,2,16,4.8,-2.7
112,2,17,4.9,-2.7
112,2,18,5.1,-2.7
112,2,19,5.4,-2.4
112,2,20,5.8,-2.1
112,2,21,5.9,-1.9
112,2,22,6.2,-1.7
112,2,23,6.3,-1.4
112,2,24,6.8,-1.2
112,2,25,7.0,-0.9
112,2,26,7.5,-0.5
112,2,27,7.6,-0.2
112,2,28,7.5,-0.2
112,2,29,7.6,-0.1
112,3,1,7.6,-0.1
112,3,2,7.8,0.1
112,3,3,7.9,0.2
112,3,4,7.9,0.3
112,3,5,8.1,0.4
112,3,6,8.1,0.5
112,3,7,8.2,0.5
112,3,8,8.2,0.5
112,3,9,8.3,0.5
112,3,10,8.5,0.7
112,3,11,8.8,0.9
112,3,12,8.9,1.2
112,3,13,9.5,1.4
112,3,14,10.0,1.8
112,3,15,10.4,2.1
112,3,16,10.8,2.5
112,3,17,11.2,2.7
112,3,18,11.4,2.9
112,3,19,11.5,3.0
112,3,20,11.5,3.1
112,3,21,11.3,3.1
112,3,22,11.0,3.1
112,3,23,10.7,3.1
112,3,24,10.8,3.1
112,3,25,11.0,3.3
112,3,26,11.4,3.5
112,3,27,11.8,3.7
112,3,28,12.1,3.9
112,3,29,12.3,4.2
112,3,30,12.7,4.5
112,3,31,12.9,4.7
112,4,1,13.1,5.0
112,4,2,13.6,5.2
112,4,3,13.9,5.5
112,4,4,13.9,5.7
112,4,5,14.1,5.9
112,4,6,14.4,6.1
112,4,7,14.5,6.3
112,4,8,14.7,6.5
112,4,9,15.1,6.7
112,4,10,15.3,6.8
112,4,11,15.4,7.0
112,4,12,15.3,7.1
112,4,13,15.4,7.1
112,4,14,15.5,7.2
112,4,15,15.9,7.5
112,4,16,16.4,7.8
112,4,17,16.9,8.1
112,4,18,17.3,8.5
112,4,19,17.6,8.9
112,4,20,17.6,9.1
112,4,21,17.6,9.2
112,4,22,17.6,9.3
112,4,23,17.6,9.3
112,4,24,17.5,9.2
112,4,25,17.6,9.2
112,4,26,17.8,9.4
112,4,27,18.1,9.7
112,4,28,18.6,10.2
112,4,29,19.2,10.8
112,4,30,19.8,11.3
112,5,1,20.2,11.6
112,5,2,20.4,11.7
112,5,3,20.7,11.7
112,5,4,20.6,11.6
112,5,5,20.4,11.6
112,5,6,20.6,11.7
112,5,7,20.7,11.9
112,5,8,20.4,11.9
112,5,9,20.4,11.9
112,5,10,20.3,12.0
112,5,11,20.2,12.0
112,5,12,20.4,12.1
112,5,13,20.7,12.4
112,5,14,20.8,12.6
112,5,15,21.3,12.7
112,5,16,21.5,12.9
112,5,17,21.4,13.0
112,5,18,21.5,13.0
112,5,19,21.8,13.1
112,5,20,22.0,13.4
112,5,21,22.4,13.7
112,5,22,22.7,14.0
112,5,23,22.7,14.3
112,5,24,22.7,14.5
112,5,25,22.9,14.5
112,5,26,23.0,14.6
112,5,27,23.2,14.7
112,5,28,23.4,14.9
112,5,29,23.7,15.1
112,5,30,23.9,15.3
112,5,31,24.0,15.5
112,6,1,24.2,15.5
112,6,2,24.4,15.7
112,6,3,24.6,16.0
112,6,4,24.6,16.2
112,6,5,24.7,16.4
112,6,6,24.9,16.6
112,6,7,25.1,16.8
112,6,8,25.1,17.0
112,6,9,25.2,17.3
112,6,10,25.3,17.4
112,6,11,25.4,17.4
112,6,12,25.5,17.6
112,6,13,25.7,17.7
112,6,14,25.9,17.8
112,6,15,26.0,18.0
112,6,16,26.1,18.2
112,6,17,26.1,18.3
112,6,18,26.1,18.3
112,6,19,26.1,18.5
112,6,20,26.3,18.6
112,6,21,26.2,18.7
112,6,22,26.2,18.7
112,6,23,26.3,19.0
112,6,24,26.2,19.1
112,6,25,26.0,19.2
112,6,26,26.2,19.4
112,6,27,26.3,19.6
112,6,28,26.2,19.7
112,6,29,26.3,19.9
112,6,30,26.4,20.1
112,7,1,26.2,20.2
112,7,2,26.4,20.4
112,7,3,26.5,20.5
112,7,4,26.7,20.5
112,7,5,27.0,20.6
112,7,6,27.3,20.8
112,7,7,27.4,20.8
112,7,8,27.5,21.0
112,7,9,27.4,21.1
112,7,10,27.2,21.1
112,7,11,27.1,21.2
112,7,12,27.2,21.3
112,7,13,27.2,21.4
112,7,14,27.2,21.4
112,7,15,27.2,21.4
112,7,16,27.5,21.5
112,7,17,27.5,21.6
112,7,18,27.8,21.8
112,7,19,28.1,22.1
112,7,20,28.5,22.4
112,7,21,28.5,22.6
112,7,22,28.5,22.7
112,7,23,28.6,22.8
112,7,24,28.7,22.8
112,7,25,28.8,22.9
112,7,26,28.9,23.0
112,7,27,29.1,23.2
112,7,28,29.1,23.3
112,7,29,29.2,23.5
112,7,30,29.3,23.6
112,7,31,29.6,23.8
112,8,1,29.7,23.9
112,8,2,29.9,24.0
112,8,3,30.1,24.0
112,8,4,30.2,23.9
112,8,5,30.1,23.9
112,8,6,30.1,23.8
112,8,7,30.2,23.8
112,8,8,30.0,23.8
112,8,9,30.1,23.7
112,8,10,30.1,23.7
112,8,11,30.0,23.6
112,8,12,29.9,23.6
112,8,13,29.9,23.5
112,8,14,29.7,23.4
112,8,15,29.6,23.4
112,8,16,29.5,23.3
112,8,17,29.3,23.1
112,8,18,29.3,23.0
112,8,19,29.2,22.9
112,8,20,29.1,22.7
112,8,21,28.8,22.4
112,8,22,28.7,22.2
112,8,23,28.4,22.0
112,8,24,28.3,21.9
112,8,25,28.1,21.7
112,8,26,28.0,21.6
112,8,27,28.0,21.5
112,8,28,28.0,21.4
112,8,29,27.9,21.2
112,8,30,28.0,21.1
112,8,31,28.0,21.0
112,9,1,27.9,20.9
112,9,2,27.9,20.8
112,9,3,27.6,20.6
112,9,4,27.3,20.3
112,9,5,27.1,19.9
112,9,6,27.0,19.7
112,9,7,26.7,19.5
112,9,8,26.7,19.4
112,9,9,26.5,19.3
112,9,10,26.3,19.1
112,9,11,26.1,18.8
112,9,12,26.1,18.7
112,9,13,26.0,18.5
112,9,14,26.1,18.4
112,9,15,26.1,18.3
112,9,16,26.0,18.2
112,9,17,25.9,17.9
112,9,18,25.6,17.7
112,9,19,25.3,17.4
112,9,20,25.1,17.0
112,9,21,24.9,16.8
112,9,22,24.8,16.6
112,9,23,24.7,16.4
112,9,24,24.8,16.4
112,9,25,24.7,16.4
112,9,26,24.4,16.3
112,9,27,24.1,16.0
112,9,28,23.8,15.8
112,9,29,23.4,15.5
112,9,30,23.0,15.3
112,10,1,22.8,14.9
112,10,2,22.5,14.5
112,10,3,22.4,14.1
112,10,4,22.2,13.9
112,10,5,22.1,13.7
112,10,6,22.2,13.5
112,10,7,22.1,13.5
112,10,8,21.9,13.5
112,10,9,21.8,13.3
112,10,10,21.5,13.0
112,10,11,21.3,12.8
112,10,12,20.9,12.5
112,10,13,20.6,12.1
112,10,14,20.3,11.8
112,10,15,20.1,11.5
112,10,16,19.8,11.2
112,10,17,19.9,11.1
112,10,18,20.0,11.0
112,10,19,19.9,10.9
112,10,20,19.8,10.8
112,10,21,19.5,10.8
112,10,22,19.2,10.6
112,10,23,18.7,10.3
112,10,24,18.2,9.9
112,10,25,17.8,9.5
112,10,26,17.5,9.2
112,10,27,17.0,8.7
112,10,28,16.5,8.3
112,10,29,16.3,7.9
112,10,30,16.0,7.7
112,10,31,15.6,7.3
112,11,1,15.6,7.0
112,11,2,15.6,7.1
112,11,3,15.8,7.2
112,11,4,16.0,7.4
112,11,5,16.0,7.5
112,11,6,15.6,7.4
112,11,7,15.2,7.2
112,11,8,14.6,7.0
112,11,9,14.1,6.6
112,11,10,13.7,6.2
112,11,11,13.6,6.1
112,11,12,13.2,5.8
112,11,13,12.7,5.2
112,11,14,12.2,4.6
112,11,15,11.7,4.3
112,11,16,11.1,3.7
112,11,17,10.7,3.2
112,11,18,10.5,2.8
112,11,19,10.2,2.6
112,11,20,10.0,2.2
112,11,21,10.0,2.2
112,11,22,9.9,2.3
112,11,23,9.9,2.3
112,11,24,9.7,2.2
112,11,25,9.3,1.9
112,11,26,9.0,1.7
112,11,27,8.6,1.4
112,11,28,8.3,1.2
112,11,29,8.2,1.0
112,11,30,8.1,0.8
112,12,1,7.7,0.4
112,12,2,7.3,-0.2
112,12,3,6.8,-0.8
112,12,4,6.2,-1.3
112,12,5,5.7,-1.5
112,12,6,5.4,-1.6
112,12,7,5.3,-1.6
112,12,8,5.4,-1.6
112,12,9,5.4,-1.5
112,12,10,5.2,-1.8
112,12,11,5.0,-2.2
112,12,12,4.7,-2.4
112,12,13,4.3,-2.6
112,12,14,4.1,-2.8
112,12,15,3.9,-3.1
112,12,16,3.7,-3.2
112,12,17,3.7,-3.3
112,12,18,3.8,-3.3
112,12,19,4.0,-3.2
112,12,20,4.5,-2.9
112,12,21,4.8,-2.6
112,12,22,4.8,-2.5
112,12,23,4.6,-2.8
112,12,24,4.1,-3.2
112,12,25,3.4,-3.8
112,12,26,2.9,-4.2
112,12,27,2.6,-4.5
112,12,28,2.4,-4.7
112,12,29,2.3,-4.7
112,12,30,2.5,-4.6
112,12,31,2.6,-4.5
114,1,1,2.4,-8.0
114,1,2,2.4,-7.9
114,1,3,2.4,-7.9
114,1,4,2.4,-7.9
114,1,5,2.3,-8.1
114,1,6,2.2,-8.2
114,1,7,2.1,-8.2
114,1,8,2.1,-8.1
114,1,9,2.0,-8.2
114,1,10,2.1,-8.2
114,1,11,2.0,-8.2
114,1,12,2.0,-8.2
114,1,13,2.1,-8.2
114,1,14,2.2,-8.2
114,1,15,2.3,-8.0
114,1,16,2.4,-7.9
114,1,17,2.6,-7.8
114,1,18,2.7,-7.6
114,1,19,2.6,-7.6
114,1,20,2.5,-7.6
114,1,21,2.3,-7.7
114,1,22,2.0,-8.0
114,1,23,1.8,-8.4
114,1,24,1.8,-8.4
114,1,25,2.0,-8.6
114,1,26,2.2,-8.6
114,1,27,2.6,-8.2
114,1,28,2.8,-8.0
114,1,29,3.0,-7.9
114,1,30,3.1,-7.9
114,1,31,3.0,-8.0
114,2,1,3.0,-8.1
114,2,2,3.1,-8.0
114,2,3,3.3,-8.1
114,2,4,3.6,-7.8
114,2,5,3.9,-7.4
114,2,6,3.9,-7.1
114,2,7,3.9,-7.1
114,2,8,3.9,-6.8
114,2,9,3.9,-6.8
114,2,10,4.0,-6.5
114,2,11,4.5,-6.3
114,2,12,5.2,-5.8
114,2,13,5.5,-5.4
114,2,14,5.7,-5.2
114,2,15,5.8,-5.3
114,2,16,5.6,-5.2
114,2,17,5.7,-5.3
114,2,18,6.0,-5.5
114,2,19,6.2,-5.3
114,2,20,6.6,-5.0
114,2,21,7.0,-4.8
114,2,22,7.3,-4.5
114,2,23,7.4,-4.1
114,2,24,7.9,-3.8
114,2,25,8.2,-3.5
114,2,26,8.5,-3.1
114,2,27,8.6,-2.7
114,2,28,8.5,-2.5
114,2,29,8.6,-2.4
114,3,1,8.7,-2.4
114,3,2,8.8,-2.1
114,3,3,9.0,-2.0
114,3,4,9.1,-1.9
114,3,5,9.2,-1.8
114,3,6,9.3,-1.8
114,3,7,9.6,-1.9
114,3,8,9.5,-1.8
114,3,9,9.7,-1.8
114,3,10,10.1,-1.9
114,3,11,10.5,-1.7
114,3,12,10.6,-1.5
114,3,13,11.2,-1.4
114,3,14,11.6,-0.9
114,3,15,12.0,-0.6
114,3,16,12.4,-0.1
114,3,17,12.8,0.2
114,3,18,13.1,0.4
114,3,19,13.4,0.5
114,3,20,13.5,0.8
114,3,21,13.3,0.7
114,3,22,12.9,0.7
114,3,23,12.6,0.9
114,3,24,12.7,0.9
114,3,25,13.0,0.9
114,3,26,13.5,1.1
114,3,27,14.1,1.5
114,3,28,14.6,1.7
114,3,29,14.7,2.0
114,3,30,14.9,2.2
114,3,31,15.1,2.4
114,4,1,15.3,2.5
114,4,2,15.8,2.5
114,4,3,16.4,2.6
114,4,4,16.6,2.9
114,4,5,16.9,3.3
114,4,6,17.3,3.6
114,4,7,17.5,4.1
114,4,8,17.5,4.5
114,4,9,17.7,4.8
114,4,10,17.9,5.0
114,4,11,17.8,5.1
114,4,12,18.0,5.1
114,4,13,18.4,5.1
114,4,14,18.8,5.2
114,4,15,19.2,5.3
114,4,16,19.8,5.7
114,4,17,20.1,5.9
114,4,18,20.3,6.3
114,4,19,20.4,6.8
114,4,20,20.5,7.2
114,4,21,20.4,7.4
114,4,22,20.4,7.5
114,4,23,20.6,7.4
114,4,24,20.4,7.3
114,4,25,20.5,7.0
114,4,26,20.7,7.0
114,4,27,20.8,7.4
114,4,28,21.2,8.0
114,4,29,21.8,8.7
114,4,30,22.4,9.4
114,5,1,22.7,9.9
114,5,2,23.2,10.1
114,5,3,23.6,10.2
114,5,4,23.5,10.2
114,5,5,23.4,10.2
114,5,6,23.6,10.4
114,5,7,23.6,10.5
114,5,8,23.2,10.6
114,5,9,23.1,10.6
114,5,10,22.9,10.7
114,5,11,22.9,10.8
114,5,12,23.0,10.9
114,5,13,23.2,11.3
114,5,14,23.4,11.5
114,5,15,23.8,11.7
114,5,16,24.0,11.8
114,5,17,24.0,12.0
114,5,18,24.3,11.8
114,5,19,24.6,11.8
114,5,20,25.0,12.0
114,5,21,25.3,12.3
114,5,22,25.6,12.6
114,5,23,25.6,12.9
114,5,24,25.6,13.4
114,5,25,25.5,13.4
114,5,26,25.5,13.3
114,5,27,25.6,13.5
114,5,28,25.8,13.6
114,5,29,26.2,13.6
114,5,30,26.5,13.8
114,5,31,26.8,14.1
114,6,1,26.8,14.3
114,6,2,27.1,14.6
114,6,3,27.1,14.9
114,6,4,27.2,15.3
114,6,5,27.3,15.6
114,6,6,27.5,15.9
114,6,7,27.7,16.1
114,6,8,27.9,16.4
114,6,9,27.9,16.6
114,6,10,28.0,16.6
114,6,11,28.0,16.8
114,6,12,28.0,17.0
114,6,13,28.2,16.9
114,6,14,28.4,16.9
114,6,15,28.7,17.2
114,6,16,28.8,17.4
114,6,17,28.8,17.6
114,6,18,28.7,17.8
114,6,19,28.7,18.2
114,6,20,28.6,18.3
114,6,21,28.6,18.4
114,6,22,28.5,18.4
114,6,23,28.4,18.5
114,6,24,28.2,18.5
114,6,25,28.0,18.6
114,6,26,28.2,18.8
114,6,27,28.4,19.2
114,6,28,28.5,19.5
114,6,29,28.4,19.8
114,6,30,28.6,20.1
114,7,1,28.4,20.3
114,7,2,28.6,20.4
114,7,3,28.8,20.3
114,7,4,29.1,20.3
114,7,5,29.3,20.2
114,7,6,29.4,20.2
114,7,7,29.4,20.2
114,7,8,29.3,20.4
114,7,9,29.0,20.5
114,7,10,28.8,20.6
114,7,11,28.9,20.8
114,7,12,28.9,21.0
114,7,13,28.9,21.1
114,7,14,28.8,21.2
114,7,15,28.9,21.2
114,7,16,29.1,21.1
114,7,17,29.1,21.2
114,7,18,29.5,21.3
114,7,19,29.9,21.6
114,7,20,30.4,21.9
114,7,21,30.4,22.2
114,7,22,30.5,22.3
114,7,23,30.5,22.4
114,7,24,30.5,22.3
114,7,25,30.6,22.3
114,7,26,30.6,22.4
114,7,27,30.7,22.6
114,7,28,30.9,22.7
114,7,29,31.0,22.9
114,7,30,31.2,23.0
114,7,31,31.4,23.1
114,8,1,31.6,23.1
114,8,2,31.5,23.1
114,8,3,31.7,23.0
114,8,4,31.6,22.9
114,8,5,31.5,22.7
114,8,6,31.5,22.7
114,8,7,31.5,22.6
114,8,8,31.2,22.5
114,8,9,31.2,22.4
114,8,10,31.2,22.4
114,8,11,31.1,22.3
114,8,12,31.1,22.3
114,8,13,31.1,22.3
114,8,14,31.0,22.2
114,8,15,30.9,22.1
114,8,16,30.6,21.9
114,8,17,30.3,21.7
114,8,18,30.2,21.5
114,8,19,30.1,21.3
114,8,20,30.0,21.2
114,8,21,29.8,21.1
114,8,22,29.6,20.8
114,8,23,29.4,20.7
114,8,24,29.0,20.4
114,8,25,28.7,20.2
114,8,26,28.6,20.0
114,8,27,28.6,19.8
114,8,28,28.5,19.7
114,8,29,28.5,19.5
114,8,30,28.7,19.4
114,8,31,28.5,19.2
114,9,1,28.4,19.1
114,9,2,28.4,18.8
114,9,3,28.2,18.5
114,9,4,27.7,18.3
114,9,5,27.6,18.0
114,9,6,27.5,17.8
114,9,7,27.1,17.6
114,9,8,27.0,17.4
114,9,9,26.8,17.1
114,9,10,26.5,16.9
114,9,11,26.2,16.7
114,9,12,26.2,16.5
114,9,13,26.2,16.4
114,9,14,26.3,16.2
114,9,15,26.3,16.0
114,9,16,26.3,15.7
114,9,17,26.2,15.4
114,9,18,25.8,15.0
114,9,19,25.4,14.5
114,9,20,25.1,14.0
114,9,21,24.7,13.5
114,9,22,24.5,13.4
114,9,23,24.4,13.2
114,9,24,24.5,13.1
114,9,25,24.5,13.1
114,9,26,24.3,13.1
114,9,27,24.0,12.9
114,9,28,23.7,12.7
114,9,29,23.4,12.5
114,9,30,23.1,12.3
114,10,1,22.9,12.1
114,10,2,22.7,11.7
114,10,3,22.4,11.2
114,10,4,22.3,10.8
114,10,5,22.1,10.6
114,10,6,22.0,10.2
114,10,7,22.1,10.0
114,10,8,22.0,10.0
114,10,9,21.9,9.8
114,10,10,21.7,9.6
114,10,11,21.4,9.2
114,10,12,21.0,9.0
114,10,13,20.7,8.4
114,10,14,20.3,8.1
114,10,15,20.1,7.7
114,10,16,19.9,7.5
114,10,17,19.9,7.3
114,10,18,19.9,7.2
114,10,19,19.9,7.2
114,10,20,19.7,7.0
114,10,21,19.4,6.8
114,10,22,19.1,6.6
114,10,23,18.7,6.4
114,10,24,18.2,5.9
114,10,25,18.0,5.4
114,10,26,17.7,5.1
114,10,27,17.3,4.7
114,10,28,16.9,4.4
114,10,29,16.5,4.1
114,10,30,16.1,4.0
114,10,31,15.7,3.8
114,11,1,15.5,3.5
114,11,2,15.6,3.2
114,11,3,15.8,3.1
114,11,4,16.0,3.2
114,11,5,16.1,3.4
114,11,6,15.8,3.6
114,11,7,15.5,3.7
114,11,8,14.9,3.7
114,11,9,14.4,3.5
114,11,10,13.9,3.0
114,11,11,13.7,2.8
114,11,12,13.3,2.6
114,11,13,12.8,2.2
114,11,14,12.2,1.6
114,11,15,11.8,1.2
114,11,16,11.2,0.6
114,11,17,10.8,-0.1
114,11,18,10.4,-0.5
114,11,19,10.0,-0.8
114,11,20,9.7,-1.1
114,11,21,9.6,-1.2
114,11,22,9.5,-1.2
114,11,23,9.5,-1.3
114,11,24,9.4,-1.3
114,11,25,9.1,-1.3
114,11,26,8.9,-1.4
114,11,27,8.6,-1.3
114,11,28,8.3,-1.4
114,11,29,8.2,-1.7
114,11,30,8.1,-2.0
114,12,1,7.7,-2.5
114,12,2,7.2,-3.2
114,12,3,6.6,-3.7
114,12,4,6.0,-4.2
114,12,5,5.4,-4.4
114,12,6,5.2,-4.4
114,12,7,5.0,-4.6
114,12,8,5.0,-4.7
114,12,9,4.9,-4.6
114,12,10,4.8,-4.9
114,12,11,4.6,-5.3
114,12,12,4.3,-5.5
114,12,13,4.1,-5.7
114,12,14,3.9,-6.2
114,12,15,3.6,-6.2
114,12,16,3.3,-6.3
114,12,17,3.4,-6.4
114,12,18,3.5,-6.5
114,12,19,3.6,-6.3
114,12,20,4.1,-6.2
114,12,21,4.5,-5.8
114,12,22,4.5,-5.5
114,12,23,4.4,-5.5
114,12,24,4.0,-5.8
114,12,25,3.4,-6.4
114,12,26,2.9,-7.0
114,12,27,2.6,-7.5
114,12,28,2.2,-8.0
114,12,29,2.1,-8.2
114,12,30,2.2,-8.2
114,12,31,2.3,-8.0
115,1,1,5.4,0.4
115,1,2,5.2,0.2
115,1,3,5.1,0.2
115,1,4,5.2,0.2
115,1,5,5.1,0.2
115,1,6,5.1,0.1
115,1,7,5.1,0.1
115,1,8,5.1,0.1
115,1,9,4.9,0.0
115,1,10,4.7,-0.1
115,1,11,4.5,-0.3
115,1,12,4.3,-0.4
115,1,13,4.2,-0.6
115,1,14,4.3,-0.6
115,1,15,4.2,-0.5
115,1,16,4.2,-0.5
115,1,17,4.3,-0.4
115,1,18,4.5,-0.2
115,1,19,4.4,-0.3
115,1,20,4.3,-0.5
115,1,21,4.2,-0.7
115,1,22,3.9,-1.0
115,1,23,3.7,-1.3
115,1,24,3.7,-1.3
115,1,25,3.7,-1.3
115,1,26,3.9,-1.1
115,1,27,4.2,-1.0
115,1,28,4.1,-0.9
115,1,29,4.1,-0.9
115,1,30,4.0,-1.0
115,1,31,4.0,-1.0
115,2,1,4.0,-1.0
115,2,2,4.2,-1.0
115,2,3,4.4,-0.8
115,2,4,4.7,-0.6
115,2,5,4.9,-0.4
115,2,6,4.9,-0.3
115,2,7,5.0,-0.4
115,2,8,4.8,-0.4
115,2,9,4.7,-0.7
115,2,10,4.6,-0.7
115,2,11,4.8,-0.5
115,2,12,5.3,-0.2
115,2,13,5.7,0.0
115,2,14,5.7,0.1
115,2,15,5.7,0.0
115,2,16,5.6,-0.1
115,2,17,5.4,-0.2
115,2,18,5.4,-0.2
115,2,19,5.6,-0.1
115,2,20,6.0,0.3
115,2,21,6.3,0.4
115,2,22,6.3,0.5
115,2,23,6.4,0.7
115,2,24,6.7,0.8
115,2,25,6.7,0.9
115,2,26,7.1,1.2
115,2,27,7.3,1.3
115,2,28,7.4,1.3
115,2,29,7.5,1.4
115,3,1,7.5,1.4
115,3,2,7.7,1.5
115,3,3,7.7,1.6
115,3,4,8.0,1.7
115,3,5,7.9,1.8
115,3,6,7.8,1.8
115,3,7,7.9,1.8
115,3,8,7.8,1.7
115,3,9,7.8,1.6
115,3,10,8.3,1.7
115,3,11,8.6,1.9
115,3,12,8.8,2.0
115,3,13,9.2,2.1
115,3,14,9.4,2.5
115,3,15,9.6,2.8
115,3,16,9.9,3.0
115,3,17,10.2,3.2
115,3,18,10.3,3.4
115,3,19,10.5,3.4
115,3,20,10.5,3.4
115,3,21,10.3,3.2
115,3,22,10.2,3.2
115,3,23,10.3,3.4
115,3,24,10.4,3.6
115,3,25,10.8,3.9
115,3,26,11.3,4.3
115,3,27,11.5,4.6
115,3,28,11.7,4.7
115,3,29,11.9,4.9
115,3,30,11.9,5.1
115,3,31,12.1,5.1
115,4,1,12.5,5.1
115,4,2,12.7,5.2
115,4,3,13.1,5.6
115,4,4,13.4,5.8
115,4,5,13.4,5.9
115,4,6,13.4,6.2
115,4,7,13.7,6.4
115,4,8,13.7,6.3
115,4,9,13.5,6.2
115,4,10,13.7,6.3
115,4,11,13.9,6.6
115,4,12,14.1,6.8
115,4,13,14.3,7.1
115,4,14,14.9,7.5
115,4,15,15.3,7.9
115,4,16,15.7,8.1
115,4,17,15.9,8.3
115,4,18,15.7,8.4
115,4,19,15.7,8.5
115,4,20,15.9,8.7
115,4,21,15.8,8.8
115,4,22,16.0,8.9
115,4,23,16.4,9.2
115,4,24,16.6,9.2
115,4,25,16.6,9.3
115,4,26,17.0,9.4
115,4,27,17.3,9.8
115,4,28,17.6,10.1
115,4,29,17.9,10.5
115,4,30,18.0,10.8
115,5,1,18.2,11.1
115,5,2,18.3,11.1
115,5,3,18.5,11.2
115,5,4,18.5,11.1
115,5,5,18.7,11.1
115,5,6,18.7,11.1
115,5,7,18.7,11.1
115,5,8,18.5,11.1
115,5,9,18.5,11.2
115,5,10,18.5,11.3
115,5,11,18.6,11.3
115,5,12,18.7,11.5
115,5,13,19.0,11.8
115,5,14,19.1,12.0
115,5,15,19.3,12.1
115,5,16,19.4,12.4
115,5,17,19.7,12.7
115,5,18,19.9,13.0
115,5,19,20.3,13.2
115,5,20,20.7,13.5
115,5,21,21.0,13.7
115,5,22,21.0,13.8
115,5,23,21.1,13.7
115,5,24,21.0,13.9
115,5,25,20.8,13.9
115,5,26,20.6,13.8
115,5,27,20.7,13.8
115,5,28,20.7,14.0
115,5,29,20.9,14.0
115,5,30,21.2,14.2
115,5,31,21.6,14.4
115,6,1,21.5,14.6
115,6,2,21.7,14.8
115,6,3,21.8,14.9
115,6,4,21.8,15.0
115,6,5,21.7,15.0
115,6,6,21.9,15.1
115,6,7,21.8,15.2
115,6,8,21.9,15.3
115,6,9,22.0,15.5
115,6,10,22.0,15.7
115,6,11,22.2,15.8
115,6,12,22.2,15.9
115,6,13,22.1,16.1
115,6,14,22.2,16.2
115,6,15,22.3,16.3
115,6,16,22.3,16.5
115,6,17,22.4,16.6
115,6,18,22.7,16.8
115,6,19,22.8,17.1
115,6,20,22.9,17.2
115,6,21,22.9,17.2
115,6,22,22.8,17.3
115,6,23,22.8,17.3
115,6,24,22.8,17.4
115,6,25,22.9,17.6
115,6,26,23.2,17.9
115,6,27,23.5,18.1
115,6,28,23.6,18.3
115,6,29,23.7,18.5
115,6,30,23.9,18.7
115,7,1,24.1,18.9
115,7,2,24.1,19.1
115,7,3,24.2,19.1
115,7,4,24.3,19.1
115,7,5,24.1,19.0
115,7,6,24.0,18.9
115,7,7,24.1,18.9
115,7,8,24.1,19.0
115,7,9,24.2,19.2
115,7,10,24.4,19.4
115,7,11,24.5,19.6
115,7,12,24.7,19.8
115,7,13,24.8,19.9
115,7,14,24.8,20.0
115,7,15,24.9,20.1
115,7,16,25.2,20.2
115,7,17,25.3,20.3
115,7,18,25.6,20.5
115,7,19,26.0,20.8
115,7,20,26.2,21.0
115,7,21,26.5,21.2
115,7,22,26.6,21.4
115,7,23,26.7,21.5
115,7,24,26.8,21.6
115,7,25,27.0,21.8
115,7,26,27.0,21.9
115,7,27,27.2,22.1
115,7,28,27.5,22.2
115,7,29,27.7,22.4
115,7,30,27.7,22.5
115,7,31,27.8,22.6
115,8,1,27.8,22.6
115,8,2,27.8,22.6
115,8,3,27.9,22.6
115,8,4,27.8,22.5
115,8,5,27.8,22.5
115,8,6,27.9,22.5
115,8,7,27.6,22.5
115,8,8,27.4,22.4
115,8,9,27.4,22.3
115,8,10,27.5,22.3
115,8,11,27.5,22.2
115,8,12,27.6,22.2
115,8,13,27.6,22.3
115,8,14,27.5,22.2
115,8,15,27.3,22.1
115,8,16,27.0,21.9
115,8,17,26.8,21.8
115,8,18,26.7,21.6
115,8,19,26.5,21.5
115,8,20,26.4,21.5
115,8,21,26.4,21.4
115,8,22,26.4,21.4
115,8,23,26.4,21.2
115,8,24,26.2,20.9
115,8,25,25.9,20.6
115,8,26,26.0,20.6
115,8,27,25.8,20.5
115,8,28,25.6,20.5
115,8,29,25.6,20.5
115,8,30,25.7,20.4
115,8,31,25.5,20.2
115,9,1,25.3,20.0
115,9,2,25.3,19.7
115,9,3,25.1,19.6
115,9,4,24.7,19.4
115,9,5,24.4,19.2
115,9,6,24.4,19.1
115,9,7,24.1,19.0
115,9,8,24.0,18.8
115,9,9,23.9,18.7
115,9,10,23.8,18.5
115,9,11,23.5,18.4
115,9,12,23.4,18.2
115,9,13,23.3,18.1
115,9,14,23.3,18.1
115,9,15,23.2,18.0
115,9,16,23.3,17.9
115,9,17,23.3,17.8
115,9,18,23.2,17.6
115,9,19,23.0,17.3
115,9,20,22.7,16.9
115,9,21,22.4,16.6
115,9,22,22.2,16.5
115,9,23,22.0,16.4
115,9,24,21.9,16.3
115,9,25,22.0,16.3
115,9,26,21.9,16.2
115,9,27,21.6,16.0
115,9,28,21.5,15.9
115,9,29,21.3,15.8
115,9,30,21.3,15.7
115,10,1,21.2,15.7
115,10,2,21.1,15.5
115,10,3,20.8,15.1
115,10,4,20.6,14.9
115,10,5,20.4,14.8
115,10,6,20.1,14.6
115,10,7,20.1,14.5
115,10,8,20.2,14.6
115,10,9,20.2,14.5
115,10,10,20.1,14.3
115,10,11,20.0,14.2
115,10,12,19.9,13.9
115,10,13,19.6,13.5
115,10,14,19.3,13.2
115,10,15,19.0,13.0
115,10,16,18.9,12.8
115,10,17,18.7,12.8
115,10,18,18.5,12.8
115,10,19,18.4,12.7
115,10,20,18.2,12.5
115,10,21,17.9,12.3
115,10,22,17.8,12.1
115,10,23,17.8,11.9
115,10,24,17.5,11.6
115,10,25,17.4,11.4
115,10,26,17.4,11.2
115,10,27,17.1,11.0
115,10,28,16.8,10.7
115,10,29,16.5,10.5
115,10,30,16.3,10.3
115,10,31,15.9,9.9
115,11,1,15.9,9.7
115,11,2,15.9,9.7
115,11,3,16.2,9.8
115,11,4,16.4,10.0
115,11,5,16.5,10.1
115,11,6,16.2,9.9
115,11,7,15.7,9.6
115,11,8,15.0,9.2
115,11,9,14.6,8.7
115,11,10,14.1,8.4
115,11,11,13.9,8.4
115,11,12,14.0,8.2
115,11,13,13.7,7.9
115,11,14,13.3,7.5
115,11,15,13.2,7.3
115,11,16,12.8,6.8
115,11,17,12.2,6.5
115,11,18,12.1,6.4
115,11,19,12.0,6.2
115,11,20,11.8,6.0
115,11,21,11.7,6.0
115,11,22,11.8,5.9
115,11,23,11.7,5.8
115,11,24,11.6,5.7
115,11,25,11.4,5.6
115,11,26,11.1,5.5
115,11,27,10.8,5.3
115,11,28,10.4,5.2
115,11,29,10.2,5.0
115,11,30,10.0,4.7
115,12,1,9.9,4.4
115,12,2,9.7,4.1
115,12,3,9.4,3.7
115,12,4,9.0,3.2
115,12,5,8.7,3.0
115,12,6,8.3,2.8
115,12,7,8.0,2.6
115,12,8,7.9,2.6
115,12,9,7.8,2.6
115,12,10,7.6,2.4
115,12,11,7.6,2.2
115,12,12,7.4,2.0
115,12,13,7.0,1.7
115,12,14,7.0,1.6
115,12,15,6.9,1.5
115,12,16,6.7,1.4
115,12,17,6.6,1.3
115,12,18,6.7,1.4
115,12,19,6.7,1.5
115,12,20,6.8,1.7
115,12,21,6.9,1.8
115,12,22,7.0,1.8
115,12,23,6.7,1.6
115,12,24,6.4,1.3
115,12,25,6.1,1.0
115,12,26,5.9,0.8
115,12,27,5.8,0.6
115,12,28,5.8,0.6
115,12,29,5.8,0.5
115,12,30,5.6,0.5
115,12,31,5.7,0.4
119,1,1,3.0,-6.4
119,1,2,3.0,-6.4
119,1,3,3.0,-6.5
119,1,4,3.0,-6.4
119,1,5,2.9,-6.6
119,1,6,2.8,-6.7
119,1,7,2.7,-6.6
119,1,8,2.7,-6.5
119,1,9,2.5,-6.6
119,1,10,2.5,-6.6
119,1,11,2.3,-6.6
119,1,12,2.4,-6.6
119,1,13,2.5,-6.7
119,1,14,2.7,-6.6
119,1,15,2.8,-6.4
119,1,16,3.0,-6.4
119,1,17,3.1,-6.4
119,1,18,3.2,-6.1
119,1,19,3.0,-6.3
119,1,20,2.9,-6.3
119,1,21,2.7,-6.4
119,1,22,2.4,-6.7
119,1,23,2.2,-7.1
119,1,24,2.2,-7.1
119,1,25,2.3,-7.4
119,1,26,2.6,-7.3
119,1,27,2.9,-7.0
119,1,28,3.1,-6.7
119,1,29,3.3,-6.6
119,1,30,3.3,-6.5
119,1,31,3.2,-6.6
119,2,1,3.1,-6.8
119,2,2,3.2,-6.8
119,2,3,3.2,-6.8
119,2,4,3.5,-6.6
119,2,5,3.9,-6.3
119,2,6,3.9,-6.0
119,2,7,3.9,-5.9
119,2,8,4.0,-5.7
119,2,9,4.0,-5.7
119,2,10,4.0,-5.4
119,2,11,4.5,-5.1
119,2,12,5.1,-4.7
119,2,13,5.4,-4.4
119,2,14,5.4,-4.3
119,2,15,5.6,-4.4
119,2,16,5.5,-4.3
119,2,17,5.5,-4.4
119,2,18,5.8,-4.5
119,2,19,6.1,-4.2
119,2,20,6.5,-3.9
119,2,21,6.8,-3.8
119,2,22,7.1,-3.6
119,2,23,7.3,-3.1
119,2,24,7.7,-2.9
119,2,25,8.0,-2.6
119,2,26,8.4,-2.2
119,2,27,8.5,-1.8
119,2,28,8.4,-1.8
119,2,29,8.5,-1.7
119,3,1,8.5,-1.7
119,3,2,8.7,-1.4
119,3,3,8.8,-1.3
119,3,4,8.9,-1.2
119,3,5,9.0,-1.0
119,3,6,9.0,-1.0
119,3,7,9.3,-1.1
119,3,8,9.2,-1.0
119,3,9,9.4,-0.9
119,3,10,9.8,-0.9
119,3,11,10.1,-0.7
119,3,12,10.2,-0.4
119,3,13,10.8,-0.3
119,3,14,11.2,0.2
119,3,15,11.7,0.5
119,3,16,12.0,0.9
119,3,17,12.5,1.2
119,3,18,12.7,1.5
119,3,19,13.0,1.5
119,3,20,12.9,1.8
119,3,21,12.7,1.7
119,3,22,12.4,1.6
119,3,23,12.1,1.6
119,3,24,12.2,1.6
119,3,25,12.5,1.6
119,3,26,12.9,1.7
119,3,27,13.4,2.1
119,3,28,13.8,2.4
119,3,29,14.0,2.6
119,3,30,14.2,2.9
119,3,31,14.4,3.2
119,4,1,14.7,3.3
119,4,2,15.1,3.4
119,4,3,15.6,3.7
119,4,4,15.7,3.9
119,4,5,16.0,4.3
119,4,6,16.3,4.5
119,4,7,16.5,5.0
119,4,8,16.6,5.3
119,4,9,16.9,5.6
119,4,10,17.1,5.6
119,4,11,17.1,5.8
119,4,12,17.1,5.8
119,4,13,17.4,5.7
119,4,14,17.8,5.8
119,4,15,18.2,5.9
119,4,16,18.7,6.2
119,4,17,19.2,6.5
119,4,18,19.3,7.0
119,4,19,19.6,7.5
119,4,20,19.5,7.9
119,4,21,19.4,8.1
119,4,22,19.4,8.1
119,4,23,19.4,8.0
119,4,24,19.3,7.8
119,4,25,19.5,7.6
119,4,26,19.8,7.7
119,4,27,20.0,8.1
119,4,28,20.5,8.8
119,4,29,21.1,9.5
119,4,30,21.7,10.1
119,5,1,22.0,10.6
119,5,2,22.4,10.8
119,5,3,22.7,10.7
119,5,4,22.6,10.6
119,5,5,22.5,10.6
119,5,6,22.7,10.7
119,5,7,22.7,10.8
119,5,8,22.4,11.0
119,5,9,22.4,11.1
119,5,10,22.2,11.2
119,5,11,22.1,11.3
119,5,12,22.3,11.4
119,5,13,22.5,11.7
119,5,14,22.7,12.0
119,5,15,23.0,12.1
119,5,16,23.2,12.3
119,5,17,23.1,12.4
119,5,18,23.3,12.3
119,5,19,23.7,12.4
119,5,20,24.1,12.7
119,5,21,24.5,13.0
119,5,22,24.8,13.2
119,5,23,24.8,13.6
119,5,24,24.9,13.8
119,5,25,24.8,13.8
119,5,26,24.8,13.9
119,5,27,25.1,14.1
119,5,28,25.3,14.2
119,5,29,25.6,14.3
119,5,30,25.9,14.6
119,5,31,26.0,14.8
119,6,1,26.0,14.9
119,6,2,26.3,15.2
119,6,3,26.4,15.5
119,6,4,26.4,15.8
119,6,5,26.6,16.1
119,6,6,26.8,16.4
119,6,7,27.0,16.6
119,6,8,27.1,16.9
119,6,9,27.2,17.2
119,6,10,27.2,17.3
119,6,11,27.2,17.4
119,6,12,27.3,17.5
119,6,13,27.4,17.6
119,6,14,27.6,17.6
119,6,15,27.9,17.9
119,6,16,28.0,18.1
119,6,17,28.1,18.3
119,6,18,28.0,18.5
119,6,19,28.0,18.7
119,6,20,28.1,18.8
119,6,21,28.1,18.9
119,6,22,28.0,18.9
119,6,23,28.0,19.0
119,6,24,27.8,19.2
119,6,25,27.6,19.2
119,6,26,27.8,19.4
119,6,27,27.9,19.7
119,6,28,27.9,19.9
119,6,29,27.9,20.1
119,6,30,28.0,20.4
119,7,1,27.9,20.6
119,7,2,28.0,20.7
119,7,3,28.2,20.7
119,7,4,28.5,20.7
119,7,5,28.7,20.7
119,7,6,28.9,20.8
119,7,7,29.0,20.9
119,7,8,28.9,21.1
119,7,9,28.8,21.2
119,7,10,28.6,21.3
119,7,11,28.6,21.5
119,7,12,28.7,21.6
119,7,13,28.7,21.8
119,7,14,28.7,21.8
119,7,15,28.7,21.8
119,7,16,29.0,21.8
119,7,17,29.0,21.8
119,7,18,29.4,22.0
119,7,19,29.7,22.3
119,7,20,30.0,22.5
119,7,21,29.9,22.7
119,7,22,30.0,22.9
119,7,23,30.0,23.0
119,7,24,30.1,23.0
119,7,25,30.2,23.2
119,7,26,30.3,23.4
119,7,27,30.4,23.6
119,7,28,30.5,23.7
119,7,29,30.6,23.8
119,7,30,30.8,23.9
119,7,31,31.1,24.0
119,8,1,31.3,24.0
119,8,2,31.4,23.9
119,8,3,31.6,23.9
119,8,4,31.5,23.8
119,8,5,31.4,23.7
119,8,6,31.4,23.6
119,8,7,31.4,23.7
119,8,8,31.2,23.7
119,8,9,31.2,23.6
119,8,10,31.1,23.6
119,8,11,31.1,23.5
119,8,12,31.0,23.5
119,8,13,31.0,23.4
119,8,14,30.8,23.3
119,8,15,30.8,23.2
119,8,16,30.6,23.2
119,8,17,30.4,22.9
119,8,18,30.3,22.7
119,8,19,30.1,22.6
119,8,20,30.0,22.4
119,8,21,29.8,22.2
119,8,22,29.7,21.9
119,8,23,29.4,21.8
119,8,24,29.2,21.6
119,8,25,28.9,21.4
119,8,26,28.8,21.2
119,8,27,28.8,21.1
119,8,28,28.7,20.9
119,8,29,28.7,20.7
119,8,30,28.9,20.6
119,8,31,28.9,20.4
119,9,1,28.8,20.3
119,9,2,28.8,20.0
119,9,3,28.5,19.9
119,9,4,28.1,19.7
119,9,5,27.9,19.4
119,9,6,27.8,19.2
119,9,7,27.5,19.0
119,9,8,27.5,18.8
119,9,9,27.3,18.6
119,9,10,27.0,18.5
119,9,11,26.7,18.2
119,9,12,26.7,18.0
119,9,13,26.6,17.9
119,9,14,26.6,17.8
119,9,15,26.7,17.6
119,9,16,26.7,17.4
119,9,17,26.7,16.9
119,9,18,26.3,16.6
119,9,19,26.0,16.2
119,9,20,25.7,15.7
119,9,21,25.4,15.4
119,9,22,25.1,15.4
119,9,23,25.1,15.1
119,9,24,25.2,15.1
119,9,25,25.2,15.1
119,9,26,24.9,15.0
119,9,27,24.6,14.7
119,9,28,24.2,14.5
119,9,29,23.9,14.2
119,9,30,23.5,13.8
119,10,1,23.4,13.5
119,10,2,23.2,13.1
119,10,3,23.0,12.6
119,10,4,22.8,12.3
119,10,5,22.8,12.2
119,10,6,22.7,11.9
119,10,7,22.7,11.8
119,10,8,22.6,11.7
119,10,9,22.4,11.5
119,10,10,22.1,11.2
119,10,11,21.9,10.7
119,10,12,21.5,10.4
119,10,13,21.2,9.9
119,10,14,20.8,9.5
119,10,15,20.6,9.2
119,10,16,20.4,9.0
119,10,17,20.3,8.8
119,10,18,20.3,8.8
119,10,19,20.4,8.7
119,10,20,20.3,8.6
119,10,21,20.0,8.6
119,10,22,19.7,8.5
119,10,23,19.2,8.3
119,10,24,18.7,7.9
119,10,25,18.4,7.4
119,10,26,18.1,7.0
119,10,27,17.6,6.6
119,10,28,17.2,6.0
119,10,29,16.9,5.6
119,10,30,16.5,5.5
119,10,31,16.1,5.1
119,11,1,16.0,4.7
119,11,2,16.1,4.6
119,11,3,16.2,4.7
119,11,4,16.5,4.8
119,11,5,16.5,5.1
119,11,6,16.1,5.2
119,11,7,15.8,5.2
119,11,8,15.2,5.1
119,11,9,14.7,4.8
119,11,10,14.3,4.4
119,11,11,14.2,4.2
119,11,12,13.8,4.0
119,11,13,13.3,3.5
119,11,14,12.7,2.9
119,11,15,12.3,2.5
119,11,16,11.7,2.0
119,11,17,11.3,1.4
119,11,18,10.9,1.0
119,11,19,10.5,0.7
119,11,20,10.3,0.3
119,11,21,10.3,0.2
119,11,22,10.1,0.3
119,11,23,10.2,0.2
119,11,24,10.1,0.3
119,11,25,9.7,0.3
119,11,26,9.5,0.3
119,11,27,9.2,0.2
119,11,28,9.0,0.0
119,11,29,8.8,-0.3
119,11,30,8.7,-0.7
119,12,1,8.2,-1.2
119,12,2,7.7,-1.8
119,12,3,7.1,-2.2
119,12,4,6.5,-2.7
119,12,5,6.1,-2.9
119,12,6,5.9,-3.0
119,12,7,5.8,-3.1
119,12,8,5.9,-3.2
119,12,9,5.8,-3.1
119,12,10,5.6,-3.4
119,12,11,5.3,-3.7
119,12,12,5.0,-3.9
119,12,13,4.7,-4.1
119,12,14,4.5,-4.5
119,12,15,4.3,-4.6
119,12,16,4.0,-4.9
119,12,17,4.1,-4.9
119,12,18,4.2,-5.1
119,12,19,4.4,-4.9
119,12,20,4.9,-4.7
119,12,21,5.2,-4.3
119,12,22,5.3,-4.2
119,12,23,5.1,-4.3
119,12,24,4.6,-4.6
119,12,25,3.9,-5.1
119,12,26,3.5,-5.6
119,12,27,3.2,-6.0
119,12,28,2.9,-6.3
119,12,29,2.8,-6.5
119,12,30,2.9,-6.5
119,12,31,2.9,-6.4
121,1,1,2.5,-9.3
121,1,2,2.5,-9.2
121,1,3,2.6,-9.2
121,1,4,2.7,-9.2
121,1,5,2.5,-9.4
121,1,6,2.4,-9.5
121,1,7,2.2,-9.7
121,1,8,2.1,-9.7
121,1,9,2.0,-9.8
121,1,10,2.0,-9.8
121,1,11,1.9,-9.8
121,1,12,2.1,-9.8
121,1,13,2.2,-9.6
121,1,14,2.4,-9.5
121,1,15,2.5,-9.3
121,1,16,2.9,-9.1
121,1,17,3.1,-8.7
121,1,18,3.1,-8.3
121,1,19,3.0,-8.1
121,1,20,2.9,-8.0
121,1,21,2.6,-8.3
121,1,22,2.1,-8.7
121,1,23,1.8,-9.5
121,1,24,1.8,-9.7
121,1,25,1.9,-9.9
121,1,26,2.2,-9.8
121,1,27,2.5,-9.5
121,1,28,2.8,-8.9
121,1,29,3.0,-8.9
121,1,30,3.0,-9.0
121,1,31,3.0,-9.3
121,2,1,3.1,-9.5
121,2,2,3.2,-9.7
121,2,3,3.4,-9.6
121,2,4,3.7,-9.4
121,2,5,3.9,-9.1
121,2,6,4.0,-8.7
121,2,7,3.8,-8.5
121,2,8,3.9,-8.2
121,2,9,3.9,-8.0
121,2,10,3.9,-7.7
121,2,11,4.5,-7.6
121,2,12,5.2,-7.2
121,2,13,5.6,-6.9
121,2,14,5.8,-6.7
121,2,15,5.9,-6.7
121,2,16,5.7,-6.6
121,2,17,5.8,-6.7
121,2,18,6.1,-6.8
121,2,19,6.3,-6.6
121,2,20,7.1,-6.3
121,2,21,7.6,-5.9
121,2,22,8.0,-5.5
121,2,23,8.2,-4.9
121,2,24,8.5,-4.4
121,2,25,8.5,-4.1
121,2,26,8.6,-3.9
121,2,27,8.6,-3.5
121,2,28,8.5,-3.6
121,2,29,8.6,-3.5
121,3,1,8.7,-3.5
121,3,2,8.8,-3.3
121,3,3,8.9,-3.1
121,3,4,8.9,-3.3
121,3,5,9.0,-3.2
121,3,6,9.0,-3.2
121,3,7,9.4,-3.2
121,3,8,9.6,-3.1
121,3,9,9.8,-3.0
121,3,10,10.3,-3.1
121,3,11,10.7,-2.9
121,3,12,10.7,-2.8
121,3,13,11.1,-2.8
121,3,14,11.7,-2.3
121,3,15,12.2,-1.7
121,3,16,12.6,-1.2
121,3,17,13.0,-0.8
121,3,18,13.2,-0.5
121,3,19,13.5,-0.6
121,3,20,13.5,-0.3
121,3,21,13.2,-0.4
121,3,22,12.9,-0.6
121,3,23,12.7,-0.5
121,3,24,12.6,-0.3
121,3,25,12.9,-0.4
121,3,26,13.5,-0.3
121,3,27,14.0,0.1
121,3,28,14.6,0.4
121,3,29,14.7,0.7
121,3,30,14.9,0.9
121,3,31,14.9,1.2
121,4,1,15.0,1.2
121,4,2,15.3,1.1
121,4,3,15.9,1.1
121,4,4,15.9,1.4
121,4,5,16.3,1.8
121,4,6,16.9,2.1
121,4,7,17.1,2.7
121,4,8,17.3,3.1
121,4,9,17.7,3.4
121,4,10,18.0,3.5
121,4,11,17.7,3.6
121,4,12,17.9,3.7
121,4,13,18.3,4.0
121,4,14,18.9,4.1
121,4,15,19.2,4.3
121,4,16,20.0,4.6
121,4,17,20.1,4.8
121,4,18,20.1,5.0
121,4,19,20.0,5.4
121,4,20,20.2,5.8
121,4,21,19.9,6.0
121,4,22,20.0,6.1
121,4,23,20.3,6.0
121,4,24,20.2,5.9
121,4,25,20.2,5.7
121,4,26,20.6,5.6
121,4,27,20.8,5.9
121,4,28,21.3,6.6
121,4,29,22.0,7.2
121,4,30,22.8,7.8
121,5,1,22.9,8.4
121,5,2,23.5,8.7
121,5,3,23.9,8.7
121,5,4,23.7,8.6
121,5,5,23.6,8.6
121,5,6,23.9,8.5
121,5,7,23.8,8.6
121,5,8,23.2,8.8
121,5,9,23.1,8.7
121,5,10,22.8,8.9
121,5,11,22.7,9.1
121,5,12,22.8,9.1
121,5,13,23.1,9.4
121,5,14,23.4,9.7
121,5,15,24.0,9.7
121,5,16,24.2,10.0
121,5,17,24.1,10.2
121,5,18,24.2,10.2
121,5,19,24.5,10.2
121,5,20,24.8,10.3
121,5,21,25.0,10.5
121,5,22,25.4,10.7
121,5,23,25.7,10.9
121,5,24,25.8,11.3
121,5,25,25.7,11.5
121,5,26,25.7,11.5
121,5,27,25.9,11.7
121,5,28,25.8,11.8
121,5,29,26.0,11.9
121,5,30,26.3,11.9
121,5,31,26.6,12.1
121,6,1,26.8,12.2
121,6,2,27.2,12.5
121,6,3,27.4,12.8
121,6,4,27.5,13.4
121,6,5,27.6,13.7
121,6,6,27.7,14.0
121,6,7,27.9,14.2
121,6,8,28.1,14.4
121,6,9,28.1,14.5
121,6,10,28.1,14.6
121,6,11,28.2,14.6
121,6,12,28.1,14.9
121,6,13,28.0,14.9
121,6,14,28.3,15.0
121,6,15,28.5,15.2
121,6,16,28.6,15.5
121,6,17,28.7,15.7
121,6,18,28.7,16.0
121,6,19,28.7,16.5
121,6,20,28.7,16.8
121,6,21,28.7,17.0
121,6,22,28.5,17.1
121,6,23,28.2,17.1
121,6,24,27.9,17.1
121,6,25,27.7,17.2
121,6,26,27.8,17.4
121,6,27,28.1,17.7
121,6,28,28.4,18.2
121,6,29,28.4,18.5
121,6,30,28.5,18.7
121,7,1,28.3,19.0
121,7,2,28.3,19.1
121,7,3,28.3,19.0
121,7,4,28.7,18.9
121,7,5,28.7,18.8
121,7,6,28.7,18.7
121,7,7,28.8,18.8
121,7,8,28.7,19.0
121,7,9,28.6,19.1
121,7,10,28.4,19.3
121,7,11,28.4,19.5
121,7,12,28.3,19.7
121,7,13,28.2,19.7
121,7,14,28.1,19.8
121,7,15,28.3,19.9
121,7,16,28.6,19.8
121,7,17,28.7,19.9
121,7,18,29.1,20.2
121,7,19,29.6,20.5
121,7,20,29.9,20.8
121,7,21,29.9,21.0
121,7,22,29.9,21.2
121,7,23,29.9,21.3
121,7,24,29.9,21.3
121,7,25,30.0,21.3
121,7,26,29.9,21.2
121,7,27,30.1,21.2
121,7,28,30.3,21.3
121,7,29,30.6,21.4
121,7,30,30.9,21.6
121,7,31,31.3,21.8
121,8,1,31.5,22.0
121,8,2,31.5,22.1
121,8,3,31.7,22.1
121,8,4,31.6,21.9
121,8,5,31.4,21.7
121,8,6,31.5,21.7
121,8,7,31.4,21.6
121,8,8,31.1,21.5
121,8,9,30.9,21.5
121,8,10,30.8,21.4
121,8,11,30.6,21.2
121,8,12,30.5,21.1
121,8,13,30.5,21.0
121,8,14,30.4,20.9
121,8,15,30.5,20.8
121,8,16,30.3,20.7
121,8,17,30.0,20.6
121,8,18,29.7,20.4
121,8,19,29.7,20.4
121,8,20,29.4,20.3
121,8,21,29.1,20.2
121,8,22,29.1,19.9
121,8,23,29.0,19.7
121,8,24,28.5,19.3
121,8,25,28.1,19.0
121,8,26,28.1,18.8
121,8,27,28.0,18.8
121,8,28,27.8,18.7
121,8,29,27.8,18.5
121,8,30,28.1,18.3
121,8,31,28.0,18.0
121,9,1,27.8,17.8
121,9,2,27.9,17.4
121,9,3,27.8,17.2
121,9,4,27.2,17.1
121,9,5,27.0,16.9
121,9,6,27.0,16.7
121,9,7,26.6,16.6
121,9,8,26.5,16.6
121,9,9,26.4,16.4
121,9,10,26.2,16.2
121,9,11,25.9,16.1
121,9,12,25.9,15.8
121,9,13,25.8,15.6
121,9,14,25.8,15.4
121,9,15,25.8,15.1
121,9,16,25.7,14.8
121,9,17,25.6,14.5
121,9,18,25.3,14.1
121,9,19,24.8,13.7
121,9,20,24.5,13.3
121,9,21,24.2,12.8
121,9,22,24.1,12.6
121,9,23,24.1,12.4
121,9,24,24.3,12.4
121,9,25,24.4,12.3
121,9,26,24.3,12.2
121,9,27,23.9,12.1
121,9,28,23.7,12.1
121,9,29,23.2,12.1
121,9,30,22.8,11.9
121,10,1,22.6,11.7
121,10,2,22.5,11.3
121,10,3,22.2,10.8
121,10,4,22.1,10.3
121,10,5,22.1,9.9
121,10,6,21.9,9.7
121,10,7,21.9,9.4
121,10,8,22.0,9.4
121,10,9,21.8,9.2
121,10,10,21.6,9.0
121,10,11,21.4,8.6
121,10,12,21.1,8.3
121,10,13,20.7,7.8
121,10,14,20.4,7.3
121,10,15,20.2,6.7
121,10,16,20.0,6.5
121,10,17,20.1,6.3
121,10,18,20.1,6.2
121,10,19,20.3,6.2
121,10,20,20.1,6.3
121,10,21,19.8,6.2
121,10,22,19.4,6.1
121,10,23,19.1,5.8
121,10,24,18.5,5.3
121,10,25,18.2,4.9
121,10,26,17.8,4.4
121,10,27,17.4,3.9
121,10,28,16.9,3.5
121,10,29,16.7,3.2
121,10,30,16.2,3.0
121,10,31,15.7,2.8
121,11,1,15.6,2.5
121,11,2,15.6,2.3
121,11,3,15.8,2.2
121,11,4,15.9,2.1
121,11,5,16.1,2.3
121,11,6,15.8,2.6
121,11,7,15.3,2.8
121,11,8,14.8,2.7
121,11,9,14.4,2.5
121,11,10,13.9,2.1
121,11,11,13.6,1.5
121,11,12,13.3,1.2
121,11,13,12.7,0.7
121,11,14,12.2,0.1
121,11,15,11.6,-0.3
121,11,16,10.9,-0.8
121,11,17,10.4,-1.6
121,11,18,10.0,-2.0
121,11,19,9.7,-2.3
121,11,20,9.6,-2.6
121,11,21,9.6,-2.6
121,11,22,9.6,-2.3
121,11,23,9.7,-2.3
121,11,24,9.5,-2.1
121,11,25,9.2,-1.9
121,11,26,8.9,-2.0
121,11,27,8.7,-2.0
121,11,28,8.4,-2.2
121,11,29,8.1,-2.6
121,11,30,7.9,-2.9
121,12,1,7.5,-3.4
121,12,2,7.1,-3.9
121,12,3,6.4,-4.4
121,12,4,5.8,-4.9
121,12,5,5.2,-5.3
121,12,6,4.8,-5.5
121,12,7,4.6,-6.0
121,12,8,4.6,-6.2
121,12,9,4.7,-6.1
121,12,10,4.8,-6.3
121,12,11,4.8,-6.7
121,12,12,4.6,-6.8
121,12,13,4.4,-6.8
121,12,14,4.2,-7.2
121,12,15,3.9,-7.1
121,12,16,3.6,-7.3
121,12,17,3.5,-7.5
121,12,18,3.5,-7.8
121,12,19,3.6,-7.7
121,12,20,4.1,-7.6
121,12,21,4.5,-7.1
121,12,22,4.6,-6.8
121,12,23,4.5,-6.6
121,12,24,4.1,-6.9
121,12,25,3.6,-7.6
121,12,26,3.1,-8.4
121,12,27,2.8,-8.9
121,12,28,2.6,-9.4
121,12,29,2.5,-9.6
121,12,30,2.3,-9.5
121,12,31,2.4,-9.3
127,1,1,2.6,-8.3
127,1,2,2.6,-8.2
127,1,3,2.6,-8.2
127,1,4,2.8,-8.2
127,1,5,2.6,-8.4
127,1,6,2.4,-8.5
127,1,7,2.3,-8.6
127,1,8,2.3,-8.5
127,1,9,2.2,-8.7
127,1,10,2.2,-8.7
127,1,11,2.0,-8.6
127,1,12,2.1,-8.6
127,1,13,2.1,-8.6
127,1,14,2.2,-8.6
127,1,15,2.3,-8.3
127,1,16,2.5,-8.3
127,1,17,2.7,-8.2
127,1,18,2.8,-7.8
127,1,19,2.8,-7.8
127,1,20,2.6,-7.6
127,1,21,2.5,-7.7
127,1,22,2.1,-8.0
127,1,23,2.0,-8.5
127,1,24,2.0,-8.5
127,1,25,2.2,-8.8
127,1,26,2.4,-8.8
127,1,27,2.8,-8.5
127,1,28,3.0,-8.3
127,1,29,3.2,-8.3
127,1,30,3.3,-8.3
127,1,31,3.3,-8.4
127,2,1,3.2,-8.5
127,2,2,3.3,-8.5
127,2,3,3.5,-8.5
127,2,4,3.8,-8.3
127,2,5,4.1,-8.0
127,2,6,4.1,-7.7
127,2,7,4.0,-7.7
127,2,8,4.1,-7.4
127,2,9,4.1,-7.3
127,2,10,4.1,-7.0
127,2,11,4.7,-6.8
127,2,12,5.4,-6.3
127,2,13,5.8,-5.9
127,2,14,5.9,-5.8
127,2,15,6.0,-5.7
127,2,16,5.8,-5.6
127,2,17,5.8,-5.7
127,2,18,6.0,-5.9
127,2,19,6.2,-5.7
127,2,20,6.7,-5.6
127,2,21,7.1,-5.4
127,2,22,7.4,-5.2
127,2,23,7.5,-4.7
127,2,24,7.9,-4.4
127,2,25,8.1,-4.1
127,2,26,8.5,-3.6
127,2,27,8.6,-3.2
127,2,28,8.6,-3.1
127,2,29,8.7,-3.0
127,3,1,8.8,-2.9
127,3,2,9.0,-2.7
127,3,3,9.2,-2.6
127,3,4,9.3,-2.6
127,3,5,9.4,-2.4
127,3,6,9.4,-2.4
127,3,7,9.6,-2.4
127,3,8,9.6,-2.4
127,3,9,9.7,-2.4
127,3,10,10.2,-2.5
127,3,11,10.6,-2.3
127,3,12,10.7,-2.1
127,3,13,11.3,-2.0
127,3,14,11.7,-1.5
127,3,15,12.1,-1.1
127,3,16,12.4,-0.7
127,3,17,12.9,-0.3
127,3,18,13.2,0.0
127,3,19,13.6,0.0
127,3,20,13.5,0.3
127,3,21,13.4,0.2
127,3,22,13.0,0.1
127,3,23,12.8,0.2
127,3,24,12.8,0.2
127,3,25,13.2,0.2
127,3,26,13.7,0.3
127,3,27,14.2,0.7
127,3,28,14.8,0.9
127,3,29,14.9,1.2
127,3,30,15.1,1.4
127,3,31,15.2,1.7
127,4,1,15.5,1.9
127,4,2,15.9,1.8
127,4,3,16.5,1.9
127,4,4,16.8,2.1
127,4,5,17.0,2.6
127,4,6,17.4,2.8
127,4,7,17.6,3.3
127,4,8,17.7,3.8
127,4,9,17.8,4.2
127,4,10,18.0,4.2
127,4,11,17.9,4.3
127,4,12,18.0,4.2
127,4,13,18.4,4.2
127,4,14,18.9,4.2
127,4,15,19.3,4.3
127,4,16,19.9,4.6
127,4,17,20.3,5.0
127,4,18,20.4,5.4
127,4,19,20.5,5.9
127,4,20,20.6,6.3
127,4,21,20.5,6.5
127,4,22,20.5,6.6
127,4,23,20.6,6.5
127,4,24,20.5,6.4
127,4,25,20.6,6.1
127,4,26,20.9,6.0
127,4,27,21.1,6.4
127,4,28,21.5,7.0
127,4,29,22.0,7.8
127,4,30,22.7,8.4
127,5,1,22.9,9.0
127,5,2,23.3,9.2
127,5,3,23.6,9.1
127,5,4,23.6,9.1
127,5,5,23.5,9.1
127,5,6,23.7,9.1
127,5,7,23.7,9.2
127,5,8,23.3,9.4
127,5,9,23.3,9.5
127,5,10,23.2,9.7
127,5,11,23.1,9.8
127,5,12,23.3,10.0
127,5,13,23.5,10.4
127,5,14,23.6,10.7
127,5,15,23.9,10.8
127,5,16,24.2,11.0
127,5,17,24.2,11.2
127,5,18,24.4,11.1
127,5,19,24.8,10.9
127,5,20,25.2,11.2
127,5,21,25.4,11.5
127,5,22,25.6,11.7
127,5,23,25.7,12.1
127,5,24,25.6,12.5
127,5,25,25.5,12.5
127,5,26,25.5,12.5
127,5,27,25.7,12.7
127,5,28,25.8,12.8
127,5,29,26.2,12.8
127,5,30,26.5,12.9
127,5,31,26.8,13.2
127,6,1,26.7,13.4
127,6,2,27.0,13.8
127,6,3,27.0,14.2
127,6,4,27.1,14.7
127,6,5,27.1,15.0
127,6,6,27.3,15.3
127,6,7,27.5,15.4
127,6,8,27.6,15.7
127,6,9,27.7,15.9
127,6,10,27.8,16.0
127,6,11,27.8,16.1
127,6,12,27.8,16.4
127,6,13,27.9,16.4
127,6,14,28.1,16.3
127,6,15,28.4,16.5
127,6,16,28.6,16.8
127,6,17,28.6,16.9
127,6,18,28.6,17.1
127,6,19,28.5,17.6
127,6,20,28.5,17.8
127,6,21,28.4,17.9
127,6,22,28.3,18.0
127,6,23,28.2,18.1
127,6,24,28.1,18.2
127,6,25,27.8,18.3
127,6,26,28.0,18.5
127,6,27,28.3,18.8
127,6,28,28.4,19.2
127,6,29,28.4,19.5
127,6,30,28.6,19.8
127,7,1,28.5,20.0
127,7,2,28.6,20.1
127,7,3,28.8,20.1
127,7,4,29.2,20.0
127,7,5,29.2,19.9
127,7,6,29.3,19.8
127,7,7,29.2,19.9
127,7,8,29.1,20.1
127,7,9,28.9,20.2
127,7,10,28.8,20.4
127,7,11,28.8,20.6
127,7,12,28.9,20.8
127,7,13,29.0,20.9
127,7,14,29.0,21.0
127,7,15,29.0,21.0
127,7,16,29.2,20.9
127,7,17,29.2,21.0
127,7,18,29.5,21.1
127,7,19,29.9,21.3
127,7,20,30.4,21.6
127,7,21,30.4,21.9
127,7,22,30.4,22.0
127,7,23,30.5,22.2
127,7,24,30.5,22.2
127,7,25,30.5,22.1
127,7,26,30.5,22.1
127,7,27,30.6,22.2
127,7,28,30.8,22.2
127,7,29,31.0,22.4
127,7,30,31.2,22.6
127,7,31,31.5,22.7
127,8,1,31.7,22.8
127,8,2,31.6,22.7
127,8,3,31.8,22.7
127,8,4,31.6,22.5
127,8,5,31.5,22.4
127,8,6,31.6,22.4
127,8,7,31.5,22.4
127,8,8,31.2,22.4
127,8,9,31.1,22.3
127,8,10,31.0,22.3
127,8,11,30.9,22.2
127,8,12,30.9,22.1
127,8,13,30.9,22.0
127,8,14,30.8,21.9
127,8,15,30.9,21.8
127,8,16,30.6,21.7
127,8,17,30.4,21.5
127,8,18,30.2,21.2
127,8,19,30.2,21.1
127,8,20,30.0,20.9
127,8,21,29.7,20.7
127,8,22,29.6,20.5
127,8,23,29.4,20.4
127,8,24,28.9,20.2
127,8,25,28.7,20.0
127,8,26,28.6,19.8
127,8,27,28.6,19.6
127,8,28,28.5,19.4
127,8,29,28.6,19.2
127,8,30,28.8,19.1
127,8,31,28.6,19.0
127,9,1,28.5,18.9
127,9,2,28.5,18.6
127,9,3,28.4,18.3
127,9,4,27.8,18.1
127,9,5,27.7,17.7
127,9,6,27.5,17.4
127,9,7,27.2,17.2
127,9,8,27.1,17.0
127,9,9,27.0,16.8
127,9,10,26.7,16.7
127,9,11,26.5,16.5
127,9,12,26.4,16.3
127,9,13,26.3,16.1
127,9,14,26.4,15.9
127,9,15,26.4,15.7
127,9,16,26.3,15.3
127,9,17,26.2,15.0
127,9,18,25.9,14.6
127,9,19,25.5,14.2
127,9,20,25.2,13.7
127,9,21,24.9,13.3
127,9,22,24.7,13.1
127,9,23,24.6,12.9
127,9,24,24.7,12.8
127,9,25,24.7,12.7
127,9,26,24.5,12.6
127,9,27,24.3,12.4
127,9,28,23.9,12.3
127,9,29,23.6,12.2
127,9,30,23.2,11.9
127,10,1,23.1,11.7
127,10,2,22.9,11.3
127,10,3,22.7,10.8
127,10,4,22.5,10.4
127,10,5,22.4,10.1
127,10,6,22.3,9.7
127,10,7,22.3,9.4
127,10,8,22.3,9.3
127,10,9,22.2,9.1
127,10,10,21.9,8.8
127,10,11,21.6,8.5
127,10,12,21.2,8.2
127,10,13,20.8,7.8
127,10,14,20.5,7.4
127,10,15,20.3,7.0
127,10,16,20.1,6.8
127,10,17,20.1,6.6
127,10,18,20.1,6.5
127,10,19,20.2,6.5
127,10,20,20.0,6.4
127,10,21,19.7,6.2
127,10,22,19.3,6.0
127,10,23,18.9,5.7
127,10,24,18.4,5.2
127,10,25,18.1,4.7
127,10,26,17.9,4.4
127,10,27,17.4,4.0
127,10,28,17.0,3.5
127,10,29,16.7,3.3
127,10,30,16.3,3.2
127,10,31,15.9,3.0
127,11,1,15.8,2.7
127,11,2,15.8,2.4
127,11,3,16.0,2.3
127,11,4,16.2,2.3
127,11,5,16.3,2.6
127,11,6,16.1,2.8
127,11,7,15.7,3.0
127,11,8,15.2,3.0
127,11,9,14.7,2.8
127,11,10,14.2,2.4
127,11,11,14.0,2.0
127,11,12,13.7,1.8
127,11,13,13.1,1.3
127,11,14,12.6,0.7
127,11,15,12.2,0.3
127,11,16,11.5,-0.1
127,11,17,11.1,-0.8
127,11,18,10.7,-1.1
127,11,19,10.3,-1.5
127,11,20,10.0,-1.9
127,11,21,10.0,-2.0
127,11,22,9.8,-1.9
127,11,23,9.9,-2.0
127,11,24,9.8,-1.9
127,11,25,9.4,-1.8
127,11,26,9.2,-1.8
127,11,27,9.0,-1.8
127,11,28,8.8,-2.0
127,11,29,8.6,-2.3
127,11,30,8.5,-2.6
127,12,1,8.0,-3.1
127,12,2,7.5,-3.7
127,12,3,6.8,-4.1
127,12,4,6.2,-4.7
127,12,5,5.7,-4.9
127,12,6,5.4,-4.9
127,12,7,5.2,-5.2
127,12,8,5.2,-5.2
127,12,9,5.2,-5.0
127,12,10,5.1,-5.4
127,12,11,5.0,-5.8
127,12,12,4.7,-6.0
127,12,13,4.3,-6.2
127,12,14,4.1,-6.6
127,12,15,3.8,-6.6
127,12,16,3.5,-6.8
127,12,17,3.5,-6.9
127,12,18,3.7,-7.0
127,12,19,3.9,-6.8
127,12,20,4.4,-6.7
127,12,21,4.8,-6.2
127,12,22,4.7,-6.0
127,12,23,4.6,-6.0
127,12,24,4.2,-6.2
127,12,25,3.5,-6.8
127,12,26,3.0,-7.4
127,12,27,2.7,-7.9
127,12,28,2.4,-8.4
127,12,29,2.3,-8.6
127,12,30,2.3,-8.5
127,12,31,2.4,-8.4
129,1,1,4.0,-5.5
129,1,2,3.9,-5.7
129,1,3,3.8,-5.8
129,1,4,3.8,-5.8
129,1,5,3.6,-5.9
129,1,6,3.4,-5.9
129,1,7,3.3,-5.9
129,1,8,3.3,-5.8
129,1,9,3.1,-6.0
129,1,10,3.1,-6.1
129,1,11,3.0,-6.1
129,1,12,3.0,-6.0
129,1,13,3.0,-6.1
129,1,14,3.2,-6.0
129,1,15,3.3,-5.9
129,1,16,3.5,-6.1
129,1,17,3.7,-6.1
129,1,18,3.7,-5.8
129,1,19,3.6,-6.0
129,1,20,3.4,-5.9
129,1,21,3.2,-5.9
129,1,22,2.9,-6.2
129,1,23,2.6,-6.7
129,1,24,2.6,-6.7
129,1,25,2.7,-7.0
129,1,26,2.9,-7.1
129,1,27,3.2,-6.9
129,1,28,3.4,-6.8
129,1,29,3.6,-6.8
129,1,30,3.6,-6.7
129,1,31,3.5,-6.8
129,2,1,3.4,-6.8
129,2,2,3.4,-6.9
129,2,3,3.4,-6.7
129,2,4,3.6,-6.6
129,2,5,3.9,-6.3
129,2,6,4.0,-6.1
129,2,7,4.0,-5.9
129,2,8,4.1,-5.8
129,2,9,4.2,-5.8
129,2,10,4.3,-5.6
129,2,11,4.8,-5.5
129,2,12,5.3,-5.2
129,2,13,5.6,-4.8
129,2,14,5.6,-4.7
129,2,15,5.6,-4.7
129,2,16,5.6,-4.6
129,2,17,5.6,-4.7
129,2,18,5.9,-4.9
129,2,19,6.2,-4.7
129,2,20,6.7,-4.5
129,2,21,6.8,-4.3
129,2,22,7.1,-4.2
129,2,23,7.3,-3.9
129,2,24,7.6,-3.7
129,2,25,7.8,-3.5
129,2,26,8.2,-3.1
129,2,27,8.3,-2.8
129,2,28,8.2,-2.8
129,2,29,8.3,-2.7
129,3,1,8.4,-2.7
129,3,2,8.5,-2.5
129,3,3,8.6,-2.4
129,3,4,8.7,-2.2
129,3,5,8.8,-1.9
129,3,6,8.8,-1.9
129,3,7,8.9,-2.0
129,3,8,8.8,-1.9
129,3,9,8.9,-2.0
129,3,10,9.3,-2.1
129,3,11,9.6,-1.8
129,3,12,9.7,-1.6
129,3,13,10.3,-1.6
129,3,14,10.7,-1.2
129,3,15,11.1,-0.9
129,3,16,11.4,-0.5
129,3,17,11.8,-0.2
129,3,18,12.0,0.0
129,3,19,12.2,0.1
129,3,20,12.1,0.4
129,3,21,12.0,0.4
129,3,22,11.8,0.2
129,3,23,11.6,0.3
129,3,24,11.8,0.3
129,3,25,12.1,0.2
129,3,26,12.4,0.3
129,3,27,12.9,0.7
129,3,28,13.2,0.8
129,3,29,13.3,1.1
129,3,30,13.7,1.3
129,3,31,13.9,1.7
129,4,1,14.2,1.8
129,4,2,14.7,2.0
129,4,3,15.1,2.3
129,4,4,15.2,2.5
129,4,5,15.4,2.8
129,4,6,15.7,3.0
129,4,7,15.9,3.4
129,4,8,16.0,3.7
129,4,9,16.3,4.0
129,4,10,16.5,4.1
129,4,11,16.4,4.4
129,4,12,16.4,4.4
129,4,13,16.6,4.3
129,4,14,16.9,4.3
129,4,15,17.2,4.4
129,4,16,17.7,4.7
129,4,17,18.0,5.0
129,4,18,18.2,5.5
129,4,19,18.4,6.1
129,4,20,18.4,6.6
129,4,21,18.4,6.8
129,4,22,18.4,6.8
129,4,23,18.5,6.6
129,4,24,18.5,6.5
129,4,25,18.7,6.3
129,4,26,18.9,6.4
129,4,27,19.0,6.9
129,4,28,19.4,7.6
129,4,29,19.9,8.3
129,4,30,20.5,9.0
129,5,1,20.8,9.4
129,5,2,21.3,9.5
129,5,3,21.6,9.4
129,5,4,21.5,9.3
129,5,5,21.3,9.3
129,5,6,21.4,9.5
129,5,7,21.4,9.7
129,5,8,21.1,9.9
129,5,9,21.2,10.1
129,5,10,21.0,10.2
129,5,11,21.0,10.3
129,5,12,21.1,10.5
129,5,13,21.4,10.9
129,5,14,21.5,11.1
129,5,15,22.0,11.2
129,5,16,22.2,11.5
129,5,17,22.1,11.7
129,5,18,22.4,11.7
129,5,19,22.7,11.7
129,5,20,23.0,12.0
129,5,21,23.4,12.1
129,5,22,23.6,12.4
129,5,23,23.7,12.7
129,5,24,23.8,13.0
129,5,25,23.9,13.0
129,5,26,24.0,13.1
129,5,27,24.3,13.3
129,5,28,24.5,13.4
129,5,29,24.7,13.4
129,5,30,24.9,13.5
129,5,31,25.1,13.7
129,6,1,25.1,13.9
129,6,2,25.2,14.1
129,6,3,25.4,14.4
129,6,4,25.5,14.8
129,6,5,25.7,15.1
129,6,6,25.8,15.4
129,6,7,26.1,15.7
129,6,8,26.1,16.0
129,6,9,26.2,16.2
129,6,10,26.2,16.3
129,6,11,26.3,16.4
129,6,12,26.4,16.5
129,6,13,26.5,16.6
129,6,14,26.7,16.7
129,6,15,26.8,16.9
129,6,16,27.0,17.1
129,6,17,27.0,17.4
129,6,18,27.0,17.5
129,6,19,27.0,17.8
129,6,20,27.1,18.0
129,6,21,27.0,18.1
129,6,22,26.9,18.1
129,6,23,26.8,18.2
129,6,24,26.6,18.3
129,6,25,26.5,18.4
129,6,26,26.7,18.6
129,6,27,26.9,18.9
129,6,28,26.9,19.2
129,6,29,26.9,19.4
129,6,30,26.9,19.8
129,7,1,26.8,19.9
129,7,2,26.9,20.1
129,7,3,27.2,20.0
129,7,4,27.5,20.0
129,7,5,27.7,19.9
129,7,6,28.0,20.0
129,7,7,28.1,20.1
129,7,8,28.0,20.3
129,7,9,27.9,20.5
129,7,10,27.8,20.6
129,7,11,27.6,20.8
129,7,12,27.6,21.0
129,7,13,27.6,21.1
129,7,14,27.7,21.2
129,7,15,27.8,21.2
129,7,16,28.1,21.2
129,7,17,28.2,21.2
129,7,18,28.6,21.3
129,7,19,28.9,21.6
129,7,20,29.3,22.0
129,7,21,29.2,22.2
129,7,22,29.2,22.4
129,7,23,29.3,22.5
129,7,24,29.4,22.5
129,7,25,29.5,22.7
129,7,26,29.7,22.9
129,7,27,29.9,23.0
129,7,28,30.0,23.1
129,7,29,30.1,23.2
129,7,30,30.2,23.3
129,7,31,30.4,23.3
129,8,1,30.5,23.3
129,8,2,30.6,23.3
129,8,3,30.8,23.2
129,8,4,30.8,23.1
129,8,5,30.8,23.0
129,8,6,30.8,23.0
129,8,7,30.8,23.0
129,8,8,30.7,22.8
129,8,9,30.6,22.7
129,8,10,30.5,22.7
129,8,11,30.4,22.6
129,8,12,30.4,22.6
129,8,13,30.3,22.5
129,8,14,30.2,22.4
129,8,15,30.2,22.3
129,8,16,30.1,22.2
129,8,17,29.9,22.0
129,8,18,29.8,21.8
129,8,19,29.7,21.6
129,8,20,29.6,21.4
129,8,21,29.3,21.1
129,8,22,29.1,20.9
129,8,23,28.9,20.7
129,8,24,28.7,20.5
129,8,25,28.5,20.4
129,8,26,28.4,20.3
129,8,27,28.4,20.2
129,8,28,28.4,20.0
129,8,29,28.4,19.8
129,8,30,28.5,19.6
129,8,31,28.4,19.5
129,9,1,28.3,19.3
129,9,2,28.3,19.1
129,9,3,28.1,18.9
129,9,4,27.7,18.6
129,9,5,27.5,18.3
129,9,6,27.4,18.2
129,9,7,27.1,17.9
129,9,8,27.1,17.7
129,9,9,27.0,17.6
129,9,10,26.7,17.5
129,9,11,26.5,17.2
129,9,12,26.4,17.0
129,9,13,26.3,16.9
129,9,14,26.3,16.8
129,9,15,26.3,16.5
129,9,16,26.3,16.3
129,9,17,26.3,15.9
129,9,18,26.0,15.6
129,9,19,25.7,15.2
129,9,20,25.5,14.7
129,9,21,25.1,14.4
129,9,22,24.8,14.2
129,9,23,24.8,13.9
129,9,24,24.9,13.9
129,9,25,24.8,13.8
129,9,26,24.7,13.7
129,9,27,24.4,13.5
129,9,28,24.2,13.4
129,9,29,23.9,13.2
129,9,30,23.6,12.9
129,10,1,23.3,12.6
129,10,2,23.1,12.2
129,10,3,22.9,11.6
129,10,4,22.7,11.2
129,10,5,22.6,11.0
129,10,6,22.5,10.7
129,10,7,22.5,10.6
129,10,8,22.5,10.7
129,10,9,22.3,10.5
129,10,10,22.0,10.2
129,10,11,21.8,9.7
129,10,12,21.4,9.3
129,10,13,21.0,8.8
129,10,14,20.7,8.5
129,10,15,20.6,8.2
129,10,16,20.4,8.0
129,10,17,20.4,8.0
129,10,18,20.5,8.0
129,10,19,20.5,7.9
129,10,20,20.3,7.9
129,10,21,20.1,7.9
129,10,22,19.8,7.8
129,10,23,19.4,7.7
129,10,24,18.9,7.3
129,10,25,18.6,6.8
129,10,26,18.3,6.5
129,10,27,17.9,6.1
129,10,28,17.4,5.6
129,10,29,17.1,5.2
129,10,30,16.7,5.0
129,10,31,16.3,4.6
129,11,1,16.2,4.4
129,11,2,16.3,4.2
129,11,3,16.5,4.2
129,11,4,16.8,4.4
129,11,5,16.9,4.6
129,11,6,16.5,4.7
129,11,7,16.1,4.9
129,11,8,15.5,4.9
129,11,9,15.0,4.5
129,11,10,14.6,4.2
129,11,11,14.5,4.0
129,11,12,14.2,3.7
129,11,13,13.7,3.3
129,11,14,13.3,2.7
129,11,15,12.9,2.3
129,11,16,12.3,1.8
129,11,17,11.9,1.3
129,11,18,11.6,1.0
129,11,19,11.2,0.8
129,11,20,10.9,0.4
129,11,21,10.9,0.3
129,11,22,10.8,0.3
129,11,23,10.9,0.2
129,11,24,10.8,0.3
129,11,25,10.5,0.4
129,11,26,10.1,0.3
129,11,27,9.8,0.2
129,11,28,9.6,-0.1
129,11,29,9.4,-0.4
129,11,30,9.3,-0.7
129,12,1,8.9,-1.2
129,12,2,8.4,-1.7
129,12,3,7.9,-1.9
129,12,4,7.3,-2.3
129,12,5,6.8,-2.4
129,12,6,6.6,-2.5
129,12,7,6.4,-2.6
129,12,8,6.5,-2.7
129,12,9,6.5,-2.6
129,12,10,6.3,-3.0
129,12,11,6.1,-3.3
129,12,12,5.9,-3.4
129,12,13,5.7,-3.6
129,12,14,5.5,-3.9
129,12,15,5.3,-3.9
129,12,16,5.1,-4.1
129,12,17,5.1,-4.1
129,12,18,5.2,-4.2
129,12,19,5.3,-4.2
129,12,20,5.7,-4.1
129,12,21,6.0,-3.8
129,12,22,6.0,-3.8
129,12,23,5.8,-3.8
129,12,24,5.4,-4.0
129,12,25,4.7,-4.6
129,12,26,4.3,-5.1
129,12,27,4.0,-5.4
129,12,28,3.8,-5.7
129,12,29,3.8,-5.8
129,12,30,3.9,-5.7
129,12,31,4.0,-5.6
133,1,1,4.6,-5.5
133,1,2,4.5,-5.4
133,1,3,4.5,-5.5
133,1,4,4.5,-5.4
133,1,5,4.3,-5.5
133,1,6,4.0,-5.5
133,1,7,3.9,-5.5
133,1,8,3.9,-5.4
133,1,9,3.7,-5.5
133,1,10,3.8,-5.5
133,1,11,3.7,-5.5
133,1,12,3.6,-5.4
133,1,13,3.7,-5.6
133,1,14,3.9,-5.4
133,1,15,3.9,-5.3
133,1,16,4.1,-5.4
133,1,17,4.3,-5.4
133,1,18,4.3,-5.0
133,1,19,4.2,-5.1
133,1,20,3.9,-5.1
133,1,21,3.7,-5.1
133,1,22,3.5,-5.4
133,1,23,3.3,-5.8
133,1,24,3.4,-5.8
133,1,25,3.6,-6.1
133,1,26,3.9,-6.1
133,1,27,4.2,-5.8
133,1,28,4.4,-5.5
133,1,29,4.6,-5.6
133,1,30,4.7,-5.5
133,1,31,4.7,-5.7
133,2,1,4.6,-5.8
133,2,2,4.7,-5.8
133,2,3,4.7,-5.8
133,2,4,5.0,-5.5
133,2,5,5.4,-5.3
133,2,6,5.4,-5.0
133,2,7,5.3,-4.9
133,2,8,5.3,-4.6
133,2,9,5.3,-4.6
133,2,10,5.3,-4.3
133,2,11,5.9,-4.0
133,2,12,6.6,-3.7
133,2,13,7.0,-3.4
133,2,14,7.0,-3.3
133,2,15,7.1,-3.3
133,2,16,7.0,-3.4
133,2,17,6.9,-3.5
133,2,18,7.2,-3.6
133,2,19,7.4,-3.5
133,2,20,7.9,-3.3
133,2,21,8.2,-3.0
133,2,22,8.5,-2.9
133,2,23,8.7,-2.4
133,2,24,9.0,-2.1
133,2,25,9.3,-1.8
133,2,26,9.5,-1.4
133,2,27,9.6,-1.0
133,2,28,9.6,-1.1
133,2,29,9.7,-1.1
133,3,1,9.8,-1.1
133,3,2,10.0,-0.9
133,3,3,10.2,-0.9
133,3,4,10.3,-0.8
133,3,5,10.3,-0.4
133,3,6,10.3,-0.4
133,3,7,10.5,-0.5
133,3,8,10.5,-0.4
133,3,9,10.6,-0.5
133,3,10,11.1,-0.6
133,3,11,11.5,-0.5
133,3,12,11.7,-0.2
133,3,13,12.2,0.0
133,3,14,12.6,0.5
133,3,15,12.9,0.8
133,3,16,13.2,1.3
133,3,17,13.6,1.7
133,3,18,13.9,1.9
133,3,19,14.3,2.0
133,3,20,14.1,2.3
133,3,21,14.1,2.3
133,3,22,13.7,2.2
133,3,23,13.5,2.2
133,3,24,13.5,2.2
133,3,25,13.9,2.2
133,3,26,14.3,2.4
133,3,27,14.9,2.8
133,3,28,15.3,3.1
133,3,29,15.6,3.3
133,3,30,15.8,3.5
133,3,31,15.9,3.7
133,4,1,16.2,3.9
133,4,2,16.5,4.0
133,4,3,17.0,4.1
133,4,4,17.1,4.3
133,4,5,17.4,4.8
133,4,6,17.8,5.0
133,4,7,18.0,5.4
133,4,8,18.0,5.8
133,4,9,18.2,6.2
133,4,10,18.3,6.2
133,4,11,18.1,6.4
133,4,12,18.3,6.4
133,4,13,18.7,6.4
133,4,14,19.2,6.4
133,4,15,19.6,6.6
133,4,16,20.2,7.0
133,4,17,20.5,7.2
133,4,18,20.5,7.5
133,4,19,20.5,8.0
133,4,20,20.6,8.3
133,4,21,20.5,8.4
133,4,22,20.5,8.5
133,4,23,20.6,8.4
133,4,24,20.6,8.3
133,4,25,20.7,8.1
133,4,26,21.1,8.1
133,4,27,21.2,8.5
133,4,28,21.7,9.1
133,4,29,22.1,9.8
133,4,30,22.8,10.3
133,5,1,22.9,10.9
133,5,2,23.5,11.1
133,5,3,23.8,11.0
133,5,4,23.8,11.1
133,5,5,23.6,11.2
133,5,6,23.7,11.3
133,5,7,23.7,11.4
133,5,8,23.2,11.5
133,5,9,23.2,11.5
133,5,10,23.1,11.5
133,5,11,23.1,11.6
133,5,12,23.3,11.8
133,5,13,23.5,12.2
133,5,14,23.6,12.6
133,5,15,24.0,12.7
133,5,16,24.2,13.0
133,5,17,24.2,13.1
133,5,18,24.4,13.1
133,5,19,24.7,13.1
133,5,20,25.1,13.3
133,5,21,25.4,13.5
133,5,22,25.6,13.6
133,5,23,25.7,13.9
133,5,24,25.7,14.2
133,5,25,25.7,14.2
133,5,26,25.7,14.2
133,5,27,26.0,14.4
133,5,28,26.1,14.5
133,5,29,26.3,14.5
133,5,30,26.5,14.8
133,5,31,26.8,15.0
133,6,1,26.7,15.0
133,6,2,26.9,15.3
133,6,3,27.0,15.7
133,6,4,27.2,16.0
133,6,5,27.3,16.4
133,6,6,27.5,16.6
133,6,7,27.7,16.8
133,6,8,27.8,17.1
133,6,9,27.8,17.3
133,6,10,27.8,17.5
133,6,11,27.9,17.6
133,6,12,27.8,17.7
133,6,13,27.8,17.7
133,6,14,28.0,17.6
133,6,15,28.2,17.8
133,6,16,28.3,18.0
133,6,17,28.5,18.2
133,6,18,28.5,18.4
133,6,19,28.5,18.8
133,6,20,28.5,19.0
133,6,21,28.4,19.1
133,6,22,28.3,19.1
133,6,23,28.1,19.2
133,6,24,27.9,19.2
133,6,25,27.7,19.3
133,6,26,27.8,19.5
133,6,27,28.1,19.8
133,6,28,28.3,20.2
133,6,29,28.2,20.4
133,6,30,28.2,20.7
133,7,1,28.1,20.9
133,7,2,28.0,21.1
133,7,3,28.2,21.0
133,7,4,28.5,21.1
133,7,5,28.7,21.0
133,7,6,28.8,21.0
133,7,7,28.8,21.0
133,7,8,28.7,21.2
133,7,9,28.6,21.3
133,7,10,28.5,21.4
133,7,11,28.5,21.6
133,7,12,28.7,21.7
133,7,13,28.8,21.9
133,7,14,28.9,21.9
133,7,15,29.0,21.9
133,7,16,29.2,21.9
133,7,17,29.4,22.0
133,7,18,29.7,22.1
133,7,19,30.0,22.4
133,7,20,30.4,22.7
133,7,21,30.5,23.0
133,7,22,30.4,23.2
133,7,23,30.4,23.4
133,7,24,30.5,23.4
133,7,25,30.6,23.4
133,7,26,30.8,23.5
133,7,27,31.0,23.5
133,7,28,31.1,23.6
133,7,29,31.3,23.7
133,7,30,31.5,23.9
133,7,31,31.6,24.0
133,8,1,31.7,24.0
133,8,2,31.7,23.9
133,8,3,31.7,23.8
133,8,4,31.7,23.7
133,8,5,31.5,23.6
133,8,6,31.5,23.5
133,8,7,31.5,23.6
133,8,8,31.2,23.6
133,8,9,31.0,23.5
133,8,10,30.9,23.4
133,8,11,30.8,23.3
133,8,12,30.8,23.3
133,8,13,30.8,23.2
133,8,14,30.7,23.1
133,8,15,30.9,23.0
133,8,16,30.7,22.9
133,8,17,30.7,22.8
133,8,18,30.5,22.6
133,8,19,30.5,22.5
133,8,20,30.2,22.3
133,8,21,30.0,22.1
133,8,22,29.7,21.9
133,8,23,29.4,21.8
133,8,24,29.0,21.6
133,8,25,28.8,21.4
133,8,26,28.8,21.2
133,8,27,28.8,21.0
133,8,28,28.6,20.8
133,8,29,28.6,20.6
133,8,30,28.8,20.5
133,8,31,28.6,20.3
133,9,1,28.4,20.1
133,9,2,28.6,19.9
133,9,3,28.5,19.8
133,9,4,28.0,19.6
133,9,5,27.8,19.2
133,9,6,27.7,19.1
133,9,7,27.3,18.8
133,9,8,27.3,18.5
133,9,9,27.2,18.3
133,9,10,27.0,18.2
133,9,11,26.7,18.0
133,9,12,26.7,17.9
133,9,13,26.5,17.9
133,9,14,26.5,17.7
133,9,15,26.4,17.4
133,9,16,26.4,17.2
133,9,17,26.4,16.8
133,9,18,26.1,16.5
133,9,19,25.9,16.1
133,9,20,25.7,15.6
133,9,21,25.3,15.3
133,9,22,25.0,15.1
133,9,23,25.0,14.9
133,9,24,25.0,14.7
133,9,25,25.0,14.6
133,9,26,24.9,14.5
133,9,27,24.6,14.3
133,9,28,24.3,14.2
133,9,29,24.1,14.1
133,9,30,23.8,13.9
133,10,1,23.6,13.6
133,10,2,23.4,13.1
133,10,3,23.2,12.7
133,10,4,22.9,12.3
133,10,5,22.8,12.1
133,10,6,22.7,11.8
133,10,7,22.7,11.5
133,10,8,22.7,11.4
133,10,9,22.5,11.2
133,10,10,22.3,11.0
133,10,11,22.0,10.7
133,10,12,21.7,10.4
133,10,13,21.4,9.9
133,10,14,21.1,9.6
133,10,15,20.9,9.3
133,10,16,20.8,9.1
133,10,17,20.7,8.9
133,10,18,20.7,8.9
133,10,19,20.7,8.9
133,10,20,20.5,8.8
133,10,21,20.3,8.7
133,10,22,20.1,8.6
133,10,23,19.7,8.3
133,10,24,19.3,7.8
133,10,25,18.9,7.3
133,10,26,18.6,7.0
133,10,27,18.3,6.6
133,10,28,17.9,6.3
133,10,29,17.6,5.9
133,10,30,17.2,5.8
133,10,31,16.9,5.5
133,11,1,16.7,5.1
133,11,2,16.8,4.9
133,11,3,17.0,4.8
133,11,4,17.2,4.9
133,11,5,17.4,5.1
133,11,6,17.1,5.3
133,11,7,16.7,5.4
133,11,8,16.2,5.5
133,11,9,15.7,5.3
133,11,10,15.2,5.0
133,11,11,15.0,4.6
133,11,12,14.7,4.5
133,11,13,14.3,3.9
133,11,14,13.8,3.3
133,11,15,13.3,2.9
133,11,16,12.7,2.4
133,11,17,12.2,1.8
133,11,18,11.9,1.5
133,11,19,11.6,1.1
133,11,20,11.3,0.7
133,11,21,11.4,0.6
133,11,22,11.4,0.7
133,11,23,11.4,0.7
133,11,24,11.2,0.8
133,11,25,10.9,0.8
133,11,26,10.6,0.7
133,11,27,10.3,0.6
133,11,28,10.1,0.4
133,11,29,10.0,0.1
133,11,30,9.9,-0.2
133,12,1,9.5,-0.6
133,12,2,9.0,-1.2
133,12,3,8.3,-1.7
133,12,4,7.7,-2.2
133,12,5,7.2,-2.3
133,12,6,7.0,-2.4
133,12,7,6.9,-2.5
133,12,8,6.9,-2.5
133,12,9,6.9,-2.3
133,12,10,6.8,-2.7
133,12,11,6.6,-2.9
133,12,12,6.4,-3.1
133,12,13,6.1,-3.3
133,12,14,6.0,-3.7
133,12,15,5.8,-3.7
133,12,16,5.5,-3.9
133,12,17,5.5,-4.0
133,12,18,5.6,-4.0
133,12,19,5.7,-3.8
133,12,20,6.2,-3.7
133,12,21,6.5,-3.4
133,12,22,6.5,-3.3
133,12,23,6.3,-3.4
133,12,24,6.0,-3.7
133,12,25,5.4,-4.2
133,12,26,4.9,-4.7
133,12,27,4.6,-5.0
133,12,28,4.4,-5.4
133,12,29,4.2,-5.6
133,12,30,4.2,-5.6
133,12,31,4.4,-5.5
136,1,1,4.3,-7.2
136,1,2,4.3,-7.1
136,1,3,4.3,-7.2
136,1,4,4.4,-7.1
136,1,5,4.1,-7.2
136,1,6,3.9,-7.3
136,1,7,3.7,-7.4
136,1,8,3.7,-7.3
136,1,9,3.7,-7.4
136,1,10,3.9,-7.4
136,1,11,3.7,-7.2
136,1,12,3.7,-7.1
136,1,13,3.7,-7.2
136,1,14,3.9,-7.2
136,1,15,3.9,-7.2
136,1,16,4.1,-7.2
136,1,17,4.3,-7.3
136,1,18,4.3,-7.0
136,1,19,4.1,-6.9
136,1,20,3.9,-6.8
136,1,21,3.6,-6.8
136,1,22,3.4,-7.0
136,1,23,3.4,-7.4
136,1,24,3.4,-7.4
136,1,25,3.7,-7.5
136,1,26,4.0,-7.6
136,1,27,4.3,-7.3
136,1,28,4.4,-6.9
136,1,29,4.6,-6.8
136,1,30,4.6,-6.8
136,1,31,4.7,-7.0
136,2,1,4.7,-7.2
136,2,2,4.8,-7.4
136,2,3,5.0,-7.4
136,2,4,5.3,-7.2
136,2,5,5.6,-6.9
136,2,6,5.7,-6.6
136,2,7,5.6,-6.4
136,2,8,5.6,-6.2
136,2,9,5.5,-6.1
136,2,10,5.4,-5.8
136,2,11,6.0,-5.6
136,2,12,6.6,-5.2
136,2,13,7.0,-5.0
136,2,14,7.2,-4.8
136,2,15,7.3,-4.7
136,2,16,7.0,-4.8
136,2,17,7.0,-4.9
136,2,18,7.2,-5.0
136,2,19,7.3,-5.0
136,2,20,7.8,-4.9
136,2,21,8.1,-4.6
136,2,22,8.3,-4.3
136,2,23,8.4,-3.8
136,2,24,8.8,-3.5
136,2,25,9.1,-3.1
136,2,26,9.3,-2.7
136,2,27,9.5,-2.3
136,2,28,9.4,-2.2
136,2,29,9.6,-2.1
136,3,1,9.7,-2.1
136,3,2,9.7,-2.0
136,3,3,9.9,-1.9
136,3,4,10.0,-2.0
136,3,5,10.0,-1.8
136,3,6,10.1,-1.7
136,3,7,10.3,-1.7
136,3,8,10.4,-1.6
136,3,9,10.5,-1.5
136,3,10,11.1,-1.7
136,3,11,11.5,-1.7
136,3,12,11.7,-1.5
136,3,13,12.1,-1.4
136,3,14,12.4,-0.9
136,3,15,12.7,-0.6
136,3,16,13.0,0.0
136,3,17,13.5,0.4
136,3,18,13.8,0.6
136,3,19,14.1,0.6
136,3,20,14.1,0.9
136,3,21,13.9,0.9
136,3,22,13.5,0.8
136,3,23,13.3,0.9
136,3,24,13.4,1.0
136,3,25,13.9,1.0
136,3,26,14.5,1.1
136,3,27,15.0,1.5
136,3,28,15.5,1.8
136,3,29,15.8,2.1
136,3,30,15.8,2.4
136,3,31,15.9,2.6
136,4,1,16.3,2.6
136,4,2,16.5,2.4
136,4,3,17.0,2.5
136,4,4,17.2,2.7
136,4,5,17.4,3.2
136,4,6,17.7,3.5
136,4,7,17.8,3.9
136,4,8,17.7,4.2
136,4,9,17.8,4.6
136,4,10,17.9,4.6
136,4,11,17.7,4.7
136,4,12,18.1,4.8
136,4,13,18.5,5.0
136,4,14,19.2,5.0
136,4,15,19.7,5.2
136,4,16,20.4,5.7
136,4,17,20.6,5.9
136,4,18,20.6,6.2
136,4,19,20.6,6.6
136,4,20,20.7,7.0
136,4,21,20.5,7.2
136,4,22,20.7,7.3
136,4,23,21.0,7.2
136,4,24,21.0,7.1
136,4,25,21.1,7.0
136,4,26,21.5,6.8
136,4,27,21.5,7.2
136,4,28,21.8,7.8
136,4,29,22.2,8.4
136,4,30,22.6,9.0
136,5,1,22.8,9.6
136,5,2,23.4,9.7
136,5,3,23.8,9.7
136,5,4,23.8,9.7
136,5,5,23.8,9.7
136,5,6,24.0,9.8
136,5,7,23.9,9.8
136,5,8,23.4,10.0
136,5,9,23.4,9.9
136,5,10,23.2,10.0
136,5,11,23.2,10.1
136,5,12,23.4,10.2
136,5,13,23.6,10.6
136,5,14,23.8,10.9
136,5,15,24.2,11.0
136,5,16,24.4,11.2
136,5,17,24.4,11.4
136,5,18,24.8,11.4
136,5,19,25.1,11.3
136,5,20,25.5,11.4
136,5,21,25.7,11.7
136,5,22,25.9,11.9
136,5,23,26.0,12.2
136,5,24,26.0,12.6
136,5,25,25.8,12.8
136,5,26,25.7,12.7
136,5,27,25.8,12.8
136,5,28,25.9,12.8
136,5,29,26.3,12.8
136,5,30,26.7,12.9
136,5,31,27.0,13.2
136,6,1,27.0,13.5
136,6,2,27.2,13.8
136,6,3,27.3,14.2
136,6,4,27.4,14.6
136,6,5,27.5,14.8
136,6,6,27.6,15.0
136,6,7,27.6,15.3
136,6,8,27.6,15.5
136,6,9,27.5,15.6
136,6,10,27.4,15.7
136,6,11,27.6,15.8
136,6,12,27.6,15.9
136,6,13,27.8,16.0
136,6,14,28.1,16.1
136,6,15,28.3,16.3
136,6,16,28.4,16.5
136,6,17,28.5,16.7
136,6,18,28.5,16.9
136,6,19,28.4,17.3
136,6,20,28.4,17.5
136,6,21,28.3,17.6
136,6,22,28.1,17.6
136,6,23,27.9,17.7
136,6,24,27.7,17.8
136,6,25,27.6,18.0
136,6,26,27.7,18.2
136,6,27,28.1,18.5
136,6,28,28.3,18.9
136,6,29,28.4,19.1
136,6,30,28.4,19.4
136,7,1,28.4,19.6
136,7,2,28.3,19.8
136,7,3,28.5,19.8
136,7,4,28.7,19.8
136,7,5,28.6,19.7
136,7,6,28.6,19.6
136,7,7,28.5,19.6
136,7,8,28.5,19.7
136,7,9,28.4,20.0
136,7,10,28.3,20.2
136,7,11,28.5,20.5
136,7,12,28.7,20.8
136,7,13,28.7,20.9
136,7,14,28.7,20.9
136,7,15,28.8,20.8
136,7,16,29.0,20.7
136,7,17,29.1,20.7
136,7,18,29.3,20.8
136,7,19,29.7,21.0
136,7,20,30.3,21.4
136,7,21,30.5,21.7
136,7,22,30.6,21.9
136,7,23,30.7,22.1
136,7,24,30.7,22.1
136,7,25,30.7,22.0
136,7,26,30.7,22.0
136,7,27,30.7,22.0
136,7,28,31.0,22.1
136,7,29,31.3,22.3
136,7,30,31.5,22.5
136,7,31,31.7,22.6
136,8,1,31.8,22.7
136,8,2,31.7,22.6
136,8,3,31.8,22.6
136,8,4,31.7,22.5
136,8,5,31.5,22.3
136,8,6,31.6,22.2
136,8,7,31.4,22.2
136,8,8,31.0,22.1
136,8,9,30.7,22.1
136,8,10,30.6,22.1
136,8,11,30.5,22.0
136,8,12,30.5,21.9
136,8,13,30.6,21.8
136,8,14,30.5,21.7
136,8,15,30.5,21.5
136,8,16,30.2,21.4
136,8,17,30.1,21.2
136,8,18,29.9,21.0
136,8,19,30.0,21.0
136,8,20,29.8,20.9
136,8,21,29.8,20.8
136,8,22,29.6,20.7
136,8,23,29.4,20.6
136,8,24,28.9,20.3
136,8,25,28.6,20.0
136,8,26,28.5,19.7
136,8,27,28.4,19.6
136,8,28,28.2,19.4
136,8,29,28.2,19.1
136,8,30,28.4,19.0
136,8,31,28.2,18.8
136,9,1,28.0,18.6
136,9,2,28.2,18.3
136,9,3,28.1,18.2
136,9,4,27.5,18.0
136,9,5,27.4,17.8
136,9,6,27.3,17.5
136,9,7,27.0,17.4
136,9,8,26.9,17.2
136,9,9,26.9,17.1
136,9,10,26.6,16.9
136,9,11,26.3,16.8
136,9,12,26.1,16.6
136,9,13,26.0,16.4
136,9,14,25.9,16.1
136,9,15,25.9,15.9
136,9,16,25.9,15.7
136,9,17,25.9,15.4
136,9,18,25.6,15.0
136,9,19,25.4,14.7
136,9,20,25.1,14.2
136,9,21,24.7,13.7
136,9,22,24.4,13.5
136,9,23,24.3,13.4
136,9,24,24.3,13.3
136,9,25,24.3,13.2
136,9,26,24.3,13.1
136,9,27,24.0,12.9
136,9,28,23.6,12.7
136,9,29,23.3,12.7
136,9,30,23.1,12.6
136,10,1,23.0,12.4
136,10,2,23.0,12.0
136,10,3,22.9,11.6
136,10,4,22.7,11.1
136,10,5,22.5,10.6
136,10,6,22.3,10.3
136,10,7,22.3,10.0
136,10,8,22.4,10.0
136,10,9,22.3,9.9
136,10,10,22.1,9.8
136,10,11,22.0,9.5
136,10,12,21.7,9.3
136,10,13,21.4,8.8
136,10,14,20.9,8.3
136,10,15,20.8,7.9
136,10,16,20.5,7.6
136,10,17,20.3,7.3
136,10,18,20.2,7.2
136,10,19,20.3,7.2
136,10,20,20.0,7.2
136,10,21,19.7,7.1
136,10,22,19.4,6.9
136,10,23,19.1,6.7
136,10,24,18.7,6.2
136,10,25,18.5,5.8
136,10,26,18.3,5.5
136,10,27,18.0,5.2
136,10,28,17.7,4.7
136,10,29,17.3,4.4
136,10,30,16.9,4.2
136,10,31,16.6,3.8
136,11,1,16.5,3.4
136,11,2,16.5,3.1
136,11,3,16.8,3.0
136,11,4,16.9,3.0
136,11,5,17.0,3.1
136,11,6,16.7,3.5
136,11,7,16.3,3.7
136,11,8,15.7,3.8
136,11,9,15.2,3.6
136,11,10,14.8,3.3
136,11,11,14.6,2.8
136,11,12,14.3,2.6
136,11,13,13.9,2.1
136,11,14,13.5,1.5
136,11,15,13.1,1.0
136,11,16,12.4,0.6
136,11,17,11.9,0.0
136,11,18,11.6,-0.3
136,11,19,11.2,-0.8
136,11,20,10.9,-1.1
136,11,21,11.0,-1.2
136,11,22,10.8,-1.2
136,11,23,10.7,-1.2
136,11,24,10.5,-1.0
136,11,25,10.1,-1.0
136,11,26,9.8,-1.2
136,11,27,9.7,-1.3
136,11,28,9.6,-1.4
136,11,29,9.5,-1.7
136,11,30,9.5,-2.0
136,12,1,9.1,-2.3
136,12,2,8.6,-2.7
136,12,3,8.0,-3.1
136,12,4,7.3,-3.6
136,12,5,6.8,-3.8
136,12,6,6.6,-4.1
136,12,7,6.5,-4.4
136,12,8,6.5,-4.5
136,12,9,6.5,-4.5
136,12,10,6.4,-4.7
136,12,11,6.3,-4.9
136,12,12,6.0,-5.1
136,12,13,5.7,-5.3
136,12,14,5.5,-5.6
136,12,15,5.2,-5.7
136,12,16,5.1,-5.8
136,12,17,5.1,-6.0
136,12,18,5.1,-6.1
136,12,19,5.4,-6.0
136,12,20,5.7,-5.9
136,12,21,6.0,-5.6
136,12,22,6.0,-5.3
136,12,23,6.0,-5.3
136,12,24,5.7,-5.4
136,12,25,5.2,-5.8
136,12,26,4.8,-6.2
136,12,27,4.5,-6.7
136,12,28,4.2,-7.2
136,12,29,4.1,-7.4
136,12,30,4.0,-7.4
136,12,31,4.2,-7.4
137,1,1,3.7,-5.4
137,1,2,3.9,-5.3
137,1,3,4.1,-5.2
137,1,4,4.2,-5.2
137,1,5,4.0,-5.4
137,1,6,3.9,-5.4
137,1,7,3.6,-5.5
137,1,8,3.7,-5.5
137,1,9,3.6,-5.4
137,1,10,3.6,-5.4
137,1,11,3.3,-5.5
137,1,12,3.4,-5.5
137,1,13,3.6,-5.6
137,1,14,3.8,-5.7
137,1,15,4.0,-5.4
137,1,16,4.5,-5.2
137,1,17,4.7,-4.8
137,1,18,4.7,-4.3
137,1,19,4.7,-4.1
137,1,20,4.4,-4.2
137,1,21,4.0,-4.6
137,1,22,3.5,-5.2
137,1,23,3.0,-5.8
137,1,24,2.8,-6.0
137,1,25,3.1,-6.1
137,1,26,3.5,-5.9
137,1,27,3.8,-5.5
137,1,28,4.4,-5.0
137,1,29,4.8,-4.9
137,1,30,4.9,-4.8
137,1,31,5.0,-4.9
137,2,1,5.1,-5.0
137,2,2,5.0,-5.2
137,2,3,5.0,-5.2
137,2,4,5.1,-5.2
137,2,5,5.2,-5.2
137,2,6,5.1,-5.1
137,2,7,5.0,-4.9
137,2,8,5.0,-4.7
137,2,9,5.1,-4.6
137,2,10,4.9,-4.4
137,2,11,5.5,-4.1
137,2,12,6.3,-3.8
137,2,13,6.7,-3.7
137,2,14,6.9,-3.5
137,2,15,7.1,-3.3
137,2,16,6.9,-3.4
137,2,17,6.9,-3.5
137,2,18,7.3,-3.6
137,2,19,7.6,-3.6
137,2,20,8.2,-3.5
137,2,21,8.8,-3.1
137,2,22,9.4,-2.8
137,2,23,9.5,-2.3
137,2,24,9.8,-1.8
137,2,25,10.0,-1.4
137,2,26,10.1,-1.2
137,2,27,9.9,-0.8
137,2,28,9.7,-0.9
137,2,29,9.7,-0.9
137,3,1,9.7,-0.9
137,3,2,9.7,-0.9
137,3,3,9.7,-0.9
137,3,4,9.6,-1.0
137,3,5,9.6,-0.9
137,3,6,9.9,-0.8
137,3,7,10.5,-0.9
137,3,8,10.9,-0.8
137,3,9,11.3,-0.7
137,3,10,12.0,-0.9
137,3,11,12.1,-0.7
137,3,12,12.1,-0.6
137,3,13,12.4,-0.4
137,3,14,13.0,0.1
137,3,15,13.5,0.7
137,3,16,14.0,1.2
137,3,17,14.7,1.7
137,3,18,14.8,2.0
137,3,19,15.0,1.8
137,3,20,14.8,2.2
137,3,21,14.7,2.2
137,3,22,14.3,2.1
137,3,23,14.1,2.1
137,3,24,14.2,2.4
137,3,25,14.7,2.4
137,3,26,15.3,2.5
137,3,27,15.9,2.9
137,3,28,16.6,3.3
137,3,29,16.7,3.7
137,3,30,16.8,4.0
137,3,31,16.8,4.2
137,4,1,17.0,4.4
137,4,2,17.0,4.2
137,4,3,17.4,4.1
137,4,4,17.5,4.2
137,4,5,17.6,4.6
137,4,6,18.1,4.6
137,4,7,18.3,5.1
137,4,8,18.5,5.5
137,4,9,18.6,5.9
137,4,10,18.8,5.9
137,4,11,18.5,6.0
137,4,12,18.8,6.0
137,4,13,19.1,6.2
137,4,14,19.8,6.2
137,4,15,20.2,6.3
137,4,16,20.9,6.5
137,4,17,20.9,6.9
137,4,18,20.6,7.0
137,4,19,20.5,7.3
137,4,20,20.5,7.8
137,4,21,20.1,7.9
137,4,22,20.2,7.9
137,4,23,20.6,7.9
137,4,24,20.3,7.8
137,4,25,20.2,7.6
137,4,26,20.8,7.4
137,4,27,20.9,7.7
137,4,28,21.5,8.4
137,4,29,22.5,9.0
137,4,30,23.5,9.6
137,5,1,23.8,10.4
137,5,2,24.8,10.8
137,5,3,25.1,11.1
137,5,4,24.7,11.0
137,5,5,24.5,10.9
137,5,6,24.6,10.9
137,5,7,24.2,10.8
137,5,8,23.7,10.8
137,5,9,23.9,10.7
137,5,10,23.5,10.9
137,5,11,23.6,11.1
137,5,12,24.0,11.2
137,5,13,24.3,11.5
137,5,14,24.2,11.9
137,5,15,24.8,12.1
137,5,16,24.8,12.3
137,5,17,24.6,12.5
137,5,18,24.9,12.4
137,5,19,25.3,12.4
137,5,20,25.6,12.5
137,5,21,25.9,12.8
137,5,22,26.2,13.1
137,5,23,26.3,13.6
137,5,24,26.6,14.0
137,5,25,26.6,14.2
137,5,26,26.7,14.2
137,5,27,27.0,14.4
137,5,28,27.0,14.4
137,5,29,27.1,14.5
137,5,30,27.3,14.6
137,5,31,27.6,14.7
137,6,1,27.7,14.6
137,6,2,28.0,14.9
137,6,3,28.2,15.2
137,6,4,28.4,15.5
137,6,5,28.3,15.9
137,6,6,28.2,16.3
137,6,7,28.3,16.4
137,6,8,28.2,16.5
137,6,9,28.1,16.5
137,6,10,28.1,16.5
137,6,11,28.3,16.5
137,6,12,28.0,16.6
137,6,13,28.0,16.7
137,6,14,28.2,16.8
137,6,15,28.4,16.9
137,6,16,28.4,17.2
137,6,17,28.7,17.5
137,6,18,29.0,17.7
137,6,19,29.0,18.3
137,6,20,29.2,18.7
137,6,21,29.3,18.9
137,6,22,29.1,18.9
137,6,23,28.7,18.8
137,6,24,28.4,18.6
137,6,25,28.2,18.6
137,6,26,28.2,18.8
137,6,27,28.5,19.0
137,6,28,28.8,19.5
137,6,29,28.8,19.8
137,6,30,28.6,19.9
137,7,1,28.3,20.1
137,7,2,28.1,20.2
137,7,3,28.1,20.2
137,7,4,28.3,20.2
137,7,5,28.2,20.1
137,7,6,28.3,20.1
137,7,7,28.2,20.1
137,7,8,28.1,20.2
137,7,9,28.2,20.4
137,7,10,28.4,20.7
137,7,11,28.6,20.9
137,7,12,28.9,21.1
137,7,13,29.1,21.1
137,7,14,29.1,21.1
137,7,15,29.0,21.0
137,7,16,29.2,21.0
137,7,17,29.2,21.1
137,7,18,29.4,21.3
137,7,19,29.9,21.6
137,7,20,30.3,21.9
137,7,21,30.4,22.2
137,7,22,30.6,22.3
137,7,23,30.6,22.4
137,7,24,30.5,22.5
137,7,25,30.7,22.5
137,7,26,30.7,22.4
137,7,27,30.9,22.4
137,7,28,31.3,22.4
137,7,29,31.6,22.6
137,7,30,31.9,22.7
137,7,31,32.3,22.8
137,8,1,32.4,23.0
137,8,2,32.6,23.0
137,8,3,32.7,23.1
137,8,4,32.6,23.0
137,8,5,32.4,22.8
137,8,6,32.5,22.6
137,8,7,32.1,22.5
137,8,8,31.7,22.4
137,8,9,31.3,22.3
137,8,10,31.1,22.4
137,8,11,30.9,22.5
137,8,12,30.8,22.5
137,8,13,30.9,22.3
137,8,14,30.8,22.2
137,8,15,30.7,22.0
137,8,16,30.5,21.8
137,8,17,30.3,21.6
137,8,18,29.9,21.5
137,8,19,30.1,21.4
137,8,20,29.8,21.3
137,8,21,29.6,21.3
137,8,22,29.5,21.2
137,8,23,29.5,21.0
137,8,24,29.1,20.8
137,8,25,29.0,20.5
137,8,26,28.9,20.3
137,8,27,28.9,20.1
137,8,28,28.5,19.9
137,8,29,28.1,19.5
137,8,30,28.1,19.2
137,8,31,27.7,18.9
137,9,1,27.4,18.6
137,9,2,27.6,18.3
137,9,3,27.6,18.2
137,9,4,27.1,18.1
137,9,5,27.1,17.9
137,9,6,27.2,17.8
137,9,7,26.9,17.6
137,9,8,26.9,17.3
137,9,9,26.8,17.1
137,9,10,26.7,17.1
137,9,11,26.6,17.1
137,9,12,26.4,16.9
137,9,13,26.2,16.9
137,9,14,26.3,16.8
137,9,15,26.3,16.6
137,9,16,26.2,16.3
137,9,17,26.3,16.1
137,9,18,26.0,15.6
137,9,19,25.8,15.1
137,9,20,25.4,14.5
137,9,21,25.1,14.0
137,9,22,24.8,13.7
137,9,23,24.9,13.5
137,9,24,24.8,13.4
137,9,25,24.8,13.2
137,9,26,24.7,13.2
137,9,27,24.4,13.1
137,9,28,24.0,13.1
137,9,29,23.6,13.1
137,9,30,23.3,13.1
137,10,1,23.3,12.8
137,10,2,23.4,12.4
137,10,3,23.3,11.9
137,10,4,23.3,11.5
137,10,5,23.2,11.1
137,10,6,22.9,10.8
137,10,7,22.7,10.5
137,10,8,22.8,10.3
137,10,9,22.6,10.0
137,10,10,22.4,9.8
137,10,11,22.1,9.3
137,10,12,21.9,9.1
137,10,13,21.5,8.7
137,10,14,21.2,8.3
137,10,15,21.2,7.8
137,10,16,21.1,7.5
137,10,17,20.9,7.3
137,10,18,20.8,7.4
137,10,19,20.7,7.4
137,10,20,20.3,7.6
137,10,21,19.7,7.6
137,10,22,19.6,7.5
137,10,23,19.2,7.1
137,10,24,18.8,6.8
137,10,25,18.5,6.3
137,10,26,18.4,6.0
137,10,27,18.0,5.6
137,10,28,17.6,5.3
137,10,29,17.5,4.8
137,10,30,17.3,4.7
137,10,31,17.1,4.7
137,11,1,17.0,4.5
137,11,2,17.0,4.3
137,11,3,17.2,4.3
137,11,4,17.3,4.3
137,11,5,17.4,4.4
137,11,6,17.1,4.8
137,11,7,16.6,5.2
137,11,8,16.0,5.2
137,11,9,15.5,5.0
137,11,10,14.9,4.5
137,11,11,14.5,3.6
137,11,12,14.2,3.1
137,11,13,13.8,2.7
137,11,14,13.4,2.0
137,11,15,12.9,1.7
137,11,16,12.3,1.5
137,11,17,11.7,1.0
137,11,18,11.3,0.7
137,11,19,11.0,0.3
137,11,20,10.8,0.0
137,11,21,10.9,-0.1
137,11,22,10.8,-0.1
137,11,23,10.7,-0.1
137,11,24,10.4,0.1
137,11,25,10.0,0.1
137,11,26,9.7,0.1
137,11,27,9.6,0.2
137,11,28,9.6,0.1
137,11,29,9.6,-0.2
137,11,30,9.6,-0.5
137,12,1,9.2,-0.8
137,12,2,8.8,-1.1
137,12,3,8.1,-1.6
137,12,4,7.3,-2.0
137,12,5,6.8,-2.4
137,12,6,6.3,-2.8
137,12,7,5.9,-3.5
137,12,8,5.7,-3.6
137,12,9,5.8,-3.5
137,12,10,5.9,-3.5
137,12,11,6.0,-3.6
137,12,12,5.8,-3.6
137,12,13,5.6,-3.8
137,12,14,5.2,-4.2
137,12,15,4.7,-4.4
137,12,16,4.6,-4.5
137,12,17,4.6,-4.7
137,12,18,4.6,-4.8
137,12,19,4.8,-4.5
137,12,20,5.3,-4.3
137,12,21,5.6,-4.0
137,12,22,5.7,-3.7
137,12,23,5.7,-3.8
137,12,24,5.3,-3.9
137,12,25,4.5,-4.5
137,12,26,3.9,-5.2
137,12,27,3.7,-5.4
137,12,28,3.5,-5.5
137,12,29,3.2,-5.9
137,12,30,3.3,-5.8
137,12,31,3.5,-5.5
138,1,1,7.4,-1.3
138,1,2,7.2,-1.2
138,1,3,7.3,-1.2
138,1,4,7.3,-1.1
138,1,5,7.0,-1.2
138,1,6,6.9,-1.2
138,1,7,6.8,-1.3
138,1,8,6.7,-1.4
138,1,9,6.6,-1.4
138,1,10,6.6,-1.4
138,1,11,6.5,-1.5
138,1,12,6.4,-1.4
138,1,13,6.5,-1.4
138,1,14,6.6,-1.5
138,1,15,6.8,-1.4
138,1,16,6.9,-1.4
138,1,17,6.9,-1.4
138,1,18,6.9,-1.2
138,1,19,6.7,-1.2
138,1,20,6.5,-1.3
138,1,21,6.3,-1.5
138,1,22,6.1,-1.8
138,1,23,6.0,-2.1
138,1,24,6.0,-2.1
138,1,25,6.2,-2.2
138,1,26,6.5,-2.0
138,1,27,6.8,-1.8
138,1,28,6.9,-1.5
138,1,29,7.1,-1.5
138,1,30,7.1,-1.4
138,1,31,7.2,-1.6
138,2,1,7.2,-1.7
138,2,2,7.3,-1.7
138,2,3,7.5,-1.6
138,2,4,7.7,-1.4
138,2,5,8.0,-1.1
138,2,6,8.0,-0.9
138,2,7,8.0,-1.0
138,2,8,7.9,-0.9
138,2,9,7.9,-0.9
138,2,10,7.8,-0.8
138,2,11,8.3,-0.5
138,2,12,8.9,0.0
138,2,13,9.2,0.3
138,2,14,9.2,0.5
138,2,15,9.2,0.5
138,2,16,8.9,0.4
138,2,17,8.8,0.3
138,2,18,8.9,0.3
138,2,19,9.0,0.3
138,2,20,9.4,0.5
138,2,21,9.7,0.8
138,2,22,9.8,1.0
138,2,23,10.0,1.3
138,2,24,10.2,1.6
138,2,25,10.4,1.9
138,2,26,10.7,2.2
138,2,27,10.8,2.4
138,2,28,10.8,2.4
138,2,29,10.9,2.4
138,3,1,10.9,2.4
138,3,2,10.9,2.5
138,3,3,11.0,2.5
138,3,4,11.3,2.6
138,3,5,11.3,2.7
138,3,6,11.3,2.7
138,3,7,11.6,2.7
138,3,8,11.7,2.8
138,3,9,11.7,2.7
138,3,10,12.2,2.8
138,3,11,12.6,3.0
138,3,12,12.7,3.1
138,3,13,13.0,3.2
138,3,14,13.3,3.6
138,3,15,13.6,4.0
138,3,16,13.8,4.4
138,3,17,14.2,4.7
138,3,18,14.3,5.0
138,3,19,14.5,5.0
138,3,20,14.2,5.1
138,3,21,14.0,5.1
138,3,22,13.7,5.1
138,3,23,13.8,5.1
138,3,24,13.9,5.3
138,3,25,14.5,5.4
138,3,26,15.0,5.7
138,3,27,15.3,6.0
138,3,28,15.6,6.2
138,3,29,15.9,6.5
138,3,30,15.9,6.7
138,3,31,16.2,6.8
138,4,1,16.6,6.8
138,4,2,16.8,6.8
138,4,3,16.9,7.1
138,4,4,17.1,7.4
138,4,5,17.1,7.6
138,4,6,17.3,7.9
138,4,7,17.5,8.3
138,4,8,17.5,8.4
138,4,9,17.4,8.4
138,4,10,17.5,8.4
138,4,11,17.5,8.5
138,4,12,17.8,8.7
138,4,13,18.3,8.9
138,4,14,19.2,9.3
138,4,15,19.6,9.6
138,4,16,20.2,10.0
138,4,17,20.3,10.2
138,4,18,20.0,10.3
138,4,19,19.8,10.5
138,4,20,19.9,10.7
138,4,21,19.6,10.8
138,4,22,19.8,10.9
138,4,23,20.4,11.0
138,4,24,20.4,10.9
138,4,25,20.6,10.9
138,4,26,21.0,10.9
138,4,27,21.3,11.3
138,4,28,21.6,11.7
138,4,29,21.9,12.1
138,4,30,22.1,12.5
138,5,1,22.1,12.9
138,5,2,22.3,13.1
138,5,3,22.4,13.1
138,5,4,22.6,13.1
138,5,5,22.7,13.2
138,5,6,22.9,13.2
138,5,7,22.9,13.2
138,5,8,22.5,13.2
138,5,9,22.3,13.2
138,5,10,22.1,13.2
138,5,11,22.1,13.2
138,5,12,22.2,13.4
138,5,13,22.5,13.7
138,5,14,22.9,14.1
138,5,15,23.2,14.2
138,5,16,23.4,14.4
138,5,17,23.7,14.6
138,5,18,24.0,14.8
138,5,19,24.2,14.8
138,5,20,24.5,15.0
138,5,21,24.6,15.3
138,5,22,24.6,15.4
138,5,23,24.8,15.5
138,5,24,24.8,15.8
138,5,25,24.6,15.8
138,5,26,24.4,15.8
138,5,27,24.5,15.8
138,5,28,24.3,15.9
138,5,29,24.4,15.9
138,5,30,24.8,16.1
138,5,31,25.0,16.3
138,6,1,25.0,16.5
138,6,2,25.3,16.7
138,6,3,25.1,16.9
138,6,4,24.9,17.0
138,6,5,24.9,17.1
138,6,6,24.9,17.1
138,6,7,24.6,17.3
138,6,8,24.9,17.4
138,6,9,24.9,17.6
138,6,10,25.1,17.8
138,6,11,25.2,17.8
138,6,12,25.5,17.9
138,6,13,25.5,18.1
138,6,14,25.6,18.1
138,6,15,25.5,18.2
138,6,16,25.5,18.5
138,6,17,25.6,18.6
138,6,18,26.0,18.8
138,6,19,26.2,19.1
138,6,20,26.3,19.3
138,6,21,26.2,19.4
138,6,22,26.2,19.5
138,6,23,26.0,19.5
138,6,24,26.0,19.7
138,6,25,26.3,19.9
138,6,26,26.6,20.0
138,6,27,27.0,20.2
138,6,28,27.4,20.5
138,6,29,27.6,20.7
138,6,30,27.8,20.9
138,7,1,27.9,21.1
138,7,2,27.7,21.3
138,7,3,27.6,21.3
138,7,4,27.6,21.3
138,7,5,27.3,21.1
138,7,6,27.2,21.1
138,7,7,27.3,21.1
138,7,8,27.3,21.2
138,7,9,27.4,21.4
138,7,10,27.7,21.6
138,7,11,28.0,21.8
138,7,12,28.3,22.0
138,7,13,28.5,22.1
138,7,14,28.6,22.1
138,7,15,28.5,22.2
138,7,16,28.5,22.2
138,7,17,28.6,22.2
138,7,18,28.9,22.4
138,7,19,29.3,22.7
138,7,20,29.7,23.0
138,7,21,30.2,23.3
138,7,22,30.4,23.6
138,7,23,30.4,23.8
138,7,24,30.3,23.8
138,7,25,30.3,23.8
138,7,26,30.3,23.9
138,7,27,30.5,24.0
138,7,28,30.8,24.1
138,7,29,31.1,24.2
138,7,30,31.3,24.4
138,7,31,31.2,24.3
138,8,1,31.0,24.3
138,8,2,31.0,24.3
138,8,3,30.9,24.2
138,8,4,30.8,24.1
138,8,5,30.7,24.1
138,8,6,30.6,24.1
138,8,7,30.3,24.0
138,8,8,30.1,23.9
138,8,9,30.0,23.9
138,8,10,30.1,24.0
138,8,11,30.1,24.0
138,8,12,30.2,24.0
138,8,13,30.2,24.0
138,8,14,30.0,23.9
138,8,15,29.8,23.7
138,8,16,29.5,23.6
138,8,17,29.2,23.4
138,8,18,29.0,23.2
138,8,19,29.0,23.1
138,8,20,28.9,23.0
138,8,21,29.0,23.0
138,8,22,29.1,23.0
138,8,23,29.0,22.8
138,8,24,28.7,22.5
138,8,25,28.6,22.4
138,8,26,28.5,22.2
138,8,27,28.3,22.0
138,8,28,28.1,21.9
138,8,29,28.0,21.9
138,8,30,27.9,21.8
138,8,31,27.6,21.7
138,9,1,27.4,21.4
138,9,2,27.5,21.2
138,9,3,27.5,21.1
138,9,4,27.1,20.9
138,9,5,26.8,20.6
138,9,6,26.7,20.4
138,9,7,26.4,20.3
138,9,8,26.2,20.1
138,9,9,26.3,19.9
138,9,10,26.2,19.9
138,9,11,26.0,19.8
138,9,12,25.8,19.6
138,9,13,25.6,19.5
138,9,14,25.6,19.3
138,9,15,25.6,19.2
138,9,16,25.6,19.1
138,9,17,25.6,18.9
138,9,18,25.6,18.6
138,9,19,25.4,18.4
138,9,20,24.9,18.0
138,9,21,24.6,17.7
138,9,22,24.4,17.5
138,9,23,24.2,17.4
138,9,24,24.2,17.3
138,9,25,24.3,17.1
138,9,26,24.3,17.0
138,9,27,24.0,16.9
138,9,28,23.8,16.7
138,9,29,23.6,16.6
138,9,30,23.6,16.5
138,10,1,23.7,16.3
138,10,2,23.7,16.1
138,10,3,23.6,15.9
138,10,4,23.4,15.5
138,10,5,23.0,15.3
138,10,6,22.6,15.1
138,10,7,22.6,14.9
138,10,8,22.7,14.8
138,10,9,22.8,14.7
138,10,10,22.7,14.7
138,10,11,22.7,14.5
138,10,12,22.6,14.3
138,10,13,22.2,13.9
138,10,14,21.9,13.5
138,10,15,21.7,13.0
138,10,16,21.4,12.8
138,10,17,21.1,12.5
138,10,18,21.0,12.5
138,10,19,20.9,12.5
138,10,20,20.6,12.5
138,10,21,20.4,12.4
138,10,22,20.2,12.3
138,10,23,20.2,12.0
138,10,24,19.9,11.6
138,10,25,19.7,11.1
138,10,26,19.7,10.8
138,10,27,19.5,10.5
138,10,28,19.1,10.2
138,10,29,18.9,9.9
138,10,30,18.6,9.7
138,10,31,18.3,9.3
138,11,1,18.1,9.0
138,11,2,18.1,8.8
138,11,3,18.3,8.8
138,11,4,18.6,8.9
138,11,5,18.7,9.2
138,11,6,18.5,9.4
138,11,7,18.2,9.4
138,11,8,17.7,9.3
138,11,9,17.2,8.9
138,11,10,16.7,8.5
138,11,11,16.5,8.2
138,11,12,16.3,8.0
138,11,13,16.0,7.6
138,11,14,15.7,7.1
138,11,15,15.4,6.7
138,11,16,14.9,6.2
138,11,17,14.5,5.6
138,11,18,14.2,5.3
138,11,19,13.9,4.9
138,11,20,13.6,4.6
138,11,21,13.6,4.6
138,11,22,13.5,4.6
138,11,23,13.5,4.5
138,11,24,13.4,4.6
138,11,25,13.2,4.5
138,11,26,12.9,4.3
138,11,27,12.8,4.2
138,11,28,12.5,4.1
138,11,29,12.3,3.9
138,11,30,12.2,3.7
138,12,1,11.9,3.4
138,12,2,11.5,3.0
138,12,3,11.0,2.4
138,12,4,10.4,2.0
138,12,5,10.0,1.7
138,12,6,9.7,1.4
138,12,7,9.5,1.2
138,12,8,9.6,1.2
138,12,9,9.6,1.3
138,12,10,9.4,1.0
138,12,11,9.3,0.9
138,12,12,9.0,0.7
138,12,13,8.6,0.4
138,12,14,8.4,0.1
138,12,15,8.4,0.0
138,12,16,8.2,-0.2
138,12,17,8.2,-0.3
138,12,18,8.4,-0.2
138,12,19,8.5,0.0
138,12,20,8.7,0.2
138,12,21,8.9,0.5
138,12,22,8.9,0.6
138,12,23,8.7,0.5
138,12,24,8.5,0.2
138,12,25,8.2,-0.2
138,12,26,7.8,-0.6
138,12,27,7.7,-0.9
138,12,28,7.5,-1.1
138,12,29,7.4,-1.3
138,12,30,7.3,-1.3
138,12,31,7.4,-1.3
152,1,1,8.2,-1.8
152,1,2,8.2,-1.7
152,1,3,8.2,-1.7
152,1,4,8.2,-1.6
152,1,5,7.9,-1.6
152,1,6,7.8,-1.7
152,1,7,7.6,-1.7
152,1,8,7.5,-1.7
152,1,9,7.3,-1.8
152,1,10,7.2,-1.8
152,1,11,7.1,-1.8
152,1,12,7.0,-1.7
152,1,13,7.2,-1.7
152,1,14,7.2,-1.8
152,1,15,7.3,-1.7
152,1,16,7.6,-1.7
152,1,17,7.7,-1.7
152,1,18,7.6,-1.5
152,1,19,7.5,-1.5
152,1,20,7.3,-1.6
152,1,21,7.0,-1.8
152,1,22,6.6,-2.0
152,1,23,6.6,-2.3
152,1,24,6.6,-2.4
152,1,25,6.8,-2.5
152,1,26,7.1,-2.4
152,1,27,7.4,-2.2
152,1,28,7.5,-2.0
152,1,29,7.6,-1.9
152,1,30,7.6,-1.8
152,1,31,7.7,-2.0
152,2,1,7.8,-2.0
152,2,2,7.9,-2.1
152,2,3,8.1,-2.0
152,2,4,8.4,-1.8
152,2,5,8.7,-1.5
152,2,6,8.6,-1.4
152,2,7,8.6,-1.4
152,2,8,8.6,-1.3
152,2,9,8.5,-1.4
152,2,10,8.4,-1.2
152,2,11,8.9,-0.9
152,2,12,9.5,-0.5
152,2,13,9.9,-0.2
152,2,14,10.0,0.0
152,2,15,9.9,0.1
152,2,16,9.6,0.0
152,2,17,9.4,-0.1
152,2,18,9.4,-0.2
152,2,19,9.5,-0.2
152,2,20,9.9,-0.1
152,2,21,10.3,0.1
152,2,22,10.4,0.3
152,2,23,10.5,0.6
152,2,24,10.8,1.0
152,2,25,10.9,1.2
152,2,26,11.1,1.5
152,2,27,11.3,1.8
152,2,28,11.3,1.7
152,2,29,11.4,1.7
152,3,1,11.4,1.7
152,3,2,11.4,1.8
152,3,3,11.6,1.8
152,3,4,11.8,1.9
152,3,5,11.7,2.0
152,3,6,11.8,2.1
152,3,7,12.1,2.1
152,3,8,12.0,2.3
152,3,9,12.1,2.3
152,3,10,12.6,2.3
152,3,11,13.1,2.5
152,3,12,13.3,2.6
152,3,13,13.4,2.6
152,3,14,13.7,2.9
152,3,15,13.9,3.2
152,3,16,14.0,3.5
152,3,17,14.4,3.9
152,3,18,14.6,4.2
152,3,19,14.7,4.3
152,3,20,14.6,4.5
152,3,21,14.4,4.5
152,3,22,14.1,4.4
152,3,23,14.2,4.5
152,3,24,14.3,4.6
152,3,25,14.8,4.7
152,3,26,15.3,4.9
152,3,27,15.6,5.2
152,3,28,15.9,5.4
152,3,29,16.2,5.6
152,3,30,16.3,5.8
152,3,31,16.5,5.9
152,4,1,16.9,5.9
152,4,2,17.0,5.8
152,4,3,17.3,6.0
152,4,4,17.4,6.3
152,4,5,17.4,6.6
152,4,6,17.6,6.8
152,4,7,17.9,7.2
152,4,8,17.8,7.4
152,4,9,17.8,7.5
152,4,10,17.9,7.6
152,4,11,18.0,7.7
152,4,12,18.4,7.8
152,4,13,18.7,8.0
152,4,14,19.3,8.1
152,4,15,19.7,8.4
152,4,16,20.1,8.8
152,4,17,20.2,9.0
152,4,18,20.0,9.2
152,4,19,19.9,9.6
152,4,20,19.9,9.8
152,4,21,19.8,9.9
152,4,22,20.0,10.1
152,4,23,20.5,10.1
152,4,24,20.5,9.9
152,4,25,20.7,9.7
152,4,26,21.0,9.6
152,4,27,21.2,9.8
152,4,28,21.4,10.3
152,4,29,21.7,10.9
152,4,30,21.9,11.4
152,5,1,22.0,12.0
152,5,2,22.3,12.2
152,5,3,22.6,12.2
152,5,4,22.7,12.2
152,5,5,22.8,12.3
152,5,6,23.1,12.3
152,5,7,23.0,12.3
152,5,8,22.7,12.3
152,5,9,22.6,12.3
152,5,10,22.5,12.3
152,5,11,22.6,12.3
152,5,12,22.6,12.5
152,5,13,22.7,12.7
152,5,14,23.0,13.1
152,5,15,23.3,13.2
152,5,16,23.4,13.3
152,5,17,23.6,13.4
152,5,18,23.9,13.6
152,5,19,24.4,13.6
152,5,20,24.7,13.7
152,5,21,24.8,14.0
152,5,22,25.0,14.1
152,5,23,25.2,14.3
152,5,24,25.1,14.6
152,5,25,24.9,14.8
152,5,26,24.8,14.8
152,5,27,24.8,14.9
152,5,28,24.8,15.0
152,5,29,24.9,14.9
152,5,30,25.2,15.0
152,5,31,25.4,15.2
152,6,1,25.4,15.4
152,6,2,25.7,15.5
152,6,3,25.6,15.8
152,6,4,25.6,16.0
152,6,5,25.7,16.1
152,6,6,25.6,16.2
152,6,7,25.3,16.5
152,6,8,25.3,16.7
152,6,9,25.3,17.0
152,6,10,25.5,17.2
152,6,11,25.6,17.2
152,6,12,25.8,17.3
152,6,13,26.1,17.3
152,6,14,26.2,17.4
152,6,15,26.3,17.5
152,6,16,26.2,17.7
152,6,17,26.4,17.9
152,6,18,26.5,18.1
152,6,19,26.5,18.4
152,6,20,26.4,18.6
152,6,21,26.5,18.6
152,6,22,26.4,18.7
152,6,23,26.2,18.7
152,6,24,26.1,18.8
152,6,25,26.4,19.0
152,6,26,26.6,19.2
152,6,27,26.8,19.5
152,6,28,27.1,19.7
152,6,29,27.4,20.0
152,6,30,27.5,20.3
152,7,1,27.8,20.5
152,7,2,27.8,20.8
152,7,3,27.8,20.9
152,7,4,27.8,20.8
152,7,5,27.6,20.6
152,7,6,27.5,20.6
152,7,7,27.5,20.7
152,7,8,27.5,20.9
152,7,9,27.6,21.1
152,7,10,27.8,21.3
152,7,11,28.0,21.6
152,7,12,28.3,21.7
152,7,13,28.5,21.7
152,7,14,28.6,21.7
152,7,15,28.7,21.8
152,7,16,28.8,21.7
152,7,17,29.0,21.7
152,7,18,29.3,22.0
152,7,19,29.6,22.2
152,7,20,30.0,22.5
152,7,21,30.4,22.8
152,7,22,30.6,23.1
152,7,23,30.7,23.2
152,7,24,30.7,23.3
152,7,25,30.7,23.2
152,7,26,30.7,23.3
152,7,27,30.7,23.3
152,7,28,30.8,23.3
152,7,29,31.2,23.5
152,7,30,31.4,23.7
152,7,31,31.5,23.8
152,8,1,31.5,23.9
152,8,2,31.5,23.9
152,8,3,31.5,23.8
152,8,4,31.5,23.8
152,8,5,31.4,23.6
152,8,6,31.3,23.6
152,8,7,31.2,23.7
152,8,8,30.9,23.7
152,8,9,30.7,23.6
152,8,10,30.7,23.6
152,8,11,30.7,23.6
152,8,12,30.5,23.5
152,8,13,30.5,23.5
152,8,14,30.3,23.4
152,8,15,30.2,23.2
152,8,16,30.0,23.0
152,8,17,29.9,22.9
152,8,18,29.7,22.7
152,8,19,29.7,22.6
152,8,20,29.6,22.5
152,8,21,29.6,22.4
152,8,22,29.6,22.4
152,8,23,29.5,22.2
152,8,24,29.3,21.9
152,8,25,29.1,21.8
152,8,26,29.0,21.7
152,8,27,28.9,21.5
152,8,28,28.6,21.4
152,8,29,28.5,21.3
152,8,30,28.4,21.2
152,8,31,28.2,21.0
152,9,1,28.0,20.9
152,9,2,28.1,20.6
152,9,3,28.1,20.4
152,9,4,27.6,20.2
152,9,5,27.4,19.9
152,9,6,27.3,19.7
152,9,7,27.1,19.6
152,9,8,26.9,19.4
152,9,9,27.0,19.3
152,9,10,26.8,19.2
152,9,11,26.6,19.1
152,9,12,26.4,18.9
152,9,13,26.2,18.8
152,9,14,26.1,18.6
152,9,15,26.1,18.5
152,9,16,26.0,18.4
152,9,17,26.1,18.2
152,9,18,26.0,17.9
152,9,19,25.8,17.6
152,9,20,25.4,17.2
152,9,21,25.1,16.9
152,9,22,24.8,16.7
152,9,23,24.7,16.5
152,9,24,24.6,16.4
152,9,25,24.7,16.2
152,9,26,24.6,16.1
152,9,27,24.3,15.9
152,9,28,24.1,15.8
152,9,29,24.0,15.7
152,9,30,24.0,15.6
152,10,1,24.1,15.4
152,10,2,24.2,15.2
152,10,3,24.0,14.9
152,10,4,23.8,14.5
152,10,5,23.4,14.3
152,10,6,23.1,14.2
152,10,7,23.0,13.9
152,10,8,23.1,13.7
152,10,9,23.2,13.7
152,10,10,23.1,13.6
152,10,11,23.1,13.4
152,10,12,23.0,13.3
152,10,13,22.6,13.0
152,10,14,22.4,12.5
152,10,15,22.2,12.1
152,10,16,22.0,11.8
152,10,17,21.7,11.5
152,10,18,21.6,11.5
152,10,19,21.5,11.6
152,10,20,21.1,11.6
152,10,21,20.8,11.5
152,10,22,20.6,11.3
152,10,23,20.6,11.0
152,10,24,20.3,10.6
152,10,25,20.3,10.1
152,10,26,20.3,9.7
152,10,27,20.1,9.4
152,10,28,19.7,9.1
152,10,29,19.5,8.9
152,10,30,19.2,8.7
152,10,31,18.8,8.4
152,11,1,18.6,8.0
152,11,2,18.6,7.7
152,11,3,18.7,7.6
152,11,4,19.0,7.7
152,11,5,19.1,8.0
152,11,6,18.9,8.2
152,11,7,18.6,8.4
152,11,8,18.1,8.4
152,11,9,17.7,8.1
152,11,10,17.3,7.8
152,11,11,17.1,7.3
152,11,12,17.0,7.1
152,11,13,16.7,6.7
152,11,14,16.4,6.2
152,11,15,16.1,5.8
152,11,16,15.6,5.4
152,11,17,15.1,4.9
152,11,18,14.8,4.5
152,11,19,14.5,4.1
152,11,20,14.2,3.8
152,11,21,14.2,3.6
152,11,22,14.2,3.5
152,11,23,14.2,3.4
152,11,24,14.1,3.6
152,11,25,13.9,3.6
152,11,26,13.7,3.5
152,11,27,13.5,3.5
152,11,28,13.1,3.4
152,11,29,12.9,3.2
152,11,30,12.8,3.0
152,12,1,12.5,2.8
152,12,2,12.1,2.4
152,12,3,11.7,1.8
152,12,4,11.1,1.4
152,12,5,10.6,1.1
152,12,6,10.3,0.8
152,12,7,10.2,0.6
152,12,8,10.2,0.6
152,12,9,10.4,0.7
152,12,10,10.1,0.5
152,12,11,10.1,0.4
152,12,12,9.8,0.1
152,12,13,9.3,-0.1
152,12,14,9.1,-0.6
152,12,15,9.0,-0.7
152,12,16,8.8,-0.8
152,12,17,8.8,-0.8
152,12,18,9.1,-0.7
152,12,19,9.2,-0.4
152,12,20,9.4,-0.3
152,12,21,9.6,-0.1
152,12,22,9.7,0.0
152,12,23,9.5,-0.1
152,12,24,9.2,-0.3
152,12,25,9.0,-0.7
152,12,26,8.6,-1.0
152,12,27,8.4,-1.3
152,12,28,8.2,-1.6
152,12,29,8.1,-1.8
152,12,30,8.1,-1.8
152,12,31,8.3,-1.8
156,1,1,6.0,-2.7
156,1,2,6.0,-2.8
156,1,3,6.1,-2.8
156,1,4,6.3,-2.6
156,1,5,6.1,-2.6
156,1,6,6.0,-2.6
156,1,7,5.9,-2.6
156,1,8,5.7,-2.4
156,1,9,5.6,-2.6
156,1,10,5.5,-2.6
156,1,11,5.4,-2.6
156,1,12,5.4,-2.5
156,1,13,5.5,-2.6
156,1,14,5.5,-2.6
156,1,15,5.6,-2.5
156,1,16,5.7,-2.7
156,1,17,5.9,-2.8
156,1,18,5.9,-2.5
156,1,19,5.9,-2.5
156,1,20,5.7,-2.5
156,1,21,5.4,-2.5
156,1,22,5.0,-2.7
156,1,23,4.8,-3.0
156,1,24,4.8,-3.1
156,1,25,4.9,-3.3
156,1,26,5.2,-3.4
156,1,27,5.5,-3.1
156,1,28,5.6,-3.0
156,1,29,5.9,-2.9
156,1,30,6.0,-2.8
156,1,31,5.9,-2.8
156,2,1,5.8,-3.1
156,2,2,5.9,-3.1
156,2,3,5.9,-3.2
156,2,4,6.1,-3.0
156,2,5,6.5,-2.9
156,2,6,6.6,-2.6
156,2,7,6.6,-2.5
156,2,8,6.7,-2.4
156,2,9,6.8,-2.4
156,2,10,6.8,-2.1
156,2,11,7.4,-2.0
156,2,12,8.1,-1.8
156,2,13,8.4,-1.5
156,2,14,8.4,-1.4
156,2,15,8.4,-1.4
156,2,16,8.3,-1.4
156,2,17,8.1,-1.4
156,2,18,8.5,-1.6
156,2,19,8.7,-1.4
156,2,20,9.2,-1.3
156,2,21,9.5,-1.1
156,2,22,9.8,-1.0
156,2,23,10.0,-0.5
156,2,24,10.3,-0.2
156,2,25,10.6,0.1
156,2,26,10.9,0.5
156,2,27,10.9,0.8
156,2,28,10.8,0.6
156,2,29,10.9,0.6
156,3,1,11.0,0.6
156,3,2,11.0,0.6
156,3,3,11.1,0.6
156,3,4,11.3,0.7
156,3,5,11.3,1.0
156,3,6,11.5,1.0
156,3,7,11.7,1.1
156,3,8,11.6,1.1
156,3,9,11.7,1.1
156,3,10,12.3,1.0
156,3,11,12.6,1.2
156,3,12,12.8,1.4
156,3,13,13.3,1.6
156,3,14,13.6,2.1
156,3,15,13.9,2.4
156,3,16,13.9,2.8
156,3,17,14.4,3.0
156,3,18,14.8,3.2
156,3,19,15.0,3.2
156,3,20,14.8,3.4
156,3,21,14.8,3.4
156,3,22,14.3,3.3
156,3,23,14.0,3.3
156,3,24,14.1,3.4
156,3,25,14.6,3.5
156,3,26,15.0,3.6
156,3,27,15.6,4.0
156,3,28,16.2,4.3
156,3,29,16.5,4.6
156,3,30,16.7,4.9
156,3,31,16.9,5.1
156,4,1,17.1,5.2
156,4,2,17.3,5.3
156,4,3,17.7,5.5
156,4,4,17.7,5.6
156,4,5,17.9,5.9
156,4,6,18.3,6.1
156,4,7,18.6,6.5
156,4,8,18.5,6.8
156,4,9,18.8,7.1
156,4,10,18.9,7.2
156,4,11,18.6,7.2
156,4,12,18.7,7.1
156,4,13,19.1,6.9
156,4,14,19.6,7.0
156,4,15,20.1,7.2
156,4,16,20.6,7.6
156,4,17,20.9,8.0
156,4,18,20.9,8.5
156,4,19,20.9,9.0
156,4,20,20.8,9.3
156,4,21,20.8,9.4
156,4,22,20.8,9.5
156,4,23,21.0,9.3
156,4,24,21.0,9.1
156,4,25,21.1,8.9
156,4,26,21.5,8.9
156,4,27,21.8,9.3
156,4,28,22.1,10.0
156,4,29,22.5,10.6
156,4,30,23.0,11.2
156,5,1,23.1,11.6
156,5,2,23.5,11.8
156,5,3,23.6,11.7
156,5,4,23.6,11.7
156,5,5,23.6,11.8
156,5,6,23.8,12.0
156,5,7,23.7,12.1
156,5,8,23.5,12.2
156,5,9,23.6,12.3
156,5,10,23.4,12.4
156,5,11,23.3,12.3
156,5,12,23.5,12.5
156,5,13,23.8,12.8
156,5,14,23.9,13.1
156,5,15,24.3,13.3
156,5,16,24.4,13.5
156,5,17,24.4,13.6
156,5,18,24.6,13.6
156,5,19,25.0,13.6
156,5,20,25.5,13.8
156,5,21,25.8,14.1
156,5,22,26.0,14.3
156,5,23,26.1,14.6
156,5,24,26.1,14.8
156,5,25,26.0,14.9
156,5,26,26.0,15.0
156,5,27,26.5,15.1
156,5,28,26.5,15.2
156,5,29,26.7,15.2
156,5,30,27.0,15.5
156,5,31,27.2,15.7
156,6,1,27.0,16.0
156,6,2,27.3,16.2
156,6,3,27.6,16.6
156,6,4,27.8,16.9
156,6,5,27.9,17.2
156,6,6,27.8,17.4
156,6,7,27.9,17.6
156,6,8,27.8,17.9
156,6,9,27.7,18.0
156,6,10,27.7,18.2
156,6,11,27.9,18.3
156,6,12,27.8,18.3
156,6,13,27.9,18.3
156,6,14,28.2,18.3
156,6,15,28.3,18.4
156,6,16,28.3,18.6
156,6,17,28.5,18.8
156,6,18,28.5,18.9
156,6,19,28.5,19.3
156,6,20,28.4,19.4
156,6,21,28.4,19.5
156,6,22,28.1,19.6
156,6,23,27.9,19.7
156,6,24,27.6,19.7
156,6,25,27.6,19.9
156,6,26,27.7,20.0
156,6,27,27.9,20.3
156,6,28,27.9,20.6
156,6,29,27.9,20.8
156,6,30,27.9,21.0
156,7,1,27.9,21.2
156,7,2,27.9,21.4
156,7,3,28.1,21.4
156,7,4,28.3,21.5
156,7,5,28.5,21.5
156,7,6,28.7,21.5
156,7,7,28.9,21.6
156,7,8,28.9,21.8
156,7,9,28.9,21.9
156,7,10,28.9,22.0
156,7,11,28.9,22.2
156,7,12,29.0,22.3
156,7,13,29.1,22.4
156,7,14,29.3,22.5
156,7,15,29.5,22.6
156,7,16,29.7,22.7
156,7,17,29.9,22.8
156,7,18,30.2,23.0
156,7,19,30.6,23.2
156,7,20,30.9,23.4
156,7,21,31.1,23.6
156,7,22,31.2,23.8
156,7,23,31.3,23.9
156,7,24,31.5,23.9
156,7,25,31.6,24.0
156,7,26,31.7,24.0
156,7,27,31.8,24.1
156,7,28,31.9,24.2
156,7,29,32.0,24.3
156,7,30,32.2,24.5
156,7,31,32.3,24.6
156,8,1,32.3,24.7
156,8,2,32.2,24.6
156,8,3,32.2,24.4
156,8,4,32.2,24.3
156,8,5,32.1,24.2
156,8,6,32.2,24.1
156,8,7,32.2,24.1
156,8,8,31.9,24.1
156,8,9,31.6,24.0
156,8,10,31.5,23.9
156,8,11,31.3,23.9
156,8,12,31.2,23.8
156,8,13,31.2,23.8
156,8,14,31.1,23.8
156,8,15,31.2,23.7
156,8,16,31.2,23.6
156,8,17,31.2,23.4
156,8,18,31.0,23.3
156,8,19,31.0,23.2
156,8,20,30.6,23.0
156,8,21,30.3,22.8
156,8,22,30.2,22.7
156,8,23,30.1,22.5
156,8,24,29.7,22.2
156,8,25,29.6,22.1
156,8,26,29.5,21.9
156,8,27,29.5,21.7
156,8,28,29.2,21.5
156,8,29,29.2,21.4
156,8,30,29.3,21.3
156,8,31,29.1,21.2
156,9,1,29.0,21.1
156,9,2,29.3,21.0
156,9,3,29.2,20.9
156,9,4,28.8,20.7
156,9,5,28.7,20.3
156,9,6,28.5,20.1
156,9,7,28.1,19.8
156,9,8,28.1,19.5
156,9,9,28.0,19.4
156,9,10,27.7,19.3
156,9,11,27.5,19.1
156,9,12,27.4,19.1
156,9,13,27.3,18.9
156,9,14,27.3,18.7
156,9,15,27.3,18.5
156,9,16,27.3,18.3
156,9,17,27.3,18.1
156,9,18,27.1,17.9
156,9,19,26.9,17.6
156,9,20,26.7,17.1
156,9,21,26.3,16.8
156,9,22,26.0,16.5
156,9,23,25.8,16.3
156,9,24,25.9,16.1
156,9,25,25.8,16.0
156,9,26,25.8,15.9
156,9,27,25.4,15.8
156,9,28,25.2,15.7
156,9,29,25.0,15.6
156,9,30,24.7,15.4
156,10,1,24.6,15.1
156,10,2,24.5,14.7
156,10,3,24.2,14.3
156,10,4,23.9,13.8
156,10,5,23.7,13.5
156,10,6,23.5,13.2
156,10,7,23.5,13.0
156,10,8,23.6,12.8
156,10,9,23.5,12.7
156,10,10,23.3,12.5
156,10,11,23.2,12.3
156,10,12,22.9,12.2
156,10,13,22.6,11.9
156,10,14,22.3,11.5
156,10,15,22.2,11.1
156,10,16,21.9,10.9
156,10,17,21.8,10.6
156,10,18,21.8,10.5
156,10,19,21.8,10.5
156,10,20,21.7,10.7
156,10,21,21.4,10.6
156,10,22,21.2,10.5
156,10,23,20.8,10.3
156,10,24,20.4,9.9
156,10,25,20.1,9.4
156,10,26,19.8,9.1
156,10,27,19.5,8.9
156,10,28,19.1,8.5
156,10,29,18.8,8.2
156,10,30,18.3,8.1
156,10,31,17.9,7.7
156,11,1,17.7,7.3
156,11,2,17.7,7.0
156,11,3,18.0,7.0
156,11,4,18.5,7.1
156,11,5,18.8,7.3
156,11,6,18.5,7.4
156,11,7,18.2,7.5
156,11,8,17.7,7.6
156,11,9,17.1,7.4
156,11,10,16.6,7.0
156,11,11,16.5,6.7
156,11,12,16.1,6.5
156,11,13,15.6,6.1
156,11,14,15.2,5.5
156,11,15,14.8,5.2
156,11,16,14.2,4.8
156,11,17,13.9,4.3
156,11,18,13.6,4.0
156,11,19,13.2,3.7
156,11,20,13.0,3.3
156,11,21,13.1,3.0
156,11,22,13.1,3.0
156,11,23,13.2,2.9
156,11,24,13.1,2.9
156,11,25,12.8,2.9
156,11,26,12.5,2.9
156,11,27,12.2,2.8
156,11,28,12.0,2.6
156,11,29,11.8,2.3
156,11,30,11.7,2.1
156,12,1,11.3,1.8
156,12,2,10.8,1.4
156,12,3,10.2,1.0
156,12,4,9.5,0.6
156,12,5,9.1,0.4
156,12,6,8.8,0.1
156,12,7,8.6,-0.1
156,12,8,8.6,-0.1
156,12,9,8.6,0.0
156,12,10,8.4,-0.2
156,12,11,8.3,-0.2
156,12,12,8.0,-0.3
156,12,13,7.8,-0.5
156,12,14,7.7,-0.9
156,12,15,7.6,-1.0
156,12,16,7.4,-1.2
156,12,17,7.4,-1.3
156,12,18,7.5,-1.2
156,12,19,7.6,-1.1
156,12,20,7.9,-1.1
156,12,21,8.1,-0.9
156,12,22,8.2,-0.8
156,12,23,8.0,-1.0
156,12,24,7.6,-1.2
156,12,25,7.2,-1.4
156,12,26,6.8,-1.8
156,12,27,6.5,-2.0
156,12,28,6.2,-2.2
156,12,29,6.0,-2.5
156,12,30,5.9,-2.7
156,12,31,5.9,-2.7
159,1,1,8.9,0.1
159,1,2,8.8,0.2
159,1,3,8.9,0.2
159,1,4,8.9,0.4
159,1,5,8.7,0.4
159,1,6,8.6,0.3
159,1,7,8.3,0.1
159,1,8,8.2,0.0
159,1,9,8.0,-0.1
159,1,10,7.9,-0.2
159,1,11,7.8,-0.2
159,1,12,7.8,-0.2
159,1,13,8.0,-0.1
159,1,14,8.0,-0.1
159,1,15,8.1,0.0
159,1,16,8.4,0.0
159,1,17,8.4,0.1
159,1,18,8.3,0.2
159,1,19,8.2,0.2
159,1,20,8.0,0.0
159,1,21,7.7,-0.2
159,1,22,7.4,-0.4
159,1,23,7.4,-0.7
159,1,24,7.4,-0.7
159,1,25,7.6,-0.8
159,1,26,7.9,-0.7
159,1,27,8.2,-0.3
159,1,28,8.2,-0.2
159,1,29,8.4,-0.1
159,1,30,8.4,-0.1
159,1,31,8.3,-0.2
159,2,1,8.4,-0.4
159,2,2,8.5,-0.4
159,2,3,8.6,-0.3
159,2,4,8.8,0.0
159,2,5,9.2,0.3
159,2,6,9.2,0.4
159,2,7,9.2,0.4
159,2,8,9.2,0.4
159,2,9,9.2,0.4
159,2,10,9.1,0.4
159,2,11,9.5,0.7
159,2,12,10.0,1.1
159,2,13,10.3,1.6
159,2,14,10.4,1.8
159,2,15,10.5,1.8
159,2,16,10.3,1.7
159,2,17,10.2,1.7
159,2,18,10.3,1.5
159,2,19,10.4,1.6
159,2,20,10.6,1.8
159,2,21,11.0,2.1
159,2,22,11.1,2.3
159,2,23,11.2,2.6
159,2,24,11.5,2.9
159,2,25,11.7,3.2
159,2,26,11.8,3.5
159,2,27,11.9,3.6
159,2,28,11.8,3.6
159,2,29,11.9,3.6
159,3,1,11.9,3.6
159,3,2,11.9,3.6
159,3,3,12.0,3.6
159,3,4,12.2,3.7
159,3,5,12.1,3.8
159,3,6,12.2,3.8
159,3,7,12.4,3.9
159,3,8,12.4,3.9
159,3,9,12.5,3.8
159,3,10,12.8,3.9
159,3,11,13.2,4.2
159,3,12,13.4,4.4
159,3,13,13.4,4.5
159,3,14,13.6,4.8
159,3,15,13.8,5.1
159,3,16,13.9,5.4
159,3,17,14.2,5.7
159,3,18,14.5,5.9
159,3,19,14.7,6.1
159,3,20,14.6,6.2
159,3,21,14.5,6.2
159,3,22,14.3,6.2
159,3,23,14.3,6.2
159,3,24,14.4,6.3
159,3,25,14.6,6.5
159,3,26,15.0,6.6
159,3,27,15.3,6.9
159,3,28,15.4,7.2
159,3,29,15.7,7.4
159,3,30,15.8,7.5
159,3,31,16.0,7.7
159,4,1,16.2,7.7
159,4,2,16.4,7.7
159,4,3,16.5,7.9
159,4,4,16.7,8.2
159,4,5,16.8,8.3
159,4,6,17.0,8.6
159,4,7,17.2,9.0
159,4,8,17.2,9.1
159,4,9,17.3,9.1
159,4,10,17.3,9.3
159,4,11,17.3,9.3
159,4,12,17.5,9.4
159,4,13,17.8,9.6
159,4,14,18.1,9.8
159,4,15,18.4,10.1
159,4,16,18.7,10.5
159,4,17,18.8,10.7
159,4,18,18.7,10.9
159,4,19,18.7,11.1
159,4,20,18.8,11.2
159,4,21,18.7,11.3
159,4,22,19.0,11.3
159,4,23,19.3,11.4
159,4,24,19.4,11.4
159,4,25,19.6,11.3
159,4,26,19.8,11.3
159,4,27,19.8,11.6
159,4,28,19.9,12.0
159,4,29,20.1,12.3
159,4,30,20.2,12.7
159,5,1,20.3,13.1
159,5,2,20.6,13.3
159,5,3,20.9,13.3
159,5,4,20.9,13.4
159,5,5,21.1,13.5
159,5,6,21.3,13.6
159,5,7,21.2,13.6
159,5,8,21.1,13.6
159,5,9,21.1,13.5
159,5,10,21.0,13.5
159,5,11,21.0,13.5
159,5,12,21.0,13.6
159,5,13,21.2,13.9
159,5,14,21.3,14.2
159,5,15,21.6,14.4
159,5,16,21.7,14.5
159,5,17,21.9,14.7
159,5,18,22.1,14.8
159,5,19,22.5,14.9
159,5,20,22.6,15.1
159,5,21,22.9,15.3
159,5,22,23.1,15.5
159,5,23,23.3,15.7
159,5,24,23.3,15.8
159,5,25,23.3,15.8
159,5,26,23.3,15.8
159,5,27,23.4,15.8
159,5,28,23.3,15.9
159,5,29,23.5,15.9
159,5,30,23.5,16.0
159,5,31,23.6,16.2
159,6,1,23.6,16.4
159,6,2,23.9,16.5
159,6,3,24.0,16.8
159,6,4,24.1,16.9
159,6,5,24.3,17.0
159,6,6,24.3,17.1
159,6,7,24.2,17.2
159,6,8,24.2,17.4
159,6,9,24.2,17.6
159,6,10,24.4,17.8
159,6,11,24.5,18.0
159,6,12,24.6,18.0
159,6,13,24.7,18.1
159,6,14,24.8,18.2
159,6,15,24.9,18.2
159,6,16,24.8,18.4
159,6,17,24.9,18.5
159,6,18,24.9,18.7
159,6,19,25.0,18.9
159,6,20,24.9,19.0
159,6,21,25.0,19.1
159,6,22,24.9,19.1
159,6,23,24.8,19.1
159,6,24,24.7,19.1
159,6,25,24.7,19.3
159,6,26,24.9,19.5
159,6,27,25.0,19.7
159,6,28,25.1,19.9
159,6,29,25.3,20.0
159,6,30,25.5,20.2
159,7,1,25.6,20.4
159,7,2,25.7,20.5
159,7,3,25.8,20.6
159,7,4,25.9,20.5
159,7,5,25.9,20.5
159,7,6,25.9,20.5
159,7,7,26.0,20.7
159,7,8,26.1,20.9
159,7,9,26.2,21.1
159,7,10,26.3,21.3
159,7,11,26.4,21.5
159,7,12,26.6,21.6
159,7,13,26.6,21.7
159,7,14,26.8,21.8
159,7,15,27.0,21.8
159,7,16,27.3,21.9
159,7,17,27.5,22.0
159,7,18,27.8,22.2
159,7,19,28.1,22.4
159,7,20,28.4,22.7
159,7,21,28.7,22.9
159,7,22,28.8,23.1
159,7,23,28.9,23.2
159,7,24,29.0,23.2
159,7,25,29.1,23.3
159,7,26,29.1,23.5
159,7,27,29.3,23.7
159,7,28,29.4,23.8
159,7,29,29.7,24.0
159,7,30,29.9,24.1
159,7,31,30.0,24.2
159,8,1,30.0,24.3
159,8,2,30.1,24.4
159,8,3,30.2,24.4
159,8,4,30.3,24.3
159,8,5,30.2,24.3
159,8,6,30.3,24.3
159,8,7,30.3,24.3
159,8,8,30.1,24.3
159,8,9,30.0,24.4
159,8,10,30.0,24.3
159,8,11,29.9,24.3
159,8,12,29.8,24.2
159,8,13,29.7,24.2
159,8,14,29.6,24.0
159,8,15,29.6,23.9
159,8,16,29.5,23.9
159,8,17,29.6,23.8
159,8,18,29.5,23.7
159,8,19,29.5,23.7
159,8,20,29.4,23.6
159,8,21,29.3,23.5
159,8,22,29.2,23.4
159,8,23,29.1,23.3
159,8,24,28.9,23.1
159,8,25,28.8,22.9
159,8,26,28.8,22.9
159,8,27,28.8,22.7
159,8,28,28.6,22.6
159,8,29,28.6,22.5
159,8,30,28.6,22.4
159,8,31,28.4,22.3
159,9,1,28.2,22.1
159,9,2,28.3,22.0
159,9,3,28.2,21.9
159,9,4,27.7,21.6
159,9,5,27.6,21.4
159,9,6,27.4,21.2
159,9,7,27.2,21.1
159,9,8,27.1,20.9
159,9,9,27.2,20.8
159,9,10,27.1,20.7
159,9,11,27.0,20.6
159,9,12,26.8,20.5
159,9,13,26.6,20.3
159,9,14,26.5,20.2
159,9,15,26.4,20.0
159,9,16,26.3,19.9
159,9,17,26.4,19.8
159,9,18,26.3,19.6
159,9,19,26.1,19.4
159,9,20,25.9,19.1
159,9,21,25.7,18.9
159,9,22,25.5,18.6
159,9,23,25.4,18.4
159,9,24,25.4,18.3
159,9,25,25.5,18.2
159,9,26,25.4,18.1
159,9,27,25.1,18.0
159,9,28,24.9,17.9
159,9,29,24.7,17.8
159,9,30,24.6,17.6
159,10,1,24.7,17.5
159,10,2,24.8,17.3
159,10,3,24.6,17.0
159,10,4,24.4,16.7
159,10,5,24.2,16.5
159,10,6,23.9,16.3
159,10,7,23.8,16.1
159,10,8,23.9,16.1
159,10,9,23.8,16.1
159,10,10,23.8,15.9
159,10,11,23.7,15.7
159,10,12,23.6,15.6
159,10,13,23.3,15.2
159,10,14,23.0,14.8
159,10,15,22.8,14.5
159,10,16,22.6,14.2
159,10,17,22.4,14.0
159,10,18,22.3,14.0
159,10,19,22.2,14.0
159,10,20,21.9,14.0
159,10,21,21.6,13.8
159,10,22,21.4,13.6
159,10,23,21.3,13.3
159,10,24,21.1,12.9
159,10,25,21.0,12.6
159,10,26,20.9,12.4
159,10,27,20.7,12.1
159,10,28,20.3,11.9
159,10,29,20.0,11.6
159,10,30,19.7,11.3
159,10,31,19.4,10.9
159,11,1,19.1,10.6
159,11,2,19.1,10.4
159,11,3,19.3,10.5
159,11,4,19.5,10.7
159,11,5,19.8,11.1
159,11,6,19.6,11.1
159,11,7,19.3,11.1
159,11,8,18.9,10.8
159,11,9,18.4,10.3
159,11,10,17.9,9.9
159,11,11,17.7,9.7
159,11,12,17.6,9.5
159,11,13,17.3,9.1
159,11,14,16.9,8.7
159,11,15,16.6,8.3
159,11,16,16.1,7.8
159,11,17,15.7,7.3
159,11,18,15.4,7.0
159,11,19,15.1,6.6
159,11,20,14.9,6.4
159,11,21,15.0,6.4
159,11,22,15.0,6.3
159,11,23,15.0,6.3
159,11,24,14.9,6.4
159,11,25,14.7,6.3
159,11,26,14.4,6.0
159,11,27,14.2,5.9
159,11,28,13.9,5.9
159,11,29,13.8,5.6
159,11,30,13.7,5.5
159,12,1,13.4,5.2
159,12,2,13.0,4.7
159,12,3,12.5,4.1
159,12,4,11.9,3.5
159,12,5,11.4,3.1
159,12,6,11.1,2.8
159,12,7,10.9,2.6
159,12,8,11.0,2.7
159,12,9,11.0,2.8
159,12,10,10.8,2.5
159,12,11,10.8,2.4
159,12,12,10.5,2.2
159,12,13,10.1,1.9
159,12,14,9.9,1.6
159,12,15,9.8,1.5
159,12,16,9.5,1.3
159,12,17,9.6,1.3
159,12,18,9.8,1.4
159,12,19,9.9,1.7
159,12,20,10.1,1.8
159,12,21,10.3,2.1
159,12,22,10.4,2.1
159,12,23,10.2,1.9
159,12,24,10.0,1.6
159,12,25,9.7,1.3
159,12,26,9.4,1.0
159,12,27,9.2,0.7
159,12,28,9.0,0.4
159,12,29,8.8,0.3
159,12,30,8.8,0.1
159,12,31,9.0,0.1
162,1,1,8.7,-0.6
162,1,2,8.7,-0.6
162,1,3,8.7,-0.6
162,1,4,8.7,-0.4
162,1,5,8.6,-0.4
162,1,6,8.3,-0.5
162,1,7,8.1,-0.6
162,1,8,8.0,-0.7
162,1,9,7.9,-0.9
162,1,10,7.7,-0.9
162,1,11,7.6,-0.9
162,1,12,7.7,-0.8
162,1,13,7.7,-0.8
162,1,14,7.7,-0.8
162,1,15,7.8,-0.7
162,1,16,8.0,-0.8
162,1,17,8.0,-0.8
162,1,18,8.0,-0.6
162,1,19,7.9,-0.6
162,1,20,7.7,-0.7
162,1,21,7.4,-0.8
162,1,22,7.2,-1.0
162,1,23,7.0,-1.3
162,1,24,7.1,-1.3
162,1,25,7.3,-1.4
162,1,26,7.6,-1.3
162,1,27,7.8,-1.1
162,1,28,7.9,-1.0
162,1,29,8.1,-1.0
162,1,30,8.1,-0.9
162,1,31,8.1,-1.0
162,2,1,8.1,-1.2
162,2,2,8.2,-1.2
162,2,3,8.3,-1.2
162,2,4,8.4,-1.1
162,2,5,8.6,-0.8
162,2,6,8.6,-0.6
162,2,7,8.6,-0.5
162,2,8,8.6,-0.4
162,2,9,8.7,-0.3
162,2,10,8.6,-0.1
162,2,11,9.0,0.1
162,2,12,9.4,0.4
162,2,13,9.7,0.7
162,2,14,9.8,0.9
162,2,15,9.8,0.9
162,2,16,9.7,0.9
162,2,17,9.7,0.8
162,2,18,9.9,0.7
162,2,19,9.9,0.8
162,2,20,10.1,0.9
162,2,21,10.4,1.1
162,2,22,10.5,1.3
162,2,23,10.7,1.7
162,2,24,10.9,2.0
162,2,25,11.1,2.3
162,2,26,11.3,2.7
162,2,27,11.4,2.8
162,2,28,11.3,2.7
162,2,29,11.4,2.7
162,3,1,11.4,2.7
162,3,2,11.4,2.7
162,3,3,11.5,2.6
162,3,4,11.6,2.8
162,3,5,11.6,2.9
162,3,6,11.7,2.9
162,3,7,11.9,3.0
162,3,8,11.9,3.1
162,3,9,11.9,3.0
162,3,10,12.2,3.1
162,3,11,12.6,3.3
162,3,12,12.8,3.6
162,3,13,13.0,3.7
162,3,14,13.2,4.1
162,3,15,13.4,4.3
162,3,16,13.5,4.7
162,3,17,13.8,4.9
162,3,18,14.1,5.3
162,3,19,14.3,5.4
162,3,20,14.2,5.6
162,3,21,14.2,5.6
162,3,22,13.9,5.4
162,3,23,13.9,5.4
162,3,24,13.9,5.4
162,3,25,14.2,5.5
162,3,26,14.5,5.7
162,3,27,14.8,6.0
162,3,28,15.1,6.3
162,3,29,15.4,6.5
162,3,30,15.5,6.6
162,3,31,15.8,6.7
162,4,1,16.0,6.7
162,4,2,16.0,6.7
162,4,3,16.2,6.9
162,4,4,16.3,7.2
162,4,5,16.3,7.5
162,4,6,16.6,7.7
162,4,7,16.9,8.1
162,4,8,17.0,8.3
162,4,9,17.0,8.4
162,4,10,17.2,8.5
162,4,11,17.1,8.7
162,4,12,17.2,8.7
162,4,13,17.5,8.8
162,4,14,17.6,8.9
162,4,15,17.9,9.1
162,4,16,18.2,9.4
162,4,17,18.3,9.6
162,4,18,18.3,9.7
162,4,19,18.5,10.0
162,4,20,18.7,10.4
162,4,21,18.7,10.5
162,4,22,18.9,10.6
162,4,23,19.1,10.7
162,4,24,19.2,10.6
162,4,25,19.3,10.4
162,4,26,19.4,10.3
162,4,27,19.4,10.6
162,4,28,19.5,11.1
162,4,29,19.6,11.6
162,4,30,19.8,12.0
162,5,1,20.0,12.5
162,5,2,20.4,12.7
162,5,3,20.7,12.6
162,5,4,20.8,12.7
162,5,5,20.8,12.8
162,5,6,21.1,12.9
162,5,7,21.2,13.0
162,5,8,21.0,13.0
162,5,9,21.1,12.9
162,5,10,21.1,12.9
162,5,11,21.0,12.9
162,5,12,21.1,13.0
162,5,13,21.2,13.3
162,5,14,21.4,13.6
162,5,15,21.7,13.7
162,5,16,21.8,13.9
162,5,17,21.9,14.0
162,5,18,22.1,14.1
162,5,19,22.4,14.1
162,5,20,22.6,14.3
162,5,21,22.9,14.5
162,5,22,23.1,14.7
162,5,23,23.3,14.9
162,5,24,23.3,15.1
162,5,25,23.4,15.2
162,5,26,23.4,15.3
162,5,27,23.6,15.4
162,5,28,23.5,15.4
162,5,29,23.7,15.4
162,5,30,23.8,15.5
162,5,31,23.7,15.7
162,6,1,23.7,15.8
162,6,2,24.0,16.0
162,6,3,24.2,16.3
162,6,4,24.5,16.5
162,6,5,24.6,16.6
162,6,6,24.6,16.7
162,6,7,24.6,16.9
162,6,8,24.7,17.1
162,6,9,24.5,17.3
162,6,10,24.6,17.5
162,6,11,24.9,17.6
162,6,12,24.9,17.7
162,6,13,24.9,17.7
162,6,14,25.1,17.8
162,6,15,25.3,17.8
162,6,16,25.1,18.0
162,6,17,25.2,18.2
162,6,18,25.2,18.3
162,6,19,25.1,18.6
162,6,20,25.0,18.7
162,6,21,25.0,18.8
162,6,22,24.9,18.8
162,6,23,24.9,18.9
162,6,24,24.8,18.9
162,6,25,24.8,19.1
162,6,26,24.9,19.3
162,6,27,25.0,19.5
162,6,28,24.9,19.7
162,6,29,25.1,19.9
162,6,30,25.2,20.1
162,7,1,25.4,20.3
162,7,2,25.6,20.5
162,7,3,25.9,20.6
162,7,4,25.9,20.6
162,7,5,26.1,20.6
162,7,6,26.0,20.6
162,7,7,26.2,20.7
162,7,8,26.3,20.8
162,7,9,26.5,21.1
162,7,10,26.5,21.3
162,7,11,26.6,21.4
162,7,12,26.7,21.5
162,7,13,26.7,21.7
162,7,14,26.9,21.8
162,7,15,27.2,21.9
162,7,16,27.5,21.9
162,7,17,27.7,22.0
162,7,18,28.0,22.1
162,7,19,28.1,22.3
162,7,20,28.4,22.5
162,7,21,28.6,22.7
162,7,22,28.7,22.9
162,7,23,29.0,23.1
162,7,24,29.2,23.1
162,7,25,29.3,23.2
162,7,26,29.4,23.3
162,7,27,29.5,23.4
162,7,28,29.5,23.4
162,7,29,29.8,23.6
162,7,30,29.9,23.8
162,7,31,30.1,23.9
162,8,1,30.0,24.0
162,8,2,30.1,24.0
162,8,3,30.1,24.1
162,8,4,30.2,24.0
162,8,5,30.2,24.0
162,8,6,30.4,24.0
162,8,7,30.4,24.1
162,8,8,30.3,24.1
162,8,9,30.2,24.1
162,8,10,30.2,24.1
162,8,11,30.0,24.0
162,8,12,29.9,23.9
162,8,13,29.8,23.7
162,8,14,29.7,23.7
162,8,15,29.8,23.5
162,8,16,29.8,23.5
162,8,17,29.9,23.4
162,8,18,29.8,23.3
162,8,19,29.7,23.2
162,8,20,29.5,23.1
162,8,21,29.3,23.0
162,8,22,29.2,22.9
162,8,23,29.1,22.9
162,8,24,29.0,22.7
162,8,25,29.0,22.6
162,8,26,29.0,22.5
162,8,27,28.9,22.4
162,8,28,28.8,22.3
162,8,29,28.7,22.2
162,8,30,28.7,22.1
162,8,31,28.6,21.9
162,9,1,28.4,21.8
162,9,2,28.4,21.6
162,9,3,28.3,21.4
162,9,4,27.9,21.3
162,9,5,27.9,21.1
162,9,6,27.9,20.8
162,9,7,27.6,20.7
162,9,8,27.6,20.5
162,9,9,27.5,20.4
162,9,10,27.3,20.3
162,9,11,27.1,20.1
162,9,12,27.0,20.0
162,9,13,26.9,19.9
162,9,14,26.9,19.7
162,9,15,26.8,19.5
162,9,16,26.8,19.4
162,9,17,26.8,19.2
162,9,18,26.6,19.1
162,9,19,26.4,18.8
162,9,20,26.2,18.6
162,9,21,25.9,18.3
162,9,22,25.7,18.1
162,9,23,25.7,17.9
162,9,24,25.8,17.7
162,9,25,25.8,17.6
162,9,26,25.7,17.5
162,9,27,25.4,17.4
162,9,28,25.0,17.3
162,9,29,24.8,17.2
162,9,30,24.7,17.1
162,10,1,24.8,16.8
162,10,2,24.8,16.6
162,10,3,24.7,16.3
162,10,4,24.4,15.9
162,10,5,24.2,15.7
162,10,6,23.9,15.5
162,10,7,23.7,15.3
162,10,8,23.8,15.2
162,10,9,23.8,15.2
162,10,10,23.7,15.0
162,10,11,23.6,14.7
162,10,12,23.5,14.7
162,10,13,23.2,14.4
162,10,14,22.7,14.0
162,10,15,22.5,13.6
162,10,16,22.4,13.4
162,10,17,22.2,13.2
162,10,18,22.1,13.1
162,10,19,22.0,13.2
162,10,20,21.8,13.1
162,10,21,21.5,13.0
162,10,22,21.3,12.8
162,10,23,21.1,12.5
162,10,24,20.9,12.1
162,10,25,20.8,11.7
162,10,26,20.6,11.4
162,10,27,20.4,11.1
162,10,28,20.1,10.8
162,10,29,19.7,10.5
162,10,30,19.3,10.2
162,10,31,18.9,9.9
162,11,1,18.7,9.6
162,11,2,18.6,9.2
162,11,3,18.7,9.3
162,11,4,18.9,9.6
162,11,5,19.1,9.8
162,11,6,18.9,10.0
162,11,7,18.8,10.2
162,11,8,18.4,10.0
162,11,9,18.0,9.6
162,11,10,17.6,9.2
162,11,11,17.4,8.8
162,11,12,17.1,8.5
162,11,13,16.9,8.1
162,11,14,16.5,7.7
162,11,15,16.2,7.3
162,11,16,15.7,6.9
162,11,17,15.4,6.4
162,11,18,15.1,6.1
162,11,19,14.8,5.8
162,11,20,14.6,5.4
162,11,21,14.6,5.3
162,11,22,14.6,5.2
162,11,23,14.6,5.2
162,11,24,14.5,5.3
162,11,25,14.3,5.3
162,11,26,14.0,5.1
162,11,27,13.8,5.0
162,11,28,13.5,4.9
162,11,29,13.4,4.7
162,11,30,13.3,4.5
162,12,1,13.1,4.2
162,12,2,12.7,3.7
162,12,3,12.3,3.2
162,12,4,11.7,2.8
162,12,5,11.3,2.5
162,12,6,11.0,2.2
162,12,7,10.9,2.0
162,12,8,10.8,2.0
162,12,9,10.9,2.1
162,12,10,10.7,1.9
162,12,11,10.6,1.7
162,12,12,10.4,1.5
162,12,13,10.2,1.3
162,12,14,9.9,1.0
162,12,15,9.8,0.9
162,12,16,9.6,0.7
162,12,17,9.6,0.7
162,12,18,9.6,0.7
162,12,19,9.8,0.9
162,12,20,10.0,0.9
162,12,21,10.2,1.2
162,12,22,10.2,1.3
162,12,23,10.1,1.1
162,12,24,9.8,1.0
162,12,25,9.5,0.7
162,12,26,9.2,0.3
162,12,27,9.0,0.0
162,12,28,8.7,-0.3
162,12,29,8.6,-0.5
162,12,30,8.5,-0.6
162,12,31,8.7,-0.7
165,1,1,6.7,-0.9
165,1,2,6.5,-1.0
165,1,3,6.5,-1.0
165,1,4,6.6,-1.0
165,1,5,6.4,-1.0
165,1,6,6.2,-1.1
165,1,7,6.1,-1.1
165,1,8,6.0,-1.0
165,1,9,5.9,-1.2
165,1,10,5.8,-1.2
165,1,11,5.8,-1.2
165,1,12,5.8,-1.2
165,1,13,5.7,-1.3
165,1,14,5.7,-1.3
165,1,15,5.7,-1.3
165,1,16,5.8,-1.5
165,1,17,5.9,-1.6
165,1,18,6.0,-1.4
165,1,19,5.9,-1.4
165,1,20,5.7,-1.3
165,1,21,5.5,-1.3
165,1,22,5.2,-1.5
165,1,23,5.1,-1.7
165,1,24,5.1,-1.8
165,1,25,5.2,-2.0
165,1,26,5.4,-2.0
165,1,27,5.6,-1.7
165,1,28,5.7,-1.6
165,1,29,5.8,-1.6
165,1,30,5.8,-1.5
165,1,31,5.8,-1.5
165,2,1,5.7,-1.8
165,2,2,5.8,-1.9
165,2,3,5.9,-2.0
165,2,4,6.0,-1.8
165,2,5,6.2,-1.7
165,2,6,6.2,-1.5
165,2,7,6.2,-1.3
165,2,8,6.2,-1.2
165,2,9,6.3,-1.2
165,2,10,6.4,-1.0
165,2,11,6.9,-1.0
165,2,12,7.5,-0.8
165,2,13,7.7,-0.6
165,2,14,7.7,-0.5
165,2,15,7.7,-0.5
165,2,16,7.4,-0.5
165,2,17,7.4,-0.5
165,2,18,7.7,-0.6
165,2,19,7.9,-0.5
165,2,20,8.4,-0.4
165,2,21,8.7,-0.2
165,2,22,8.9,-0.1
165,2,23,9.1,0.2
165,2,24,9.2,0.3
165,2,25,9.3,0.5
165,2,26,9.6,0.9
165,2,27,9.6,1.1
165,2,28,9.4,1.1
165,2,29,9.6,1.1
165,3,1,9.7,1.1
165,3,2,9.7,1.2
165,3,3,9.7,1.3
165,3,4,9.9,1.3
165,3,5,10.0,1.5
165,3,6,10.0,1.6
165,3,7,10.2,1.6
165,3,8,10.2,1.6
165,3,9,10.2,1.6
165,3,10,10.7,1.6
165,3,11,11.1,1.8
165,3,12,11.3,2.0
165,3,13,11.6,2.1
165,3,14,12.0,2.6
165,3,15,12.3,2.9
165,3,16,12.3,3.1
165,3,17,12.6,3.3
165,3,18,12.9,3.5
165,3,19,13.1,3.6
165,3,20,12.9,3.7
165,3,21,12.7,3.7
165,3,22,12.3,3.7
165,3,23,12.1,3.7
165,3,24,12.2,3.7
165,3,25,12.7,3.9
165,3,26,13.0,3.9
165,3,27,13.6,4.2
165,3,28,14.1,4.5
165,3,29,14.3,4.8
165,3,30,14.4,5.0
165,3,31,14.7,5.4
165,4,1,14.8,5.5
165,4,2,15.1,5.7
165,4,3,15.4,6.0
165,4,4,15.6,6.1
165,4,5,15.7,6.3
165,4,6,16.0,6.4
165,4,7,16.2,6.8
165,4,8,16.2,7.0
165,4,9,16.3,7.2
165,4,10,16.5,7.3
165,4,11,16.4,7.4
165,4,12,16.4,7.3
165,4,13,16.7,7.3
165,4,14,17.2,7.4
165,4,15,17.5,7.6
165,4,16,17.9,8.1
165,4,17,18.3,8.4
165,4,18,18.3,8.8
165,4,19,18.3,9.3
165,4,20,18.4,9.5
165,4,21,18.4,9.6
165,4,22,18.4,9.6
165,4,23,18.6,9.6
165,4,24,18.6,9.4
165,4,25,18.6,9.3
165,4,26,19.0,9.5
165,4,27,19.3,9.9
165,4,28,19.7,10.5
165,4,29,20.0,11.1
165,4,30,20.5,11.6
165,5,1,20.7,11.8
165,5,2,21.0,11.9
165,5,3,21.0,11.8
165,5,4,21.0,11.8
165,5,5,21.1,11.8
165,5,6,21.2,11.9
165,5,7,21.3,12.1
165,5,8,21.1,12.1
165,5,9,21.2,12.2
165,5,10,21.1,12.3
165,5,11,21.0,12.3
165,5,12,21.1,12.5
165,5,13,21.4,12.9
165,5,14,21.6,13.1
165,5,15,21.9,13.3
165,5,16,22.1,13.5
165,5,17,22.1,13.6
165,5,18,22.3,13.7
165,5,19,22.7,13.8
165,5,20,23.1,14.0
165,5,21,23.3,14.3
165,5,22,23.6,14.5
165,5,23,23.7,14.7
165,5,24,23.7,14.9
165,5,25,23.6,15.0
165,5,26,23.7,15.2
165,5,27,24.0,15.3
165,5,28,24.0,15.4
165,5,29,24.2,15.5
165,5,30,24.4,15.6
165,5,31,24.6,15.8
165,6,1,24.5,16.0
165,6,2,24.8,16.1
165,6,3,25.0,16.4
165,6,4,25.2,16.6
165,6,5,25.3,16.8
165,6,6,25.4,17.0
165,6,7,25.5,17.3
165,6,8,25.4,17.6
165,6,9,25.4,17.8
165,6,10,25.4,18.0
165,6,11,25.5,18.1
165,6,12,25.5,18.1
165,6,13,25.5,18.2
165,6,14,25.7,18.3
165,6,15,25.9,18.4
165,6,16,25.9,18.5
165,6,17,26.0,18.7
165,6,18,26.0,18.8
165,6,19,26.0,19.0
165,6,20,26.0,19.2
165,6,21,26.1,19.3
165,6,22,25.9,19.4
165,6,23,25.9,19.5
165,6,24,25.8,19.6
165,6,25,25.9,19.7
165,6,26,25.9,19.9
165,6,27,26.1,20.1
165,6,28,26.1,20.3
165,6,29,26.1,20.5
165,6,30,26.1,20.7
165,7,1,26.2,20.9
165,7,2,26.2,21.0
165,7,3,26.5,21.1
165,7,4,26.5,21.1
165,7,5,26.7,21.1
165,7,6,26.8,21.1
165,7,7,27.1,21.3
165,7,8,27.1,21.5
165,7,9,27.1,21.6
165,7,10,27.1,21.8
165,7,11,27.3,21.9
165,7,12,27.4,22.0
165,7,13,27.6,22.2
165,7,14,27.8,22.3
165,7,15,28.1,22.5
165,7,16,28.3,22.6
165,7,17,28.5,22.8
165,7,18,28.8,23.0
165,7,19,29.1,23.2
165,7,20,29.3,23.3
165,7,21,29.4,23.5
165,7,22,29.5,23.6
165,7,23,29.7,23.7
165,7,24,29.9,23.7
165,7,25,30.0,23.7
165,7,26,30.1,23.8
165,7,27,30.2,24.0
165,7,28,30.4,24.1
165,7,29,30.5,24.3
165,7,30,30.8,24.5
165,7,31,31.0,24.6
165,8,1,31.1,24.7
165,8,2,31.1,24.6
165,8,3,31.2,24.6
165,8,4,31.3,24.5
165,8,5,31.2,24.5
165,8,6,31.3,24.5
165,8,7,31.3,24.5
165,8,8,31.0,24.4
165,8,9,30.7,24.3
165,8,10,30.6,24.3
165,8,11,30.4,24.2
165,8,12,30.2,24.1
165,8,13,30.1,24.0
165,8,14,30.1,24.0
165,8,15,30.2,23.9
165,8,16,30.2,23.8
165,8,17,30.3,23.7
165,8,18,30.2,23.5
165,8,19,30.2,23.4
165,8,20,29.9,23.3
165,8,21,29.7,23.1
165,8,22,29.5,23.1
165,8,23,29.4,22.9
165,8,24,29.1,22.7
165,8,25,29.0,22.6
165,8,26,29.0,22.5
165,8,27,28.9,22.2
165,8,28,28.6,22.1
165,8,29,28.5,21.9
165,8,30,28.5,21.8
165,8,31,28.3,21.7
165,9,1,28.2,21.6
165,9,2,28.4,21.5
165,9,3,28.4,21.3
165,9,4,28.0,21.1
165,9,5,27.9,20.8
165,9,6,27.8,20.6
165,9,7,27.4,20.3
165,9,8,27.3,20.1
165,9,9,27.3,20.0
165,9,10,27.1,19.9
165,9,11,26.9,19.8
165,9,12,26.9,19.8
165,9,13,26.8,19.6
165,9,14,26.8,19.5
165,9,15,26.8,19.3
165,9,16,26.7,19.1
165,9,17,26.6,18.9
165,9,18,26.5,18.7
165,9,19,26.3,18.4
165,9,20,26.1,18.0
165,9,21,25.8,17.7
165,9,22,25.6,17.4
165,9,23,25.5,17.2
165,9,24,25.5,17.1
165,9,25,25.5,17.1
165,9,26,25.3,17.0
165,9,27,25.0,16.9
165,9,28,24.8,16.7
165,9,29,24.5,16.6
165,9,30,24.2,16.4
165,10,1,24.1,16.1
165,10,2,24.0,15.8
165,10,3,23.8,15.4
165,10,4,23.6,14.9
165,10,5,23.3,14.6
165,10,6,23.2,14.5
165,10,7,23.2,14.3
165,10,8,23.2,14.2
165,10,9,23.0,14.2
165,10,10,22.9,14.0
165,10,11,22.7,13.8
165,10,12,22.4,13.6
165,10,13,22.1,13.3
165,10,14,21.8,13.0
165,10,15,21.7,12.6
165,10,16,21.5,12.4
165,10,17,21.4,12.2
165,10,18,21.4,12.2
165,10,19,21.5,12.1
165,10,20,21.4,12.2
165,10,21,21.2,12.1
165,10,22,21.0,12.0
165,10,23,20.7,11.8
165,10,24,20.2,11.5
165,10,25,19.9,11.0
165,10,26,19.6,10.7
165,10,27,19.2,10.4
165,10,28,18.8,10.1
165,10,29,18.5,9.9
165,10,30,18.1,9.7
165,10,31,17.7,9.3
165,11,1,17.6,9.1
165,11,2,17.5,8.8
165,11,3,17.6,8.8
165,11,4,17.9,8.9
165,11,5,18.0,9.1
165,11,6,17.7,9.1
165,11,7,17.5,9.2
165,11,8,17.1,9.0
165,11,9,16.7,8.8
165,11,10,16.3,8.4
165,11,11,16.2,8.2
165,11,12,15.9,8.0
165,11,13,15.5,7.6
165,11,14,15.2,7.0
165,11,15,14.8,6.7
165,11,16,14.3,6.3
165,11,17,14.0,5.8
165,11,18,13.7,5.5
165,11,19,13.4,5.2
165,11,20,13.2,4.9
165,11,21,13.2,4.7
165,11,22,13.3,4.6
165,11,23,13.3,4.6
165,11,24,13.2,4.6
165,11,25,12.9,4.5
165,11,26,12.6,4.4
165,11,27,12.3,4.3
165,11,28,12.1,4.2
165,11,29,11.8,4.0
165,11,30,11.8,3.8
165,12,1,11.5,3.5
165,12,2,11.0,3.1
165,12,3,10.5,2.6
165,12,4,9.9,2.1
165,12,5,9.4,1.8
165,12,6,9.1,1.6
165,12,7,8.9,1.3
165,12,8,8.9,1.3
165,12,9,8.9,1.3
165,12,10,8.6,1.2
165,12,11,8.6,1.2
165,12,12,8.3,1.1
165,12,13,8.2,0.9
165,12,14,8.1,0.7
165,12,15,8.0,0.6
165,12,16,7.9,0.3
165,12,17,7.9,0.2
165,12,18,7.9,0.3
165,12,19,7.9,0.4
165,12,20,8.3,0.5
165,12,21,8.4,0.7
165,12,22,8.4,0.8
165,12,23,8.3,0.6
165,12,24,8.0,0.4
165,12,25,7.5,0.1
165,12,26,7.1,-0.3
165,12,27,6.8,-0.6
165,12,28,6.6,-0.8
165,12,29,6.4,-1.0
165,12,30,6.4,-1.1
165,12,31,6.6,-1.0
172,1,1,4.7,-4.5
172,1,2,4.6,-4.7
172,1,3,5.0,-4.6
172,1,4,5.3,-4.6
172,1,5,5.2,-4.5
172,1,6,5.3,-4.1
172,1,7,5.0,-3.8
172,1,8,4.7,-3.7
172,1,9,4.1,-4.0
172,1,10,3.7,-4.1
172,1,11,3.6,-4.6
172,1,12,3.8,-5.0
172,1,13,4.2,-5.1
172,1,14,4.4,-5.0
172,1,15,4.6,-5.0
172,1,16,4.7,-5.0
172,1,17,4.8,-4.7
172,1,18,4.8,-4.2
172,1,19,4.7,-3.7
172,1,20,4.6,-3.5
172,1,21,4.3,-3.3
172,1,22,3.9,-3.7
172,1,23,3.6,-4.3
172,1,24,3.4,-5.0
172,1,25,3.4,-5.4
172,1,26,3.8,-5.3
172,1,27,4.3,-4.8
172,1,28,4.7,-4.5
172,1,29,5.1,-4.2
172,1,30,5.5,-3.8
172,1,31,5.6,-3.9
172,2,1,5.5,-4.2
172,2,2,5.5,-4.3
172,2,3,5.3,-4.2
172,2,4,4.8,-4.2
172,2,5,4.7,-4.4
172,2,6,4.2,-4.4
172,2,7,3.9,-4.4
172,2,8,4.1,-4.4
172,2,9,4.4,-4.3
172,2,10,4.6,-3.7
172,2,11,5.4,-3.3
172,2,12,6.4,-2.8
172,2,13,6.8,-2.5
172,2,14,7.0,-2.4
172,2,15,6.9,-2.3
172,2,16,6.5,-2.3
172,2,17,6.4,-2.6
172,2,18,6.7,-2.8
172,2,19,7.0,-2.9
172,2,20,7.9,-2.8
172,2,21,8.7,-2.5
172,2,22,9.3,-2.3
172,2,23,9.6,-1.9
172,2,24,10.0,-1.6
172,2,25,10.3,-1.3
172,2,26,10.8,-1.1
172,2,27,10.4,-0.6
172,2,28,10.1,-0.8
172,2,29,10.3,-0.7
172,3,1,10.4,-0.7
172,3,2,10.3,-0.4
172,3,3,10.3,-0.4
172,3,4,10.8,-0.5
172,3,5,11.1,-0.1
172,3,6,10.9,-0.2
172,3,7,11.0,-0.7
172,3,8,10.3,-1.0
172,3,9,10.1,-1.3
172,3,10,10.8,-1.6
172,3,11,10.9,-1.0
172,3,12,11.1,-0.8
172,3,13,12.0,-0.5
172,3,14,12.6,0.4
172,3,15,13.0,0.9
172,3,16,13.4,1.1
172,3,17,14.1,1.9
172,3,18,14.3,2.4
172,3,19,14.0,2.3
172,3,20,13.3,2.0
172,3,21,12.9,1.6
172,3,22,12.3,0.7
172,3,23,12.2,0.5
172,3,24,12.6,0.4
172,3,25,13.4,0.7
172,3,26,14.4,0.9
172,3,27,15.1,1.8
172,3,28,15.9,2.2
172,3,29,16.4,2.8
172,3,30,16.6,3.1
172,3,31,16.8,3.9
172,4,1,16.9,4.0
172,4,2,16.9,4.0
172,4,3,16.7,4.1
172,4,4,16.4,3.9
172,4,5,15.8,3.7
172,4,6,15.9,3.5
172,4,7,16.1,3.9
172,4,8,16.5,4.2
172,4,9,16.6,4.7
172,4,10,17.3,4.5
172,4,11,17.2,4.9
172,4,12,17.1,4.9
172,4,13,17.7,4.6
172,4,14,18.8,4.8
172,4,15,19.1,5.5
172,4,16,19.4,5.7
172,4,17,19.4,6.0
172,4,18,19.0,6.6
172,4,19,18.6,6.8
172,4,20,18.7,7.1
172,4,21,18.8,7.4
172,4,22,19.3,7.6
172,4,23,19.8,7.7
172,4,24,19.8,7.7
172,4,25,19.8,7.5
172,4,26,20.1,7.8
172,4,27,20.2,8.0
172,4,28,20.6,8.7
172,4,29,21.2,9.6
172,4,30,22.0,10.4
172,5,1,22.1,10.5
172,5,2,22.5,10.4
172,5,3,22.5,9.9
172,5,4,22.4,9.4
172,5,5,22.5,9.2
172,5,6,23.1,9.2
172,5,7,23.1,9.8
172,5,8,22.6,10.4
172,5,9,22.9,11.1
172,5,10,22.6,11.7
172,5,11,22.4,12.2
172,5,12,22.9,12.4
172,5,13,23.4,12.6
172,5,14,23.6,12.7
172,5,15,24.3,12.6
172,5,16,24.6,12.6
172,5,17,24.5,12.7
172,5,18,24.5,12.5
172,5,19,24.7,12.1
172,5,20,24.9,12.2
172,5,21,25.2,12.6
172,5,22,25.6,12.6
172,5,23,26.0,12.9
172,5,24,26.1,13.6
172,5,25,25.8,13.7
172,5,26,25.8,13.8
172,5,27,26.1,14.0
172,5,28,26.2,14.2
172,5,29,26.2,14.4
172,5,30,26.3,14.6
172,5,31,26.4,14.7
172,6,1,26.3,14.8
172,6,2,26.4,15.0
172,6,3,26.9,15.3
172,6,4,27.0,15.7
172,6,5,26.9,16.2
172,6,6,26.7,16.7
172,6,7,26.8,17.0
172,6,8,26.8,17.4
172,6,9,26.8,17.7
172,6,10,26.9,18.0
172,6,11,27.1,18.1
172,6,12,26.8,18.2
172,6,13,26.6,18.0
172,6,14,26.8,17.9
172,6,15,27.0,17.7
172,6,16,27.0,17.8
172,6,17,27.4,18.0
172,6,18,27.4,18.1
172,6,19,27.6,18.3
172,6,20,27.7,18.7
172,6,21,28.0,18.9
172,6,22,27.8,19.1
172,6,23,28.1,19.3
172,6,24,27.8,19.4
172,6,25,27.8,19.5
172,6,26,27.7,19.5
172,6,27,27.8,19.6
172,6,28,27.5,20.0
172,6,29,27.8,20.2
172,6,30,27.9,20.3
172,7,1,27.5,20.7
172,7,2,27.4,20.7
172,7,3,27.8,20.8
172,7,4,27.6,20.8
172,7,5,27.5,21.0
172,7,6,27.9,21.1
172,7,7,28.4,21.3
172,7,8,28.5,21.6
172,7,9,28.8,22.0
172,7,10,28.9,22.2
172,7,11,29.0,22.3
172,7,12,28.9,22.4
172,7,13,28.9,22.4
172,7,14,29.1,22.2
172,7,15,29.2,22.2
172,7,16,29.3,22.1
172,7,17,29.7,22.1
172,7,18,30.2,22.3
172,7,19,30.5,22.5
172,7,20,30.9,23.0
172,7,21,31.0,23.5
172,7,22,31.0,23.8
172,7,23,30.9,24.0
172,7,24,30.9,24.0
172,7,25,31.0,23.8
172,7,26,31.1,23.7
172,7,27,31.3,23.8
172,7,28,31.7,24.0
172,7,29,31.9,24.2
172,7,30,32.2,24.4
172,7,31,32.4,24.6
172,8,1,32.5,24.5
172,8,2,32.6,24.4
172,8,3,32.8,24.2
172,8,4,32.9,24.3
172,8,5,32.9,24.3
172,8,6,32.8,24.2
172,8,7,32.6,24.1
172,8,8,32.1,24.1
172,8,9,31.7,23.9
172,8,10,31.6,23.7
172,8,11,31.2,23.5
172,8,12,31.1,23.4
172,8,13,31.1,23.2
172,8,14,31.1,23.2
172,8,15,30.9,23.1
172,8,16,31.1,22.9
172,8,17,31.0,22.7
172,8,18,30.6,22.6
172,8,19,30.6,22.4
172,8,20,30.6,22.4
172,8,21,30.3,22.3
172,8,22,29.9,22.3
172,8,23,29.9,22.3
172,8,24,29.6,22.0
172,8,25,29.2,21.6
172,8,26,29.0,21.5
172,8,27,29.1,21.3
172,8,28,28.7,20.8
172,8,29,28.6,20.5
172,8,30,28.7,20.2
172,8,31,28.4,19.9
172,9,1,28.1,19.6
172,9,2,28.2,19.4
172,9,3,27.8,19.2
172,9,4,27.2,19.0
172,9,5,27.1,18.6
172,9,6,27.0,18.3
172,9,7,26.6,17.8
172,9,8,26.8,17.7
172,9,9,26.9,17.5
172,9,10,26.8,17.7
172,9,11,26.8,17.7
172,9,12,27.0,17.8
172,9,13,27.0,17.8
172,9,14,26.8,17.9
172,9,15,26.8,17.6
172,9,16,26.5,17.2
172,9,17,26.2,16.8
172,9,18,25.7,16.2
172,9,19,25.5,15.4
172,9,20,25.5,14.8
172,9,21,25.5,14.4
172,9,22,25.5,14.2
172,9,23,25.7,14.1
172,9,24,26.0,14.2
172,9,25,26.1,14.3
172,9,26,26.1,14.4
172,9,27,25.8,14.7
172,9,28,25.3,14.9
172,9,29,24.6,14.9
172,9,30,23.9,14.8
172,10,1,23.4,14.4
172,10,2,23.6,13.7
172,10,3,23.2,13.2
172,10,4,23.1,12.6
172,10,5,23.1,12.2
172,10,6,23.1,12.0
172,10,7,22.6,11.8
172,10,8,22.7,11.5
172,10,9,22.5,11.2
172,10,10,22.0,10.7
172,10,11,21.8,10.1
172,10,12,21.6,9.8
172,10,13,21.2,9.4
172,10,14,20.8,9.0
172,10,15,20.8,8.8
172,10,16,20.6,8.5
172,10,17,20.8,8.2
172,10,18,21.0,8.2
172,10,19,21.4,8.4
172,10,20,21.7,8.8
172,10,21,21.4,9.2
172,10,22,20.8,9.4
172,10,23,20.4,9.1
172,10,24,19.8,8.6
172,10,25,19.1,8.1
172,10,26,19.1,7.5
172,10,27,18.8,7.2
172,10,28,18.0,6.9
172,10,29,17.7,6.5
172,10,30,17.3,6.0
172,10,31,17.0,5.8
172,11,1,17.1,5.5
172,11,2,17.4,5.5
172,11,3,17.7,5.5
172,11,4,18.1,5.9
172,11,5,18.1,6.4
172,11,6,17.7,6.7
172,11,7,17.3,6.8
172,11,8,16.8,7.0
172,11,9,16.1,6.5
172,11,10,15.7,5.8
172,11,11,15.4,5.1
172,11,12,15.0,4.9
172,11,13,14.7,4.3
172,11,14,14.7,4.0
172,11,15,14.7,4.2
172,11,16,14.7,4.6
172,11,17,14.6,4.6
172,11,18,13.9,4.6
172,11,19,13.5,4.2
172,11,20,13.0,3.5
172,11,21,12.5,2.8
172,11,22,12.1,2.6
172,11,23,12.1,2.3
172,11,24,11.8,2.3
172,11,25,11.5,2.2
172,11,26,11.3,2.0
172,11,27,11.3,1.7
172,11,28,11.3,1.7
172,11,29,10.8,1.6
172,11,30,10.4,1.2
172,12,1,10.2,0.9
172,12,2,9.7,0.6
172,12,3,9.0,0.2
172,12,4,8.5,-0.5
172,12,5,8.1,-1.0
172,12,6,7.2,-1.7
172,12,7,6.8,-2.3
172,12,8,6.9,-2.1
172,12,9,7.0,-1.5
172,12,10,6.8,-1.2
172,12,11,7.1,-1.1
172,12,12,7.1,-1.0
172,12,13,6.9,-1.3
172,12,14,6.5,-1.9
172,12,15,6.0,-2.1
172,12,16,5.7,-2.5
172,12,17,5.5,-2.5
172,12,18,5.5,-2.4
172,12,19,6.1,-2.3
172,12,20,7.0,-2.2
172,12,21,7.2,-1.8
172,12,22,7.2,-1.9
172,12,23,6.9,-2.4
172,12,24,6.2,-2.6
172,12,25,5.2,-2.9
172,12,26,4.6,-3.5
172,12,27,4.4,-3.9
172,12,28,4.4,-3.8
172,12,29,4.1,-4.3
172,12,30,4.3,-4.4
172,12,31,4.6,-4.4
184,1,1,9.6,4.4
184,1,2,9.5,4.3
184,1,3,9.5,4.2
184,1,4,9.6,4.2
184,1,5,9.5,4.2
184,1,6,9.3,4.0
184,1,7,9.1,4.1
184,1,8,8.9,4.2
184,1,9,8.6,4.1
184,1,10,8.5,4.0
184,1,11,8.4,4.0
184,1,12,8.4,4.0
184,1,13,8.4,3.9
184,1,14,8.4,3.9
184,1,15,8.4,3.8
184,1,16,8.4,3.7
184,1,17,8.4,3.7
184,1,18,8.5,3.8
184,1,19,8.5,3.6
184,1,20,8.4,3.6
184,1,21,8.3,3.6
184,1,22,8.1,3.3
184,1,23,7.9,3.1
184,1,24,7.8,3.1
184,1,25,7.7,3.0
184,1,26,7.9,3.0
184,1,27,8.1,3.2
184,1,28,8.2,3.3
184,1,29,8.4,3.3
184,1,30,8.5,3.3
184,1,31,8.2,3.3
184,2,1,8.1,3.0
184,2,2,8.2,3.0
184,2,3,8.2,3.0
184,2,4,8.4,3.2
184,2,5,8.8,3.3
184,2,6,8.8,3.5
184,2,7,8.8,3.4
184,2,8,8.8,3.4
184,2,9,8.9,3.3
184,2,10,9.0,3.4
184,2,11,9.4,3.5
184,2,12,9.9,3.8
184,2,13,10.1,4.0
184,2,14,10.2,4.0
184,2,15,10.0,4.0
184,2,16,9.8,3.9
184,2,17,9.6,3.9
184,2,18,9.7,3.8
184,2,19,9.9,4.0
184,2,20,10.4,4.1
184,2,21,10.7,4.2
184,2,22,10.9,4.3
184,2,23,11.1,4.6
184,2,24,11.2,4.8
184,2,25,11.3,5.0
184,2,26,11.6,5.3
184,2,27,11.7,5.5
184,2,28,11.5,5.3
184,2,29,11.6,5.3
184,3,1,11.6,5.3
184,3,2,11.6,5.3
184,3,3,11.6,5.3
184,3,4,11.8,5.4
184,3,5,11.9,5.5
184,3,6,11.9,5.5
184,3,7,12.0,5.6
184,3,8,12.0,5.6
184,3,9,12.0,5.5
184,3,10,12.2,5.5
184,3,11,12.5,5.6
184,3,12,12.7,5.7
184,3,13,13.0,5.9
184,3,14,13.4,6.3
184,3,15,13.8,6.5
184,3,16,14.0,6.9
184,3,17,14.2,7.0
184,3,18,14.4,7.2
184,3,19,14.6,7.2
184,3,20,14.4,7.3
184,3,21,14.2,7.3
184,3,22,13.9,7.3
184,3,23,13.6,7.2
184,3,24,13.5,7.2
184,3,25,13.8,7.4
184,3,26,14.1,7.5
184,3,27,14.4,7.8
184,3,28,14.8,8.0
184,3,29,15.1,8.2
184,3,30,15.2,8.3
184,3,31,15.4,8.5
184,4,1,15.6,8.5
184,4,2,15.7,8.7
184,4,3,16.0,8.8
184,4,4,16.2,9.0
184,4,5,16.3,9.2
184,4,6,16.6,9.5
184,4,7,16.8,9.8
184,4,8,16.8,9.9
184,4,9,16.8,10.1
184,4,10,17.0,10.2
184,4,11,17.0,10.2
184,4,12,17.1,10.0
184,4,13,17.3,10.1
184,4,14,17.6,10.2
184,4,15,17.9,10.4
184,4,16,18.4,10.8
184,4,17,18.7,11.1
184,4,18,18.8,11.3
184,4,19,18.8,11.6
184,4,20,18.9,11.7
184,4,21,18.9,11.8
184,4,22,18.9,11.8
184,4,23,19.1,11.8
184,4,24,19.2,11.8
184,4,25,19.1,11.7
184,4,26,19.3,11.9
184,4,27,19.7,12.2
184,4,28,20.0,12.7
184,4,29,20.2,13.0
184,4,30,20.6,13.4
184,5,1,20.9,13.7
184,5,2,20.9,13.7
184,5,3,21.1,13.7
184,5,4,21.4,13.7
184,5,5,21.5,13.9
184,5,6,21.4,14.0
184,5,7,21.4,14.1
184,5,8,21.3,14.2
184,5,9,21.2,14.1
184,5,10,21.1,14.1
184,5,11,21.3,14.1
184,5,12,21.4,14.2
184,5,13,21.7,14.4
184,5,14,21.8,14.6
184,5,15,22.0,14.8
184,5,16,22.3,14.9
184,5,17,22.2,15.0
184,5,18,22.2,15.0
184,5,19,22.4,15.2
184,5,20,22.5,15.3
184,5,21,22.5,15.6
184,5,22,22.8,15.8
184,5,23,23.0,16.1
184,5,24,23.0,16.3
184,5,25,23.0,16.4
184,5,26,22.9,16.4
184,5,27,23.1,16.5
184,5,28,23.0,16.5
184,5,29,23.1,16.4
184,5,30,23.2,16.5
184,5,31,23.4,16.7
184,6,1,23.4,16.8
184,6,2,23.6,17.0
184,6,3,23.7,17.3
184,6,4,23.7,17.5
184,6,5,23.8,17.6
184,6,6,23.9,17.7
184,6,7,24.1,17.9
184,6,8,24.4,18.1
184,6,9,24.5,18.3
184,6,10,24.6,18.6
184,6,11,24.8,18.7
184,6,12,24.8,18.8
184,6,13,24.6,18.8
184,6,14,24.5,18.8
184,6,15,24.5,18.8
184,6,16,24.6,19.0
184,6,17,24.7,19.2
184,6,18,24.9,19.3
184,6,19,25.0,19.5
184,6,20,25.1,19.7
184,6,21,25.2,19.8
184,6,22,25.4,19.9
184,6,23,25.5,20.1
184,6,24,25.6,20.3
184,6,25,25.8,20.5
184,6,26,26.0,20.6
184,6,27,26.3,20.8
184,6,28,26.6,21.1
184,6,29,26.9,21.3
184,6,30,27.3,21.6
184,7,1,27.6,21.9
184,7,2,27.8,22.1
184,7,3,27.8,22.2
184,7,4,27.7,22.1
184,7,5,27.5,22.0
184,7,6,27.4,21.9
184,7,7,27.5,22.0
184,7,8,27.6,22.1
184,7,9,27.9,22.4
184,7,10,28.2,22.8
184,7,11,28.4,23.0
184,7,12,28.6,23.2
184,7,13,28.9,23.4
184,7,14,29.1,23.5
184,7,15,29.2,23.7
184,7,16,29.3,23.8
184,7,17,29.6,23.9
184,7,18,29.8,24.2
184,7,19,30.1,24.3
184,7,20,30.3,24.4
184,7,21,30.5,24.6
184,7,22,30.4,24.8
184,7,23,30.5,24.7
184,7,24,30.3,24.7
184,7,25,30.2,24.7
184,7,26,30.3,24.8
184,7,27,30.5,24.8
184,7,28,30.7,25.0
184,7,29,31.0,25.2
184,7,30,31.3,25.4
184,7,31,31.4,25.6
184,8,1,31.4,25.7
184,8,2,31.3,25.7
184,8,3,31.2,25.6
184,8,4,31.1,25.6
184,8,5,31.0,25.5
184,8,6,31.0,25.5
184,8,7,30.9,25.5
184,8,8,30.8,25.5
184,8,9,30.7,25.4
184,8,10,30.7,25.4
184,8,11,30.5,25.3
184,8,12,30.3,25.3
184,8,13,30.4,25.2
184,8,14,30.3,25.2
184,8,15,30.2,25.1
184,8,16,30.1,25.0
184,8,17,30.1,24.9
184,8,18,30.0,24.9
184,8,19,30.1,24.8
184,8,20,30.0,24.7
184,8,21,29.8,24.5
184,8,22,29.8,24.4
184,8,23,29.7,24.3
184,8,24,29.5,24.3
184,8,25,29.3,24.1
184,8,26,29.3,24.0
184,8,27,29.1,23.8
184,8,28,28.9,23.6
184,8,29,28.7,23.3
184,8,30,28.5,23.2
184,8,31,28.3,23.1
184,9,1,28.2,23.0
184,9,2,28.1,22.9
184,9,3,28.1,22.8
184,9,4,27.8,22.7
184,9,5,27.5,22.5
184,9,6,27.3,22.2
184,9,7,27.2,22.0
184,9,8,26.9,21.8
184,9,9,27.0,21.6
184,9,10,26.7,21.5
184,9,11,26.5,21.4
184,9,12,26.4,21.3
184,9,13,26.2,21.3
184,9,14,26.0,21.2
184,9,15,26.0,21.0
184,9,16,26.0,20.9
184,9,17,26.0,20.8
184,9,18,26.0,20.6
184,9,19,25.9,20.5
184,9,20,25.6,20.2
184,9,21,25.4,20.0
184,9,22,25.2,19.8
184,9,23,24.9,19.7
184,9,24,24.9,19.6
184,9,25,24.8,19.5
184,9,26,24.7,19.4
184,9,27,24.6,19.3
184,9,28,24.4,19.2
184,9,29,24.3,19.1
184,9,30,24.3,18.8
184,10,1,24.1,18.5
184,10,2,24.0,18.3
184,10,3,23.8,18.0
184,10,4,23.5,17.6
184,10,5,23.2,17.5
184,10,6,23.0,17.4
184,10,7,22.9,17.1
184,10,8,23.0,17.1
184,10,9,23.0,17.0
184,10,10,22.8,16.8
184,10,11,22.6,16.7
184,10,12,22.5,16.6
184,10,13,22.2,16.3
184,10,14,21.9,16.0
184,10,15,21.7,15.7
184,10,16,21.6,15.5
184,10,17,21.4,15.3
184,10,18,21.3,15.2
184,10,19,21.4,15.2
184,10,20,21.4,15.4
184,10,21,21.2,15.3
184,10,22,21.0,15.2
184,10,23,20.8,14.9
184,10,24,20.3,14.7
184,10,25,20.1,14.2
184,10,26,19.9,13.9
184,10,27,19.7,13.7
184,10,28,19.3,13.5
184,10,29,19.2,13.3
184,10,30,18.9,13.0
184,10,31,18.6,12.7
184,11,1,18.5,12.4
184,11,2,18.5,12.1
184,11,3,18.6,12.1
184,11,4,18.8,12.3
184,11,5,19.1,12.5
184,11,6,19.0,12.5
184,11,7,18.8,12.5
184,11,8,18.5,12.5
184,11,9,18.0,12.2
184,11,10,17.5,11.9
184,11,11,17.4,11.6
184,11,12,17.2,11.5
184,11,13,16.8,11.1
184,11,14,16.5,10.7
184,11,15,16.3,10.5
184,11,16,15.9,10.3
184,11,17,15.6,10.0
184,11,18,15.4,9.7
184,11,19,15.3,9.4
184,11,20,15.0,9.1
184,11,21,14.9,8.8
184,11,22,15.0,8.6
184,11,23,15.0,8.7
184,11,24,15.0,8.8
184,11,25,14.7,8.7
184,11,26,14.5,8.6
184,11,27,14.2,8.4
184,11,28,14.1,8.3
184,11,29,13.8,8.0
184,11,30,13.8,7.9
184,12,1,13.6,7.8
184,12,2,13.3,7.5
184,12,3,12.9,7.1
184,12,4,12.5,6.8
184,12,5,12.1,6.6
184,12,6,11.9,6.2
184,12,7,11.7,6.0
184,12,8,11.7,6.1
184,12,9,11.7,6.1
184,12,10,11.5,5.9
184,12,11,11.4,5.9
184,12,12,11.2,5.9
184,12,13,11.0,5.6
184,12,14,10.9,5.5
184,12,15,10.8,5.4
184,12,16,10.5,5.3
184,12,17,10.5,5.2
184,12,18,10.5,5.3
184,12,19,10.6,5.5
184,12,20,10.8,5.5
184,12,21,11.0,5.7
184,12,22,11.0,5.8
184,12,23,10.9,5.6
184,12,24,10.5,5.3
184,12,25,10.1,5.1
184,12,26,9.7,4.7
184,12,27,9.5,4.5
184,12,28,9.4,4.4
184,12,29,9.3,4.2
184,12,30,9.3,4.2
184,12,31,9.5,4.3
201,1,1,2.0,-7.6
201,1,2,2.0,-7.7
201,1,3,2.0,-7.8
201,1,4,1.9,-7.8
201,1,5,1.8,-8.0
201,1,6,1.7,-7.9
201,1,7,1.6,-7.9
201,1,8,1.6,-7.9
201,1,9,1.5,-8.2
201,1,10,1.4,-8.3
201,1,11,1.2,-8.4
201,1,12,1.2,-8.5
201,1,13,1.3,-8.5
201,1,14,1.5,-8.2
201,1,15,1.6,-8.1
201,1,16,1.9,-8.0
201,1,17,2.0,-8.0
201,1,18,2.1,-7.8
201,1,19,2.0,-7.9
201,1,20,1.9,-7.9
201,1,21,1.7,-8.0
201,1,22,1.4,-8.3
201,1,23,1.2,-8.6
201,1,24,1.3,-8.7
201,1,25,1.4,-8.8
201,1,26,1.6,-8.8
201,1,27,1.9,-8.5
201,1,28,2.2,-8.3
201,1,29,2.3,-8.1
201,1,30,2.3,-8.0
201,1,31,2.2,-8.2
201,2,1,2.2,-8.2
201,2,2,2.2,-8.2
201,2,3,2.2,-8.2
201,2,4,2.4,-7.9
201,2,5,2.7,-7.6
201,2,6,2.8,-7.4
201,2,7,2.8,-7.3
201,2,8,3.0,-7.1
201,2,9,3.1,-7.1
201,2,10,3.1,-6.9
201,2,11,3.7,-6.6
201,2,12,4.2,-6.1
201,2,13,4.4,-5.7
201,2,14,4.4,-5.6
201,2,15,4.5,-5.6
201,2,16,4.5,-5.6
201,2,17,4.5,-5.7
201,2,18,4.8,-5.8
201,2,19,5.1,-5.4
201,2,20,5.5,-5.1
201,2,21,5.6,-4.8
201,2,22,5.9,-4.6
201,2,23,6.1,-4.2
201,2,24,6.5,-4.1
201,2,25,6.8,-3.8
201,2,26,7.1,-3.4
201,2,27,7.2,-3.1
201,2,28,7.1,-3.1
201,2,29,7.2,-3.0
201,3,1,7.2,-3.0
201,3,2,7.4,-2.7
201,3,3,7.6,-2.6
201,3,4,7.6,-2.5
201,3,5,7.8,-2.1
201,3,6,7.8,-2.0
201,3,7,8.0,-2.1
201,3,8,8.0,-1.9
201,3,9,8.1,-2.0
201,3,10,8.3,-2.0
201,3,11,8.6,-1.8
201,3,12,8.7,-1.5
201,3,13,9.2,-1.5
201,3,14,9.7,-1.0
201,3,15,10.1,-0.8
201,3,16,10.5,-0.3
201,3,17,10.8,-0.1
201,3,18,11.1,0.2
201,3,19,11.3,0.4
201,3,20,11.3,0.6
201,3,21,11.2,0.5
201,3,22,10.9,0.6
201,3,23,10.6,0.6
201,3,24,10.7,0.5
201,3,25,10.9,0.6
201,3,26,11.2,0.7
201,3,27,11.6,0.8
201,3,28,12.0,1.0
201,3,29,12.2,1.4
201,3,30,12.5,1.7
201,3,31,12.7,2.1
201,4,1,13.0,2.3
201,4,2,13.5,2.4
201,4,3,13.8,2.7
201,4,4,13.9,2.8
201,4,5,14.2,3.1
201,4,6,14.4,3.4
201,4,7,14.7,3.8
201,4,8,14.8,4.1
201,4,9,15.2,4.4
201,4,10,15.4,4.6
201,4,11,15.5,4.8
201,4,12,15.4,4.9
201,4,13,15.5,4.8
201,4,14,15.5,4.9
201,4,15,15.9,4.9
201,4,16,16.3,5.2
201,4,17,16.8,5.5
201,4,18,17.1,5.9
201,4,19,17.3,6.3
201,4,20,17.3,6.7
201,4,21,17.3,6.9
201,4,22,17.4,6.9
201,4,23,17.4,6.9
201,4,24,17.4,6.7
201,4,25,17.5,6.6
201,4,26,17.6,6.6
201,4,27,17.8,6.9
201,4,28,18.3,7.4
201,4,29,18.9,8.2
201,4,30,19.5,8.9
201,5,1,19.9,9.3
201,5,2,20.2,9.5
201,5,3,20.5,9.4
201,5,4,20.4,9.4
201,5,5,20.3,9.4
201,5,6,20.4,9.4
201,5,7,20.5,9.6
201,5,8,20.2,9.8
201,5,9,20.3,9.8
201,5,10,20.1,9.9
201,5,11,19.9,10.1
201,5,12,20.1,10.2
201,5,13,20.4,10.4
201,5,14,20.6,10.6
201,5,15,21.0,10.8
201,5,16,21.2,10.9
201,5,17,21.1,11.0
201,5,18,21.1,11.0
201,5,19,21.5,11.1
201,5,20,21.7,11.3
201,5,21,22.0,11.5
201,5,22,22.4,11.8
201,5,23,22.4,12.1
201,5,24,22.5,12.3
201,5,25,22.6,12.3
201,5,26,22.8,12.5
201,5,27,23.0,12.6
201,5,28,23.3,12.7
201,5,29,23.5,12.9
201,5,30,23.8,13.0
201,5,31,23.8,13.2
201,6,1,23.9,13.3
201,6,2,24.0,13.6
201,6,3,24.1,13.8
201,6,4,24.2,14.2
201,6,5,24.4,14.5
201,6,6,24.5,14.6
201,6,7,24.9,14.9
201,6,8,24.9,15.2
201,6,9,25.0,15.4
201,6,10,25.0,15.6
201,6,11,25.1,15.8
201,6,12,25.1,15.9
201,6,13,25.3,16.0
201,6,14,25.5,16.0
201,6,15,25.7,16.2
201,6,16,25.8,16.4
201,6,17,25.8,16.6
201,6,18,25.7,16.7
201,6,19,25.7,17.0
201,6,20,25.9,17.1
201,6,21,26.0,17.2
201,6,22,25.9,17.3
201,6,23,26.1,17.5
201,6,24,26.0,17.6
201,6,25,25.8,17.8
201,6,26,26.0,18.0
201,6,27,26.1,18.2
201,6,28,26.0,18.4
201,6,29,26.0,18.6
201,6,30,26.1,18.9
201,7,1,26.0,19.0
201,7,2,26.2,19.2
201,7,3,26.4,19.2
201,7,4,26.7,19.2
201,7,5,27.0,19.2
201,7,6,27.2,19.3
201,7,7,27.3,19.4
201,7,8,27.3,19.6
201,7,9,27.3,19.8
201,7,10,27.1,19.9
201,7,11,27.1,20.0
201,7,12,27.1,20.1
201,7,13,27.0,20.2
201,7,14,26.9,20.2
201,7,15,26.9,20.2
201,7,16,27.2,20.3
201,7,17,27.3,20.5
201,7,18,27.6,20.6
201,7,19,27.9,21.0
201,7,20,28.2,21.2
201,7,21,28.3,21.3
201,7,22,28.2,21.4
201,7,23,28.3,21.6
201,7,24,28.4,21.6
201,7,25,28.4,21.7
201,7,26,28.5,21.8
201,7,27,28.7,22.0
201,7,28,28.8,22.1
201,7,29,28.9,22.3
201,7,30,29.1,22.4
201,7,31,29.3,22.5
201,8,1,29.4,22.5
201,8,2,29.5,22.5
201,8,3,29.8,22.5
201,8,4,29.9,22.4
201,8,5,29.9,22.4
201,8,6,29.9,22.3
201,8,7,30.1,22.3
201,8,8,29.9,22.3
201,8,9,29.9,22.2
201,8,10,29.9,22.1
201,8,11,29.9,22.1
201,8,12,29.7,22.0
201,8,13,29.7,22.0
201,8,14,29.5,21.9
201,8,15,29.4,21.8
201,8,16,29.3,21.6
201,8,17,29.1,21.4
201,8,18,29.0,21.2
201,8,19,28.8,21.1
201,8,20,28.7,20.9
201,8,21,28.5,20.5
201,8,22,28.4,20.2
201,8,23,28.1,20.0
201,8,24,28.1,19.7
201,8,25,27.9,19.6
201,8,26,27.7,19.5
201,8,27,27.7,19.5
201,8,28,27.7,19.4
201,8,29,27.7,19.2
201,8,30,27.7,19.1
201,8,31,27.8,19.1
201,9,1,27.7,18.9
201,9,2,27.6,18.7
201,9,3,27.3,18.4
201,9,4,27.0,18.1
201,9,5,26.8,17.7
201,9,6,26.7,17.5
201,9,7,26.5,17.2
201,9,8,26.5,17.1
201,9,9,26.3,17.0
201,9,10,26.1,16.8
201,9,11,25.9,16.5
201,9,12,25.9,16.4
201,9,13,25.8,16.3
201,9,14,25.8,16.1
201,9,15,25.9,16.0
201,9,16,25.8,15.9
201,9,17,25.6,15.5
201,9,18,25.3,15.2
201,9,19,25.0,14.7
201,9,20,24.7,14.2
201,9,21,24.5,13.9
201,9,22,24.4,13.8
201,9,23,24.4,13.5
201,9,24,24.4,13.5
201,9,25,24.4,13.5
201,9,26,24.1,13.4
201,9,27,23.8,13.1
201,9,28,23.5,13.0
201,9,29,23.1,12.7
201,9,30,22.7,12.4
201,10,1,22.5,12.1
201,10,2,22.2,11.7
201,10,3,22.0,11.2
201,10,4,21.9,10.8
201,10,5,21.8,10.6
201,10,6,21.8,10.3
201,10,7,21.7,10.2
201,10,8,21.6,10.2
201,10,9,21.4,10.1
201,10,10,21.2,9.8
201,10,11,21.0,9.5
201,10,12,20.6,9.1
201,10,13,20.2,8.7
201,10,14,19.8,8.3
201,10,15,19.7,7.9
201,10,16,19.4,7.6
201,10,17,19.4,7.5
201,10,18,19.5,7.5
201,10,19,19.5,7.4
201,10,20,19.4,7.4
201,10,21,19.1,7.4
201,10,22,18.8,7.3
201,10,23,18.4,7.1
201,10,24,17.8,6.8
201,10,25,17.4,6.3
201,10,26,17.1,6.0
201,10,27,16.7,5.5
201,10,28,16.2,4.9
201,10,29,16.1,4.4
201,10,30,15.7,4.2
201,10,31,15.2,3.8
201,11,1,15.2,3.5
201,11,2,15.2,3.5
201,11,3,15.2,3.6
201,11,4,15.5,3.9
201,11,5,15.5,4.1
201,11,6,15.2,4.2
201,11,7,14.8,4.2
201,11,8,14.2,4.1
201,11,9,13.6,3.7
201,11,10,13.3,3.3
201,11,11,13.1,3.2
201,11,12,12.7,2.9
201,11,13,12.2,2.3
201,11,14,11.7,1.7
201,11,15,11.3,1.3
201,11,16,10.6,0.6
201,11,17,10.3,0.0
201,11,18,10.0,-0.3
201,11,19,9.6,-0.6
201,11,20,9.4,-0.9
201,11,21,9.4,-1.0
201,11,22,9.2,-0.8
201,11,23,9.2,-0.9
201,11,24,9.1,-0.9
201,11,25,8.8,-1.1
201,11,26,8.5,-1.2
201,11,27,8.1,-1.4
201,11,28,7.9,-1.7
201,11,29,7.8,-1.8
201,11,30,7.6,-2.1
201,12,1,7.2,-2.6
201,12,2,6.8,-3.2
201,12,3,6.2,-3.6
201,12,4,5.7,-4.2
201,12,5,5.2,-4.4
201,12,6,4.9,-4.5
201,12,7,4.8,-4.6
201,12,8,4.8,-4.6
201,12,9,4.8,-4.5
201,12,10,4.6,-4.9
201,12,11,4.4,-5.3
201,12,12,4.1,-5.6
201,12,13,3.7,-5.8
201,12,14,3.5,-6.1
201,12,15,3.3,-6.2
201,12,16,3.1,-6.3
201,12,17,3.1,-6.3
201,12,18,3.3,-6.5
201,12,19,3.5,-6.4
201,12,20,3.9,-6.0
201,12,21,4.3,-5.9
201,12,22,4.2,-5.7
201,12,23,4.0,-5.8
201,12,24,3.5,-6.1
201,12,25,2.8,-6.7
201,12,26,2.4,-7.1
201,12,27,2.1,-7.5
201,12,28,1.8,-7.7
201,12,29,1.7,-7.8
201,12,30,1.9,-7.7
201,12,31,2.0,-7.6
216,1,1,1.3,-9.0
216,1,2,1.2,-9.0
216,1,3,1.1,-9.1
216,1,4,1.1,-9.1
216,1,5,1.2,-9.3
216,1,6,1.1,-9.5
216,1,7,1.0,-9.5
216,1,8,1.1,-9.4
216,1,9,0.8,-9.5
216,1,10,0.5,-9.4
216,1,11,0.4,-9.5
216,1,12,0.3,-9.7
216,1,13,0.4,-9.8
216,1,14,0.5,-9.8
216,1,15,0.7,-9.7
216,1,16,0.8,-9.6
216,1,17,1.0,-9.7
216,1,18,1.0,-9.5
216,1,19,0.9,-9.5
216,1,20,0.7,-9.5
216,1,21,0.5,-9.7
216,1,22,0.1,-9.9
216,1,23,-0.2,-10.3
216,1,24,-0.3,-10.2
216,1,25,-0.1,-10.4
216,1,26,0.0,-10.4
216,1,27,0.4,-10.0
216,1,28,0.5,-9.7
216,1,29,0.7,-9.6
216,1,30,0.7,-9.8
216,1,31,0.9,-10.0
216,2,1,1.0,-10.1
216,2,2,1.2,-10.1
216,2,3,1.5,-10.0
216,2,4,1.8,-9.6
216,2,5,2.0,-9.1
216,2,6,2.1,-9.0
216,2,7,2.0,-9.0
216,2,8,1.8,-8.9
216,2,9,1.6,-8.8
216,2,10,1.6,-8.7
216,2,11,2.1,-8.4
216,2,12,2.8,-8.0
216,2,13,3.2,-7.5
216,2,14,3.2,-7.5
216,2,15,3.1,-7.5
216,2,16,2.8,-7.5
216,2,17,2.8,-7.6
216,2,18,2.9,-7.9
216,2,19,3.2,-7.7
216,2,20,3.8,-7.5
216,2,21,4.1,-7.3
216,2,22,4.1,-7.0
216,2,23,4.4,-6.7
216,2,24,4.6,-6.3
216,2,25,4.8,-6.0
216,2,26,5.3,-5.6
216,2,27,5.4,-5.3
216,2,28,5.2,-5.1
216,2,29,5.3,-5.0
216,3,1,5.3,-4.9
216,3,2,5.2,-4.7
216,3,3,5.2,-4.8
216,3,4,5.3,-4.9
216,3,5,5.3,-4.8
216,3,6,5.4,-4.8
216,3,7,5.7,-4.8
216,3,8,5.7,-4.6
216,3,9,5.8,-4.5
216,3,10,6.4,-4.4
216,3,11,6.8,-4.2
216,3,12,7.0,-4.1
216,3,13,7.3,-4.0
216,3,14,7.6,-3.6
216,3,15,8.0,-3.3
216,3,16,8.3,-2.9
216,3,17,8.8,-2.5
216,3,18,9.0,-2.3
216,3,19,9.3,-2.2
216,3,20,9.3,-1.9
216,3,21,9.1,-2.0
216,3,22,8.7,-2.1
216,3,23,8.7,-1.9
216,3,24,8.8,-1.7
216,3,25,9.3,-1.4
216,3,26,9.7,-1.1
216,3,27,10.2,-0.7
216,3,28,10.7,-0.6
216,3,29,11.1,-0.3
216,3,30,11.3,-0.1
216,3,31,11.5,0.1
216,4,1,11.9,0.1
216,4,2,12.0,0.1
216,4,3,12.4,0.2
216,4,4,12.5,0.3
216,4,5,12.6,0.6
216,4,6,12.8,0.9
216,4,7,13.2,1.3
216,4,8,13.2,1.3
216,4,9,13.3,1.4
216,4,10,13.4,1.4
216,4,11,13.4,1.7
216,4,12,13.6,1.9
216,4,13,14.0,2.3
216,4,14,14.6,2.7
216,4,15,15.2,3.0
216,4,16,16.0,3.4
216,4,17,16.2,3.6
216,4,18,16.3,3.7
216,4,19,16.4,3.9
216,4,20,16.6,4.2
216,4,21,16.4,4.3
216,4,22,16.6,4.5
216,4,23,16.9,4.6
216,4,24,16.7,4.6
216,4,25,16.8,4.5
216,4,26,17.1,4.4
216,4,27,17.3,4.9
216,4,28,17.7,5.5
216,4,29,18.2,6.0
216,4,30,18.7,6.6
216,5,1,18.9,7.1
216,5,2,19.4,7.3
216,5,3,19.8,7.2
216,5,4,19.7,7.2
216,5,5,19.8,7.2
216,5,6,19.9,7.3
216,5,7,19.8,7.3
216,5,8,19.4,7.4
216,5,9,19.3,7.4
216,5,10,19.2,7.4
216,5,11,19.3,7.4
216,5,12,19.5,7.5
216,5,13,19.8,7.9
216,5,14,20.0,8.3
216,5,15,20.3,8.4
216,5,16,20.6,8.4
216,5,17,20.7,8.7
216,5,18,21.1,8.7
216,5,19,21.6,8.6
216,5,20,22.0,8.9
216,5,21,22.2,9.2
216,5,22,22.3,9.3
216,5,23,22.5,9.5
216,5,24,22.4,9.9
216,5,25,22.0,9.9
216,5,26,22.0,9.7
216,5,27,22.0,9.8
216,5,28,22.0,9.7
216,5,29,22.2,9.6
216,5,30,22.9,9.7
216,5,31,23.0,9.9
216,6,1,23.0,9.9
216,6,2,23.3,10.2
216,6,3,23.3,10.5
216,6,4,23.2,10.8
216,6,5,23.5,11.1
216,6,6,23.8,11.3
216,6,7,23.7,11.6
216,6,8,23.7,11.8
216,6,9,23.5,11.9
216,6,10,23.4,12.0
216,6,11,23.3,12.2
216,6,12,23.4,12.2
216,6,13,23.6,12.2
216,6,14,24.0,12.3
216,6,15,24.3,12.5
216,6,16,24.4,12.7
216,6,17,24.4,13.0
216,6,18,24.6,13.2
216,6,19,24.5,13.6
216,6,20,24.4,13.9
216,6,21,24.2,14.0
216,6,22,24.1,14.1
216,6,23,23.9,14.3
216,6,24,23.8,14.5
216,6,25,23.8,14.7
216,6,26,24.2,14.9
216,6,27,24.7,15.2
216,6,28,24.9,15.5
216,6,29,25.2,15.8
216,6,30,25.3,16.1
216,7,1,25.2,16.3
216,7,2,25.1,16.5
216,7,3,25.1,16.4
216,7,4,25.2,16.2
216,7,5,25.0,16.1
216,7,6,25.0,16.0
216,7,7,25.1,16.1
216,7,8,25.0,16.3
216,7,9,25.0,16.7
216,7,10,25.0,17.1
216,7,11,25.1,17.3
216,7,12,25.1,17.4
216,7,13,25.1,17.5
216,7,14,25.0,17.4
216,7,15,25.1,17.4
216,7,16,25.3,17.3
216,7,17,25.5,17.3
216,7,18,25.9,17.4
216,7,19,26.4,17.8
216,7,20,26.9,18.2
216,7,21,27.1,18.5
216,7,22,27.1,18.8
216,7,23,27.0,18.9
216,7,24,26.8,18.8
216,7,25,26.6,18.8
216,7,26,26.6,18.8
216,7,27,26.6,18.9
216,7,28,27.0,19.1
216,7,29,27.4,19.3
216,7,30,27.8,19.5
216,7,31,27.9,19.6
216,8,1,28.1,19.6
216,8,2,28.0,19.5
216,8,3,28.0,19.4
216,8,4,27.8,19.1
216,8,5,27.6,18.9
216,8,6,27.6,18.8
216,8,7,27.4,18.8
216,8,8,27.0,18.7
216,8,9,26.9,18.8
216,8,10,26.9,18.7
216,8,11,26.9,18.6
216,8,12,26.8,18.5
216,8,13,26.8,18.4
216,8,14,26.6,18.3
216,8,15,26.4,18.1
216,8,16,26.0,17.9
216,8,17,25.7,17.7
216,8,18,25.6,17.5
216,8,19,25.6,17.4
216,8,20,25.6,17.4
216,8,21,25.5,17.2
216,8,22,25.4,17.0
216,8,23,25.2,16.8
216,8,24,24.9,16.4
216,8,25,24.5,16.2
216,8,26,24.4,16.0
216,8,27,24.4,15.9
216,8,28,24.1,15.7
216,8,29,24.1,15.6
216,8,30,24.2,15.4
216,8,31,24.1,15.3
216,9,1,23.8,14.9
216,9,2,23.9,14.5
216,9,3,24.0,14.4
216,9,4,23.5,14.1
216,9,5,23.3,13.7
216,9,6,23.2,13.6
216,9,7,23.0,13.5
216,9,8,22.8,13.4
216,9,9,22.7,13.2
216,9,10,22.5,13.2
216,9,11,22.1,13.1
216,9,12,21.8,12.9
216,9,13,21.6,12.7
216,9,14,21.6,12.5
216,9,15,21.5,12.2
216,9,16,21.5,12.0
216,9,17,21.5,11.6
216,9,18,21.4,11.3
216,9,19,21.1,10.8
216,9,20,20.6,10.3
216,9,21,20.2,9.9
216,9,22,19.9,9.7
216,9,23,19.7,9.5
216,9,24,19.8,9.4
216,9,25,20.0,9.3
216,9,26,20.1,9.2
216,9,27,19.8,9.1
216,9,28,19.7,8.9
216,9,29,19.4,8.9
216,9,30,19.3,8.9
216,10,1,19.3,8.7
216,10,2,19.2,8.3
216,10,3,18.9,7.9
216,10,4,18.7,7.5
216,10,5,18.4,7.2
216,10,6,18.2,7.0
216,10,7,18.3,6.9
216,10,8,18.4,6.9
216,10,9,18.5,6.8
216,10,10,18.4,6.6
216,10,11,18.3,6.3
216,10,12,18.0,6.0
216,10,13,17.7,5.6
216,10,14,17.4,5.2
216,10,15,17.0,5.0
216,10,16,16.8,4.8
216,10,17,16.6,4.6
216,10,18,16.4,4.6
216,10,19,16.3,4.5
216,10,20,16.1,4.4
216,10,21,15.9,4.2
216,10,22,15.7,4.2
216,10,23,15.7,4.0
216,10,24,15.4,3.6
216,10,25,15.3,3.0
216,10,26,15.2,2.6
216,10,27,14.9,2.3
216,10,28,14.4,1.9
216,10,29,14.1,1.8
216,10,30,13.6,1.8
216,10,31,13.2,1.7
216,11,1,13.0,1.5
216,11,2,13.2,1.1
216,11,3,13.6,1.2
216,11,4,13.9,1.4
216,11,5,13.9,1.6
216,11,6,13.7,1.7
216,11,7,13.1,1.9
216,11,8,12.2,1.8
216,11,9,11.6,1.4
216,11,10,11.1,1.0
216,11,11,10.8,0.8
216,11,12,10.8,0.6
216,11,13,10.4,0.2
216,11,14,10.1,-0.4
216,11,15,9.8,-0.7
216,11,16,9.4,-1.4
216,11,17,8.8,-2.1
216,11,18,8.6,-2.4
216,11,19,8.4,-2.7
216,11,20,8.1,-2.9
216,11,21,8.0,-3.0
216,11,22,7.9,-2.9
216,11,23,7.9,-3.0
216,11,24,7.7,-2.8
216,11,25,7.5,-3.0
216,11,26,7.2,-3.1
216,11,27,7.0,-3.0
216,11,28,6.7,-3.1
216,11,29,6.6,-3.4
216,11,30,6.4,-3.6
216,12,1,6.2,-4.1
216,12,2,5.9,-4.5
216,12,3,5.4,-5.0
216,12,4,4.7,-5.4
216,12,5,4.2,-5.7
216,12,6,3.8,-5.7
216,12,7,3.6,-6.1
216,12,8,3.5,-6.2
216,12,9,3.5,-6.3
216,12,10,3.3,-6.6
216,12,11,3.2,-7.0
216,12,12,2.8,-7.0
216,12,13,2.5,-7.2
216,12,14,2.4,-7.6
216,12,15,2.3,-7.5
216,12,16,2.1,-7.6
216,12,17,2.2,-7.8
216,12,18,2.5,-7.9
216,12,19,2.6,-7.6
216,12,20,2.8,-7.4
216,12,21,3.0,-7.1
216,12,22,3.0,-6.8
216,12,23,2.6,-6.9
216,12,24,2.3,-7.2
216,12,25,2.2,-7.8
216,12,26,2.0,-8.3
216,12,27,1.9,-8.7
216,12,28,1.9,-9.1
216,12,29,1.7,-9.2
216,12,30,1.5,-9.1
216,12,31,1.4,-9.2
217,1,1,1.8,-9.0
217,1,2,1.7,-9.1
217,1,3,2.1,-9.1
217,1,4,2.5,-9.1
217,1,5,2.5,-9.4
217,1,6,2.7,-9.0
217,1,7,2.4,-9.0
217,1,8,2.0,-9.3
217,1,9,1.6,-9.5
217,1,10,1.3,-9.5
217,1,11,0.8,-9.9
217,1,12,1.0,-10.2
217,1,13,1.3,-10.1
217,1,14,1.5,-10.1
217,1,15,1.9,-9.7
217,1,16,2.2,-9.4
217,1,17,2.4,-8.9
217,1,18,2.2,-8.5
217,1,19,2.3,-7.9
217,1,20,2.1,-7.9
217,1,21,1.8,-8.1
217,1,22,1.3,-8.7
217,1,23,0.8,-9.4
217,1,24,0.6,-10.1
217,1,25,0.7,-10.6
217,1,26,1.0,-10.4
217,1,27,1.6,-9.5
217,1,28,2.4,-8.6
217,1,29,2.8,-8.0
217,1,30,3.0,-7.7
217,1,31,3.3,-7.8
217,2,1,3.2,-8.3
217,2,2,3.2,-8.6
217,2,3,3.1,-8.7
217,2,4,3.2,-8.7
217,2,5,2.8,-8.8
217,2,6,2.6,-9.0
217,2,7,2.2,-9.3
217,2,8,2.3,-9.3
217,2,9,2.3,-9.3
217,2,10,2.4,-8.8
217,2,11,3.2,-8.2
217,2,12,4.4,-7.4
217,2,13,5.1,-6.9
217,2,14,5.3,-6.6
217,2,15,5.4,-6.1
217,2,16,5.3,-6.1
217,2,17,4.8,-6.1
217,2,18,4.7,-6.1
217,2,19,5.0,-5.9
217,2,20,5.9,-5.8
217,2,21,6.5,-5.3
217,2,22,7.3,-5.0
217,2,23,7.8,-4.4
217,2,24,8.2,-4.0
217,2,25,8.3,-3.7
217,2,26,8.4,-3.5
217,2,27,8.4,-3.2
217,2,28,8.0,-3.3
217,2,29,8.1,-3.2
217,3,1,8.1,-3.2
217,3,2,8.3,-3.1
217,3,3,8.4,-3.2
217,3,4,8.5,-3.4
217,3,5,8.9,-3.1
217,3,6,9.1,-2.9
217,3,7,9.2,-2.9
217,3,8,9.3,-2.7
217,3,9,9.2,-2.8
217,3,10,9.6,-3.1
217,3,11,9.6,-2.9
217,3,12,9.6,-2.8
217,3,13,10.2,-2.8
217,3,14,10.6,-2.4
217,3,15,11.2,-2.1
217,3,16,11.9,-1.5
217,3,17,12.7,-0.7
217,3,18,12.6,-0.2
217,3,19,12.7,0.0
217,3,20,12.5,0.2
217,3,21,12.1,-0.4
217,3,22,11.6,-1.0
217,3,23,11.7,-1.0
217,3,24,12.4,-1.0
217,3,25,12.8,-0.8
217,3,26,13.6,-0.2
217,3,27,14.5,0.5
217,3,28,15.4,0.8
217,3,29,15.5,1.2
217,3,30,15.6,1.4
217,3,31,15.8,1.7
217,4,1,16.0,1.8
217,4,2,15.8,1.8
217,4,3,15.8,1.9
217,4,4,15.6,2.0
217,4,5,15.1,2.1
217,4,6,15.2,2.1
217,4,7,15.4,2.4
217,4,8,15.6,2.4
217,4,9,15.8,2.8
217,4,10,16.2,2.7
217,4,11,16.2,2.8
217,4,12,16.4,2.8
217,4,13,17.2,3.3
217,4,14,18.4,3.5
217,4,15,18.8,4.1
217,4,16,19.1,4.4
217,4,17,18.9,4.8
217,4,18,18.5,4.8
217,4,19,17.8,5.0
217,4,20,18.0,5.1
217,4,21,17.9,5.3
217,4,22,18.7,5.7
217,4,23,19.2,6.1
217,4,24,19.2,6.1
217,4,25,19.2,6.1
217,4,26,19.6,6.1
217,4,27,19.6,6.1
217,4,28,20.2,6.4
217,4,29,21.3,7.2
217,4,30,22.3,7.9
217,5,1,22.4,8.6
217,5,2,23.0,8.8
217,5,3,23.0,8.8
217,5,4,22.3,8.4
217,5,5,22.5,7.9
217,5,6,23.1,7.7
217,5,7,22.9,8.2
217,5,8,22.5,8.6
217,5,9,22.8,8.9
217,5,10,22.2,9.5
217,5,11,22.3,10.0
217,5,12,22.7,9.9
217,5,13,23.2,10.3
217,5,14,23.3,10.6
217,5,15,24.2,10.4
217,5,16,24.4,10.3
217,5,17,24.3,10.4
217,5,18,24.2,10.1
217,5,19,24.5,9.6
217,5,20,24.8,9.7
217,5,21,25.3,9.8
217,5,22,26.1,9.9
217,5,23,27.0,10.4
217,5,24,27.3,11.1
217,5,25,26.9,11.5
217,5,26,26.9,11.6
217,5,27,26.7,12.0
217,5,28,26.5,11.9
217,5,29,26.8,12.2
217,5,30,27.0,12.3
217,5,31,27.1,12.4
217,6,1,27.2,12.4
217,6,2,27.4,12.6
217,6,3,27.4,12.8
217,6,4,27.6,13.1
217,6,5,27.5,13.5
217,6,6,27.7,13.9
217,6,7,27.9,14.2
217,6,8,27.8,14.4
217,6,9,27.6,14.6
217,6,10,27.5,14.8
217,6,11,27.3,14.9
217,6,12,27.1,15.2
217,6,13,27.2,15.4
217,6,14,27.8,15.6
217,6,15,28.4,15.6
217,6,16,28.5,15.9
217,6,17,28.5,15.9
217,6,18,28.8,15.8
217,6,19,28.9,16.1
217,6,20,29.1,16.2
217,6,21,29.4,16.4
217,6,22,29.3,16.5
217,6,23,28.7,16.7
217,6,24,27.8,16.8
217,6,25,27.3,17.0
217,6,26,27.2,16.9
217,6,27,27.6,17.2
217,6,28,28.0,17.7
217,6,29,28.5,18.0
217,6,30,28.6,18.4
217,7,1,28.2,18.5
217,7,2,28.0,18.5
217,7,3,28.0,18.3
217,7,4,28.1,18.1
217,7,5,28.0,18.0
217,7,6,28.0,18.1
217,7,7,28.0,18.4
217,7,8,28.0,18.7
217,7,9,28.3,19.2
217,7,10,28.2,19.6
217,7,11,28.4,19.8
217,7,12,28.4,19.8
217,7,13,28.0,19.6
217,7,14,27.8,19.3
217,7,15,28.1,19.2
217,7,16,28.6,19.3
217,7,17,28.9,19.5
217,7,18,29.6,20.0
217,7,19,30.2,20.3
217,7,20,30.5,20.6
217,7,21,30.3,21.0
217,7,22,30.0,21.3
217,7,23,29.9,21.4
217,7,24,29.9,21.5
217,7,25,29.8,21.5
217,7,26,29.8,21.4
217,7,27,29.8,21.3
217,7,28,30.0,21.2
217,7,29,30.1,21.3
217,7,30,30.6,21.5
217,7,31,30.9,21.7
217,8,1,31.5,21.8
217,8,2,31.9,21.9
217,8,3,32.2,22.0
217,8,4,32.0,21.9
217,8,5,32.1,21.8
217,8,6,32.1,21.6
217,8,7,31.6,21.6
217,8,8,30.9,21.5
217,8,9,30.8,21.4
217,8,10,30.6,21.3
217,8,11,30.4,21.3
217,8,12,30.4,21.1
217,8,13,30.3,21.1
217,8,14,30.1,21.1
217,8,15,29.8,20.9
217,8,16,29.6,20.7
217,8,17,29.6,20.6
217,8,18,29.7,20.3
217,8,19,29.7,20.2
217,8,20,29.8,20.1
217,8,21,29.4,20.0
217,8,22,29.0,19.8
217,8,23,28.8,19.6
217,8,24,28.3,19.1
217,8,25,27.7,18.5
217,8,26,27.6,18.3
217,8,27,27.6,18.2
217,8,28,27.2,18.0
217,8,29,27.1,17.8
217,8,30,27.2,17.7
217,8,31,27.0,17.5
217,9,1,26.5,17.3
217,9,2,26.5,17.1
217,9,3,26.4,17.0
217,9,4,25.9,16.8
217,9,5,25.9,16.6
217,9,6,26.0,16.4
217,9,7,25.8,16.2
217,9,8,25.8,16.0
217,9,9,25.5,16.0
217,9,10,25.1,15.9
217,9,11,24.9,15.7
217,9,12,24.9,15.6
217,9,13,24.8,15.7
217,9,14,25.1,15.5
217,9,15,25.0,15.4
217,9,16,25.0,15.2
217,9,17,24.6,14.8
217,9,18,24.2,14.1
217,9,19,23.8,13.5
217,9,20,23.8,12.9
217,9,21,23.5,12.3
217,9,22,23.4,12.2
217,9,23,23.5,12.3
217,9,24,23.5,12.5
217,9,25,23.5,12.5
217,9,26,23.5,12.6
217,9,27,23.0,12.4
217,9,28,22.8,12.3
217,9,29,22.3,12.0
217,9,30,21.9,11.9
217,10,1,21.5,11.8
217,10,2,21.8,11.3
217,10,3,21.3,11.0
217,10,4,21.2,10.6
217,10,5,21.3,10.4
217,10,6,21.2,10.1
217,10,7,21.0,9.9
217,10,8,20.8,9.7
217,10,9,20.7,9.4
217,10,10,20.2,8.9
217,10,11,19.9,8.3
217,10,12,19.6,7.9
217,10,13,19.5,7.4
217,10,14,19.3,6.9
217,10,15,19.4,6.4
217,10,16,19.2,6.0
217,10,17,19.3,5.9
217,10,18,19.6,6.0
217,10,19,19.8,6.4
217,10,20,19.3,6.8
217,10,21,18.9,7.1
217,10,22,18.4,7.1
217,10,23,18.0,6.6
217,10,24,17.6,5.9
217,10,25,17.5,5.4
217,10,26,17.5,4.9
217,10,27,17.1,4.3
217,10,28,16.5,3.8
217,10,29,15.9,3.4
217,10,30,15.5,3.0
217,10,31,15.1,2.9
217,11,1,15.1,2.7
217,11,2,15.3,2.6
217,11,3,15.7,2.9
217,11,4,15.6,3.3
217,11,5,15.5,3.8
217,11,6,15.2,4.1
217,11,7,14.7,4.2
217,11,8,14.1,4.1
217,11,9,13.8,3.4
217,11,10,13.4,2.4
217,11,11,12.9,1.7
217,11,12,12.4,1.5
217,11,13,12.0,0.9
217,11,14,11.9,0.6
217,11,15,11.6,0.7
217,11,16,11.4,0.8
217,11,17,11.1,0.7
217,11,18,10.6,0.3
217,11,19,10.0,-0.1
217,11,20,9.5,-0.6
217,11,21,9.0,-1.1
217,11,22,8.4,-1.6
217,11,23,8.1,-1.6
217,11,24,7.7,-1.7
217,11,25,7.7,-1.9
217,11,26,7.4,-2.1
217,11,27,7.5,-2.1
217,11,28,7.5,-2.3
217,11,29,7.3,-2.5
217,11,30,6.7,-3.0
217,12,1,6.4,-3.3
217,12,2,6.0,-3.7
217,12,3,5.3,-4.2
217,12,4,4.7,-4.6
217,12,5,4.3,-5.0
217,12,6,3.9,-5.5
217,12,7,3.5,-6.2
217,12,8,3.5,-6.4
217,12,9,3.4,-6.4
217,12,10,3.4,-6.6
217,12,11,3.2,-7.0
217,12,12,3.0,-7.0
217,12,13,2.7,-7.3
217,12,14,2.4,-8.0
217,12,15,2.0,-8.1
217,12,16,2.0,-8.0
217,12,17,2.1,-8.2
217,12,18,2.3,-8.5
217,12,19,2.6,-8.0
217,12,20,3.4,-7.6
217,12,21,3.6,-7.3
217,12,22,3.5,-6.9
217,12,23,3.2,-6.8
217,12,24,2.8,-7.0
217,12,25,1.9,-7.8
217,12,26,1.5,-8.4
217,12,27,1.4,-8.6
217,12,28,1.7,-8.6
217,12,29,1.6,-8.9
217,12,30,1.5,-8.9
217,12,31,1.7,-8.6
221,1,1,1.7,-10.8
221,1,2,1.7,-10.7
221,1,3,1.7,-10.7
221,1,4,1.8,-10.7
221,1,5,1.7,-10.8
221,1,6,1.5,-10.9
221,1,7,1.4,-11.0
221,1,8,1.4,-10.9
221,1,9,1.4,-11.0
221,1,10,1.4,-11.1
221,1,11,1.3,-11.1
221,1,12,1.4,-11.2
221,1,13,1.4,-11.2
221,1,14,1.5,-11.2
221,1,15,1.6,-11.0
221,1,16,1.8,-10.8
221,1,17,2.0,-10.7
221,1,18,2.1,-10.5
221,1,19,2.0,-10.4
221,1,20,1.9,-10.3
221,1,21,1.6,-10.4
221,1,22,1.3,-10.7
221,1,23,1.1,-11.1
221,1,24,1.1,-11.0
221,1,25,1.2,-11.2
221,1,26,1.5,-11.3
221,1,27,1.9,-10.9
221,1,28,2.1,-10.6
221,1,29,2.2,-10.5
221,1,30,2.3,-10.6
221,1,31,2.3,-10.8
221,2,1,2.3,-10.9
221,2,2,2.4,-10.9
221,2,3,2.6,-11.0
221,2,4,3.0,-10.8
221,2,5,3.3,-10.4
221,2,6,3.3,-10.2
221,2,7,3.2,-10.1
221,2,8,3.2,-9.8
221,2,9,3.2,-9.7
221,2,10,3.2,-9.5
221,2,11,3.8,-9.2
221,2,12,4.4,-8.7
221,2,13,4.8,-8.2
221,2,14,4.9,-8.0
221,2,15,5.0,-7.9
221,2,16,4.9,-7.7
221,2,17,4.9,-7.8
221,2,18,5.1,-8.0
221,2,19,5.3,-7.8
221,2,20,5.8,-7.6
221,2,21,6.0,-7.4
221,2,22,6.3,-7.1
221,2,23,6.5,-6.7
221,2,24,6.9,-6.4
221,2,25,7.2,-6.1
221,2,26,7.5,-5.7
221,2,27,7.6,-5.2
221,2,28,7.5,-5.1
221,2,29,7.7,-5.0
221,3,1,7.8,-4.9
221,3,2,7.9,-4.7
221,3,3,8.0,-4.5
221,3,4,8.1,-4.6
221,3,5,8.2,-4.4
221,3,6,8.2,-4.5
221,3,7,8.4,-4.4
221,3,8,8.4,-4.4
221,3,9,8.6,-4.3
221,3,10,9.2,-4.3
221,3,11,9.6,-4.1
221,3,12,9.7,-4.1
221,3,13,10.3,-4.0
221,3,14,10.6,-3.6
221,3,15,11.0,-3.3
221,3,16,11.3,-2.8
221,3,17,11.7,-2.4
221,3,18,12.0,-2.2
221,3,19,12.4,-2.1
221,3,20,12.4,-1.9
221,3,21,12.2,-1.9
221,3,22,11.9,-1.9
221,3,23,11.7,-1.8
221,3,24,11.8,-1.7
221,3,25,12.1,-1.8
221,3,26,12.6,-1.7
221,3,27,13.1,-1.3
221,3,28,13.7,-1.2
221,3,29,13.8,-1.0
221,3,30,14.0,-0.7
221,3,31,14.1,-0.4
221,4,1,14.5,-0.3
221,4,2,14.8,-0.4
221,4,3,15.5,-0.2
221,4,4,15.7,-0.1
221,4,5,16.0,0.4
221,4,6,16.4,0.7
221,4,7,16.6,1.2
221,4,8,16.5,1.7
221,4,9,16.7,2.1
221,4,10,16.9,2.1
221,4,11,16.7,2.3
221,4,12,16.8,2.3
221,4,13,17.3,2.3
221,4,14,17.8,2.3
221,4,15,18.3,2.5
221,4,16,19.0,2.8
221,4,17,19.3,3.1
221,4,18,19.3,3.5
221,4,19,19.4,4.0
221,4,20,19.5,4.5
221,4,21,19.3,4.8
221,4,22,19.5,4.9
221,4,23,19.6,4.8
221,4,24,19.5,4.6
221,4,25,19.6,4.4
221,4,26,20.0,4.3
221,4,27,20.1,4.7
221,4,28,20.5,5.4
221,4,29,21.0,6.1
221,4,30,21.5,6.7
221,5,1,21.7,7.3
221,5,2,22.2,7.4
221,5,3,22.6,7.3
221,5,4,22.5,7.2
221,5,5,22.5,7.3
221,5,6,22.7,7.4
221,5,7,22.7,7.6
221,5,8,22.2,7.9
221,5,9,22.2,7.9
221,5,10,22.0,8.1
221,5,11,22.0,8.2
221,5,12,22.1,8.4
221,5,13,22.3,8.7
221,5,14,22.5,9.1
221,5,15,22.9,9.2
221,5,16,23.1,9.4
221,5,17,23.1,9.5
221,5,18,23.3,9.4
221,5,19,23.7,9.3
221,5,20,24.2,9.5
221,5,21,24.4,9.8
221,5,22,24.7,10.0
221,5,23,24.8,10.3
221,5,24,24.7,10.8
221,5,25,24.5,10.9
221,5,26,24.5,10.8
221,5,27,24.7,11.0
221,5,28,24.9,11.1
221,5,29,25.3,11.1
221,5,30,25.7,11.3
221,5,31,25.9,11.6
221,6,1,25.9,11.8
221,6,2,26.1,12.1
221,6,3,26.1,12.5
221,6,4,26.2,13.1
221,6,5,26.3,13.3
221,6,6,26.5,13.6
221,6,7,26.7,13.8
221,6,8,26.9,14.1
221,6,9,26.9,14.3
221,6,10,26.9,14.4
221,6,11,27.1,14.5
221,6,12,27.0,14.7
221,6,13,27.1,14.7
221,6,14,27.4,14.8
221,6,15,27.7,15.0
221,6,16,27.7,15.3
221,6,17,27.8,15.5
221,6,18,27.8,15.6
221,6,19,27.7,16.0
221,6,20,27.7,16.2
221,6,21,27.6,16.3
221,6,22,27.5,16.4
221,6,23,27.3,16.6
221,6,24,27.1,16.7
221,6,25,26.8,16.9
221,6,26,27.1,17.1
221,6,27,27.3,17.4
221,6,28,27.5,17.8
221,6,29,27.5,18.1
221,6,30,27.6,18.3
221,7,1,27.5,18.5
221,7,2,27.6,18.7
221,7,3,27.7,18.6
221,7,4,28.1,18.4
221,7,5,28.1,18.2
221,7,6,28.0,18.2
221,7,7,28.0,18.3
221,7,8,27.9,18.5
221,7,9,27.7,18.7
221,7,10,27.6,18.9
221,7,11,27.7,19.2
221,7,12,27.7,19.3
221,7,13,27.7,19.3
221,7,14,27.7,19.4
221,7,15,27.8,19.4
221,7,16,28.0,19.4
221,7,17,28.1,19.5
221,7,18,28.4,19.6
221,7,19,28.8,19.9
221,7,20,29.3,20.2
221,7,21,29.3,20.4
221,7,22,29.3,20.6
221,7,23,29.4,20.8
221,7,24,29.4,20.8
221,7,25,29.4,20.8
221,7,26,29.4,20.8
221,7,27,29.5,20.8
221,7,28,29.7,20.8
221,7,29,29.9,20.9
221,7,30,30.2,21.2
221,7,31,30.5,21.3
221,8,1,30.6,21.4
221,8,2,30.7,21.3
221,8,3,30.8,21.3
221,8,4,30.7,21.1
221,8,5,30.5,20.9
221,8,6,30.6,20.8
221,8,7,30.5,20.9
221,8,8,30.2,20.8
221,8,9,30.1,20.8
221,8,10,30.0,20.7
221,8,11,30.0,20.6
221,8,12,30.0,20.5
221,8,13,30.0,20.4
221,8,14,29.9,20.4
221,8,15,29.9,20.3
221,8,16,29.6,20.2
221,8,17,29.4,20.0
221,8,18,29.2,19.8
221,8,19,29.2,19.6
221,8,20,29.0,19.4
221,8,21,28.7,19.3
221,8,22,28.6,19.0
221,8,23,28.4,18.9
221,8,24,28.0,18.7
221,8,25,27.6,18.4
221,8,26,27.6,18.2
221,8,27,27.6,18.0
221,8,28,27.4,17.9
221,8,29,27.5,17.7
221,8,30,27.8,17.5
221,8,31,27.6,17.3
221,9,1,27.4,17.1
221,9,2,27.5,16.7
221,9,3,27.4,16.5
221,9,4,26.9,16.3
221,9,5,26.7,16.0
221,9,6,26.7,15.7
221,9,7,26.3,15.5
221,9,8,26.1,15.3
221,9,9,26.0,15.0
221,9,10,25.7,14.8
221,9,11,25.3,14.7
221,9,12,25.3,14.5
221,9,13,25.3,14.3
221,9,14,25.3,14.0
221,9,15,25.3,13.8
221,9,16,25.4,13.4
221,9,17,25.3,13.1
221,9,18,24.9,12.6
221,9,19,24.5,12.2
221,9,20,24.2,11.7
221,9,21,23.9,11.2
221,9,22,23.7,11.0
221,9,23,23.7,10.9
221,9,24,23.8,10.7
221,9,25,23.8,10.6
221,9,26,23.7,10.5
221,9,27,23.3,10.3
221,9,28,23.0,10.2
221,9,29,22.7,10.1
221,9,30,22.4,9.9
221,10,1,22.2,9.6
221,10,2,22.2,9.2
221,10,3,21.9,8.6
221,10,4,21.8,8.2
221,10,5,21.7,7.9
221,10,6,21.6,7.6
221,10,7,21.6,7.3
221,10,8,21.6,7.3
221,10,9,21.4,7.2
221,10,10,21.1,6.9
221,10,11,20.9,6.5
221,10,12,20.6,6.3
221,10,13,20.3,5.8
221,10,14,19.9,5.4
221,10,15,19.8,4.9
221,10,16,19.6,4.7
221,10,17,19.5,4.5
221,10,18,19.5,4.3
221,10,19,19.6,4.2
221,10,20,19.3,4.1
221,10,21,19.0,4.0
221,10,22,18.6,3.9
221,10,23,18.1,3.6
221,10,24,17.7,3.1
221,10,25,17.5,2.7
221,10,26,17.2,2.3
221,10,27,16.8,1.9
221,10,28,16.4,1.5
221,10,29,16.0,1.4
221,10,30,15.6,1.3
221,10,31,15.2,1.1
221,11,1,15.0,0.8
221,11,2,15.0,0.5
221,11,3,15.2,0.4
221,11,4,15.4,0.4
221,11,5,15.5,0.6
221,11,6,15.2,0.9
221,11,7,14.8,1.1
221,11,8,14.2,1.1
221,11,9,13.7,0.9
221,11,10,13.2,0.6
221,11,11,13.0,0.2
221,11,12,12.7,0.0
221,11,13,12.2,-0.4
221,11,14,11.8,-1.0
221,11,15,11.3,-1.5
221,11,16,10.7,-1.9
221,11,17,10.2,-2.5
221,11,18,9.8,-2.9
221,11,19,9.4,-3.2
221,11,20,9.1,-3.6
221,11,21,9.1,-3.7
221,11,22,8.9,-3.8
221,11,23,9.0,-3.9
221,11,24,8.7,-3.7
221,11,25,8.4,-3.6
221,11,26,8.1,-3.8
221,11,27,8.0,-3.7
221,11,28,7.8,-3.9
221,11,29,7.7,-4.1
221,11,30,7.7,-4.4
221,12,1,7.3,-4.9
221,12,2,6.8,-5.5
221,12,3,6.1,-5.9
221,12,4,5.4,-6.5
221,12,5,4.9,-6.8
221,12,6,4.6,-6.9
221,12,7,4.4,-7.2
221,12,8,4.4,-7.2
221,12,9,4.4,-7.1
221,12,10,4.2,-7.5
221,12,11,4.1,-7.9
221,12,12,3.8,-8.1
221,12,13,3.5,-8.3
221,12,14,3.3,-8.7
221,12,15,3.0,-8.7
221,12,16,2.7,-8.9
221,12,17,2.6,-9.1
221,12,18,2.8,-9.2
221,12,19,3.0,-9.1
221,12,20,3.5,-8.9
221,12,21,3.9,-8.4
221,12,22,4.0,-8.0
221,12,23,3.8,-8.0
221,12,24,3.4,-8.2
221,12,25,2.8,-8.9
221,12,26,2.4,-9.5
221,12,27,2.1,-10.1
221,12,28,1.8,-10.7
221,12,29,1.7,-11.0
221,12,30,1.6,-11.0
221,12,31,1.6,-10.9
226,1,1,3.5,-8.6
226,1,2,3.6,-8.4
226,1,3,3.6,-8.3
226,1,4,3.7,-8.4
226,1,5,3.5,-8.5
226,1,6,3.3,-8.5
226,1,7,3.2,-8.6
226,1,8,3.1,-8.6
226,1,9,3.0,-8.7
226,1,10,3.0,-8.7
226,1,11,2.9,-8.7
226,1,12,2.9,-8.7
226,1,13,2.9,-8.7
226,1,14,3.0,-8.6
226,1,15,3.1,-8.6
226,1,16,3.3,-8.6
226,1,17,3.5,-8.5
226,1,18,3.5,-8.1
226,1,19,3.4,-8.0
226,1,20,3.2,-7.8
226,1,21,2.9,-7.7
226,1,22,2.6,-8.1
226,1,23,2.5,-8.6
226,1,24,2.5,-8.6
226,1,25,2.7,-8.9
226,1,26,3.0,-9.0
226,1,27,3.3,-8.7
226,1,28,3.5,-8.4
226,1,29,3.7,-8.4
226,1,30,3.8,-8.4
226,1,31,3.7,-8.7
226,2,1,3.7,-8.8
226,2,2,3.8,-8.9
226,2,3,3.9,-8.9
226,2,4,4.2,-8.7
226,2,5,4.6,-8.4
226,2,6,4.7,-8.2
226,2,7,4.6,-8.0
226,2,8,4.6,-7.7
226,2,9,4.5,-7.6
226,2,10,4.4,-7.4
226,2,11,5.0,-7.2
226,2,12,5.7,-6.9
226,2,13,6.0,-6.5
226,2,14,6.0,-6.3
226,2,15,6.1,-6.2
226,2,16,5.9,-6.1
226,2,17,5.9,-6.1
226,2,18,6.2,-6.3
226,2,19,6.4,-6.3
226,2,20,6.9,-6.1
226,2,21,7.2,-5.9
226,2,22,7.5,-5.8
226,2,23,7.6,-5.3
226,2,24,8.0,-5.0
226,2,25,8.3,-4.6
226,2,26,8.5,-4.2
226,2,27,8.6,-3.8
226,2,28,8.6,-3.7
226,2,29,8.7,-3.7
226,3,1,8.8,-3.7
226,3,2,9.0,-3.6
226,3,3,9.3,-3.5
226,3,4,9.5,-3.5
226,3,5,9.5,-3.3
226,3,6,9.5,-3.2
226,3,7,9.7,-3.2
226,3,8,9.6,-3.2
226,3,9,9.7,-3.2
226,3,10,10.3,-3.4
226,3,11,10.7,-3.3
226,3,12,10.8,-3.2
226,3,13,11.4,-3.0
226,3,14,11.7,-2.4
226,3,15,12.2,-2.1
226,3,16,12.4,-1.6
226,3,17,12.9,-1.2
226,3,18,13.2,-1.0
226,3,19,13.6,-1.1
226,3,20,13.4,-0.8
226,3,21,13.4,-0.8
226,3,22,12.9,-0.9
226,3,23,12.7,-0.8
226,3,24,12.8,-0.7
226,3,25,13.3,-0.8
226,3,26,13.6,-0.7
226,3,27,14.2,-0.3
226,3,28,14.7,-0.1
226,3,29,14.9,0.1
226,3,30,15.1,0.4
226,3,31,15.2,0.6
226,4,1,15.5,0.7
226,4,2,15.8,0.7
226,4,3,16.3,0.8
226,4,4,16.4,0.9
226,4,5,16.7,1.4
226,4,6,17.1,1.6
226,4,7,17.3,2.2
226,4,8,17.2,2.7
226,4,9,17.4,3.2
226,4,10,17.5,3.1
226,4,11,17.3,3.3
226,4,12,17.5,3.2
226,4,13,18.0,3.1
226,4,14,18.5,3.0
226,4,15,19.0,3.1
226,4,16,19.6,3.5
226,4,17,19.9,3.8
226,4,18,19.9,4.3
226,4,19,19.9,4.9
226,4,20,20.0,5.3
226,4,21,19.9,5.5
226,4,22,20.0,5.5
226,4,23,20.1,5.4
226,4,24,20.1,5.2
226,4,25,20.2,4.9
226,4,26,20.6,4.8
226,4,27,20.7,5.3
226,4,28,21.1,6.0
226,4,29,21.6,6.6
226,4,30,22.1,7.3
226,5,1,22.2,7.9
226,5,2,22.7,8.0
226,5,3,23.1,7.9
226,5,4,23.0,7.9
226,5,5,22.9,8.0
226,5,6,23.1,8.1
226,5,7,23.0,8.2
226,5,8,22.5,8.4
226,5,9,22.6,8.5
226,5,10,22.4,8.7
226,5,11,22.3,8.8
226,5,12,22.4,9.1
226,5,13,22.7,9.5
226,5,14,22.8,9.9
226,5,15,23.2,9.9
226,5,16,23.5,10.2
226,5,17,23.5,10.4
226,5,18,23.8,10.2
226,5,19,24.2,10.1
226,5,20,24.6,10.2
226,5,21,24.8,10.4
226,5,22,25.0,10.6
226,5,23,25.1,10.9
226,5,24,25.1,11.3
226,5,25,24.9,11.4
226,5,26,24.9,11.3
226,5,27,25.1,11.4
226,5,28,25.2,11.5
226,5,29,25.5,11.5
226,5,30,25.8,11.7
226,5,31,26.0,12.0
226,6,1,26.0,12.2
226,6,2,26.3,12.6
226,6,3,26.4,13.1
226,6,4,26.5,13.5
226,6,5,26.6,13.9
226,6,6,26.7,14.2
226,6,7,26.8,14.4
226,6,8,26.8,14.7
226,6,9,26.8,14.8
226,6,10,26.8,15.0
226,6,11,26.9,15.1
226,6,12,26.9,15.3
226,6,13,27.0,15.3
226,6,14,27.2,15.2
226,6,15,27.5,15.4
226,6,16,27.6,15.6
226,6,17,27.7,15.8
226,6,18,27.8,16.1
226,6,19,27.7,16.5
226,6,20,27.7,16.7
226,6,21,27.6,16.8
226,6,22,27.4,16.9
226,6,23,27.2,17.0
226,6,24,27.0,17.1
226,6,25,26.8,17.3
226,6,26,27.0,17.5
226,6,27,27.4,17.8
226,6,28,27.6,18.2
226,6,29,27.6,18.5
226,6,30,27.6,18.8
226,7,1,27.5,19.1
226,7,2,27.5,19.3
226,7,3,27.7,19.3
226,7,4,28.0,19.2
226,7,5,28.0,19.1
226,7,6,27.9,18.9
226,7,7,27.9,18.9
226,7,8,27.9,19.0
226,7,9,27.8,19.2
226,7,10,27.7,19.4
226,7,11,27.8,19.7
226,7,12,28.1,19.9
226,7,13,28.2,20.0
226,7,14,28.2,20.1
226,7,15,28.3,20.1
226,7,16,28.4,20.0
226,7,17,28.5,20.1
226,7,18,28.8,20.2
226,7,19,29.1,20.4
226,7,20,29.6,20.7
226,7,21,29.7,21.0
226,7,22,29.8,21.2
226,7,23,29.9,21.4
226,7,24,30.0,21.3
226,7,25,30.1,21.2
226,7,26,30.1,21.3
226,7,27,30.3,21.3
226,7,28,30.4,21.4
226,7,29,30.7,21.6
226,7,30,30.8,21.8
226,7,31,31.0,21.9
226,8,1,31.1,22.0
226,8,2,31.0,21.9
226,8,3,31.0,21.8
226,8,4,31.0,21.6
226,8,5,30.7,21.3
226,8,6,30.8,21.3
226,8,7,30.8,21.3
226,8,8,30.4,21.3
226,8,9,30.2,21.4
226,8,10,30.1,21.4
226,8,11,30.0,21.3
226,8,12,30.0,21.3
226,8,13,30.1,21.2
226,8,14,30.0,21.1
226,8,15,30.0,20.9
226,8,16,29.8,20.8
226,8,17,29.7,20.5
226,8,18,29.5,20.3
226,8,19,29.6,20.1
226,8,20,29.4,19.9
226,8,21,29.2,19.8
226,8,22,29.0,19.6
226,8,23,28.8,19.6
226,8,24,28.3,19.3
226,8,25,28.0,19.2
226,8,26,28.0,19.0
226,8,27,28.0,18.8
226,8,28,27.7,18.6
226,8,29,27.8,18.5
226,8,30,28.0,18.3
226,8,31,27.8,18.1
226,9,1,27.6,17.9
226,9,2,27.8,17.5
226,9,3,27.7,17.3
226,9,4,27.2,17.0
226,9,5,27.1,16.6
226,9,6,27.0,16.3
226,9,7,26.6,16.2
226,9,8,26.5,15.9
226,9,9,26.4,15.7
226,9,10,26.2,15.6
226,9,11,25.9,15.4
226,9,12,25.8,15.2
226,9,13,25.7,15.1
226,9,14,25.7,14.9
226,9,15,25.6,14.6
226,9,16,25.7,14.3
226,9,17,25.6,13.8
226,9,18,25.3,13.4
226,9,19,25.0,13.0
226,9,20,24.7,12.5
226,9,21,24.4,12.1
226,9,22,24.1,12.0
226,9,23,24.1,11.8
226,9,24,24.1,11.5
226,9,25,24.1,11.3
226,9,26,23.9,11.2
226,9,27,23.7,11.0
226,9,28,23.3,10.9
226,9,29,23.1,10.8
226,9,30,22.8,10.7
226,10,1,22.8,10.5
226,10,2,22.7,10.0
226,10,3,22.5,9.5
226,10,4,22.3,9.0
226,10,5,22.1,8.8
226,10,6,21.9,8.4
226,10,7,21.9,8.1
226,10,8,22.0,8.0
226,10,9,21.9,7.8
226,10,10,21.7,7.5
226,10,11,21.5,7.2
226,10,12,21.1,7.0
226,10,13,20.8,6.6
226,10,14,20.5,6.2
226,10,15,20.3,5.9
226,10,16,20.2,5.6
226,10,17,20.0,5.4
226,10,18,20.0,5.2
226,10,19,20.0,5.2
226,10,20,19.8,5.2
226,10,21,19.5,5.1
226,10,22,19.2,5.0
226,10,23,18.8,4.8
226,10,24,18.4,4.3
226,10,25,18.1,3.8
226,10,26,17.9,3.5
226,10,27,17.5,3.1
226,10,28,17.2,2.7
226,10,29,16.9,2.4
226,10,30,16.5,2.4
226,10,31,16.2,2.1
226,11,1,16.0,1.7
226,11,2,16.1,1.4
226,11,3,16.3,1.4
226,11,4,16.7,1.5
226,11,5,16.8,1.7
226,11,6,16.6,1.9
226,11,7,16.2,2.3
226,11,8,15.6,2.4
226,11,9,15.0,2.2
226,11,10,14.5,1.9
226,11,11,14.3,1.4
226,11,12,13.9,1.2
226,11,13,13.6,0.7
226,11,14,13.2,0.0
226,11,15,12.7,-0.3
226,11,16,12.1,-0.7
226,11,17,11.6,-1.2
226,11,18,11.2,-1.6
226,11,19,10.8,-1.9
226,11,20,10.5,-2.3
226,11,21,10.6,-2.4
226,11,22,10.5,-2.4
226,11,23,10.6,-2.4
226,11,24,10.5,-2.3
226,11,25,10.1,-2.2
226,11,26,9.8,-2.3
226,11,27,9.6,-2.2
226,11,28,9.4,-2.4
226,11,29,9.3,-2.7
226,11,30,9.2,-3.1
226,12,1,8.7,-3.6
226,12,2,8.2,-4.1
226,12,3,7.5,-4.4
226,12,4,6.8,-4.9
226,12,5,6.3,-5.0
226,12,6,6.1,-5.1
226,12,7,6.0,-5.3
226,12,8,6.1,-5.4
226,12,9,6.0,-5.3
226,12,10,5.9,-5.6
226,12,11,5.8,-5.9
226,12,12,5.5,-6.1
226,12,13,5.2,-6.3
226,12,14,5.1,-6.7
226,12,15,4.9,-6.6
226,12,16,4.6,-6.9
226,12,17,4.6,-7.0
226,12,18,4.7,-7.1
226,12,19,4.9,-6.8
226,12,20,5.3,-6.9
226,12,21,5.5,-6.5
226,12,22,5.6,-6.3
226,12,23,5.4,-6.3
226,12,24,4.9,-6.6
226,12,25,4.4,-7.1
226,12,26,4.0,-7.7
226,12,27,3.7,-8.1
226,12,28,3.4,-8.5
226,12,29,3.3,-8.8
226,12,30,3.2,-8.8
226,12,31,3.4,-8.6
232,1,1,3.5,-7.1
232,1,2,3.4,-7.1
232,1,3,3.4,-7.1
232,1,4,3.4,-7.2
232,1,5,3.3,-7.5
232,1,6,3.1,-7.6
232,1,7,3.0,-7.6
232,1,8,3.0,-7.5
232,1,9,2.9,-7.6
232,1,10,2.8,-7.6
232,1,11,2.6,-7.6
232,1,12,2.6,-7.6
232,1,13,2.7,-7.7
232,1,14,2.8,-7.6
232,1,15,3.0,-7.4
232,1,16,3.1,-7.5
232,1,17,3.3,-7.4
232,1,18,3.4,-7.0
232,1,19,3.2,-7.0
232,1,20,3.0,-6.9
232,1,21,2.8,-7.0
232,1,22,2.5,-7.4
232,1,23,2.3,-8.0
232,1,24,2.3,-8.0
232,1,25,2.4,-8.4
232,1,26,2.7,-8.4
232,1,27,3.1,-8.0
232,1,28,3.3,-7.7
232,1,29,3.5,-7.7
232,1,30,3.5,-7.6
232,1,31,3.5,-7.7
232,2,1,3.4,-7.8
232,2,2,3.4,-7.7
232,2,3,3.5,-7.6
232,2,4,3.8,-7.4
232,2,5,4.1,-7.1
232,2,6,4.2,-6.9
232,2,7,4.1,-6.7
232,2,8,4.2,-6.5
232,2,9,4.2,-6.5
232,2,10,4.2,-6.2
232,2,11,4.8,-6.0
232,2,12,5.4,-5.7
232,2,13,5.8,-5.3
232,2,14,5.8,-5.2
232,2,15,5.9,-5.1
232,2,16,5.7,-5.0
232,2,17,5.7,-5.1
232,2,18,6.0,-5.2
232,2,19,6.3,-5.1
232,2,20,6.9,-4.9
232,2,21,7.1,-4.6
232,2,22,7.5,-4.4
232,2,23,7.6,-4.0
232,2,24,8.0,-3.7
232,2,25,8.2,-3.5
232,2,26,8.7,-3.1
232,2,27,8.7,-2.8
232,2,28,8.7,-2.8
232,2,29,8.8,-2.8
232,3,1,8.9,-2.8
232,3,2,9.1,-2.6
232,3,3,9.2,-2.5
232,3,4,9.4,-2.4
232,3,5,9.5,-2.1
232,3,6,9.5,-2.1
232,3,7,9.7,-2.2
232,3,8,9.6,-2.1
232,3,9,9.7,-2.1
232,3,10,10.2,-2.3
232,3,11,10.6,-2.1
232,3,12,10.7,-1.9
232,3,13,11.3,-1.8
232,3,14,11.7,-1.4
232,3,15,12.1,-1.1
232,3,16,12.4,-0.6
232,3,17,12.9,-0.3
232,3,18,13.2,-0.1
232,3,19,13.5,0.1
232,3,20,13.4,0.4
232,3,21,13.2,0.4
232,3,22,12.8,0.2
232,3,23,12.6,0.3
232,3,24,12.7,0.2
232,3,25,13.2,0.1
232,3,26,13.6,0.2
232,3,27,14.2,0.6
232,3,28,14.6,0.8
232,3,29,14.7,1.1
232,3,30,14.8,1.3
232,3,31,14.9,1.5
232,4,1,15.2,1.5
232,4,2,15.5,1.6
232,4,3,16.1,1.8
232,4,4,16.3,2.0
232,4,5,16.6,2.5
232,4,6,17.0,2.9
232,4,7,17.2,3.4
232,4,8,17.2,3.9
232,4,9,17.5,4.2
232,4,10,17.6,4.2
232,4,11,17.6,4.4
232,4,12,17.6,4.4
232,4,13,18.0,4.3
232,4,14,18.4,4.2
232,4,15,18.9,4.3
232,4,16,19.4,4.6
232,4,17,19.8,4.9
232,4,18,19.9,5.5
232,4,19,20.0,6.1
232,4,20,19.9,6.6
232,4,21,19.8,6.8
232,4,22,19.8,6.8
232,4,23,20.0,6.7
232,4,24,19.9,6.4
232,4,25,20.1,6.2
232,4,26,20.4,6.2
232,4,27,20.7,6.7
232,4,28,21.2,7.3
232,4,29,21.7,8.1
232,4,30,22.3,8.7
232,5,1,22.5,9.3
232,5,2,22.9,9.4
232,5,3,23.2,9.4
232,5,4,23.2,9.4
232,5,5,23.1,9.5
232,5,6,23.2,9.6
232,5,7,23.2,9.8
232,5,8,22.8,10.1
232,5,9,22.9,10.2
232,5,10,22.7,10.4
232,5,11,22.7,10.5
232,5,12,22.8,10.6
232,5,13,23.0,11.0
232,5,14,23.0,11.2
232,5,15,23.4,11.3
232,5,16,23.6,11.6
232,5,17,23.7,11.8
232,5,18,23.9,11.7
232,5,19,24.3,11.7
232,5,20,24.7,11.9
232,5,21,25.1,12.0
232,5,22,25.2,12.2
232,5,23,25.3,12.5
232,5,24,25.3,12.7
232,5,25,25.2,12.8
232,5,26,25.2,12.9
232,5,27,25.5,13.0
232,5,28,25.7,13.1
232,5,29,26.0,13.1
232,5,30,26.3,13.3
232,5,31,26.4,13.5
232,6,1,26.4,13.7
232,6,2,26.6,14.0
232,6,3,26.7,14.4
232,6,4,26.8,14.7
232,6,5,26.9,15.0
232,6,6,27.0,15.3
232,6,7,27.2,15.5
232,6,8,27.3,15.9
232,6,9,27.3,16.2
232,6,10,27.3,16.4
232,6,11,27.4,16.5
232,6,12,27.3,16.6
232,6,13,27.4,16.6
232,6,14,27.6,16.5
232,6,15,27.7,16.6
232,6,16,27.8,16.7
232,6,17,27.9,16.9
232,6,18,27.9,17.1
232,6,19,27.9,17.5
232,6,20,28.0,17.7
232,6,21,28.0,17.8
232,6,22,27.9,17.8
232,6,23,27.8,17.9
232,6,24,27.6,18.0
232,6,25,27.5,18.1
232,6,26,27.7,18.3
232,6,27,27.9,18.5
232,6,28,28.0,18.9
232,6,29,28.0,19.3
232,6,30,28.1,19.5
232,7,1,28.0,19.8
232,7,2,28.1,20.0
232,7,3,28.3,20.0
232,7,4,28.7,19.9
232,7,5,28.7,19.9
232,7,6,28.8,19.8
232,7,7,28.8,19.9
232,7,8,28.7,20.1
232,7,9,28.6,20.3
232,7,10,28.5,20.4
232,7,11,28.5,20.7
232,7,12,28.6,20.8
232,7,13,28.7,20.9
232,7,14,28.8,21.0
232,7,15,28.8,21.0
232,7,16,29.1,21.0
232,7,17,29.2,21.1
232,7,18,29.5,21.2
232,7,19,29.8,21.5
232,7,20,30.3,21.7
232,7,21,30.3,21.9
232,7,22,30.3,22.1
232,7,23,30.3,22.3
232,7,24,30.4,22.3
232,7,25,30.5,22.3
232,7,26,30.6,22.4
232,7,27,30.7,22.5
232,7,28,30.9,22.5
232,7,29,31.1,22.6
232,7,30,31.2,22.7
232,7,31,31.5,22.8
232,8,1,31.6,22.8
232,8,2,31.6,22.6
232,8,3,31.7,22.6
232,8,4,31.6,22.5
232,8,5,31.4,22.4
232,8,6,31.4,22.4
232,8,7,31.3,22.4
232,8,8,31.1,22.3
232,8,9,30.9,22.3
232,8,10,30.8,22.2
232,8,11,30.8,22.1
232,8,12,30.7,22.1
232,8,13,30.7,22.0
232,8,14,30.6,21.9
232,8,15,30.6,21.8
232,8,16,30.4,21.7
232,8,17,30.3,21.5
232,8,18,30.2,21.3
232,8,19,30.1,21.2
232,8,20,29.9,21.0
232,8,21,29.7,20.7
232,8,22,29.5,20.5
232,8,23,29.2,20.3
232,8,24,28.9,20.2
232,8,25,28.6,20.0
232,8,26,28.6,20.0
232,8,27,28.7,19.8
232,8,28,28.5,19.7
232,8,29,28.5,19.4
232,8,30,28.7,19.2
232,8,31,28.5,19.0
232,9,1,28.3,18.8
232,9,2,28.4,18.5
232,9,3,28.2,18.3
232,9,4,27.8,18.1
232,9,5,27.7,17.7
232,9,6,27.6,17.5
232,9,7,27.3,17.2
232,9,8,27.2,17.1
232,9,9,27.1,16.9
232,9,10,26.8,16.7
232,9,11,26.5,16.4
232,9,12,26.5,16.3
232,9,13,26.4,16.1
232,9,14,26.3,15.9
232,9,15,26.4,15.7
232,9,16,26.4,15.4
232,9,17,26.3,15.0
232,9,18,26.0,14.6
232,9,19,25.7,14.2
232,9,20,25.4,13.8
232,9,21,25.1,13.5
232,9,22,24.8,13.4
232,9,23,24.8,13.1
232,9,24,24.8,12.9
232,9,25,24.8,12.8
232,9,26,24.6,12.7
232,9,27,24.3,12.4
232,9,28,24.1,12.4
232,9,29,23.8,12.2
232,9,30,23.4,12.0
232,10,1,23.2,11.7
232,10,2,23.0,11.2
232,10,3,22.8,10.6
232,10,4,22.7,10.2
232,10,5,22.6,9.9
232,10,6,22.5,9.6
232,10,7,22.5,9.4
232,10,8,22.5,9.4
232,10,9,22.3,9.3
232,10,10,22.0,9.0
232,10,11,21.8,8.6
232,10,12,21.4,8.3
232,10,13,21.1,7.8
232,10,14,20.8,7.4
232,10,15,20.7,7.1
232,10,16,20.4,6.9
232,10,17,20.4,6.8
232,10,18,20.5,6.8
232,10,19,20.5,6.7
232,10,20,20.3,6.7
232,10,21,20.1,6.6
232,10,22,19.8,6.5
232,10,23,19.3,6.3
232,10,24,18.8,5.8
232,10,25,18.5,5.3
232,10,26,18.2,5.1
232,10,27,17.7,4.6
232,10,28,17.3,4.1
232,10,29,17.1,3.8
232,10,30,16.6,3.7
232,10,31,16.2,3.3
232,11,1,16.2,3.0
232,11,2,16.3,2.8
232,11,3,16.5,2.8
232,11,4,16.8,2.9
232,11,5,16.9,3.2
232,11,6,16.6,3.4
232,11,7,16.2,3.6
232,11,8,15.6,3.6
232,11,9,15.0,3.3
232,11,10,14.5,2.9
232,11,11,14.3,2.7
232,11,12,14.0,2.5
232,11,13,13.5,2.0
232,11,14,13.0,1.4
232,11,15,12.6,1.1
232,11,16,12.0,0.6
232,11,17,11.6,0.1
232,11,18,11.2,-0.2
232,11,19,10.8,-0.4
232,11,20,10.6,-0.9
232,11,21,10.7,-1.0
232,11,22,10.6,-1.0
232,11,23,10.6,-1.1
232,11,24,10.5,-1.0
232,11,25,10.2,-0.9
232,11,26,9.8,-0.9
232,11,27,9.5,-0.9
232,11,28,9.2,-1.1
232,11,29,9.2,-1.3
232,11,30,9.1,-1.7
232,12,1,8.6,-2.2
232,12,2,8.1,-2.9
232,12,3,7.5,-3.2
232,12,4,6.7,-3.6
232,12,5,6.2,-3.7
232,12,6,6.0,-3.7
232,12,7,5.9,-3.8
232,12,8,5.9,-3.9
232,12,9,5.9,-3.8
232,12,10,5.7,-4.3
232,12,11,5.6,-4.6
232,12,12,5.3,-4.9
232,12,13,5.0,-5.1
232,12,14,4.9,-5.4
232,12,15,4.6,-5.4
232,12,16,4.4,-5.6
232,12,17,4.4,-5.6
232,12,18,4.5,-5.7
232,12,19,4.7,-5.7
232,12,20,5.2,-5.6
232,12,21,5.5,-5.3
232,12,22,5.5,-5.1
232,12,23,5.3,-5.1
232,12,24,4.9,-5.3
232,12,25,4.2,-5.9
232,12,26,3.7,-6.5
232,12,27,3.4,-6.9
232,12,28,3.2,-7.4
232,12,29,3.2,-7.6
232,12,30,3.2,-7.4
232,12,31,3.4,-7.2
236,1,1,4.8,-6.4
236,1,2,4.9,-6.5
236,1,3,4.8,-6.5
236,1,4,4.9,-6.5
236,1,5,4.6,-6.6
236,1,6,4.4,-6.6
236,1,7,4.2,-6.6
236,1,8,4.2,-6.5
236,1,9,4.0,-6.6
236,1,10,4.1,-6.6
236,1,11,4.0,-6.7
236,1,12,4.1,-6.6
236,1,13,4.2,-6.6
236,1,14,4.3,-6.5
236,1,15,4.4,-6.4
236,1,16,4.5,-6.4
236,1,17,4.7,-6.4
236,1,18,4.7,-6.2
236,1,19,4.6,-6.3
236,1,20,4.4,-6.2
236,1,21,4.1,-6.3
236,1,22,3.9,-6.5
236,1,23,3.7,-7.0
236,1,24,3.7,-7.0
236,1,25,3.9,-7.3
236,1,26,4.2,-7.3
236,1,27,4.4,-7.0
236,1,28,4.6,-6.8
236,1,29,4.8,-6.8
236,1,30,4.9,-6.7
236,1,31,4.9,-6.8
236,2,1,4.9,-6.9
236,2,2,4.9,-6.9
236,2,3,5.0,-6.8
236,2,4,5.2,-6.7
236,2,5,5.5,-6.5
236,2,6,5.6,-6.2
236,2,7,5.5,-6.0
236,2,8,5.6,-5.8
236,2,9,5.7,-5.7
236,2,10,5.7,-5.5
236,2,11,6.2,-5.4
236,2,12,6.9,-5.1
236,2,13,7.2,-4.8
236,2,14,7.2,-4.6
236,2,15,7.3,-4.5
236,2,16,7.3,-4.5
236,2,17,7.2,-4.6
236,2,18,7.5,-4.9
236,2,19,7.7,-4.8
236,2,20,8.1,-4.7
236,2,21,8.4,-4.4
236,2,22,8.7,-4.3
236,2,23,8.8,-3.8
236,2,24,9.2,-3.5
236,2,25,9.5,-3.2
236,2,26,9.7,-2.8
236,2,27,9.8,-2.5
236,2,28,9.8,-2.6
236,2,29,9.9,-2.6
236,3,1,9.9,-2.6
236,3,2,10.1,-2.4
236,3,3,10.3,-2.3
236,3,4,10.4,-2.2
236,3,5,10.5,-1.9
236,3,6,10.5,-1.9
236,3,7,10.7,-2.1
236,3,8,10.6,-2.0
236,3,9,10.6,-2.1
236,3,10,11.1,-2.2
236,3,11,11.5,-2.1
236,3,12,11.6,-1.9
236,3,13,12.2,-1.7
236,3,14,12.6,-1.2
236,3,15,12.9,-0.8
236,3,16,13.1,-0.4
236,3,17,13.6,0.0
236,3,18,13.9,0.3
236,3,19,14.2,0.4
236,3,20,14.1,0.7
236,3,21,14.1,0.7
236,3,22,13.6,0.6
236,3,23,13.5,0.4
236,3,24,13.5,0.4
236,3,25,13.9,0.4
236,3,26,14.3,0.5
236,3,27,14.8,0.8
236,3,28,15.2,1.1
236,3,29,15.5,1.3
236,3,30,15.7,1.5
236,3,31,15.8,1.6
236,4,1,16.1,1.7
236,4,2,16.4,1.8
236,4,3,16.9,1.9
236,4,4,17.1,2.1
236,4,5,17.4,2.6
236,4,6,17.8,2.8
236,4,7,18.0,3.3
236,4,8,18.0,3.7
236,4,9,18.2,4.1
236,4,10,18.3,4.2
236,4,11,18.1,4.4
236,4,12,18.2,4.4
236,4,13,18.6,4.3
236,4,14,19.0,4.2
236,4,15,19.4,4.3
236,4,16,19.9,4.6
236,4,17,20.1,5.0
236,4,18,20.2,5.4
236,4,19,20.4,6.1
236,4,20,20.4,6.6
236,4,21,20.4,6.8
236,4,22,20.4,6.9
236,4,23,20.5,6.8
236,4,24,20.4,6.6
236,4,25,20.6,6.3
236,4,26,20.9,6.2
236,4,27,21.1,6.7
236,4,28,21.5,7.4
236,4,29,21.9,8.2
236,4,30,22.6,8.8
236,5,1,22.8,9.5
236,5,2,23.3,9.6
236,5,3,23.7,9.5
236,5,4,23.6,9.5
236,5,5,23.4,9.5
236,5,6,23.5,9.5
236,5,7,23.5,9.7
236,5,8,23.1,9.9
236,5,9,23.2,10.1
236,5,10,23.1,10.3
236,5,11,23.0,10.3
236,5,12,23.2,10.6
236,5,13,23.4,11.0
236,5,14,23.5,11.3
236,5,15,23.9,11.3
236,5,16,24.2,11.6
236,5,17,24.3,11.8
236,5,18,24.6,11.7
236,5,19,24.9,11.7
236,5,20,25.2,11.9
236,5,21,25.5,12.1
236,5,22,25.7,12.3
236,5,23,25.8,12.6
236,5,24,25.8,12.9
236,5,25,25.7,12.9
236,5,26,25.8,13.1
236,5,27,26.1,13.3
236,5,28,26.2,13.4
236,5,29,26.5,13.3
236,5,30,26.7,13.5
236,5,31,26.9,13.7
236,6,1,26.9,13.9
236,6,2,27.1,14.2
236,6,3,27.3,14.6
236,6,4,27.5,15.1
236,6,5,27.6,15.4
236,6,6,27.7,15.7
236,6,7,27.9,15.9
236,6,8,27.9,16.2
236,6,9,27.9,16.5
236,6,10,27.9,16.6
236,6,11,28.1,16.8
236,6,12,27.9,16.9
236,6,13,28.0,16.9
236,6,14,28.2,16.9
236,6,15,28.4,17.1
236,6,16,28.4,17.3
236,6,17,28.6,17.5
236,6,18,28.6,17.6
236,6,19,28.6,18.0
236,6,20,28.6,18.2
236,6,21,28.5,18.4
236,6,22,28.3,18.5
236,6,23,28.1,18.6
236,6,24,27.9,18.6
236,6,25,27.8,18.7
236,6,26,28.0,18.8
236,6,27,28.2,19.1
236,6,28,28.3,19.5
236,6,29,28.2,19.8
236,6,30,28.2,20.1
236,7,1,28.1,20.4
236,7,2,28.1,20.6
236,7,3,28.3,20.6
236,7,4,28.7,20.6
236,7,5,28.9,20.6
236,7,6,29.0,20.5
236,7,7,29.1,20.6
236,7,8,29.1,20.7
236,7,9,28.8,20.9
236,7,10,28.7,21.0
236,7,11,28.6,21.1
236,7,12,28.7,21.3
236,7,13,28.8,21.5
236,7,14,28.9,21.5
236,7,15,29.1,21.6
236,7,16,29.4,21.6
236,7,17,29.6,21.6
236,7,18,29.9,21.8
236,7,19,30.3,22.0
236,7,20,30.7,22.3
236,7,21,30.8,22.6
236,7,22,30.8,22.7
236,7,23,30.8,22.8
236,7,24,30.9,22.8
236,7,25,31.0,22.8
236,7,26,31.2,22.9
236,7,27,31.4,23.0
236,7,28,31.6,23.1
236,7,29,31.8,23.2
236,7,30,31.8,23.3
236,7,31,32.0,23.4
236,8,1,32.1,23.4
236,8,2,32.0,23.3
236,8,3,32.1,23.3
236,8,4,32.2,23.2
236,8,5,32.0,23.0
236,8,6,32.1,23.0
236,8,7,32.0,23.0
236,8,8,31.8,22.9
236,8,9,31.6,22.9
236,8,10,31.5,22.8
236,8,11,31.4,22.7
236,8,12,31.4,22.7
236,8,13,31.3,22.6
236,8,14,31.2,22.6
236,8,15,31.2,22.4
236,8,16,31.1,22.3
236,8,17,31.0,22.1
236,8,18,30.8,21.9
236,8,19,30.8,21.8
236,8,20,30.5,21.6
236,8,21,30.3,21.4
236,8,22,30.0,21.2
236,8,23,29.8,21.1
236,8,24,29.5,20.8
236,8,25,29.3,20.6
236,8,26,29.3,20.5
236,8,27,29.3,20.3
236,8,28,29.2,20.1
236,8,29,29.2,19.9
236,8,30,29.4,19.7
236,8,31,29.2,19.6
236,9,1,29.0,19.4
236,9,2,29.2,19.1
236,9,3,29.1,19.0
236,9,4,28.6,18.7
236,9,5,28.4,18.4
236,9,6,28.3,18.1
236,9,7,27.9,17.9
236,9,8,27.8,17.6
236,9,9,27.8,17.4
236,9,10,27.5,17.3
236,9,11,27.3,17.1
236,9,12,27.3,17.0
236,9,13,27.2,16.9
236,9,14,27.1,16.7
236,9,15,27.2,16.5
236,9,16,27.2,16.1
236,9,17,27.2,15.7
236,9,18,26.9,15.3
236,9,19,26.6,14.9
236,9,20,26.3,14.4
236,9,21,25.9,14.1
236,9,22,25.6,13.9
236,9,23,25.5,13.6
236,9,24,25.6,13.5
236,9,25,25.6,13.4
236,9,26,25.4,13.2
236,9,27,25.2,13.0
236,9,28,24.9,12.9
236,9,29,24.6,12.8
236,9,30,24.2,12.5
236,10,1,24.1,12.2
236,10,2,23.9,11.7
236,10,3,23.7,11.3
236,10,4,23.6,10.7
236,10,5,23.4,10.5
236,10,6,23.4,10.2
236,10,7,23.4,10.0
236,10,8,23.4,9.9
236,10,9,23.2,9.7
236,10,10,22.9,9.4
236,10,11,22.7,9.0
236,10,12,22.3,8.6
236,10,13,22.0,8.0
236,10,14,21.7,7.7
236,10,15,21.5,7.4
236,10,16,21.4,7.1
236,10,17,21.3,7.0
236,10,18,21.3,7.1
236,10,19,21.3,7.1
236,10,20,21.2,7.0
236,10,21,20.9,7.0
236,10,22,20.6,6.9
236,10,23,20.2,6.6
236,10,24,19.7,6.1
236,10,25,19.4,5.5
236,10,26,19.1,5.2
236,10,27,18.7,4.9
236,10,28,18.3,4.5
236,10,29,18.0,4.2
236,10,30,17.6,4.1
236,10,31,17.2,3.8
236,11,1,17.1,3.5
236,11,2,17.2,3.2
236,11,3,17.3,3.2
236,11,4,17.7,3.3
236,11,5,17.7,3.5
236,11,6,17.4,3.7
236,11,7,16.9,3.9
236,11,8,16.4,3.9
236,11,9,15.9,3.7
236,11,10,15.5,3.3
236,11,11,15.3,3.0
236,11,12,15.0,2.8
236,11,13,14.6,2.3
236,11,14,14.1,1.7
236,11,15,13.6,1.4
236,11,16,13.1,1.0
236,11,17,12.6,0.5
236,11,18,12.3,0.2
236,11,19,11.9,-0.1
236,11,20,11.7,-0.5
236,11,21,11.7,-0.6
236,11,22,11.7,-0.5
236,11,23,11.7,-0.6
236,11,24,11.6,-0.4
236,11,25,11.3,-0.4
236,11,26,11.0,-0.4
236,11,27,10.7,-0.5
236,11,28,10.5,-0.7
236,11,29,10.5,-1.0
236,11,30,10.4,-1.3
236,12,1,9.9,-1.8
236,12,2,9.4,-2.4
236,12,3,8.7,-2.7
236,12,4,7.9,-3.2
236,12,5,7.5,-3.3
236,12,6,7.2,-3.3
236,12,7,7.1,-3.5
236,12,8,7.1,-3.5
236,12,9,7.2,-3.3
236,12,10,7.0,-3.7
236,12,11,6.9,-3.9
236,12,12,6.6,-4.1
236,12,13,6.3,-4.3
236,12,14,6.1,-4.6
236,12,15,6.0,-4.6
236,12,16,5.7,-4.9
236,12,17,5.8,-4.9
236,12,18,5.8,-5.0
236,12,19,6.0,-4.9
236,12,20,6.3,-4.9
236,12,21,6.6,-4.7
236,12,22,6.6,-4.6
236,12,23,6.5,-4.7
236,12,24,6.1,-4.8
236,12,25,5.6,-5.4
236,12,26,5.2,-5.8
236,12,27,4.9,-6.1
236,12,28,4.6,-6.4
236,12,29,4.5,-6.6
236,12,30,4.5,-6.5
236,12,31,4.7,-6.5
238,1,1,4.6,-7.9
238,1,2,4.6,-7.8
238,1,3,4.6,-7.8
238,1,4,4.7,-7.9
238,1,5,4.4,-8.0
238,1,6,4.2,-8.0
238,1,7,4.0,-8.1
238,1,8,4.0,-8.0
238,1,9,3.8,-8.0
238,1,10,3.8,-8.0
238,1,11,3.6,-7.9
238,1,12,3.6,-7.9
238,1,13,3.7,-8.0
238,1,14,3.8,-7.9
238,1,15,3.8,-7.9
238,1,16,4.0,-8.0
238,1,17,4.2,-7.9
238,1,18,4.3,-7.5
238,1,19,4.2,-7.5
238,1,20,3.9,-7.4
238,1,21,3.7,-7.4
238,1,22,3.3,-7.7
238,1,23,3.2,-8.2
238,1,24,3.2,-8.1
238,1,25,3.4,-8.4
238,1,26,3.7,-8.5
238,1,27,4.1,-8.2
238,1,28,4.3,-8.0
238,1,29,4.6,-8.0
238,1,30,4.6,-7.9
238,1,31,4.6,-8.1
238,2,1,4.6,-8.2
238,2,2,4.6,-8.2
238,2,3,4.6,-8.3
238,2,4,4.9,-8.0
238,2,5,5.3,-7.8
238,2,6,5.3,-7.5
238,2,7,5.2,-7.3
238,2,8,5.3,-7.0
238,2,9,5.2,-6.8
238,2,10,5.2,-6.6
238,2,11,5.8,-6.5
238,2,12,6.5,-6.2
238,2,13,6.9,-5.9
238,2,14,7.0,-5.7
238,2,15,7.0,-5.6
238,2,16,6.9,-5.6
238,2,17,6.9,-5.6
238,2,18,7.1,-5.9
238,2,19,7.3,-5.9
238,2,20,7.7,-5.8
238,2,21,8.0,-5.6
238,2,22,8.4,-5.4
238,2,23,8.5,-5.0
238,2,24,8.8,-4.6
238,2,25,9.1,-4.2
238,2,26,9.3,-3.8
238,2,27,9.4,-3.4
238,2,28,9.4,-3.4
238,2,29,9.5,-3.4
238,3,1,9.6,-3.4
238,3,2,9.8,-3.3
238,3,3,9.9,-3.3
238,3,4,10.1,-3.3
238,3,5,10.1,-3.0
238,3,6,10.2,-2.9
238,3,7,10.4,-2.9
238,3,8,10.4,-2.9
238,3,9,10.4,-2.9
238,3,10,11.0,-3.0
238,3,11,11.4,-2.9
238,3,12,11.6,-2.7
238,3,13,12.1,-2.5
238,3,14,12.4,-2.0
238,3,15,12.8,-1.7
238,3,16,12.9,-1.2
238,3,17,13.5,-0.9
238,3,18,13.8,-0.7
238,3,19,14.2,-0.7
238,3,20,14.0,-0.3
238,3,21,14.0,-0.3
238,3,22,13.4,-0.5
238,3,23,13.2,-0.5
238,3,24,13.2,-0.4
238,3,25,13.6,-0.5
238,3,26,14.1,-0.4
238,3,27,14.8,0.0
238,3,28,15.3,0.3
238,3,29,15.5,0.5
238,3,30,15.8,0.7
238,3,31,15.9,0.9
238,4,1,16.1,1.0
238,4,2,16.4,1.0
238,4,3,16.9,1.1
238,4,4,17.0,1.2
238,4,5,17.3,1.7
238,4,6,17.6,1.9
238,4,7,17.9,2.4
238,4,8,17.8,2.9
238,4,9,18.0,3.4
238,4,10,18.1,3.4
238,4,11,17.9,3.5
238,4,12,18.0,3.5
238,4,13,18.5,3.5
238,4,14,19.1,3.4
238,4,15,19.5,3.5
238,4,16,20.1,3.9
238,4,17,20.5,4.0
238,4,18,20.5,4.5
238,4,19,20.4,5.2
238,4,20,20.5,5.7
238,4,21,20.4,6.0
238,4,22,20.4,6.1
238,4,23,20.5,5.9
238,4,24,20.5,5.6
238,4,25,20.6,5.3
238,4,26,21.0,5.2
238,4,27,21.1,5.6
238,4,28,21.6,6.3
238,4,29,22.1,7.0
238,4,30,22.6,7.6
238,5,1,22.8,8.2
238,5,2,23.3,8.3
238,5,3,23.6,8.2
238,5,4,23.6,8.3
238,5,5,23.5,8.5
238,5,6,23.6,8.5
238,5,7,23.6,8.6
238,5,8,23.2,8.8
238,5,9,23.2,8.7
238,5,10,23.1,8.8
238,5,11,23.1,8.9
238,5,12,23.2,9.2
238,5,13,23.4,9.7
238,5,14,23.6,10.1
238,5,15,23.9,10.2
238,5,16,24.1,10.4
238,5,17,24.1,10.5
238,5,18,24.3,10.4
238,5,19,24.7,10.3
238,5,20,25.1,10.5
238,5,21,25.3,10.7
238,5,22,25.5,10.8
238,5,23,25.6,11.1
238,5,24,25.6,11.4
238,5,25,25.4,11.5
238,5,26,25.5,11.5
238,5,27,25.8,11.7
238,5,28,25.8,11.9
238,5,29,26.2,11.9
238,5,30,26.5,12.1
238,5,31,26.7,12.3
238,6,1,26.6,12.5
238,6,2,26.9,12.9
238,6,3,27.0,13.3
238,6,4,27.2,13.8
238,6,5,27.3,14.3
238,6,6,27.4,14.6
238,6,7,27.6,14.8
238,6,8,27.6,15.2
238,6,9,27.6,15.3
238,6,10,27.6,15.5
238,6,11,27.7,15.5
238,6,12,27.5,15.6
238,6,13,27.6,15.5
238,6,14,27.8,15.4
238,6,15,28.1,15.6
238,6,16,28.2,15.9
238,6,17,28.4,16.2
238,6,18,28.4,16.4
238,6,19,28.4,16.9
238,6,20,28.4,17.1
238,6,21,28.3,17.3
238,6,22,28.1,17.3
238,6,23,27.9,17.4
238,6,24,27.7,17.5
238,6,25,27.6,17.7
238,6,26,27.8,17.9
238,6,27,28.1,18.2
238,6,28,28.3,18.6
238,6,29,28.4,18.9
238,6,30,28.5,19.2
238,7,1,28.4,19.5
238,7,2,28.4,19.7
238,7,3,28.5,19.7
238,7,4,28.7,19.7
238,7,5,28.7,19.6
238,7,6,28.7,19.5
238,7,7,28.7,19.6
238,7,8,28.7,19.7
238,7,9,28.6,20.0
238,7,10,28.6,20.1
238,7,11,28.6,20.3
238,7,12,28.8,20.5
238,7,13,28.9,20.6
238,7,14,29.0,20.6
238,7,15,29.2,20.7
238,7,16,29.4,20.6
238,7,17,29.6,20.7
238,7,18,29.8,20.8
238,7,19,30.2,21.0
238,7,20,30.6,21.3
238,7,21,30.7,21.6
238,7,22,30.8,21.7
238,7,23,30.8,21.8
238,7,24,30.9,21.8
238,7,25,31.0,21.7
238,7,26,31.1,21.8
238,7,27,31.2,21.8
238,7,28,31.4,21.9
238,7,29,31.7,22.1
238,7,30,31.9,22.3
238,7,31,32.1,22.4
238,8,1,32.0,22.4
238,8,2,31.9,22.3
238,8,3,31.9,22.2
238,8,4,31.9,22.0
238,8,5,31.7,21.9
238,8,6,31.8,21.8
238,8,7,31.6,21.9
238,8,8,31.3,21.9
238,8,9,31.1,22.0
238,8,10,30.9,21.9
238,8,11,30.7,21.8
238,8,12,30.7,21.7
238,8,13,30.7,21.6
238,8,14,30.5,21.4
238,8,15,30.6,21.3
238,8,16,30.5,21.1
238,8,17,30.4,21.0
238,8,18,30.2,20.8
238,8,19,30.3,20.6
238,8,20,30.1,20.4
238,8,21,29.9,20.3
238,8,22,29.6,20.2
238,8,23,29.5,20.1
238,8,24,29.0,19.9
238,8,25,28.7,19.8
238,8,26,28.8,19.6
238,8,27,28.9,19.4
238,8,28,28.5,19.2
238,8,29,28.5,18.9
238,8,30,28.8,18.8
238,8,31,28.6,18.6
238,9,1,28.4,18.3
238,9,2,28.6,18.0
238,9,3,28.5,17.8
238,9,4,28.0,17.6
238,9,5,27.8,17.3
238,9,6,27.6,17.1
238,9,7,27.2,16.8
238,9,8,27.2,16.6
238,9,9,27.1,16.4
238,9,10,26.9,16.3
238,9,11,26.7,16.1
238,9,12,26.6,15.9
238,9,13,26.5,15.9
238,9,14,26.4,15.7
238,9,15,26.3,15.5
238,9,16,26.3,15.2
238,9,17,26.4,14.8
238,9,18,26.1,14.3
238,9,19,25.8,13.9
238,9,20,25.6,13.3
238,9,21,25.2,12.9
238,9,22,24.9,12.9
238,9,23,24.8,12.6
238,9,24,24.8,12.3
238,9,25,24.7,12.1
238,9,26,24.6,11.9
238,9,27,24.4,11.8
238,9,28,24.1,11.8
238,9,29,23.9,11.8
238,9,30,23.6,11.7
238,10,1,23.5,11.6
238,10,2,23.4,11.1
238,10,3,23.1,10.6
238,10,4,22.8,10.0
238,10,5,22.6,9.6
238,10,6,22.4,9.2
238,10,7,22.4,8.9
238,10,8,22.5,8.7
238,10,9,22.4,8.6
238,10,10,22.2,8.5
238,10,11,21.9,8.2
238,10,12,21.7,7.9
238,10,13,21.3,7.4
238,10,14,21.0,7.1
238,10,15,20.9,6.7
238,10,16,20.8,6.4
238,10,17,20.7,6.2
238,10,18,20.7,6.1
238,10,19,20.7,6.1
238,10,20,20.5,6.1
238,10,21,20.2,6.0
238,10,22,20.0,5.9
238,10,23,19.6,5.6
238,10,24,19.2,5.1
238,10,25,19.0,4.6
238,10,26,18.8,4.3
238,10,27,18.4,4.0
238,10,28,18.0,3.6
238,10,29,17.8,3.3
238,10,30,17.3,3.2
238,10,31,16.9,2.9
238,11,1,16.8,2.4
238,11,2,16.9,2.0
238,11,3,17.1,2.0
238,11,4,17.5,2.0
238,11,5,17.6,2.2
238,11,6,17.4,2.4
238,11,7,16.9,2.7
238,11,8,16.4,2.8
238,11,9,15.8,2.8
238,11,10,15.3,2.4
238,11,11,15.2,2.0
238,11,12,14.8,1.8
238,11,13,14.3,1.3
238,11,14,13.8,0.6
238,11,15,13.4,0.2
238,11,16,12.7,-0.2
238,11,17,12.4,-0.7
238,11,18,12.0,-1.1
238,11,19,11.7,-1.4
238,11,20,11.5,-1.8
238,11,21,11.5,-2.0
238,11,22,11.4,-2.0
238,11,23,11.5,-2.0
238,11,24,11.3,-1.8
238,11,25,11.0,-1.7
238,11,26,10.7,-1.7
238,11,27,10.4,-1.7
238,11,28,10.2,-1.9
238,11,29,10.1,-2.2
238,11,30,10.0,-2.5
238,12,1,9.5,-2.9
238,12,2,9.1,-3.4
238,12,3,8.4,-3.8
238,12,4,7.6,-4.3
238,12,5,7.2,-4.6
238,12,6,6.9,-4.6
238,12,7,6.8,-4.9
238,12,8,6.8,-5.0
238,12,9,6.9,-4.9
238,12,10,6.7,-5.3
238,12,11,6.6,-5.5
238,12,12,6.3,-5.7
238,12,13,6.1,-5.8
238,12,14,6.0,-6.2
238,12,15,5.8,-6.0
238,12,16,5.5,-6.2
238,12,17,5.5,-6.3
238,12,18,5.6,-6.4
238,12,19,5.7,-6.2
238,12,20,6.1,-6.2
238,12,21,6.4,-5.8
238,12,22,6.4,-5.7
238,12,23,6.2,-5.7
238,12,24,5.9,-5.9
238,12,25,5.3,-6.4
238,12,26,5.0,-6.9
238,12,27,4.7,-7.3
238,12,28,4.4,-7.6
238,12,29,4.3,-8.0
238,12,30,4.3,-8.0
238,12,31,4.4,-7.9
244,1,1,4.2,-8.1
244,1,2,4.2,-8.1
244,1,3,4.3,-8.0
244,1,4,4.6,-8.0
244,1,5,4.4,-8.0
244,1,6,4.2,-8.1
244,1,7,4.0,-8.1
244,1,8,3.9,-7.8
244,1,9,3.7,-7.8
244,1,10,3.6,-7.9
244,1,11,3.4,-7.8
244,1,12,3.4,-7.8
244,1,13,3.5,-8.0
244,1,14,3.6,-8.1
244,1,15,3.7,-8.0
244,1,16,3.9,-8.2
244,1,17,4.1,-8.1
244,1,18,4.1,-7.9
244,1,19,4.0,-7.8
244,1,20,3.7,-7.7
244,1,21,3.4,-7.5
244,1,22,3.0,-7.8
244,1,23,2.9,-8.2
244,1,24,2.8,-8.2
244,1,25,3.0,-8.5
244,1,26,3.3,-8.6
244,1,27,3.7,-8.3
244,1,28,3.9,-8.0
244,1,29,4.2,-8.0
244,1,30,4.2,-8.0
244,1,31,4.1,-8.1
244,2,1,4.1,-8.2
244,2,2,4.2,-8.3
244,2,3,4.2,-8.3
244,2,4,4.5,-8.1
244,2,5,4.9,-7.9
244,2,6,5.0,-7.6
244,2,7,4.9,-7.5
244,2,8,4.9,-7.3
244,2,9,4.9,-7.3
244,2,10,4.9,-7.0
244,2,11,5.4,-7.0
244,2,12,6.2,-6.6
244,2,13,6.6,-6.2
244,2,14,6.6,-5.9
244,2,15,6.6,-5.8
244,2,16,6.5,-5.7
244,2,17,6.3,-5.7
244,2,18,6.6,-5.9
244,2,19,6.8,-5.9
244,2,20,7.3,-5.9
244,2,21,7.6,-5.6
244,2,22,8.1,-5.5
244,2,23,8.2,-5.1
244,2,24,8.6,-4.8
244,2,25,8.9,-4.4
244,2,26,9.2,-4.0
244,2,27,9.1,-3.6
244,2,28,9.1,-3.6
244,2,29,9.2,-3.6
244,3,1,9.3,-3.6
244,3,2,9.3,-3.6
244,3,3,9.4,-3.6
244,3,4,9.7,-3.6
244,3,5,9.6,-3.3
244,3,6,9.8,-3.3
244,3,7,10.0,-3.2
244,3,8,9.9,-3.1
244,3,9,10.0,-3.2
244,3,10,10.6,-3.4
244,3,11,11.0,-3.3
244,3,12,11.2,-3.1
244,3,13,11.7,-3.0
244,3,14,12.0,-2.5
244,3,15,12.3,-2.1
244,3,16,12.4,-1.7
244,3,17,13.0,-1.3
244,3,18,13.4,-1.0
244,3,19,13.7,-1.1
244,3,20,13.5,-0.9
244,3,21,13.5,-0.9
244,3,22,13.0,-1.0
244,3,23,12.6,-1.1
244,3,24,12.7,-1.0
244,3,25,13.2,-1.0
244,3,26,13.6,-0.9
244,3,27,14.2,-0.6
244,3,28,14.8,-0.4
244,3,29,15.0,-0.2
244,3,30,15.2,-0.1
244,3,31,15.4,0.1
244,4,1,15.6,0.2
244,4,2,15.9,0.2
244,4,3,16.4,0.3
244,4,4,16.4,0.5
244,4,5,16.7,1.0
244,4,6,17.1,1.3
244,4,7,17.4,1.8
244,4,8,17.2,2.3
244,4,9,17.4,2.8
244,4,10,17.5,2.7
244,4,11,17.2,2.8
244,4,12,17.3,2.6
244,4,13,17.8,2.5
244,4,14,18.4,2.4
244,4,15,18.9,2.6
244,4,16,19.6,2.9
244,4,17,19.9,3.3
244,4,18,19.9,3.8
244,4,19,19.8,4.5
244,4,20,19.9,5.0
244,4,21,19.8,5.2
244,4,22,19.7,5.3
244,4,23,19.9,5.0
244,4,24,19.9,4.7
244,4,25,20.0,4.4
244,4,26,20.4,4.2
244,4,27,20.6,4.7
244,4,28,21.0,5.5
244,4,29,21.5,6.2
244,4,30,21.9,6.9
244,5,1,22.0,7.5
244,5,2,22.5,7.6
244,5,3,22.6,7.4
244,5,4,22.6,7.4
244,5,5,22.7,7.5
244,5,6,22.9,7.5
244,5,7,22.8,7.8
244,5,8,22.6,8.1
244,5,9,22.7,8.2
244,5,10,22.4,8.3
244,5,11,22.3,8.4
244,5,12,22.5,8.6
244,5,13,22.8,9.0
244,5,14,22.9,9.3
244,5,15,23.3,9.3
244,5,16,23.4,9.5
244,5,17,23.4,9.7
244,5,18,23.6,9.6
244,5,19,24.0,9.4
244,5,20,24.4,9.7
244,5,21,24.7,9.8
244,5,22,24.9,10.0
244,5,23,25.1,10.3
244,5,24,25.0,10.7
244,5,25,25.0,10.8
244,5,26,24.9,10.8
244,5,27,25.3,10.9
244,5,28,25.3,11.0
244,5,29,25.6,11.0
244,5,30,25.8,11.3
244,5,31,26.0,11.6
244,6,1,25.9,11.9
244,6,2,26.2,12.2
244,6,3,26.4,12.7
244,6,4,26.6,13.2
244,6,5,26.7,13.5
244,6,6,26.8,13.9
244,6,7,26.9,14.2
244,6,8,26.9,14.5
244,6,9,26.8,14.7
244,6,10,26.9,14.9
244,6,11,27.1,15.0
244,6,12,27.0,15.0
244,6,13,27.0,15.0
244,6,14,27.3,14.9
244,6,15,27.4,15.1
244,6,16,27.4,15.4
244,6,17,27.6,15.6
244,6,18,27.7,15.8
244,6,19,27.7,16.3
244,6,20,27.6,16.5
244,6,21,27.6,16.7
244,6,22,27.4,16.8
244,6,23,27.3,16.9
244,6,24,27.0,17.0
244,6,25,26.9,17.3
244,6,26,27.0,17.5
244,6,27,27.3,17.8
244,6,28,27.3,18.3
244,6,29,27.3,18.6
244,6,30,27.4,18.9
244,7,1,27.4,19.2
244,7,2,27.3,19.4
244,7,3,27.5,19.4
244,7,4,27.8,19.5
244,7,5,27.9,19.4
244,7,6,28.0,19.3
244,7,7,28.1,19.4
244,7,8,28.1,19.5
244,7,9,28.0,19.6
244,7,10,28.0,19.8
244,7,11,28.0,20.0
244,7,12,28.1,20.2
244,7,13,28.2,20.3
244,7,14,28.4,20.4
244,7,15,28.6,20.4
244,7,16,28.8,20.3
244,7,17,29.0,20.3
244,7,18,29.3,20.4
244,7,19,29.6,20.6
244,7,20,30.0,20.9
244,7,21,30.1,21.1
244,7,22,30.2,21.3
244,7,23,30.4,21.4
244,7,24,30.5,21.3
244,7,25,30.6,21.3
244,7,26,30.6,21.3
244,7,27,30.7,21.5
244,7,28,30.8,21.6
244,7,29,31.0,21.7
244,7,30,31.2,21.8
244,7,31,31.4,21.9
244,8,1,31.4,21.8
244,8,2,31.3,21.6
244,8,3,31.3,21.5
244,8,4,31.4,21.4
244,8,5,31.2,21.3
244,8,6,31.2,21.3
244,8,7,31.2,21.4
244,8,8,30.9,21.4
244,8,9,30.6,21.4
244,8,10,30.5,21.4
244,8,11,30.3,21.3
244,8,12,30.2,21.3
244,8,13,30.1,21.2
244,8,14,30.1,21.1
244,8,15,30.2,21.0
244,8,16,30.1,20.8
244,8,17,30.0,20.5
244,8,18,29.9,20.3
244,8,19,29.9,20.2
244,8,20,29.5,20.0
244,8,21,29.3,19.8
244,8,22,29.0,19.8
244,8,23,29.0,19.6
244,8,24,28.6,19.4
244,8,25,28.4,19.3
244,8,26,28.3,19.2
244,8,27,28.4,18.9
244,8,28,28.0,18.7
244,8,29,28.0,18.5
244,8,30,28.3,18.3
244,8,31,28.1,18.1
244,9,1,28.0,17.9
244,9,2,28.3,17.6
244,9,3,28.2,17.4
244,9,4,27.7,17.2
244,9,5,27.6,16.9
244,9,6,27.4,16.7
244,9,7,27.0,16.4
244,9,8,26.9,16.2
244,9,9,26.8,16.0
244,9,10,26.6,15.8
244,9,11,26.4,15.7
244,9,12,26.4,15.6
244,9,13,26.2,15.5
244,9,14,26.2,15.3
244,9,15,26.2,15.0
244,9,16,26.2,14.7
244,9,17,26.2,14.1
244,9,18,26.0,13.7
244,9,19,25.7,13.2
244,9,20,25.5,12.7
244,9,21,25.2,12.4
244,9,22,24.9,12.3
244,9,23,24.9,12.0
244,9,24,25.0,11.8
244,9,25,24.8,11.6
244,9,26,24.7,11.4
244,9,27,24.3,11.4
244,9,28,24.0,11.4
244,9,29,23.7,11.3
244,9,30,23.4,11.2
244,10,1,23.2,10.9
244,10,2,23.1,10.4
244,10,3,22.8,9.9
244,10,4,22.6,9.3
244,10,5,22.4,8.8
244,10,6,22.3,8.4
244,10,7,22.3,8.0
244,10,8,22.4,7.8
244,10,9,22.3,7.6
244,10,10,22.1,7.5
244,10,11,21.9,7.2
244,10,12,21.6,7.0
244,10,13,21.3,6.6
244,10,14,20.9,6.3
244,10,15,20.8,5.8
244,10,16,20.7,5.6
244,10,17,20.6,5.4
244,10,18,20.6,5.3
244,10,19,20.6,5.3
244,10,20,20.4,5.4
244,10,21,20.2,5.3
244,10,22,20.0,5.2
244,10,23,19.5,5.0
244,10,24,19.0,4.6
244,10,25,18.7,4.1
244,10,26,18.4,3.8
244,10,27,18.0,3.5
244,10,28,17.6,3.1
244,10,29,17.3,2.8
244,10,30,16.9,2.7
244,10,31,16.5,2.4
244,11,1,16.4,2.1
244,11,2,16.4,1.7
244,11,3,16.7,1.7
244,11,4,17.1,1.8
244,11,5,17.3,2.0
244,11,6,17.1,2.2
244,11,7,16.7,2.4
244,11,8,16.2,2.5
244,11,9,15.6,2.3
244,11,10,15.1,1.9
244,11,11,14.9,1.5
244,11,12,14.5,1.3
244,11,13,13.9,0.9
244,11,14,13.5,0.2
244,11,15,13.1,-0.1
244,11,16,12.5,-0.4
244,11,17,12.3,-0.9
244,11,18,12.0,-1.2
244,11,19,11.6,-1.6
244,11,20,11.4,-1.9
244,11,21,11.5,-2.2
244,11,22,11.4,-2.3
244,11,23,11.4,-2.3
244,11,24,11.3,-2.1
244,11,25,10.9,-1.9
244,11,26,10.6,-1.9
244,11,27,10.3,-2.0
244,11,28,10.1,-2.2
244,11,29,9.9,-2.5
244,11,30,10.0,-2.8
244,12,1,9.5,-3.1
244,12,2,9.0,-3.5
244,12,3,8.2,-3.9
244,12,4,7.5,-4.3
244,12,5,7.0,-4.5
244,12,6,6.8,-4.7
244,12,7,6.6,-5.1
244,12,8,6.7,-5.1
244,12,9,6.7,-5.0
244,12,10,6.5,-5.3
244,12,11,6.5,-5.4
244,12,12,6.2,-5.5
244,12,13,5.8,-5.7
244,12,14,5.7,-6.0
244,12,15,5.5,-5.8
244,12,16,5.2,-6.1
244,12,17,5.3,-6.3
244,12,18,5.5,-6.4
244,12,19,5.7,-6.3
244,12,20,6.1,-6.5
244,12,21,6.4,-6.2
244,12,22,6.4,-6.0
244,12,23,6.1,-6.1
244,12,24,5.7,-6.2
244,12,25,5.1,-6.5
244,12,26,4.8,-7.0
244,12,27,4.5,-7.4
244,12,28,4.3,-7.7
244,12,29,4.1,-8.1
244,12,30,4.0,-8.2
244,12,31,4.0,-8.1
247,1,1,5.2,-7.0
247,1,2,5.3,-6.9
247,1,3,5.4,-6.9
247,1,4,5.7,-6.8
247,1,5,5.5,-6.7
247,1,6,5.3,-6.8
247,1,7,5.0,-6.8
247,1,8,5.0,-6.6
247,1,9,4.8,-6.6
247,1,10,4.8,-6.6
247,1,11,4.6,-6.5
247,1,12,4.7,-6.5
247,1,13,4.7,-6.7
247,1,14,4.7,-6.6
247,1,15,4.8,-6.6
247,1,16,5.1,-6.7
247,1,17,5.3,-6.6
247,1,18,5.3,-6.3
247,1,19,5.3,-6.3
247,1,20,5.0,-6.2
247,1,21,4.6,-6.0
247,1,22,4.3,-6.3
247,1,23,4.1,-6.7
247,1,24,4.0,-6.8
247,1,25,4.2,-7.0
247,1,26,4.6,-7.0
247,1,27,4.9,-6.8
247,1,28,5.1,-6.5
247,1,29,5.4,-6.5
247,1,30,5.5,-6.5
247,1,31,5.5,-6.5
247,2,1,5.5,-6.7
247,2,2,5.6,-6.8
247,2,3,5.6,-6.8
247,2,4,5.9,-6.7
247,2,5,6.3,-6.6
247,2,6,6.4,-6.4
247,2,7,6.3,-6.3
247,2,8,6.4,-6.0
247,2,9,6.3,-5.9
247,2,10,6.3,-5.7
247,2,11,6.9,-5.5
247,2,12,7.6,-5.2
247,2,13,7.9,-4.8
247,2,14,8.0,-4.6
247,2,15,8.0,-4.5
247,2,16,7.8,-4.5
247,2,17,7.7,-4.6
247,2,18,8.1,-4.8
247,2,19,8.2,-4.8
247,2,20,8.7,-4.8
247,2,21,9.0,-4.7
247,2,22,9.4,-4.5
247,2,23,9.5,-4.0
247,2,24,9.9,-3.7
247,2,25,10.2,-3.4
247,2,26,10.5,-2.8
247,2,27,10.4,-2.5
247,2,28,10.4,-2.6
247,2,29,10.5,-2.6
247,3,1,10.6,-2.6
247,3,2,10.6,-2.5
247,3,3,10.7,-2.6
247,3,4,11.0,-2.6
247,3,5,10.9,-2.2
247,3,6,11.0,-2.2
247,3,7,11.3,-2.2
247,3,8,11.3,-2.2
247,3,9,11.3,-2.1
247,3,10,11.9,-2.3
247,3,11,12.4,-2.2
247,3,12,12.6,-2.0
247,3,13,13.0,-1.9
247,3,14,13.3,-1.4
247,3,15,13.6,-1.0
247,3,16,13.7,-0.5
247,3,17,14.2,-0.1
247,3,18,14.6,0.2
247,3,19,14.9,0.1
247,3,20,14.8,0.3
247,3,21,14.8,0.3
247,3,22,14.3,0.2
247,3,23,13.9,0.1
247,3,24,14.0,0.2
247,3,25,14.4,0.1
247,3,26,14.8,0.2
247,3,27,15.4,0.5
247,3,28,16.0,0.8
247,3,29,16.4,1.0
247,3,30,16.6,1.3
247,3,31,16.8,1.4
247,4,1,17.0,1.5
247,4,2,17.2,1.5
247,4,3,17.6,1.5
247,4,4,17.7,1.7
247,4,5,17.9,2.1
247,4,6,18.3,2.4
247,4,7,18.5,2.9
247,4,8,18.3,3.5
247,4,9,18.5,3.9
247,4,10,18.6,3.9
247,4,11,18.3,3.9
247,4,12,18.5,3.7
247,4,13,19.0,3.6
247,4,14,19.6,3.5
247,4,15,20.0,3.7
247,4,16,20.6,4.1
247,4,17,21.0,4.5
247,4,18,20.9,4.9
247,4,19,20.8,5.6
247,4,20,20.9,6.1
247,4,21,20.8,6.3
247,4,22,20.7,6.4
247,4,23,20.9,6.1
247,4,24,21.0,5.8
247,4,25,21.1,5.6
247,4,26,21.5,5.3
247,4,27,21.7,5.7
247,4,28,22.0,6.5
247,4,29,22.5,7.2
247,4,30,22.9,7.9
247,5,1,23.1,8.6
247,5,2,23.6,8.7
247,5,3,23.8,8.5
247,5,4,23.7,8.5
247,5,5,23.8,8.6
247,5,6,23.9,8.8
247,5,7,23.9,9.0
247,5,8,23.7,9.4
247,5,9,23.8,9.5
247,5,10,23.6,9.5
247,5,11,23.5,9.6
247,5,12,23.6,9.8
247,5,13,23.9,10.2
247,5,14,24.0,10.6
247,5,15,24.4,10.7
247,5,16,24.5,11.0
247,5,17,24.5,11.2
247,5,18,24.7,11.1
247,5,19,25.0,11.0
247,5,20,25.4,11.2
247,5,21,25.7,11.4
247,5,22,25.9,11.7
247,5,23,26.1,12.0
247,5,24,26.1,12.4
247,5,25,26.0,12.5
247,5,26,25.9,12.6
247,5,27,26.4,12.7
247,5,28,26.4,12.9
247,5,29,26.7,12.8
247,5,30,26.9,13.1
247,5,31,27.2,13.3
247,6,1,26.9,13.6
247,6,2,27.3,13.9
247,6,3,27.5,14.4
247,6,4,27.7,14.8
247,6,5,27.8,15.2
247,6,6,27.8,15.5
247,6,7,27.9,15.8
247,6,8,27.8,16.0
247,6,9,27.7,16.2
247,6,10,27.7,16.3
247,6,11,28.0,16.4
247,6,12,27.8,16.4
247,6,13,27.9,16.5
247,6,14,28.1,16.4
247,6,15,28.3,16.6
247,6,16,28.3,16.8
247,6,17,28.5,17.1
247,6,18,28.6,17.3
247,6,19,28.6,17.7
247,6,20,28.5,17.9
247,6,21,28.5,18.1
247,6,22,28.3,18.2
247,6,23,28.1,18.3
247,6,24,27.8,18.3
247,6,25,27.7,18.5
247,6,26,27.8,18.6
247,6,27,28.0,18.9
247,6,28,28.0,19.3
247,6,29,28.1,19.6
247,6,30,28.1,19.9
247,7,1,28.2,20.2
247,7,2,28.2,20.4
247,7,3,28.4,20.4
247,7,4,28.6,20.5
247,7,5,28.7,20.3
247,7,6,28.7,20.3
247,7,7,28.8,20.4
247,7,8,28.9,20.5
247,7,9,28.8,20.7
247,7,10,28.7,20.8
247,7,11,28.7,21.0
247,7,12,28.9,21.1
247,7,13,28.9,21.2
247,7,14,29.1,21.2
247,7,15,29.4,21.3
247,7,16,29.7,21.1
247,7,17,29.9,21.2
247,7,18,30.2,21.3
247,7,19,30.5,21.4
247,7,20,30.8,21.7
247,7,21,31.0,22.0
247,7,22,31.1,22.2
247,7,23,31.2,22.3
247,7,24,31.3,22.3
247,7,25,31.5,22.3
247,7,26,31.5,22.3
247,7,27,31.7,22.4
247,7,28,31.8,22.4
247,7,29,32.0,22.5
247,7,30,32.1,22.7
247,7,31,32.3,22.7
247,8,1,32.2,22.7
247,8,2,32.1,22.5
247,8,3,32.1,22.4
247,8,4,32.0,22.3
247,8,5,31.9,22.2
247,8,6,32.0,22.2
247,8,7,31.9,22.3
247,8,8,31.7,22.4
247,8,9,31.4,22.4
247,8,10,31.4,22.4
247,8,11,31.2,22.3
247,8,12,31.1,22.3
247,8,13,31.0,22.2
247,8,14,31.0,22.1
247,8,15,31.1,22.0
247,8,16,31.0,21.9
247,8,17,30.9,21.6
247,8,18,30.8,21.4
247,8,19,30.9,21.3
247,8,20,30.5,21.1
247,8,21,30.2,21.0
247,8,22,30.0,20.9
247,8,23,29.9,20.7
247,8,24,29.5,20.5
247,8,25,29.4,20.4
247,8,26,29.4,20.1
247,8,27,29.4,19.9
247,8,28,29.1,19.7
247,8,29,29.1,19.6
247,8,30,29.3,19.3
247,8,31,29.1,19.2
247,9,1,29.0,19.0
247,9,2,29.3,18.7
247,9,3,29.2,18.5
247,9,4,28.7,18.4
247,9,5,28.6,18.1
247,9,6,28.4,17.8
247,9,7,28.0,17.6
247,9,8,28.0,17.3
247,9,9,27.9,17.1
247,9,10,27.6,17.0
247,9,11,27.4,16.8
247,9,12,27.4,16.7
247,9,13,27.2,16.7
247,9,14,27.3,16.5
247,9,15,27.3,16.3
247,9,16,27.3,16.0
247,9,17,27.3,15.6
247,9,18,27.1,15.1
247,9,19,26.8,14.7
247,9,20,26.6,14.2
247,9,21,26.2,13.9
247,9,22,25.9,13.7
247,9,23,25.7,13.3
247,9,24,25.8,13.0
247,9,25,25.7,12.8
247,9,26,25.6,12.5
247,9,27,25.2,12.4
247,9,28,25.0,12.4
247,9,29,24.7,12.4
247,9,30,24.5,12.2
247,10,1,24.4,11.8
247,10,2,24.3,11.3
247,10,3,24.0,10.9
247,10,4,23.8,10.3
247,10,5,23.5,9.9
247,10,6,23.4,9.6
247,10,7,23.3,9.4
247,10,8,23.4,9.1
247,10,9,23.3,9.0
247,10,10,23.2,8.8
247,10,11,23.0,8.6
247,10,12,22.7,8.4
247,10,13,22.5,8.0
247,10,14,22.1,7.5
247,10,15,21.9,7.0
247,10,16,21.8,6.7
247,10,17,21.6,6.4
247,10,18,21.5,6.4
247,10,19,21.6,6.4
247,10,20,21.3,6.4
247,10,21,21.0,6.4
247,10,22,20.8,6.4
247,10,23,20.4,6.1
247,10,24,20.0,5.7
247,10,25,19.8,5.2
247,10,26,19.5,4.8
247,10,27,19.1,4.5
247,10,28,18.8,4.1
247,10,29,18.4,3.9
247,10,30,18.0,3.8
247,10,31,17.6,3.5
247,11,1,17.4,3.2
247,11,2,17.5,2.8
247,11,3,17.7,2.7
247,11,4,18.0,2.8
247,11,5,18.3,3.0
247,11,6,18.0,3.3
247,11,7,17.7,3.6
247,11,8,17.2,3.6
247,11,9,16.6,3.5
247,11,10,16.2,3.0
247,11,11,15.9,2.5
247,11,12,15.5,2.3
247,11,13,15.0,1.9
247,11,14,14.6,1.3
247,11,15,14.2,1.0
247,11,16,13.7,0.7
247,11,17,13.3,0.2
247,11,18,13.0,-0.1
247,11,19,12.7,-0.5
247,11,20,12.4,-0.9
247,11,21,12.6,-1.2
247,11,22,12.5,-1.3
247,11,23,12.5,-1.3
247,11,24,12.4,-1.1
247,11,25,12.0,-1.0
247,11,26,11.7,-1.0
247,11,27,11.4,-1.0
247,11,28,11.2,-1.2
247,11,29,11.1,-1.5
247,11,30,11.0,-1.8
247,12,1,10.6,-2.1
247,12,2,10.1,-2.5
247,12,3,9.4,-2.8
247,12,4,8.7,-3.2
247,12,5,8.2,-3.4
247,12,6,7.9,-3.6
247,12,7,7.7,-3.9
247,12,8,7.8,-3.9
247,12,9,7.8,-3.7
247,12,10,7.6,-4.0
247,12,11,7.5,-4.1
247,12,12,7.1,-4.2
247,12,13,6.9,-4.5
247,12,14,6.7,-4.8
247,12,15,6.6,-4.9
247,12,16,6.4,-5.2
247,12,17,6.4,-5.3
247,12,18,6.5,-5.3
247,12,19,6.7,-5.2
247,12,20,7.1,-5.3
247,12,21,7.2,-5.1
247,12,22,7.3,-4.9
247,12,23,7.1,-5.0
247,12,24,6.7,-5.1
247,12,25,6.2,-5.4
247,12,26,5.9,-5.8
247,12,27,5.5,-6.1
247,12,28,5.3,-6.5
247,12,29,5.1,-6.9
247,12,30,5.0,-7.0
247,12,31,5.0,-7.0
248,1,1,3.6,-8.4
248,1,2,3.5,-8.3
248,1,3,3.6,-8.2
248,1,4,3.8,-8.3
248,1,5,3.7,-8.4
248,1,6,3.4,-8.6
248,1,7,3.2,-8.7
248,1,8,3.1,-8.6
248,1,9,2.8,-8.7
248,1,10,2.7,-8.6
248,1,11,2.5,-8.4
248,1,12,2.6,-8.4
248,1,13,2.7,-8.6
248,1,14,2.8,-8.6
248,1,15,2.9,-8.7
248,1,16,3.2,-8.9
248,1,17,3.4,-8.8
248,1,18,3.4,-8.5
248,1,19,3.3,-8.5
248,1,20,3.0,-8.4
248,1,21,2.7,-8.3
248,1,22,2.3,-8.6
248,1,23,2.1,-9.0
248,1,24,2.0,-8.9
248,1,25,2.2,-9.1
248,1,26,2.6,-9.1
248,1,27,2.9,-8.8
248,1,28,3.1,-8.6
248,1,29,3.4,-8.6
248,1,30,3.5,-8.6
248,1,31,3.5,-8.8
248,2,1,3.6,-9.0
248,2,2,3.7,-9.0
248,2,3,3.7,-9.0
248,2,4,3.9,-8.7
248,2,5,4.2,-8.5
248,2,6,4.3,-8.1
248,2,7,4.1,-8.0
248,2,8,4.2,-7.7
248,2,9,4.1,-7.7
248,2,10,4.0,-7.5
248,2,11,4.6,-7.4
248,2,12,5.4,-7.0
248,2,13,5.7,-6.6
248,2,14,5.9,-6.3
248,2,15,5.9,-6.1
248,2,16,5.7,-6.0
248,2,17,5.6,-6.0
248,2,18,5.8,-6.2
248,2,19,6.1,-6.3
248,2,20,6.5,-6.2
248,2,21,6.9,-6.0
248,2,22,7.3,-5.9
248,2,23,7.5,-5.5
248,2,24,7.8,-5.0
248,2,25,8.2,-4.7
248,2,26,8.5,-4.3
248,2,27,8.5,-3.9
248,2,28,8.4,-3.9
248,2,29,8.5,-3.9
248,3,1,8.5,-3.9
248,3,2,8.5,-3.8
248,3,3,8.7,-3.8
248,3,4,8.9,-3.8
248,3,5,8.8,-3.5
248,3,6,8.9,-3.5
248,3,7,9.1,-3.4
248,3,8,9.0,-3.2
248,3,9,9.1,-3.3
248,3,10,9.6,-3.4
248,3,11,10.1,-3.2
248,3,12,10.3,-3.1
248,3,13,10.7,-2.9
248,3,14,11.1,-2.4
248,3,15,11.5,-2.1
248,3,16,11.6,-1.7
248,3,17,12.2,-1.3
248,3,18,12.6,-1.0
248,3,19,12.9,-1.0
248,3,20,12.8,-0.8
248,3,21,12.8,-0.8
248,3,22,12.2,-1.0
248,3,23,11.9,-1.1
248,3,24,11.9,-1.2
248,3,25,12.3,-1.1
248,3,26,12.7,-1.1
248,3,27,13.3,-0.8
248,3,28,13.9,-0.6
248,3,29,14.2,-0.3
248,3,30,14.5,-0.2
248,3,31,14.7,0.1
248,4,1,14.9,0.1
248,4,2,15.1,0.1
248,4,3,15.6,0.2
248,4,4,15.6,0.4
248,4,5,15.9,0.9
248,4,6,16.3,1.2
248,4,7,16.6,1.7
248,4,8,16.4,2.1
248,4,9,16.6,2.6
248,4,10,16.6,2.5
248,4,11,16.5,2.7
248,4,12,16.5,2.6
248,4,13,17.0,2.5
248,4,14,17.6,2.5
248,4,15,18.1,2.6
248,4,16,18.7,3.0
248,4,17,19.1,3.3
248,4,18,19.1,3.8
248,4,19,19.0,4.5
248,4,20,19.0,5.0
248,4,21,18.8,5.2
248,4,22,18.7,5.2
248,4,23,18.9,5.1
248,4,24,18.9,4.8
248,4,25,19.0,4.5
248,4,26,19.4,4.3
248,4,27,19.6,4.8
248,4,28,20.0,5.5
248,4,29,20.5,6.2
248,4,30,20.9,6.9
248,5,1,21.1,7.5
248,5,2,21.6,7.7
248,5,3,21.7,7.5
248,5,4,21.7,7.5
248,5,5,21.7,7.6
248,5,6,21.9,7.7
248,5,7,21.8,7.9
248,5,8,21.6,8.1
248,5,9,21.6,8.1
248,5,10,21.4,8.2
248,5,11,21.4,8.4
248,5,12,21.5,8.6
248,5,13,21.7,9.0
248,5,14,21.9,9.5
248,5,15,22.2,9.4
248,5,16,22.4,9.6
248,5,17,22.4,9.8
248,5,18,22.7,9.6
248,5,19,23.0,9.4
248,5,20,23.3,9.6
248,5,21,23.5,9.8
248,5,22,23.7,9.9
248,5,23,23.9,10.2
248,5,24,23.9,10.6
248,5,25,23.8,10.6
248,5,26,23.8,10.6
248,5,27,24.2,10.8
248,5,28,24.1,10.9
248,5,29,24.4,10.8
248,5,30,24.7,11.1
248,5,31,24.9,11.3
248,6,1,24.7,11.5
248,6,2,25.1,11.9
248,6,3,25.3,12.4
248,6,4,25.5,12.8
248,6,5,25.6,13.2
248,6,6,25.7,13.5
248,6,7,25.8,13.7
248,6,8,25.7,14.1
248,6,9,25.6,14.3
248,6,10,25.6,14.4
248,6,11,25.8,14.5
248,6,12,25.7,14.5
248,6,13,25.8,14.4
248,6,14,26.1,14.3
248,6,15,26.2,14.4
248,6,16,26.3,14.7
248,6,17,26.5,14.9
248,6,18,26.6,15.1
248,6,19,26.6,15.6
248,6,20,26.5,15.8
248,6,21,26.4,15.9
248,6,22,26.2,16.1
248,6,23,26.0,16.3
248,6,24,25.7,16.4
248,6,25,25.7,16.6
248,6,26,25.8,16.8
248,6,27,26.1,17.1
248,6,28,26.2,17.5
248,6,29,26.2,17.8
248,6,30,26.2,18.1
248,7,1,26.2,18.4
248,7,2,26.2,18.5
248,7,3,26.4,18.5
248,7,4,26.6,18.5
248,7,5,26.7,18.4
248,7,6,26.9,18.3
248,7,7,27.0,18.4
248,7,8,27.1,18.5
248,7,9,26.9,18.7
248,7,10,26.9,19.0
248,7,11,26.8,19.3
248,7,12,26.9,19.4
248,7,13,26.9,19.6
248,7,14,27.1,19.6
248,7,15,27.2,19.5
248,7,16,27.6,19.4
248,7,17,27.7,19.4
248,7,18,28.0,19.4
248,7,19,28.3,19.6
248,7,20,28.7,20.0
248,7,21,28.8,20.2
248,7,22,28.8,20.3
248,7,23,28.9,20.4
248,7,24,29.0,20.3
248,7,25,29.0,20.1
248,7,26,29.1,20.2
248,7,27,29.3,20.3
248,7,28,29.4,20.4
248,7,29,29.6,20.6
248,7,30,29.7,20.8
248,7,31,29.9,20.9
248,8,1,29.9,20.8
248,8,2,29.8,20.6
248,8,3,29.9,20.5
248,8,4,29.9,20.4
248,8,5,29.7,20.2
248,8,6,29.8,20.2
248,8,7,29.7,20.3
248,8,8,29.5,20.5
248,8,9,29.2,20.5
248,8,10,29.2,20.5
248,8,11,29.0,20.3
248,8,12,28.9,20.2
248,8,13,28.9,20.1
248,8,14,28.8,20.0
248,8,15,28.9,19.9
248,8,16,28.8,19.8
248,8,17,28.7,19.5
248,8,18,28.6,19.3
248,8,19,28.6,19.1
248,8,20,28.3,19.0
248,8,21,28.1,18.8
248,8,22,27.9,18.7
248,8,23,27.8,18.6
248,8,24,27.5,18.3
248,8,25,27.3,18.2
248,8,26,27.3,18.0
248,8,27,27.3,17.8
248,8,28,27.0,17.7
248,8,29,27.0,17.6
248,8,30,27.1,17.3
248,8,31,26.9,17.2
248,9,1,26.8,16.9
248,9,2,27.1,16.5
248,9,3,27.0,16.3
248,9,4,26.6,16.1
248,9,5,26.5,15.8
248,9,6,26.3,15.6
248,9,7,25.9,15.4
248,9,8,25.8,15.2
248,9,9,25.7,14.9
248,9,10,25.4,14.8
248,9,11,25.2,14.6
248,9,12,25.2,14.4
248,9,13,25.0,14.3
248,9,14,25.0,14.1
248,9,15,24.9,13.8
248,9,16,24.9,13.6
248,9,17,24.9,13.1
248,9,18,24.7,12.6
248,9,19,24.5,12.2
248,9,20,24.3,11.7
248,9,21,23.9,11.3
248,9,22,23.6,11.1
248,9,23,23.6,10.9
248,9,24,23.6,10.6
248,9,25,23.6,10.4
248,9,26,23.5,10.2
248,9,27,23.2,10.1
248,9,28,22.9,10.2
248,9,29,22.6,10.2
248,9,30,22.4,10.2
248,10,1,22.2,9.9
248,10,2,22.1,9.5
248,10,3,21.9,9.0
248,10,4,21.6,8.4
248,10,5,21.4,8.0
248,10,6,21.2,7.6
248,10,7,21.2,7.1
248,10,8,21.3,6.9
248,10,9,21.3,6.8
248,10,10,21.1,6.6
248,10,11,21.0,6.4
248,10,12,20.7,6.3
248,10,13,20.3,5.9
248,10,14,20.0,5.5
248,10,15,19.8,5.1
248,10,16,19.6,4.8
248,10,17,19.3,4.6
248,10,18,19.4,4.5
248,10,19,19.5,4.5
248,10,20,19.3,4.4
248,10,21,19.0,4.3
248,10,22,18.9,4.3
248,10,23,18.5,4.1
248,10,24,18.1,3.7
248,10,25,17.8,3.3
248,10,26,17.6,3.0
248,10,27,17.2,2.7
248,10,28,16.8,2.4
248,10,29,16.5,2.1
248,10,30,16.1,2.0
248,10,31,15.7,1.8
248,11,1,15.5,1.4
248,11,2,15.5,1.0
248,11,3,15.7,0.9
248,11,4,16.2,1.0
248,11,5,16.4,1.2
248,11,6,16.3,1.4
248,11,7,15.9,1.7
248,11,8,15.4,1.9
248,11,9,14.7,1.7
248,11,10,14.2,1.4
248,11,11,13.9,1.0
248,11,12,13.5,0.8
248,11,13,13.0,0.3
248,11,14,12.6,-0.3
248,11,15,12.3,-0.6
248,11,16,11.7,-0.9
248,11,17,11.4,-1.4
248,11,18,11.2,-1.7
248,11,19,10.8,-2.0
248,11,20,10.6,-2.4
248,11,21,10.6,-2.6
248,11,22,10.6,-2.7
248,11,23,10.6,-2.8
248,11,24,10.5,-2.6
248,11,25,10.1,-2.4
248,11,26,9.8,-2.4
248,11,27,9.5,-2.3
248,11,28,9.3,-2.4
248,11,29,9.1,-2.7
248,11,30,9.2,-3.1
248,12,1,8.7,-3.4
248,12,2,8.3,-3.9
248,12,3,7.5,-4.3
248,12,4,6.9,-4.8
248,12,5,6.3,-5.0
248,12,6,6.0,-5.2
248,12,7,5.8,-5.6
248,12,8,5.9,-5.6
248,12,9,5.9,-5.3
248,12,10,5.7,-5.6
248,12,11,5.7,-5.7
248,12,12,5.5,-5.8
248,12,13,5.1,-6.0
248,12,14,5.0,-6.3
248,12,15,4.9,-6.2
248,12,16,4.6,-6.6
248,12,17,4.7,-6.7
248,12,18,4.8,-6.7
248,12,19,5.0,-6.6
248,12,20,5.3,-6.7
248,12,21,5.5,-6.3
248,12,22,5.5,-6.2
248,12,23,5.3,-6.3
248,12,24,4.8,-6.4
248,12,25,4.4,-6.8
248,12,26,4.1,-7.3
248,12,27,3.8,-7.7
248,12,28,3.6,-8.1
248,12,29,3.5,-8.5
248,12,30,3.4,-8.6
248,12,31,3.5,-8.5
253,1,1,7.1,-2.8
253,1,2,7.2,-2.6
253,1,3,7.7,-2.2
253,1,4,7.9,-1.9
253,1,5,7.8,-1.8
253,1,6,7.8,-1.6
253,1,7,7.4,-1.8
253,1,8,7.0,-2.1
253,1,9,6.7,-2.5
253,1,10,6.2,-2.8
253,1,11,5.8,-3.3
253,1,12,5.9,-3.4
253,1,13,6.2,-3.4
253,1,14,6.4,-3.3
253,1,15,7.0,-2.9
253,1,16,7.6,-2.4
253,1,17,8.0,-2.0
253,1,18,8.3,-1.4
253,1,19,8.4,-1.0
253,1,20,8.2,-0.9
253,1,21,7.7,-1.3
253,1,22,7.0,-2.0
253,1,23,6.5,-2.5
253,1,24,6.3,-2.9
253,1,25,6.5,-3.3
253,1,26,7.2,-2.9
253,1,27,7.7,-2.2
253,1,28,8.2,-1.8
253,1,29,8.7,-1.4
253,1,30,9.0,-0.9
253,1,31,9.1,-1.0
253,2,1,9.4,-1.1
253,2,2,9.4,-1.2
253,2,3,9.3,-1.2
253,2,4,9.1,-1.5
253,2,5,8.9,-1.6
253,2,6,8.7,-1.6
253,2,7,8.5,-1.5
253,2,8,8.5,-1.3
253,2,9,8.6,-1.1
253,2,10,8.6,-0.7
253,2,11,9.0,-0.1
253,2,12,9.6,0.3
253,2,13,10.1,0.6
253,2,14,10.2,0.7
253,2,15,10.1,0.7
253,2,16,9.7,0.2
253,2,17,9.5,0.0
253,2,18,9.6,-0.3
253,2,19,9.9,-0.1
253,2,20,10.6,0.3
253,2,21,11.7,0.9
253,2,22,12.5,1.4
253,2,23,12.9,2.4
253,2,24,13.2,3.1
253,2,25,13.3,3.5
253,2,26,13.2,3.9
253,2,27,12.9,4.0
253,2,28,12.5,3.4
253,2,29,12.5,3.3
253,3,1,12.4,3.2
253,3,2,12.4,3.0
253,3,3,12.6,2.9
253,3,4,12.8,3.0
253,3,5,12.9,3.2
253,3,6,13.0,3.3
253,3,7,13.3,3.2
253,3,8,12.9,2.9
253,3,9,12.8,2.4
253,3,10,13.3,2.2
253,3,11,13.7,2.5
253,3,12,13.8,2.6
253,3,13,14.3,2.8
253,3,14,14.8,3.4
253,3,15,15.2,3.7
253,3,16,15.6,4.3
253,3,17,16.3,5.1
253,3,18,16.5,5.7
253,3,19,16.7,5.9
253,3,20,16.5,6.1
253,3,21,16.2,5.8
253,3,22,15.6,5.3
253,3,23,15.2,5.0
253,3,24,15.1,4.9
253,3,25,15.5,5.0
253,3,26,16.1,5.4
253,3,27,16.6,5.8
253,3,28,17.3,6.4
253,3,29,17.7,7.0
253,3,30,17.7,7.3
253,3,31,17.8,7.4
253,4,1,18.3,7.5
253,4,2,18.4,7.3
253,4,3,18.4,7.4
253,4,4,18.5,7.5
253,4,5,18.2,7.6
253,4,6,18.4,7.7
253,4,7,18.7,8.0
253,4,8,19.1,8.2
253,4,9,19.1,8.6
253,4,10,19.6,8.8
253,4,11,19.2,9.0
253,4,12,19.2,9.0
253,4,13,19.6,9.1
253,4,14,20.2,9.3
253,4,15,20.3,9.5
253,4,16,20.8,9.7
253,4,17,20.6,9.9
253,4,18,20.3,10.2
253,4,19,20.2,10.2
253,4,20,20.4,10.4
253,4,21,20.1,10.4
253,4,22,20.5,10.5
253,4,23,20.8,10.5
253,4,24,20.8,10.5
253,4,25,20.8,10.4
253,4,26,21.0,10.4
253,4,27,21.0,10.4
253,4,28,21.1,10.9
253,4,29,21.7,11.5
253,4,30,22.0,12.0
253,5,1,22.3,12.9
253,5,2,23.2,13.3
253,5,3,23.8,13.5
253,5,4,23.8,13.6
253,5,5,24.1,13.5
253,5,6,24.8,13.5
253,5,7,24.6,13.8
253,5,8,24.3,13.9
253,5,9,24.4,13.8
253,5,10,24.0,14.2
253,5,11,24.0,14.3
253,5,12,24.1,14.4
253,5,13,24.5,14.6
253,5,14,24.7,14.8
253,5,15,25.2,14.8
253,5,16,25.0,14.8
253,5,17,25.1,14.9
253,5,18,25.2,14.9
253,5,19,25.6,14.9
253,5,20,25.8,14.9
253,5,21,26.0,15.2
253,5,22,26.3,15.3
253,5,23,26.5,15.5
253,5,24,26.5,15.9
253,5,25,26.5,16.1
253,5,26,26.5,16.3
253,5,27,26.8,16.4
253,5,28,26.8,16.4
253,5,29,26.8,16.4
253,5,30,27.0,16.4
253,5,31,27.3,16.5
253,6,1,27.1,16.7
253,6,2,27.4,16.8
253,6,3,27.6,17.2
253,6,4,27.5,17.4
253,6,5,27.5,17.5
253,6,6,27.4,17.7
253,6,7,27.2,17.9
253,6,8,27.2,18.0
253,6,9,27.3,18.2
253,6,10,27.3,18.5
253,6,11,27.4,18.8
253,6,12,27.2,18.8
253,6,13,27.3,18.9
253,6,14,27.6,19.1
253,6,15,27.8,19.0
253,6,16,27.9,19.1
253,6,17,28.4,19.4
253,6,18,28.3,19.6
253,6,19,28.2,19.7
253,6,20,28.0,19.9
253,6,21,28.2,20.0
253,6,22,28.1,20.0
253,6,23,28.0,20.1
253,6,24,27.8,20.1
253,6,25,27.9,20.3
253,6,26,27.9,20.4
253,6,27,27.8,20.4
253,6,28,27.9,20.5
253,6,29,28.2,20.8
253,6,30,28.4,21.1
253,7,1,28.2,21.3
253,7,2,28.4,21.5
253,7,3,28.6,21.6
253,7,4,28.4,21.6
253,7,5,28.1,21.4
253,7,6,28.3,21.5
253,7,7,28.3,21.6
253,7,8,28.6,21.8
253,7,9,29.0,22.1
253,7,10,29.4,22.5
253,7,11,29.4,22.6
253,7,12,29.7,22.7
253,7,13,29.7,22.8
253,7,14,29.5,22.7
253,7,15,29.6,22.7
253,7,16,30.1,22.7
253,7,17,30.2,22.9
253,7,18,30.5,23.2
253,7,19,30.9,23.4
253,7,20,31.1,23.7
253,7,21,31.2,23.8
253,7,22,31.3,23.8
253,7,23,31.4,23.8
253,7,24,31.5,23.8
253,7,25,31.6,23.9
253,7,26,31.6,24.0
253,7,27,31.8,24.1
253,7,28,32.0,24.2
253,7,29,32.2,24.4
253,7,30,32.6,24.6
253,7,31,32.9,24.7
253,8,1,33.0,24.8
253,8,2,33.1,24.9
253,8,3,33.4,25.0
253,8,4,33.4,25.1
253,8,5,33.4,25.2
253,8,6,33.6,25.2
253,8,7,33.4,25.2
253,8,8,33.0,25.1
253,8,9,32.9,24.9
253,8,10,32.7,24.8
253,8,11,32.5,24.8
253,8,12,32.3,24.7
253,8,13,32.1,24.6
253,8,14,31.9,24.6
253,8,15,31.9,24.4
253,8,16,31.9,24.2
253,8,17,32.0,24.1
253,8,18,32.0,24.1
253,8,19,32.1,24.0
253,8,20,32.0,24.0
253,8,21,31.8,24.0
253,8,22,31.5,23.8
253,8,23,31.2,23.6
253,8,24,30.9,23.2
253,8,25,30.6,23.0
253,8,26,30.4,22.8
253,8,27,30.4,22.7
253,8,28,30.3,22.6
253,8,29,30.1,22.4
253,8,30,30.1,22.1
253,8,31,29.7,21.6
253,9,1,29.3,21.4
253,9,2,29.3,21.2
253,9,3,29.2,21.1
253,9,4,28.6,21.0
253,9,5,28.6,20.8
253,9,6,28.7,20.5
253,9,7,28.6,20.3
253,9,8,28.5,20.2
253,9,9,28.7,20.2
253,9,10,28.6,20.1
253,9,11,28.5,20.0
253,9,12,28.3,19.8
253,9,13,28.2,19.7
253,9,14,28.2,19.5
253,9,15,28.1,19.4
253,9,16,28.0,19.2
253,9,17,27.8,19.1
253,9,18,27.6,18.8
253,9,19,27.3,18.3
253,9,20,27.4,17.9
253,9,21,27.0,17.6
253,9,22,27.0,17.4
253,9,23,27.0,17.2
253,9,24,27.2,17.2
253,9,25,27.1,17.2
253,9,26,27.1,17.2
253,9,27,26.6,17.2
253,9,28,26.3,17.2
253,9,29,25.8,16.9
253,9,30,25.6,16.7
253,10,1,25.6,16.5
253,10,2,25.8,16.2
253,10,3,25.6,16.0
253,10,4,25.5,15.9
253,10,5,25.4,15.8
253,10,6,25.0,15.6
253,10,7,24.7,15.3
253,10,8,24.8,15.0
253,10,9,24.7,14.8
253,10,10,24.3,14.3
253,10,11,24.2,13.9
253,10,12,23.9,13.6
253,10,13,23.5,13.3
253,10,14,23.0,12.9
253,10,15,23.0,12.6
253,10,16,22.7,12.3
253,10,17,22.9,12.3
253,10,18,23.1,12.3
253,10,19,23.5,12.4
253,10,20,23.2,12.9
253,10,21,23.0,13.1
253,10,22,22.5,13.0
253,10,23,22.1,12.6
253,10,24,21.6,11.9
253,10,25,21.4,11.1
253,10,26,21.3,10.6
253,10,27,21.2,10.2
253,10,28,20.6,10.0
253,10,29,20.3,9.9
253,10,30,20.0,9.7
253,10,31,19.5,9.2
253,11,1,19.1,8.7
253,11,2,19.0,8.1
253,11,3,19.3,8.0
253,11,4,19.5,8.2
253,11,5,19.8,8.9
253,11,6,19.8,9.6
253,11,7,19.7,9.9
253,11,8,19.1,9.9
253,11,9,18.6,9.5
253,11,10,18.0,8.8
253,11,11,17.5,8.1
253,11,12,17.3,7.7
253,11,13,16.9,7.1
253,11,14,16.6,6.7
253,11,15,16.3,6.5
253,11,16,16.1,6.2
253,11,17,15.8,5.9
253,11,18,15.5,5.7
253,11,19,15.1,5.3
253,11,20,15.0,5.0
253,11,21,14.8,4.8
253,11,22,14.5,4.4
253,11,23,14.3,4.3
253,11,24,14.1,4.4
253,11,25,14.0,4.0
253,11,26,13.7,3.8
253,11,27,13.8,3.8
253,11,28,13.8,3.9
253,11,29,13.6,3.7
253,11,30,13.1,3.5
253,12,1,12.8,3.3
253,12,2,12.3,2.9
253,12,3,11.8,2.3
253,12,4,11.0,1.9
253,12,5,10.6,1.3
253,12,6,10.1,0.6
253,12,7,9.7,0.1
253,12,8,9.7,0.1
253,12,9,10.1,0.2
253,12,10,10.0,0.4
253,12,11,10.0,0.4
253,12,12,10.0,0.4
253,12,13,9.4,0.1
253,12,14,8.5,-0.7
253,12,15,8.2,-1.2
253,12,16,7.8,-1.6
253,12,17,7.7,-1.7
253,12,18,7.9,-1.6
253,12,19,8.4,-1.1
253,12,20,9.0,-0.7
253,12,21,9.2,-0.6
253,12,22,9.2,-0.5
253,12,23,9.0,-0.8
253,12,24,8.6,-1.1
253,12,25,8.0,-1.6
253,12,26,7.4,-2.1
253,12,27,7.1,-2.3
253,12,28,7.0,-2.5
253,12,29,6.7,-2.8
253,12,30,6.6,-2.8
253,12,31,7.1,-2.7
254,1,1,4.0,-7.3
254,1,2,4.1,-7.6
254,1,3,4.6,-7.2
254,1,4,5.0,-7.0
254,1,5,5.0,-6.7
254,1,6,5.0,-6.4
254,1,7,4.6,-6.3
254,1,8,4.2,-6.3
254,1,9,3.7,-6.5
254,1,10,3.3,-6.6
254,1,11,2.8,-7.1
254,1,12,3.0,-7.3
254,1,13,3.3,-7.6
254,1,14,3.6,-7.7
254,1,15,4.0,-7.5
254,1,16,4.5,-7.3
254,1,17,5.0,-6.8
254,1,18,5.2,-6.1
254,1,19,5.3,-5.6
254,1,20,5.3,-5.4
254,1,21,4.7,-5.4
254,1,22,3.9,-6.1
254,1,23,3.3,-6.7
254,1,24,3.1,-7.3
254,1,25,3.2,-7.7
254,1,26,3.9,-7.3
254,1,27,4.6,-6.6
254,1,28,5.3,-6.1
254,1,29,5.9,-5.6
254,1,30,6.3,-5.2
254,1,31,6.3,-5.2
254,2,1,6.1,-5.4
254,2,2,5.9,-5.6
254,2,3,5.6,-5.6
254,2,4,5.2,-5.7
254,2,5,5.1,-6.0
254,2,6,5.1,-5.8
254,2,7,4.8,-5.7
254,2,8,5.1,-5.4
254,2,9,5.5,-5.2
254,2,10,5.6,-4.5
254,2,11,6.1,-4.1
254,2,12,7.2,-3.8
254,2,13,7.5,-3.7
254,2,14,7.3,-3.6
254,2,15,7.0,-3.6
254,2,16,6.4,-3.9
254,2,17,6.2,-4.1
254,2,18,6.5,-4.3
254,2,19,7.1,-4.4
254,2,20,8.0,-4.2
254,2,21,9.2,-3.9
254,2,22,10.0,-3.6
254,2,23,10.4,-2.9
254,2,24,10.8,-2.2
254,2,25,11.2,-1.6
254,2,26,11.4,-1.2
254,2,27,11.0,-0.8
254,2,28,10.5,-1.1
254,2,29,10.6,-1.1
254,3,1,10.7,-1.2
254,3,2,10.6,-1.2
254,3,3,10.5,-1.2
254,3,4,10.8,-1.0
254,3,5,11.0,-0.6
254,3,6,11.0,-0.6
254,3,7,11.3,-1.0
254,3,8,10.8,-1.4
254,3,9,10.6,-2.0
254,3,10,11.4,-2.4
254,3,11,11.4,-2.2
254,3,12,11.5,-2.1
254,3,13,12.4,-1.8
254,3,14,12.9,-1.1
254,3,15,13.4,-0.6
254,3,16,13.9,0.1
254,3,17,14.9,1.0
254,3,18,15.2,1.7
254,3,19,15.4,1.7
254,3,20,14.8,1.9
254,3,21,14.5,1.3
254,3,22,13.8,0.5
254,3,23,13.1,0.1
254,3,24,13.0,-0.2
254,3,25,13.6,-0.3
254,3,26,14.4,-0.1
254,3,27,14.9,0.5
254,3,28,16.0,1.0
254,3,29,16.5,1.9
254,3,30,16.8,2.4
254,3,31,16.9,2.6
254,4,1,17.0,2.8
254,4,2,17.1,2.8
254,4,3,17.2,2.8
254,4,4,17.0,2.7
254,4,5,16.7,2.9
254,4,6,17.3,2.8
254,4,7,17.8,3.3
254,4,8,18.2,3.5
254,4,9,18.6,4.2
254,4,10,19.1,4.3
254,4,11,18.7,4.7
254,4,12,18.3,4.5
254,4,13,18.7,4.5
254,4,14,19.4,4.3
254,4,15,19.8,4.8
254,4,16,20.2,5.1
254,4,17,20.4,5.7
254,4,18,20.2,6.3
254,4,19,19.7,6.9
254,4,20,19.6,7.1
254,4,21,19.5,7.3
254,4,22,19.8,7.2
254,4,23,20.1,7.0
254,4,24,20.1,6.8
254,4,25,20.0,6.5
254,4,26,20.2,6.3
254,4,27,20.2,6.3
254,4,28,20.5,6.8
254,4,29,21.4,7.3
254,4,30,22.3,8.2
254,5,1,22.8,9.1
254,5,2,23.6,9.5
254,5,3,23.8,9.3
254,5,4,23.9,9.3
254,5,5,23.9,9.0
254,5,6,24.4,8.6
254,5,7,24.4,9.1
254,5,8,24.2,9.8
254,5,9,24.3,10.2
254,5,10,23.9,10.9
254,5,11,23.7,11.2
254,5,12,24.0,11.0
254,5,13,24.2,11.2
254,5,14,24.3,11.4
254,5,15,25.0,11.2
254,5,16,25.0,11.4
254,5,17,24.9,11.9
254,5,18,25.1,11.8
254,5,19,25.4,11.5
254,5,20,25.6,11.8
254,5,21,25.9,12.1
254,5,22,26.0,12.2
254,5,23,26.3,12.4
254,5,24,26.3,12.9
254,5,25,26.3,13.0
254,5,26,26.4,13.1
254,5,27,27.0,13.2
254,5,28,27.1,13.4
254,5,29,27.1,13.6
254,5,30,27.3,13.8
254,5,31,27.5,13.9
254,6,1,27.3,14.1
254,6,2,27.6,14.4
254,6,3,28.1,14.8
254,6,4,28.3,15.2
254,6,5,28.3,15.7
254,6,6,28.1,16.1
254,6,7,28.2,16.4
254,6,8,28.0,16.8
254,6,9,27.8,17.1
254,6,10,27.7,17.2
254,6,11,27.9,17.3
254,6,12,27.6,17.3
254,6,13,27.5,17.3
254,6,14,27.8,17.1
254,6,15,28.1,16.9
254,6,16,28.3,17.1
254,6,17,28.8,17.4
254,6,18,28.8,17.7
254,6,19,29.0,18.1
254,6,20,29.0,18.3
254,6,21,29.3,18.4
254,6,22,29.0,18.4
254,6,23,29.2,18.3
254,6,24,28.7,18.4
254,6,25,28.5,18.6
254,6,26,28.3,18.6
254,6,27,28.3,19.0
254,6,28,28.1,19.5
254,6,29,28.3,19.7
254,6,30,28.5,19.9
254,7,1,28.0,20.2
254,7,2,28.0,20.1
254,7,3,28.3,20.3
254,7,4,28.2,20.4
254,7,5,28.1,20.4
254,7,6,28.6,20.5
254,7,7,29.0,20.7
254,7,8,29.0,20.8
254,7,9,29.2,21.1
254,7,10,29.3,21.2
254,7,11,29.2,21.4
254,7,12,29.2,21.6
254,7,13,29.1,21.6
254,7,14,29.3,21.6
254,7,15,29.4,21.7
254,7,16,29.6,21.7
254,7,17,29.9,21.8
254,7,18,30.5,22.0
254,7,19,30.8,22.3
254,7,20,31.2,22.5
254,7,21,31.3,22.8
254,7,22,31.1,22.9
254,7,23,30.9,23.0
254,7,24,31.0,22.8
254,7,25,31.1,22.7
254,7,26,31.2,22.6
254,7,27,31.4,22.7
254,7,28,31.8,22.8
254,7,29,31.9,23.0
254,7,30,32.3,23.2
254,7,31,32.6,23.4
254,8,1,32.7,23.5
254,8,2,32.8,23.3
254,8,3,33.0,23.2
254,8,4,33.0,23.3
254,8,5,32.9,23.3
254,8,6,33.0,23.2
254,8,7,32.9,23.3
254,8,8,32.5,23.4
254,8,9,32.1,23.2
254,8,10,32.0,23.0
254,8,11,31.7,22.9
254,8,12,31.4,22.8
254,8,13,31.4,22.8
254,8,14,31.4,22.7
254,8,15,31.4,22.7
254,8,16,31.5,22.5
254,8,17,31.5,22.2
254,8,18,31.2,22.1
254,8,19,31.4,21.9
254,8,20,31.1,21.8
254,8,21,30.8,21.7
254,8,22,30.3,21.7
254,8,23,30.2,21.5
254,8,24,29.7,21.2
254,8,25,29.2,21.0
254,8,26,29.1,20.8
254,8,27,29.1,20.7
254,8,28,28.7,20.4
254,8,29,28.6,20.1
254,8,30,28.9,19.7
254,8,31,28.6,19.4
254,9,1,28.6,19.1
254,9,2,28.8,18.8
254,9,3,28.6,18.7
254,9,4,28.1,18.7
254,9,5,28.0,18.5
254,9,6,27.8,18.2
254,9,7,27.4,17.9
254,9,8,27.4,17.6
254,9,9,27.3,17.4
254,9,10,27.1,17.3
254,9,11,27.0,17.1
254,9,12,27.0,17.1
254,9,13,27.0,17.2
254,9,14,27.1,17.1
254,9,15,27.4,16.9
254,9,16,27.4,16.7
254,9,17,27.2,16.2
254,9,18,26.9,15.7
254,9,19,26.6,15.1
254,9,20,26.4,14.6
254,9,21,26.0,14.3
254,9,22,26.1,14.2
254,9,23,26.0,13.9
254,9,24,26.2,13.9
254,9,25,26.1,13.9
254,9,26,26.0,13.9
254,9,27,25.5,14.0
254,9,28,25.1,14.1
254,9,29,24.5,13.9
254,9,30,23.9,13.8
254,10,1,23.6,13.4
254,10,2,23.8,12.7
254,10,3,23.5,12.3
254,10,4,23.4,11.9
254,10,5,23.5,11.5
254,10,6,23.4,11.4
254,10,7,23.1,11.2
254,10,8,23.2,10.8
254,10,9,23.0,10.5
254,10,10,22.5,10.0
254,10,11,22.1,9.1
254,10,12,21.9,8.8
254,10,13,21.5,8.4
254,10,14,21.1,7.9
254,10,15,21.1,7.7
254,10,16,21.0,7.5
254,10,17,21.1,7.3
254,10,18,21.3,7.3
254,10,19,21.8,7.5
254,10,20,22.1,7.8
254,10,21,21.8,8.1
254,10,22,21.3,8.4
254,10,23,20.8,8.2
254,10,24,20.0,7.6
254,10,25,19.3,6.9
254,10,26,19.2,6.3
254,10,27,18.9,5.6
254,10,28,18.3,5.2
254,10,29,18.1,4.8
254,10,30,17.7,4.5
254,10,31,17.1,4.2
254,11,1,16.9,3.8
254,11,2,16.9,3.5
254,11,3,17.4,3.7
254,11,4,17.8,4.0
254,11,5,18.3,4.6
254,11,6,18.1,5.2
254,11,7,17.8,5.7
254,11,8,17.1,5.6
254,11,9,16.4,5.1
254,11,10,15.9,4.4
254,11,11,15.4,3.7
254,11,12,14.8,3.3
254,11,13,14.3,2.7
254,11,14,14.1,2.1
254,11,15,13.9,2.1
254,11,16,13.7,2.0
254,11,17,13.5,1.9
254,11,18,13.1,1.7
254,11,19,12.9,1.4
254,11,20,12.5,0.7
254,11,21,12.3,0.3
254,11,22,12.1,0.1
254,11,23,11.9,-0.1
254,11,24,11.6,0.0
254,11,25,11.2,0.0
254,11,26,11.0,-0.2
254,11,27,11.0,-0.4
254,11,28,11.0,-0.4
254,11,29,10.8,-0.5
254,11,30,10.6,-0.8
254,12,1,10.3,-1.0
254,12,2,9.7,-1.3
254,12,3,9.0,-1.6
254,12,4,8.3,-2.2
254,12,5,7.6,-2.9
254,12,6,7.0,-3.5
254,12,7,6.6,-4.0
254,12,8,6.7,-4.0
254,12,9,6.8,-3.6
254,12,10,6.8,-3.3
254,12,11,7.0,-3.2
254,12,12,6.9,-3.2
254,12,13,6.3,-3.5
254,12,14,5.6,-4.2
254,12,15,5.2,-4.4
254,12,16,4.7,-4.7
254,12,17,4.8,-4.7
254,12,18,5.1,-4.6
254,12,19,5.8,-4.4
254,12,20,6.5,-4.3
254,12,21,6.7,-4.1
254,12,22,6.8,-4.0
254,12,23,6.4,-4.4
254,12,24,5.7,-4.6
254,12,25,4.9,-5.1
254,12,26,4.5,-5.6
254,12,27,4.1,-5.9
254,12,28,4.1,-5.8
254,12,29,3.8,-6.5
254,12,30,3.7,-6.6
254,12,31,3.8,-6.9
259,1,1,6.2,-3.8
259,1,2,6.2,-3.9
259,1,3,6.6,-3.3
259,1,4,6.7,-2.9
259,1,5,6.5,-2.5
259,1,6,6.4,-2.2
259,1,7,6.2,-2.1
259,1,8,5.9,-2.3
259,1,9,5.6,-2.8
259,1,10,5.2,-3.2
259,1,11,4.9,-3.9
259,1,12,5.0,-4.1
259,1,13,5.4,-4.3
259,1,14,5.5,-4.2
259,1,15,5.8,-4.0
259,1,16,6.2,-3.9
259,1,17,6.6,-3.6
259,1,18,6.7,-3.0
259,1,19,6.8,-2.5
259,1,20,6.6,-2.2
259,1,21,6.2,-2.1
259,1,22,5.8,-2.5
259,1,23,5.3,-3.0
259,1,24,5.0,-3.5
259,1,25,5.2,-4.1
259,1,26,5.7,-3.9
259,1,27,6.0,-3.4
259,1,28,6.4,-3.2
259,1,29,6.7,-3.1
259,1,30,7.0,-2.8
259,1,31,6.9,-2.8
259,2,1,6.9,-3.1
259,2,2,6.7,-3.1
259,2,3,6.5,-3.1
259,2,4,6.1,-3.2
259,2,5,6.0,-3.5
259,2,6,5.8,-3.4
259,2,7,5.6,-3.3
259,2,8,5.8,-3.1
259,2,9,6.1,-3.0
259,2,10,6.1,-2.4
259,2,11,6.5,-2.1
259,2,12,7.3,-2.0
259,2,13,7.8,-1.9
259,2,14,7.9,-1.8
259,2,15,7.8,-1.8
259,2,16,7.6,-1.9
259,2,17,7.6,-2.0
259,2,18,7.9,-2.1
259,2,19,8.3,-2.1
259,2,20,9.2,-2.0
259,2,21,10.1,-1.7
259,2,22,10.8,-1.5
259,2,23,11.2,-0.8
259,2,24,11.6,-0.3
259,2,25,11.9,0.0
259,2,26,12.1,0.5
259,2,27,11.7,1.1
259,2,28,11.1,0.8
259,2,29,11.2,0.8
259,3,1,11.2,0.8
259,3,2,11.0,1.0
259,3,3,10.9,1.0
259,3,4,11.2,1.0
259,3,5,11.4,1.4
259,3,6,11.4,1.3
259,3,7,11.5,0.7
259,3,8,11.0,0.2
259,3,9,10.9,-0.4
259,3,10,11.4,-0.9
259,3,11,11.9,-0.6
259,3,12,12.2,-0.3
259,3,13,13.2,0.0
259,3,14,13.5,0.7
259,3,15,13.9,1.0
259,3,16,13.9,1.3
259,3,17,14.5,1.8
259,3,18,14.6,2.4
259,3,19,14.6,2.5
259,3,20,14.2,2.6
259,3,21,14.1,2.4
259,3,22,13.5,1.9
259,3,23,13.0,1.6
259,3,24,13.2,1.5
259,3,25,13.9,1.6
259,3,26,14.8,1.7
259,3,27,15.4,2.3
259,3,28,16.3,2.8
259,3,29,16.9,3.3
259,3,30,17.1,3.9
259,3,31,17.1,4.3
259,4,1,17.2,4.5
259,4,2,17.2,4.5
259,4,3,17.1,4.7
259,4,4,16.7,4.6
259,4,5,16.3,4.7
259,4,6,16.6,4.5
259,4,7,17.0,4.8
259,4,8,17.3,5.0
259,4,9,17.5,5.4
259,4,10,17.9,5.4
259,4,11,17.5,5.7
259,4,12,17.4,5.5
259,4,13,17.8,5.3
259,4,14,18.6,5.3
259,4,15,18.7,5.7
259,4,16,19.0,6.0
259,4,17,18.9,6.7
259,4,18,18.7,7.2
259,4,19,18.4,7.6
259,4,20,18.6,7.9
259,4,21,18.7,8.1
259,4,22,19.2,8.0
259,4,23,19.5,7.8
259,4,24,19.7,7.8
259,4,25,19.6,7.5
259,4,26,19.8,7.3
259,4,27,19.8,7.6
259,4,28,20.0,8.1
259,4,29,20.3,8.7
259,4,30,21.1,9.4
259,5,1,21.6,10.1
259,5,2,22.4,10.3
259,5,3,22.5,10.0
259,5,4,22.6,10.0
259,5,5,22.8,9.8
259,5,6,23.1,9.6
259,5,7,22.7,10.1
259,5,8,22.5,10.8
259,5,9,22.7,11.1
259,5,10,22.4,11.7
259,5,11,22.4,11.9
259,5,12,22.7,11.8
259,5,13,23.3,11.9
259,5,14,23.4,12.1
259,5,15,24.0,12.1
259,5,16,23.9,12.4
259,5,17,23.9,12.8
259,5,18,23.9,12.8
259,5,19,24.2,12.6
259,5,20,24.3,12.9
259,5,21,24.6,13.1
259,5,22,25.0,13.1
259,5,23,25.3,13.3
259,5,24,25.3,13.8
259,5,25,25.3,14.0
259,5,26,25.4,14.3
259,5,27,25.7,14.5
259,5,28,26.0,14.7
259,5,29,25.8,15.0
259,5,30,25.9,15.1
259,5,31,26.2,15.1
259,6,1,26.0,15.2
259,6,2,26.0,15.3
259,6,3,26.7,15.6
259,6,4,26.7,16.0
259,6,5,26.6,16.5
259,6,6,26.4,16.8
259,6,7,26.4,17.1
259,6,8,26.1,17.4
259,6,9,25.9,17.8
259,6,10,26.0,18.0
259,6,11,26.2,18.2
259,6,12,26.0,18.5
259,6,13,26.0,18.5
259,6,14,26.5,18.3
259,6,15,26.5,18.1
259,6,16,26.5,18.1
259,6,17,27.1,18.3
259,6,18,27.1,18.5
259,6,19,27.3,18.7
259,6,20,27.4,18.9
259,6,21,27.7,19.1
259,6,22,27.4,19.3
259,6,23,27.4,19.4
259,6,24,27.0,19.6
259,6,25,26.7,19.8
259,6,26,26.6,19.8
259,6,27,26.5,19.9
259,6,28,26.5,20.1
259,6,29,26.7,20.3
259,6,30,26.9,20.5
259,7,1,26.8,20.9
259,7,2,27.0,21.0
259,7,3,27.3,21.1
259,7,4,27.1,21.2
259,7,5,27.1,21.1
259,7,6,27.4,21.1
259,7,7,27.5,21.2
259,7,8,27.4,21.4
259,7,9,27.8,21.6
259,7,10,28.0,21.8
259,7,11,28.1,22.0
259,7,12,28.3,22.1
259,7,13,28.5,22.1
259,7,14,28.7,22.0
259,7,15,28.8,22.1
259,7,16,28.8,22.1
259,7,17,29.1,22.2
259,7,18,29.5,22.4
259,7,19,29.6,22.6
259,7,20,29.8,22.9
259,7,21,30.1,23.2
259,7,22,30.0,23.4
259,7,23,30.0,23.3
259,7,24,30.2,23.2
259,7,25,30.5,23.2
259,7,26,30.6,23.2
259,7,27,30.9,23.3
259,7,28,31.1,23.6
259,7,29,31.4,23.9
259,7,30,31.7,24.2
259,7,31,31.8,24.3
259,8,1,31.7,24.3
259,8,2,31.7,24.2
259,8,3,31.8,24.2
259,8,4,31.9,24.2
259,8,5,31.9,24.2
259,8,6,32.1,24.2
259,8,7,32.2,24.1
259,8,8,32.0,24.1
259,8,9,31.7,24.0
259,8,10,31.6,23.9
259,8,11,31.2,23.9
259,8,12,30.9,23.9
259,8,13,30.9,23.8
259,8,14,30.8,23.7
259,8,15,30.7,23.4
259,8,16,30.9,23.1
259,8,17,30.9,22.8
259,8,18,30.7,22.7
259,8,19,30.7,22.6
259,8,20,30.6,22.7
259,8,21,30.3,22.7
259,8,22,30.0,22.8
259,8,23,30.0,22.7
259,8,24,29.6,22.3
259,8,25,29.2,22.0
259,8,26,29.0,21.7
259,8,27,28.9,21.4
259,8,28,28.7,21.1
259,8,29,28.7,20.9
259,8,30,28.8,20.7
259,8,31,28.5,20.4
259,9,1,28.4,20.3
259,9,2,28.4,20.1
259,9,3,28.2,19.9
259,9,4,27.6,19.7
259,9,5,27.7,19.4
259,9,6,27.6,19.0
259,9,7,27.3,18.7
259,9,8,27.4,18.4
259,9,9,27.6,18.3
259,9,10,27.6,18.3
259,9,11,27.5,18.4
259,9,12,27.4,18.4
259,9,13,27.2,18.4
259,9,14,27.2,18.4
259,9,15,27.3,18.2
259,9,16,27.2,17.9
259,9,17,27.0,17.6
259,9,18,26.8,17.1
259,9,19,26.6,16.4
259,9,20,26.3,15.9
259,9,21,26.0,15.6
259,9,22,26.1,15.4
259,9,23,26.1,15.2
259,9,24,26.0,15.2
259,9,25,26.1,15.1
259,9,26,26.2,15.2
259,9,27,25.8,15.3
259,9,28,25.5,15.5
259,9,29,25.1,15.3
259,9,30,24.6,15.2
259,10,1,24.4,14.8
259,10,2,24.5,14.2
259,10,3,24.2,13.8
259,10,4,24.1,13.6
259,10,5,24.1,13.3
259,10,6,23.8,13.1
259,10,7,23.5,12.8
259,10,8,23.6,12.5
259,10,9,23.5,12.2
259,10,10,23.1,11.7
259,10,11,22.9,11.0
259,10,12,22.7,10.7
259,10,13,22.3,10.5
259,10,14,21.9,10.0
259,10,15,21.9,9.7
259,10,16,21.8,9.6
259,10,17,21.9,9.3
259,10,18,22.1,9.3
259,10,19,22.5,9.7
259,10,20,22.6,9.9
259,10,21,22.3,10.3
259,10,22,21.8,10.5
259,10,23,21.3,10.2
259,10,24,20.5,9.5
259,10,25,19.9,8.8
259,10,26,19.7,8.2
259,10,27,19.6,7.6
259,10,28,19.1,7.2
259,10,29,18.9,6.9
259,10,30,18.5,6.6
259,10,31,18.3,6.5
259,11,1,18.1,6.2
259,11,2,18.2,5.9
259,11,3,18.6,5.9
259,11,4,19.0,6.2
259,11,5,19.1,6.5
259,11,6,18.7,7.0
259,11,7,18.4,7.2
259,11,8,17.8,7.2
259,11,9,17.2,6.8
259,11,10,16.7,6.1
259,11,11,16.4,5.3
259,11,12,16.2,5.1
259,11,13,15.9,4.5
259,11,14,15.8,4.0
259,11,15,15.8,4.2
259,11,16,15.6,4.4
259,11,17,15.4,4.4
259,11,18,14.9,4.5
259,11,19,14.5,4.2
259,11,20,14.2,3.7
259,11,21,13.9,3.2
259,11,22,13.7,2.9
259,11,23,13.5,2.8
259,11,24,13.1,2.8
259,11,25,12.7,2.5
259,11,26,12.6,2.3
259,11,27,12.5,2.0
259,11,28,12.6,1.8
259,11,29,12.5,1.7
259,11,30,12.1,1.5
259,12,1,11.9,1.1
259,12,2,11.4,0.9
259,12,3,10.7,0.6
259,12,4,10.1,0.2
259,12,5,9.8,-0.4
259,12,6,9.1,-1.0
259,12,7,8.8,-1.5
259,12,8,8.9,-1.5
259,12,9,9.0,-1.3
259,12,10,8.7,-1.1
259,12,11,8.9,-0.9
259,12,12,8.8,-0.7
259,12,13,8.4,-1.0
259,12,14,7.8,-1.5
259,12,15,7.6,-1.6
259,12,16,7.3,-2.0
259,12,17,7.2,-2.2
259,12,18,7.4,-2.1
259,12,19,8.0,-1.9
259,12,20,8.7,-1.8
259,12,21,8.9,-1.5
259,12,22,8.9,-1.4
259,12,23,8.5,-1.8
259,12,24,7.9,-2.0
259,12,25,6.9,-2.3
259,12,26,6.4,-2.8
259,12,27,6.2,-3.2
259,12,28,6.1,-3.1
259,12,29,5.8,-3.7
259,12,30,5.9,-3.8
259,12,31,6.2,-3.9
260,1,1,7.2,-4.0
260,1,2,7.1,-4.1
260,1,3,7.1,-4.0
260,1,4,7.3,-3.8
260,1,5,7.0,-3.6
260,1,6,6.8,-3.5
260,1,7,6.7,-3.4
260,1,8,6.6,-3.3
260,1,9,6.5,-3.5
260,1,10,6.5,-3.7
260,1,11,6.4,-3.7
260,1,12,6.3,-3.6
260,1,13,6.4,-3.7
260,1,14,6.3,-3.7
260,1,15,6.3,-3.7
260,1,16,6.5,-3.9
260,1,17,6.6,-4.1
260,1,18,6.6,-3.9
260,1,19,6.6,-3.8
260,1,20,6.4,-3.7
260,1,21,6.1,-3.6
260,1,22,5.8,-3.9
260,1,23,5.6,-4.1
260,1,24,5.6,-4.2
260,1,25,5.7,-4.5
260,1,26,6.0,-4.6
260,1,27,6.3,-4.5
260,1,28,6.4,-4.4
260,1,29,6.5,-4.4
260,1,30,6.7,-4.2
260,1,31,6.6,-4.1
260,2,1,6.6,-4.2
260,2,2,6.7,-4.2
260,2,3,6.8,-4.4
260,2,4,7.0,-4.4
260,2,5,7.4,-4.3
260,2,6,7.5,-4.1
260,2,7,7.4,-3.9
260,2,8,7.5,-3.8
260,2,9,7.5,-3.7
260,2,10,7.4,-3.4
260,2,11,8.0,-3.4
260,2,12,8.7,-3.2
260,2,13,8.9,-2.9
260,2,14,9.0,-2.7
260,2,15,9.0,-2.7
260,2,16,8.8,-2.6
260,2,17,8.6,-2.7
260,2,18,8.9,-2.9
260,2,19,9.1,-2.9
260,2,20,9.5,-3.0
260,2,21,9.8,-2.9
260,2,22,10.1,-2.8
260,2,23,10.3,-2.3
260,2,24,10.6,-2.0
260,2,25,10.8,-1.7
260,2,26,10.9,-1.3
260,2,27,10.9,-0.9
260,2,28,10.9,-1.0
260,2,29,11.0,-1.0
260,3,1,11.0,-1.0
260,3,2,11.0,-0.9
260,3,3,11.1,-1.0
260,3,4,11.3,-1.1
260,3,5,11.3,-0.7
260,3,6,11.5,-0.7
260,3,7,11.7,-0.8
260,3,8,11.8,-0.7
260,3,9,11.8,-0.7
260,3,10,12.2,-0.9
260,3,11,12.6,-0.8
260,3,12,12.8,-0.7
260,3,13,13.1,-0.6
260,3,14,13.3,-0.1
260,3,15,13.6,0.3
260,3,16,13.5,0.7
260,3,17,13.9,1.0
260,3,18,14.3,1.3
260,3,19,14.5,1.2
260,3,20,14.4,1.4
260,3,21,14.4,1.6
260,3,22,14.0,1.6
260,3,23,13.7,1.6
260,3,24,13.9,1.6
260,3,25,14.4,1.6
260,3,26,14.8,1.5
260,3,27,15.3,1.8
260,3,28,15.7,2.1
260,3,29,16.0,2.4
260,3,30,16.0,2.6
260,3,31,16.2,2.8
260,4,1,16.4,2.8
260,4,2,16.6,2.8
260,4,3,16.9,2.9
260,4,4,17.0,3.0
260,4,5,17.3,3.3
260,4,6,17.6,3.6
260,4,7,17.8,4.1
260,4,8,17.8,4.6
260,4,9,17.9,5.0
260,4,10,18.0,4.9
260,4,11,17.9,4.9
260,4,12,18.2,4.6
260,4,13,18.5,4.5
260,4,14,19.0,4.4
260,4,15,19.3,4.7
260,4,16,19.7,5.1
260,4,17,19.7,5.6
260,4,18,19.7,6.0
260,4,19,19.6,6.6
260,4,20,19.7,7.1
260,4,21,19.6,7.2
260,4,22,19.7,7.2
260,4,23,20.0,7.0
260,4,24,20.2,6.6
260,4,25,20.3,6.2
260,4,26,20.5,6.0
260,4,27,20.6,6.4
260,4,28,20.8,7.2
260,4,29,21.1,7.9
260,4,30,21.4,8.7
260,5,1,21.7,9.3
260,5,2,22.2,9.5
260,5,3,22.3,9.3
260,5,4,22.3,9.3
260,5,5,22.5,9.4
260,5,6,22.7,9.4
260,5,7,22.6,9.6
260,5,8,22.4,9.9
260,5,9,22.5,10.0
260,5,10,22.2,10.1
260,5,11,22.1,10.2
260,5,12,22.2,10.3
260,5,13,22.5,10.7
260,5,14,22.8,11.1
260,5,15,23.1,11.2
260,5,16,23.2,11.4
260,5,17,23.3,11.7
260,5,18,23.5,11.7
260,5,19,23.8,11.6
260,5,20,24.1,11.8
260,5,21,24.4,12.0
260,5,22,24.6,12.3
260,5,23,24.8,12.5
260,5,24,24.8,12.8
260,5,25,24.8,12.9
260,5,26,24.7,13.1
260,5,27,25.1,13.2
260,5,28,25.1,13.4
260,5,29,25.4,13.3
260,5,30,25.6,13.5
260,5,31,25.7,13.7
260,6,1,25.6,14.0
260,6,2,25.8,14.2
260,6,3,25.9,14.7
260,6,4,26.1,15.1
260,6,5,26.3,15.3
260,6,6,26.1,15.5
260,6,7,26.0,15.9
260,6,8,25.8,16.2
260,6,9,25.7,16.5
260,6,10,25.8,16.7
260,6,11,26.1,16.9
260,6,12,26.1,17.0
260,6,13,26.2,17.0
260,6,14,26.4,16.9
260,6,15,26.5,17.0
260,6,16,26.4,17.1
260,6,17,26.7,17.3
260,6,18,26.8,17.6
260,6,19,26.9,18.0
260,6,20,26.7,18.3
260,6,21,26.8,18.4
260,6,22,26.5,18.5
260,6,23,26.3,18.6
260,6,24,26.0,18.7
260,6,25,26.2,18.9
260,6,26,26.2,19.1
260,6,27,26.3,19.3
260,6,28,26.4,19.6
260,6,29,26.4,19.8
260,6,30,26.4,20.1
260,7,1,26.6,20.4
260,7,2,26.8,20.6
260,7,3,27.1,20.6
260,7,4,27.2,20.6
260,7,5,27.3,20.5
260,7,6,27.3,20.4
260,7,7,27.5,20.5
260,7,8,27.5,20.7
260,7,9,27.6,20.9
260,7,10,27.6,21.0
260,7,11,27.7,21.3
260,7,12,27.9,21.4
260,7,13,28.0,21.5
260,7,14,28.3,21.7
260,7,15,28.6,21.7
260,7,16,28.7,21.7
260,7,17,28.9,21.8
260,7,18,29.3,21.9
260,7,19,29.5,22.0
260,7,20,29.8,22.1
260,7,21,30.0,22.4
260,7,22,30.0,22.5
260,7,23,30.1,22.5
260,7,24,30.3,22.5
260,7,25,30.3,22.4
260,7,26,30.3,22.4
260,7,27,30.5,22.6
260,7,28,30.7,22.7
260,7,29,30.8,22.9
260,7,30,31.0,23.1
260,7,31,31.1,23.2
260,8,1,31.1,23.2
260,8,2,31.0,23.0
260,8,3,30.9,23.0
260,8,4,31.0,22.9
260,8,5,30.9,22.8
260,8,6,31.0,22.8
260,8,7,31.1,22.8
260,8,8,30.9,22.9
260,8,9,30.7,22.9
260,8,10,30.7,22.9
260,8,11,30.6,22.8
260,8,12,30.3,22.7
260,8,13,30.3,22.7
260,8,14,30.3,22.5
260,8,15,30.4,22.4
260,8,16,30.4,22.2
260,8,17,30.4,22.0
260,8,18,30.2,21.8
260,8,19,30.1,21.8
260,8,20,29.9,21.6
260,8,21,29.6,21.5
260,8,22,29.5,21.4
260,8,23,29.3,21.3
260,8,24,29.1,21.0
260,8,25,29.0,20.9
260,8,26,29.1,20.7
260,8,27,29.0,20.5
260,8,28,28.9,20.4
260,8,29,28.9,20.2
260,8,30,28.9,20.0
260,8,31,28.7,19.9
260,9,1,28.6,19.8
260,9,2,28.7,19.5
260,9,3,28.5,19.3
260,9,4,28.2,19.2
260,9,5,28.2,18.9
260,9,6,28.1,18.6
260,9,7,27.9,18.4
260,9,8,27.8,18.1
260,9,9,27.8,17.9
260,9,10,27.6,17.8
260,9,11,27.3,17.7
260,9,12,27.2,17.6
260,9,13,27.0,17.5
260,9,14,26.9,17.3
260,9,15,27.0,17.1
260,9,16,27.0,16.8
260,9,17,27.0,16.4
260,9,18,26.9,16.1
260,9,19,26.7,15.7
260,9,20,26.4,15.2
260,9,21,26.1,14.8
260,9,22,25.9,14.6
260,9,23,25.8,14.3
260,9,24,25.8,14.0
260,9,25,25.8,13.8
260,9,26,25.7,13.6
260,9,27,25.4,13.5
260,9,28,25.1,13.5
260,9,29,24.9,13.5
260,9,30,24.8,13.5
260,10,1,24.8,13.2
260,10,2,24.7,12.8
260,10,3,24.5,12.2
260,10,4,24.4,11.7
260,10,5,24.1,11.3
260,10,6,23.9,10.9
260,10,7,23.8,10.5
260,10,8,23.9,10.2
260,10,9,23.8,10.1
260,10,10,23.7,9.9
260,10,11,23.6,9.7
260,10,12,23.3,9.6
260,10,13,23.0,9.4
260,10,14,22.6,8.9
260,10,15,22.4,8.5
260,10,16,22.2,8.2
260,10,17,22.1,8.0
260,10,18,22.1,7.8
260,10,19,22.2,7.9
260,10,20,22.0,7.9
260,10,21,21.8,8.0
260,10,22,21.5,8.0
260,10,23,21.2,7.9
260,10,24,20.7,7.5
260,10,25,20.4,7.0
260,10,26,20.1,6.6
260,10,27,19.8,6.3
260,10,28,19.5,5.9
260,10,29,19.2,5.7
260,10,30,18.8,5.6
260,10,31,18.4,5.2
260,11,1,18.3,4.8
260,11,2,18.2,4.4
260,11,3,18.4,4.4
260,11,4,18.8,4.4
260,11,5,19.0,4.7
260,11,6,18.7,5.0
260,11,7,18.4,5.4
260,11,8,17.9,5.5
260,11,9,17.4,5.4
260,11,10,17.0,5.0
260,11,11,16.8,4.5
260,11,12,16.5,4.2
260,11,13,16.2,3.7
260,11,14,15.9,3.1
260,11,15,15.5,2.8
260,11,16,14.8,2.6
260,11,17,14.5,2.2
260,11,18,14.1,1.9
260,11,19,13.7,1.6
260,11,20,13.5,1.2
260,11,21,13.6,0.8
260,11,22,13.7,0.6
260,11,23,13.8,0.6
260,11,24,13.8,0.7
260,11,25,13.4,0.9
260,11,26,13.2,0.9
260,11,27,12.9,0.9
260,11,28,12.7,0.7
260,11,29,12.5,0.5
260,11,30,12.5,0.1
260,12,1,12.1,-0.1
260,12,2,11.6,-0.4
260,12,3,11.0,-0.7
260,12,4,10.3,-1.0
260,12,5,9.9,-1.2
260,12,6,9.6,-1.5
260,12,7,9.4,-1.8
260,12,8,9.5,-1.9
260,12,9,9.5,-1.8
260,12,10,9.3,-1.8
260,12,11,9.3,-1.8
260,12,12,9.1,-1.9
260,12,13,8.7,-2.2
260,12,14,8.5,-2.6
260,12,15,8.4,-2.7
260,12,16,8.2,-2.9
260,12,17,8.1,-3.0
260,12,18,8.3,-2.9
260,12,19,8.4,-2.8
260,12,20,8.8,-3.0
260,12,21,9.0,-2.9
260,12,22,9.0,-2.9
260,12,23,8.8,-3.0
260,12,24,8.5,-3.0
260,12,25,8.0,-3.0
260,12,26,7.7,-3.3
260,12,27,7.3,-3.5
260,12,28,7.2,-3.6
260,12,29,7.1,-4.0
260,12,30,7.0,-4.1
260,12,31,7.1,-4.1
261,1,1,7.2,-3.4
261,1,2,7.0,-3.5
261,1,3,7.1,-3.5
261,1,4,7.2,-3.3
261,1,5,6.9,-3.1
261,1,6,6.7,-3.0
261,1,7,6.6,-2.9
261,1,8,6.5,-2.8
261,1,9,6.3,-3.0
261,1,10,6.2,-3.3
261,1,11,6.1,-3.3
261,1,12,6.1,-3.2
261,1,13,6.1,-3.2
261,1,14,6.1,-3.2
261,1,15,6.2,-3.1
261,1,16,6.3,-3.4
261,1,17,6.4,-3.6
261,1,18,6.5,-3.3
261,1,19,6.4,-3.2
261,1,20,6.2,-3.0
261,1,21,6.0,-2.9
261,1,22,5.7,-3.2
261,1,23,5.5,-3.5
261,1,24,5.4,-3.7
261,1,25,5.5,-4.0
261,1,26,5.7,-4.1
261,1,27,6.0,-3.9
261,1,28,6.1,-4.0
261,1,29,6.3,-3.9
261,1,30,6.4,-3.6
261,1,31,6.2,-3.5
261,2,1,6.2,-3.6
261,2,2,6.3,-3.6
261,2,3,6.4,-3.8
261,2,4,6.5,-3.9
261,2,5,6.9,-3.9
261,2,6,7.0,-3.7
261,2,7,6.9,-3.6
261,2,8,7.0,-3.4
261,2,9,7.1,-3.4
261,2,10,7.2,-3.1
261,2,11,7.6,-3.0
261,2,12,8.3,-2.9
261,2,13,8.5,-2.6
261,2,14,8.5,-2.5
261,2,15,8.4,-2.5
261,2,16,8.2,-2.6
261,2,17,8.1,-2.6
261,2,18,8.3,-2.8
261,2,19,8.6,-2.8
261,2,20,9.2,-2.8
261,2,21,9.4,-2.6
261,2,22,9.8,-2.5
261,2,23,10.0,-2.0
261,2,24,10.2,-1.8
261,2,25,10.3,-1.6
261,2,26,10.6,-1.1
261,2,27,10.5,-0.8
261,2,28,10.3,-0.9
261,2,29,10.4,-0.9
261,3,1,10.5,-0.9
261,3,2,10.5,-0.7
261,3,3,10.5,-0.7
261,3,4,10.8,-0.9
261,3,5,10.8,-0.6
261,3,6,11.0,-0.6
261,3,7,11.2,-0.6
261,3,8,11.1,-0.6
261,3,9,11.2,-0.6
261,3,10,11.6,-0.8
261,3,11,12.0,-0.6
261,3,12,12.2,-0.5
261,3,13,12.6,-0.5
261,3,14,12.9,0.1
261,3,15,13.3,0.3
261,3,16,13.2,0.7
261,3,17,13.5,0.9
261,3,18,13.8,1.2
261,3,19,13.9,1.3
261,3,20,13.7,1.6
261,3,21,13.6,1.8
261,3,22,13.3,1.8
261,3,23,13.1,1.8
261,3,24,13.2,1.6
261,3,25,13.7,1.6
261,3,26,14.0,1.6
261,3,27,14.5,1.9
261,3,28,15.0,2.1
261,3,29,15.3,2.5
261,3,30,15.4,2.8
261,3,31,15.7,3.0
261,4,1,15.9,3.0
261,4,2,16.0,3.0
261,4,3,16.3,3.1
261,4,4,16.5,3.2
261,4,5,16.7,3.5
261,4,6,17.0,3.7
261,4,7,17.2,4.3
261,4,8,17.3,4.6
261,4,9,17.4,4.9
261,4,10,17.4,4.9
261,4,11,17.3,5.0
261,4,12,17.4,4.8
261,4,13,17.8,4.7
261,4,14,18.2,4.7
261,4,15,18.6,4.9
261,4,16,19.1,5.4
261,4,17,19.3,5.8
261,4,18,19.3,6.2
261,4,19,19.4,6.9
261,4,20,19.3,7.4
261,4,21,19.4,7.5
261,4,22,19.5,7.5
261,4,23,19.5,7.3
261,4,24,19.6,6.8
261,4,25,19.7,6.4
261,4,26,19.9,6.4
261,4,27,20.1,6.8
261,4,28,20.5,7.6
261,4,29,20.7,8.4
261,4,30,21.1,9.1
261,5,1,21.4,9.6
261,5,2,21.8,9.6
261,5,3,21.8,9.5
261,5,4,21.9,9.5
261,5,5,22.0,9.6
261,5,6,22.2,9.6
261,5,7,22.1,9.9
261,5,8,22.0,10.2
261,5,9,22.2,10.3
261,5,10,22.0,10.5
261,5,11,21.9,10.6
261,5,12,22.1,10.7
261,5,13,22.4,11.0
261,5,14,22.5,11.4
261,5,15,22.8,11.4
261,5,16,23.0,11.7
261,5,17,23.0,11.9
261,5,18,23.2,11.9
261,5,19,23.6,12.0
261,5,20,24.0,12.2
261,5,21,24.2,12.5
261,5,22,24.4,12.7
261,5,23,24.6,12.9
261,5,24,24.6,13.2
261,5,25,24.5,13.3
261,5,26,24.6,13.4
261,5,27,24.9,13.5
261,5,28,25.0,13.8
261,5,29,25.2,13.7
261,5,30,25.4,13.9
261,5,31,25.6,14.1
261,6,1,25.6,14.3
261,6,2,25.8,14.4
261,6,3,26.0,14.8
261,6,4,26.2,15.2
261,6,5,26.3,15.5
261,6,6,26.1,15.7
261,6,7,26.1,16.1
261,6,8,25.9,16.5
261,6,9,25.8,16.8
261,6,10,25.8,17.0
261,6,11,26.1,17.2
261,6,12,26.1,17.3
261,6,13,26.3,17.2
261,6,14,26.5,17.2
261,6,15,26.6,17.1
261,6,16,26.5,17.3
261,6,17,26.8,17.5
261,6,18,26.9,17.8
261,6,19,27.0,18.1
261,6,20,26.9,18.4
261,6,21,26.9,18.5
261,6,22,26.7,18.6
261,6,23,26.5,18.7
261,6,24,26.3,18.8
261,6,25,26.4,19.0
261,6,26,26.4,19.2
261,6,27,26.5,19.4
261,6,28,26.6,19.7
261,6,29,26.5,20.0
261,6,30,26.5,20.3
261,7,1,26.7,20.6
261,7,2,26.7,20.8
261,7,3,27.0,20.8
261,7,4,27.0,20.8
261,7,5,27.3,20.7
261,7,6,27.3,20.6
261,7,7,27.5,20.7
261,7,8,27.5,20.9
261,7,9,27.6,21.1
261,7,10,27.6,21.3
261,7,11,27.8,21.5
261,7,12,28.0,21.6
261,7,13,28.1,21.8
261,7,14,28.5,21.9
261,7,15,28.7,22.0
261,7,16,28.9,22.0
261,7,17,29.1,22.1
261,7,18,29.4,22.2
261,7,19,29.7,22.4
261,7,20,29.9,22.5
261,7,21,30.0,22.7
261,7,22,30.0,22.9
261,7,23,30.2,22.8
261,7,24,30.4,22.8
261,7,25,30.6,22.8
261,7,26,30.7,22.8
261,7,27,30.8,22.9
261,7,28,30.9,23.1
261,7,29,31.1,23.3
261,7,30,31.3,23.5
261,7,31,31.4,23.6
261,8,1,31.5,23.6
261,8,2,31.4,23.5
261,8,3,31.4,23.4
261,8,4,31.4,23.4
261,8,5,31.3,23.3
261,8,6,31.4,23.2
261,8,7,31.4,23.2
261,8,8,31.3,23.3
261,8,9,31.0,23.3
261,8,10,30.9,23.2
261,8,11,30.7,23.2
261,8,12,30.4,23.1
261,8,13,30.4,22.9
261,8,14,30.5,22.8
261,8,15,30.5,22.5
261,8,16,30.6,22.4
261,8,17,30.7,22.2
261,8,18,30.6,22.0
261,8,19,30.6,22.0
261,8,20,30.3,21.9
261,8,21,30.0,21.7
261,8,22,29.8,21.6
261,8,23,29.7,21.5
261,8,24,29.4,21.3
261,8,25,29.3,21.2
261,8,26,29.4,21.1
261,8,27,29.3,20.8
261,8,28,29.1,20.7
261,8,29,29.0,20.5
261,8,30,29.0,20.3
261,8,31,28.8,20.1
261,9,1,28.8,20.0
261,9,2,28.9,19.8
261,9,3,28.8,19.6
261,9,4,28.4,19.4
261,9,5,28.4,19.1
261,9,6,28.3,18.8
261,9,7,28.0,18.5
261,9,8,27.9,18.1
261,9,9,27.9,17.9
261,9,10,27.7,17.9
261,9,11,27.5,17.9
261,9,12,27.5,17.8
261,9,13,27.3,17.8
261,9,14,27.2,17.6
261,9,15,27.1,17.3
261,9,16,27.1,17.0
261,9,17,27.1,16.6
261,9,18,27.0,16.3
261,9,19,26.8,15.8
261,9,20,26.6,15.3
261,9,21,26.2,15.0
261,9,22,26.1,14.7
261,9,23,25.9,14.4
261,9,24,25.9,14.1
261,9,25,25.9,14.1
261,9,26,25.8,13.9
261,9,27,25.4,13.8
261,9,28,25.2,13.9
261,9,29,25.0,13.9
261,9,30,24.7,13.8
261,10,1,24.6,13.4
261,10,2,24.5,13.0
261,10,3,24.3,12.4
261,10,4,24.1,11.9
261,10,5,23.9,11.4
261,10,6,23.8,11.1
261,10,7,23.6,10.7
261,10,8,23.8,10.5
261,10,9,23.7,10.4
261,10,10,23.4,10.1
261,10,11,23.3,9.8
261,10,12,23.1,9.9
261,10,13,22.7,9.6
261,10,14,22.3,9.1
261,10,15,22.2,8.7
261,10,16,22.0,8.4
261,10,17,21.9,8.0
261,10,18,21.9,7.9
261,10,19,22.0,7.9
261,10,20,21.9,8.1
261,10,21,21.7,8.2
261,10,22,21.4,8.2
261,10,23,21.0,8.2
261,10,24,20.5,7.9
261,10,25,20.2,7.4
261,10,26,19.9,7.1
261,10,27,19.6,6.9
261,10,28,19.2,6.5
261,10,29,19.0,6.1
261,10,30,18.5,6.0
261,10,31,18.2,5.6
261,11,1,18.1,5.2
261,11,2,18.1,4.8
261,11,3,18.3,4.7
261,11,4,18.6,4.9
261,11,5,18.9,5.1
261,11,6,18.6,5.4
261,11,7,18.4,5.9
261,11,8,17.9,6.0
261,11,9,17.4,5.8
261,11,10,16.9,5.5
261,11,11,16.8,5.0
261,11,12,16.4,4.6
261,11,13,16.0,4.1
261,11,14,15.6,3.5
261,11,15,15.3,3.2
261,11,16,14.7,3.1
261,11,17,14.3,2.8
261,11,18,14.1,2.6
261,11,19,13.8,2.2
261,11,20,13.5,1.7
261,11,21,13.6,1.2
261,11,22,13.7,1.0
261,11,23,13.8,1.0
261,11,24,13.8,1.2
261,11,25,13.5,1.5
261,11,26,13.2,1.5
261,11,27,12.8,1.4
261,11,28,12.7,1.1
261,11,29,12.4,0.8
261,11,30,12.3,0.4
261,12,1,12.0,0.3
261,12,2,11.5,0.1
261,12,3,10.9,-0.1
261,12,4,10.3,-0.3
261,12,5,9.9,-0.6
261,12,6,9.5,-1.0
261,12,7,9.4,-1.3
261,12,8,9.4,-1.4
261,12,9,9.4,-1.3
261,12,10,9.3,-1.4
261,12,11,9.2,-1.3
261,12,12,9.0,-1.3
261,12,13,8.8,-1.5
261,12,14,8.6,-1.8
261,12,15,8.4,-1.8
261,12,16,8.2,-2.1
261,12,17,8.2,-2.4
261,12,18,8.3,-2.4
261,12,19,8.4,-2.4
261,12,20,8.8,-2.6
261,12,21,9.0,-2.4
261,12,22,9.0,-2.4
261,12,23,8.8,-2.5
261,12,24,8.5,-2.5
261,12,25,7.9,-2.6
261,12,26,7.5,-2.9
261,12,27,7.1,-3.1
261,12,28,7.0,-3.2
261,12,29,6.9,-3.5
261,12,30,6.8,-3.6
261,12,31,7.0,-3.5
264,1,1,5.8,-6.1
264,1,2,6.1,-6.1
264,1,3,6.6,-6.0
264,1,4,6.9,-6.1
264,1,5,6.9,-6.0
264,1,6,6.9,-5.5
264,1,7,6.2,-5.2
264,1,8,5.8,-5.1
264,1,9,5.4,-5.3
264,1,10,5.0,-5.3
264,1,11,4.5,-5.8
264,1,12,4.8,-6.6
264,1,13,5.2,-6.7
264,1,14,5.4,-6.8
264,1,15,5.6,-6.4
264,1,16,6.0,-6.5
264,1,17,6.1,-6.0
264,1,18,5.9,-5.4
264,1,19,5.7,-4.9
264,1,20,5.6,-4.8
264,1,21,5.2,-4.5
264,1,22,4.8,-5.0
264,1,23,4.5,-5.6
264,1,24,4.6,-6.1
264,1,25,4.7,-6.5
264,1,26,5.3,-6.4
264,1,27,5.7,-5.9
264,1,28,6.4,-5.4
264,1,29,6.7,-5.2
264,1,30,7.1,-4.9
264,1,31,7.2,-5.0
264,2,1,7.3,-5.3
264,2,2,7.2,-5.5
264,2,3,7.0,-5.2
264,2,4,6.7,-5.4
264,2,5,6.3,-5.7
264,2,6,5.9,-5.7
264,2,7,5.5,-5.8
264,2,8,5.6,-5.8
264,2,9,5.9,-5.7
264,2,10,5.9,-5.1
264,2,11,6.6,-4.7
264,2,12,7.7,-4.5
264,2,13,8.4,-4.4
264,2,14,8.6,-4.2
264,2,15,8.6,-3.9
264,2,16,8.3,-3.8
264,2,17,8.1,-3.7
264,2,18,8.4,-3.8
264,2,19,8.6,-3.9
264,2,20,9.3,-4.0
264,2,21,10.1,-3.9
264,2,22,10.6,-3.8
264,2,23,10.6,-3.3
264,2,24,10.9,-2.9
264,2,25,11.4,-2.5
264,2,26,11.5,-2.2
264,2,27,11.1,-1.7
264,2,28,10.9,-1.7
264,2,29,11.0,-1.7
264,3,1,11.1,-1.7
264,3,2,11.0,-1.7
264,3,3,11.1,-1.7
264,3,4,11.7,-1.7
264,3,5,11.9,-1.3
264,3,6,12.0,-1.2
264,3,7,12.3,-1.3
264,3,8,12.1,-1.2
264,3,9,11.8,-1.6
264,3,10,12.4,-2.1
264,3,11,12.5,-1.8
264,3,12,12.6,-1.9
264,3,13,13.4,-1.8
264,3,14,13.9,-1.2
264,3,15,14.7,-0.7
264,3,16,15.3,-0.2
264,3,17,16.1,0.5
264,3,18,16.2,1.0
264,3,19,16.3,1.3
264,3,20,15.7,1.7
264,3,21,15.3,1.4
264,3,22,14.7,0.7
264,3,23,14.5,0.5
264,3,24,14.6,0.3
264,3,25,15.3,0.2
264,3,26,16.2,0.3
264,3,27,16.8,1.0
264,3,28,17.9,1.6
264,3,29,18.3,2.2
264,3,30,18.6,2.6
264,3,31,18.6,2.9
264,4,1,18.7,3.1
264,4,2,18.5,3.0
264,4,3,18.2,3.0
264,4,4,17.7,3.0
264,4,5,17.2,3.4
264,4,6,17.6,3.3
264,4,7,17.9,3.6
264,4,8,18.3,3.8
264,4,9,18.3,4.5
264,4,10,18.7,4.2
264,4,11,18.2,4.3
264,4,12,18.2,4.1
264,4,13,19.0,4.3
264,4,14,20.5,3.9
264,4,15,20.8,4.5
264,4,16,21.3,4.9
264,4,17,21.1,5.5
264,4,18,20.5,5.8
264,4,19,19.9,6.5
264,4,20,19.9,6.6
264,4,21,19.7,6.9
264,4,22,20.3,7.0
264,4,23,20.9,7.0
264,4,24,20.8,7.0
264,4,25,21.0,6.8
264,4,26,21.3,6.4
264,4,27,21.0,6.3
264,4,28,21.4,6.9
264,4,29,22.0,7.6
264,4,30,22.8,8.3
264,5,1,23.2,9.1
264,5,2,24.0,9.5
264,5,3,24.0,9.2
264,5,4,24.0,8.8
264,5,5,24.0,8.4
264,5,6,24.5,7.9
264,5,7,24.4,8.3
264,5,8,24.2,8.9
264,5,9,24.2,9.2
264,5,10,23.9,10.1
264,5,11,23.9,10.7
264,5,12,24.2,10.6
264,5,13,24.7,10.7
264,5,14,24.9,10.9
264,5,15,25.6,10.5
264,5,16,25.5,10.5
264,5,17,25.4,10.7
264,5,18,25.2,10.4
264,5,19,25.3,10.0
264,5,20,25.5,10.2
264,5,21,26.0,10.3
264,5,22,26.6,10.5
264,5,23,27.3,10.9
264,5,24,27.6,11.2
264,5,25,27.3,11.7
264,5,26,27.4,12.1
264,5,27,27.7,12.4
264,5,28,27.6,12.5
264,5,29,27.7,12.9
264,5,30,27.9,13.1
264,5,31,28.1,13.0
264,6,1,27.9,13.2
264,6,2,28.0,13.4
264,6,3,28.2,13.7
264,6,4,28.1,14.1
264,6,5,28.2,14.7
264,6,6,28.0,15.1
264,6,7,28.0,15.6
264,6,8,27.9,16.0
264,6,9,27.8,16.3
264,6,10,27.5,16.6
264,6,11,27.6,16.7
264,6,12,27.2,16.8
264,6,13,27.3,16.7
264,6,14,27.7,16.5
264,6,15,28.1,16.3
264,6,16,28.2,16.3
264,6,17,28.8,16.4
264,6,18,29.0,16.6
264,6,19,29.1,17.0
264,6,20,29.1,17.4
264,6,21,29.5,17.7
264,6,22,29.1,17.9
264,6,23,29.0,18.1
264,6,24,28.4,18.1
264,6,25,28.2,18.1
264,6,26,28.0,18.1
264,6,27,28.1,18.3
264,6,28,28.0,18.6
264,6,29,28.5,18.9
264,6,30,28.7,19.0
264,7,1,28.2,19.3
264,7,2,28.3,19.2
264,7,3,28.5,19.3
264,7,4,28.2,19.5
264,7,5,27.9,19.6
264,7,6,28.3,19.6
264,7,7,28.3,19.9
264,7,8,28.4,20.2
264,7,9,29.1,20.5
264,7,10,29.5,20.8
264,7,11,29.7,21.0
264,7,12,30.0,21.1
264,7,13,30.1,21.0
264,7,14,30.1,20.8
264,7,15,30.2,20.7
264,7,16,30.1,20.8
264,7,17,30.3,20.8
264,7,18,30.7,21.0
264,7,19,31.0,21.5
264,7,20,31.3,21.9
264,7,21,31.6,22.2
264,7,22,31.5,22.6
264,7,23,31.6,22.8
264,7,24,31.7,22.7
264,7,25,31.9,22.4
264,7,26,32.1,22.3
264,7,27,32.3,22.2
264,7,28,32.4,22.1
264,7,29,32.6,22.3
264,7,30,33.0,22.6
264,7,31,33.1,22.7
264,8,1,33.2,22.8
264,8,2,33.3,22.8
264,8,3,33.4,22.7
264,8,4,33.4,22.7
264,8,5,33.3,22.7
264,8,6,33.2,22.6
264,8,7,32.8,22.5
264,8,8,32.4,22.6
264,8,9,32.1,22.5
264,8,10,31.9,22.3
264,8,11,31.9,22.3
264,8,12,31.6,22.1
264,8,13,31.6,21.8
264,8,14,31.6,21.8
264,8,15,31.7,21.7
264,8,16,31.5,21.4
264,8,17,31.7,21.1
264,8,18,31.3,21.0
264,8,19,31.2,20.8
264,8,20,30.8,20.9
264,8,21,30.4,21.0
264,8,22,29.8,21.1
264,8,23,29.7,20.8
264,8,24,29.3,20.5
264,8,25,28.8,20.1
264,8,26,28.8,19.8
264,8,27,29.0,19.5
264,8,28,28.9,19.3
264,8,29,28.8,19.1
264,8,30,29.0,18.8
264,8,31,28.5,18.5
264,9,1,27.9,18.2
264,9,2,28.0,17.8
264,9,3,27.6,17.7
264,9,4,27.0,17.5
264,9,5,27.2,17.2
264,9,6,27.4,17.0
264,9,7,27.2,16.8
264,9,8,27.3,16.4
264,9,9,27.4,16.3
264,9,10,26.9,16.3
264,9,11,26.8,16.3
264,9,12,26.7,16.2
264,9,13,26.7,16.3
264,9,14,26.7,16.1
264,9,15,26.9,16.1
264,9,16,26.8,15.8
264,9,17,26.4,15.4
264,9,18,25.9,14.6
264,9,19,25.7,13.8
264,9,20,25.5,13.0
264,9,21,25.2,12.4
264,9,22,25.2,12.4
264,9,23,25.4,12.3
264,9,24,25.6,12.4
264,9,25,25.7,12.4
264,9,26,25.8,12.7
264,9,27,25.4,12.8
264,9,28,25.1,13.0
264,9,29,24.5,13.1
264,9,30,24.1,13.2
264,10,1,23.9,12.7
264,10,2,24.2,12.0
264,10,3,23.8,11.7
264,10,4,23.8,11.3
264,10,5,23.8,10.8
264,10,6,23.4,10.6
264,10,7,23.0,10.2
264,10,8,23.2,9.8
264,10,9,23.2,9.4
264,10,10,22.8,8.9
264,10,11,22.6,8.3
264,10,12,22.6,8.1
264,10,13,22.3,7.7
264,10,14,21.7,7.3
264,10,15,21.7,7.0
264,10,16,21.4,6.6
264,10,17,21.3,6.2
264,10,18,21.3,6.0
264,10,19,21.6,6.1
264,10,20,21.4,6.4
264,10,21,21.0,6.9
264,10,22,20.7,7.3
264,10,23,20.5,7.1
264,10,24,20.2,6.5
264,10,25,20.0,5.9
264,10,26,20.1,5.4
264,10,27,19.9,4.9
264,10,28,19.2,4.4
264,10,29,18.7,4.0
264,10,30,18.2,3.6
264,10,31,17.8,3.3
264,11,1,17.6,3.1
264,11,2,17.8,3.0
264,11,3,18.4,3.1
264,11,4,18.6,3.4
264,11,5,18.9,4.2
264,11,6,18.5,4.7
264,11,7,18.2,4.8
264,11,8,17.5,4.8
264,11,9,17.1,4.4
264,11,10,16.6,3.5
264,11,11,16.2,2.6
264,11,12,15.7,2.5
264,11,13,15.5,2.1
264,11,14,15.6,1.5
264,11,15,15.3,1.7
264,11,16,15.1,2.0
264,11,17,14.9,2.2
264,11,18,14.2,2.2
264,11,19,13.5,1.8
264,11,20,13.2,1.2
264,11,21,12.9,0.6
264,11,22,12.5,0.2
264,11,23,12.3,0.0
264,11,24,11.9,0.3
264,11,25,11.6,0.0
264,11,26,11.4,-0.1
264,11,27,11.8,-0.3
264,11,28,11.7,-0.5
264,11,29,11.6,-0.6
264,11,30,11.3,-0.9
264,12,1,11.1,-1.1
264,12,2,10.3,-1.2
264,12,3,9.7,-1.4
264,12,4,9.1,-1.9
264,12,5,8.8,-2.6
264,12,6,8.1,-3.3
264,12,7,7.9,-4.3
264,12,8,7.9,-4.6
264,12,9,7.9,-4.2
264,12,10,7.7,-4.0
264,12,11,7.9,-4.0
264,12,12,7.5,-4.0
264,12,13,7.3,-4.2
264,12,14,7.0,-4.6
264,12,15,6.7,-4.6
264,12,16,6.4,-4.5
264,12,17,6.4,-4.4
264,12,18,6.4,-4.3
264,12,19,6.7,-4.2
264,12,20,7.3,-4.2
264,12,21,7.4,-4.1
264,12,22,7.6,-4.2
264,12,23,7.3,-4.5
264,12,24,7.0,-4.5
264,12,25,6.2,-4.9
264,12,26,6.0,-5.3
264,12,27,5.7,-5.4
264,12,28,5.7,-5.5
264,12,29,5.4,-5.9
264,12,30,5.4,-5.9
264,12,31,5.5,-5.9
271,1,1,3.4,-10.5
271,1,2,3.3,-10.4
271,1,3,3.4,-10.6
271,1,4,3.5,-10.6
271,1,5,3.3,-10.7
271,1,6,3.2,-10.8
271,1,7,3.0,-10.8
271,1,8,3.0,-10.8
271,1,9,2.9,-10.9
271,1,10,2.9,-10.9
271,1,11,2.8,-10.9
271,1,12,2.8,-10.8
271,1,13,2.8,-10.7
271,1,14,2.9,-10.7
271,1,15,3.1,-10.6
271,1,16,3.2,-10.6
271,1,17,3.4,-10.7
271,1,18,3.4,-10.4
271,1,19,3.2,-10.2
271,1,20,3.0,-10.1
271,1,21,2.7,-10.0
271,1,22,2.5,-10.3
271,1,23,2.4,-10.8
271,1,24,2.4,-10.9
271,1,25,2.6,-11.0
271,1,26,2.9,-11.1
271,1,27,3.2,-10.8
271,1,28,3.3,-10.4
271,1,29,3.4,-10.3
271,1,30,3.5,-10.3
271,1,31,3.6,-10.4
271,2,1,3.6,-10.6
271,2,2,3.8,-10.7
271,2,3,4.0,-10.7
271,2,4,4.3,-10.6
271,2,5,4.5,-10.2
271,2,6,4.6,-10.1
271,2,7,4.5,-9.9
271,2,8,4.4,-9.6
271,2,9,4.4,-9.5
271,2,10,4.3,-9.3
271,2,11,4.9,-9.1
271,2,12,5.5,-8.8
271,2,13,5.9,-8.4
271,2,14,6.0,-8.2
271,2,15,6.1,-8.1
271,2,16,5.9,-7.9
271,2,17,5.9,-7.9
271,2,18,6.0,-8.0
271,2,19,6.2,-8.0
271,2,20,6.6,-7.9
271,2,21,6.9,-7.7
271,2,22,7.1,-7.4
271,2,23,7.2,-7.0
271,2,24,7.6,-6.6
271,2,25,7.9,-6.2
271,2,26,8.2,-5.8
271,2,27,8.3,-5.3
271,2,28,8.3,-5.1
271,2,29,8.4,-5.0
271,3,1,8.4,-5.0
271,3,2,8.5,-4.9
271,3,3,8.6,-4.8
271,3,4,8.6,-5.0
271,3,5,8.6,-4.8
271,3,6,8.6,-4.7
271,3,7,8.9,-4.6
271,3,8,9.0,-4.5
271,3,9,9.2,-4.4
271,3,10,9.7,-4.5
271,3,11,10.2,-4.4
271,3,12,10.3,-4.4
271,3,13,10.7,-4.2
271,3,14,10.9,-3.9
271,3,15,11.3,-3.6
271,3,16,11.5,-3.0
271,3,17,12.0,-2.6
271,3,18,12.3,-2.4
271,3,19,12.7,-2.4
271,3,20,12.6,-2.2
271,3,21,12.5,-2.2
271,3,22,12.0,-2.2
271,3,23,11.9,-2.1
271,3,24,12.0,-2.1
271,3,25,12.4,-2.1
271,3,26,12.9,-2.0
271,3,27,13.4,-1.8
271,3,28,13.9,-1.6
271,3,29,14.2,-1.3
271,3,30,14.3,-1.2
271,3,31,14.4,-1.0
271,4,1,14.8,-0.9
271,4,2,15.0,-1.1
271,4,3,15.6,-1.0
271,4,4,15.8,-0.8
271,4,5,16.0,-0.3
271,4,6,16.4,0.0
271,4,7,16.6,0.4
271,4,8,16.4,0.7
271,4,9,16.6,1.0
271,4,10,16.6,1.1
271,4,11,16.4,1.2
271,4,12,16.7,1.3
271,4,13,17.1,1.4
271,4,14,17.7,1.3
271,4,15,18.3,1.5
271,4,16,19.0,1.8
271,4,17,19.2,2.1
271,4,18,19.2,2.5
271,4,19,19.2,2.9
271,4,20,19.4,3.5
271,4,21,19.2,3.8
271,4,22,19.4,3.9
271,4,23,19.6,3.8
271,4,24,19.7,3.8
271,4,25,19.7,3.5
271,4,26,20.1,3.2
271,4,27,20.2,3.6
271,4,28,20.5,4.2
271,4,29,20.9,4.9
271,4,30,21.3,5.4
271,5,1,21.4,6.0
271,5,2,22.0,6.2
271,5,3,22.3,6.1
271,5,4,22.3,6.0
271,5,5,22.3,6.1
271,5,6,22.5,6.1
271,5,7,22.5,6.2
271,5,8,22.0,6.5
271,5,9,22.0,6.4
271,5,10,21.9,6.6
271,5,11,21.8,6.8
271,5,12,22.0,7.0
271,5,13,22.2,7.3
271,5,14,22.5,7.7
271,5,15,22.8,7.7
271,5,16,23.0,7.8
271,5,17,23.1,8.0
271,5,18,23.4,8.1
271,5,19,23.8,8.0
271,5,20,24.2,8.1
271,5,21,24.4,8.3
271,5,22,24.6,8.4
271,5,23,24.7,8.8
271,5,24,24.7,9.2
271,5,25,24.4,9.3
271,5,26,24.3,9.3
271,5,27,24.5,9.4
271,5,28,24.5,9.3
271,5,29,25.0,9.2
271,5,30,25.4,9.3
271,5,31,25.7,9.6
271,6,1,25.7,9.7
271,6,2,26.0,10.1
271,6,3,26.0,10.5
271,6,4,26.0,10.9
271,6,5,26.1,11.3
271,6,6,26.3,11.6
271,6,7,26.3,11.9
271,6,8,26.4,12.2
271,6,9,26.3,12.3
271,6,10,26.2,12.4
271,6,11,26.3,12.6
271,6,12,26.3,12.8
271,6,13,26.4,12.8
271,6,14,26.7,12.9
271,6,15,27.0,13.1
271,6,16,26.9,13.3
271,6,17,27.0,13.5
271,6,18,27.1,13.8
271,6,19,27.0,14.3
271,6,20,27.0,14.5
271,6,21,26.9,14.7
271,6,22,26.9,14.7
271,6,23,26.6,14.9
271,6,24,26.4,15.1
271,6,25,26.2,15.4
271,6,26,26.4,15.6
271,6,27,26.7,15.9
271,6,28,26.9,16.3
271,6,29,26.9,16.6
271,6,30,27.0,16.8
271,7,1,27.0,17.2
271,7,2,26.9,17.3
271,7,3,27.0,17.2
271,7,4,27.3,17.1
271,7,5,27.3,17.0
271,7,6,27.2,16.9
271,7,7,27.2,17.0
271,7,8,27.2,17.3
271,7,9,27.2,17.6
271,7,10,27.0,17.9
271,7,11,27.2,18.1
271,7,12,27.3,18.3
271,7,13,27.2,18.4
271,7,14,27.1,18.4
271,7,15,27.3,18.5
271,7,16,27.5,18.4
271,7,17,27.7,18.3
271,7,18,28.0,18.5
271,7,19,28.4,18.7
271,7,20,28.9,19.0
271,7,21,29.0,19.2
271,7,22,29.0,19.5
271,7,23,29.0,19.5
271,7,24,29.0,19.5
271,7,25,29.0,19.4
271,7,26,29.1,19.5
271,7,27,29.2,19.5
271,7,28,29.4,19.6
271,7,29,29.6,19.7
271,7,30,29.8,19.9
271,7,31,30.0,20.0
271,8,1,30.0,20.1
271,8,2,30.0,20.1
271,8,3,30.1,20.0
271,8,4,30.1,19.8
271,8,5,30.0,19.6
271,8,6,30.1,19.5
271,8,7,30.0,19.4
271,8,8,29.6,19.4
271,8,9,29.4,19.4
271,8,10,29.3,19.3
271,8,11,29.2,19.2
271,8,12,29.2,19.2
271,8,13,29.3,19.1
271,8,14,29.2,19.1
271,8,15,29.2,19.0
271,8,16,28.8,18.8
271,8,17,28.6,18.6
271,8,18,28.4,18.4
271,8,19,28.4,18.3
271,8,20,28.2,18.2
271,8,21,28.1,18.1
271,8,22,28.0,17.9
271,8,23,27.9,17.8
271,8,24,27.5,17.5
271,8,25,27.1,17.2
271,8,26,27.0,17.1
271,8,27,26.9,16.9
271,8,28,26.7,16.7
271,8,29,26.8,16.4
271,8,30,27.1,16.2
271,8,31,27.0,16.0
271,9,1,26.8,15.7
271,9,2,26.9,15.4
271,9,3,26.8,15.3
271,9,4,26.2,15.2
271,9,5,26.1,15.0
271,9,6,26.0,14.8
271,9,7,25.6,14.7
271,9,8,25.5,14.5
271,9,9,25.6,14.3
271,9,10,25.3,14.2
271,9,11,25.1,14.1
271,9,12,24.9,13.8
271,9,13,24.8,13.5
271,9,14,24.8,13.2
271,9,15,24.7,13.0
271,9,16,24.7,12.6
271,9,17,24.7,12.3
271,9,18,24.4,12.0
271,9,19,24.1,11.5
271,9,20,23.7,10.9
271,9,21,23.3,10.3
271,9,22,23.1,10.1
271,9,23,23.0,9.8
271,9,24,23.1,9.7
271,9,25,23.2,9.5
271,9,26,23.2,9.5
271,9,27,22.8,9.4
271,9,28,22.5,9.3
271,9,29,22.2,9.3
271,9,30,22.0,9.3
271,10,1,21.9,9.1
271,10,2,21.9,8.6
271,10,3,21.7,8.1
271,10,4,21.5,7.5
271,10,5,21.3,7.1
271,10,6,21.2,6.7
271,10,7,21.3,6.6
271,10,8,21.3,6.6
271,10,9,21.2,6.5
271,10,10,21.1,6.3
271,10,11,21.0,6.0
271,10,12,20.7,5.7
271,10,13,20.4,5.1
271,10,14,20.0,4.7
271,10,15,19.8,4.1
271,10,16,19.6,3.8
271,10,17,19.4,3.6
271,10,18,19.3,3.5
271,10,19,19.3,3.4
271,10,20,19.0,3.4
271,10,21,18.7,3.3
271,10,22,18.4,3.2
271,10,23,18.2,3.0
271,10,24,17.8,2.6
271,10,25,17.6,2.1
271,10,26,17.4,1.7
271,10,27,17.1,1.4
271,10,28,16.6,0.9
271,10,29,16.2,0.7
271,10,30,15.8,0.5
271,10,31,15.5,0.3
271,11,1,15.4,-0.1
271,11,2,15.5,-0.5
271,11,3,15.8,-0.6
271,11,4,16.0,-0.7
271,11,5,16.0,-0.5
271,11,6,15.8,-0.1
271,11,7,15.4,0.2
271,11,8,14.7,0.4
271,11,9,14.2,0.2
271,11,10,13.7,0.0
271,11,11,13.4,-0.4
271,11,12,13.1,-0.6
271,11,13,12.7,-1.0
271,11,14,12.4,-1.5
271,11,15,12.1,-2.0
271,11,16,11.5,-2.4
271,11,17,11.0,-3.1
271,11,18,10.7,-3.4
271,11,19,10.4,-3.8
271,11,20,10.1,-4.1
271,11,21,10.2,-4.4
271,11,22,10.1,-4.3
271,11,23,10.0,-4.3
271,11,24,9.8,-4.1
271,11,25,9.5,-4.0
271,11,26,9.1,-4.1
271,11,27,9.0,-4.1
271,11,28,8.9,-4.3
271,11,29,8.8,-4.6
271,11,30,8.8,-4.9
271,12,1,8.4,-5.3
271,12,2,7.9,-5.8
271,12,3,7.4,-6.1
271,12,4,6.7,-6.5
271,12,5,6.1,-6.8
271,12,6,5.8,-6.9
271,12,7,5.7,-7.2
271,12,8,5.7,-7.4
271,12,9,5.6,-7.4
271,12,10,5.5,-7.7
271,12,11,5.4,-8.1
271,12,12,5.2,-8.2
271,12,13,4.8,-8.3
271,12,14,4.6,-8.7
271,12,15,4.4,-8.6
271,12,16,4.2,-8.8
271,12,17,4.2,-9.0
271,12,18,4.4,-9.3
271,12,19,4.6,-9.0
271,12,20,4.9,-9.0
271,12,21,5.2,-8.7
271,12,22,5.3,-8.3
271,12,23,5.1,-8.2
271,12,24,4.8,-8.5
271,12,25,4.3,-8.9
271,12,26,4.0,-9.4
271,12,27,3.7,-9.9
271,12,28,3.6,-10.4
271,12,29,3.4,-10.6
271,12,30,3.3,-10.5
271,12,31,3.4,-10.5
276,1,1,3.6,-9.0
276,1,2,3.8,-9.2
276,1,3,4.2,-9.1
276,1,4,4.3,-9.1
276,1,5,4.3,-9.3
276,1,6,4.5,-8.7
276,1,7,3.9,-8.7
276,1,8,3.5,-9.0
276,1,9,3.3,-9.3
276,1,10,2.9,-9.2
276,1,11,2.4,-9.6
276,1,12,2.6,-9.8
276,1,13,3.0,-9.7
276,1,14,3.2,-9.7
276,1,15,3.6,-9.3
276,1,16,4.0,-9.2
276,1,17,4.2,-9.0
276,1,18,4.1,-8.5
276,1,19,4.0,-8.0
276,1,20,3.8,-8.0
276,1,21,3.5,-7.8
276,1,22,3.1,-8.0
276,1,23,2.7,-8.6
276,1,24,2.5,-9.1
276,1,25,2.6,-9.5
276,1,26,3.1,-9.6
276,1,27,3.7,-9.1
276,1,28,4.2,-8.3
276,1,29,4.7,-7.9
276,1,30,5.1,-7.7
276,1,31,5.3,-7.8
276,2,1,5.3,-8.2
276,2,2,5.3,-8.5
276,2,3,5.2,-8.5
276,2,4,5.0,-8.5
276,2,5,4.6,-8.7
276,2,6,4.2,-8.7
276,2,7,3.9,-8.7
276,2,8,3.9,-8.7
276,2,9,4.0,-8.5
276,2,10,4.0,-8.0
276,2,11,4.7,-7.5
276,2,12,5.8,-6.9
276,2,13,6.5,-6.5
276,2,14,6.8,-6.3
276,2,15,6.9,-5.9
276,2,16,6.6,-5.6
276,2,17,6.3,-5.7
276,2,18,6.3,-5.9
276,2,19,6.6,-5.8
276,2,20,7.4,-5.8
276,2,21,8.2,-5.5
276,2,22,8.8,-5.2
276,2,23,9.1,-4.6
276,2,24,9.3,-4.1
276,2,25,9.5,-3.7
276,2,26,9.7,-3.6
276,2,27,9.7,-3.1
276,2,28,9.4,-3.3
276,2,29,9.6,-3.4
276,3,1,9.7,-3.5
276,3,2,9.8,-3.5
276,3,3,10.0,-3.5
276,3,4,10.3,-3.6
276,3,5,10.6,-3.2
276,3,6,10.6,-2.7
276,3,7,10.8,-2.7
276,3,8,10.6,-2.6
276,3,9,10.4,-2.9
276,3,10,10.9,-3.4
276,3,11,11.2,-3.3
276,3,12,11.3,-3.4
276,3,13,12.0,-3.4
276,3,14,12.5,-3.0
276,3,15,13.2,-2.7
276,3,16,13.8,-2.1
276,3,17,14.5,-1.3
276,3,18,14.5,-0.7
276,3,19,14.5,-0.5
276,3,20,14.1,-0.3
276,3,21,13.7,-0.8
276,3,22,13.0,-1.3
276,3,23,13.1,-1.5
276,3,24,13.5,-1.4
276,3,25,14.2,-1.2
276,3,26,15.1,-0.9
276,3,27,15.8,-0.2
276,3,28,16.7,0.4
276,3,29,16.8,0.8
276,3,30,16.7,1.2
276,3,31,17.0,1.4
276,4,1,17.4,1.6
276,4,2,17.1,1.4
276,4,3,17.1,1.5
276,4,4,17.1,1.5
276,4,5,16.3,1.8
276,4,6,16.3,1.6
276,4,7,16.6,1.9
276,4,8,16.9,2.0
276,4,9,16.9,2.4
276,4,10,17.4,2.1
276,4,11,17.1,2.3
276,4,12,17.5,2.5
276,4,13,18.2,2.6
276,4,14,19.5,2.7
276,4,15,19.7,3.3
276,4,16,20.3,3.7
276,4,17,19.8,3.9
276,4,18,19.2,4.0
276,4,19,18.6,4.5
276,4,20,19.0,4.7
276,4,21,18.8,4.9
276,4,22,19.7,5.2
276,4,23,20.4,5.3
276,4,24,20.4,5.1
276,4,25,20.4,5.0
276,4,26,20.7,4.8
276,4,27,20.6,4.9
276,4,28,21.0,5.5
276,4,29,21.8,6.4
276,4,30,22.5,7.1
276,5,1,22.7,7.9
276,5,2,23.5,8.1
276,5,3,23.6,7.9
276,5,4,23.4,7.5
276,5,5,23.4,7.1
276,5,6,23.9,6.6
276,5,7,23.6,7.1
276,5,8,23.0,7.5
276,5,9,23.0,7.6
276,5,10,22.8,8.4
276,5,11,23.0,8.9
276,5,12,23.5,8.8
276,5,13,24.2,9.0
276,5,14,24.7,9.4
276,5,15,25.4,9.2
276,5,16,25.4,9.3
276,5,17,25.2,9.4
276,5,18,25.0,9.2
276,5,19,25.1,8.8
276,5,20,25.0,8.7
276,5,21,25.3,8.5
276,5,22,26.0,8.7
276,5,23,26.8,9.2
276,5,24,27.2,9.7
276,5,25,27.1,10.2
276,5,26,27.1,10.9
276,5,27,27.1,11.1
276,5,28,27.1,11.1
276,5,29,27.2,11.3
276,5,30,27.5,11.3
276,5,31,27.6,11.4
276,6,1,27.7,11.4
276,6,2,27.8,11.4
276,6,3,27.7,11.8
276,6,4,27.7,12.1
276,6,5,27.7,12.3
276,6,6,27.5,12.9
276,6,7,27.3,13.5
276,6,8,27.4,13.5
276,6,9,27.1,13.5
276,6,10,26.8,13.8
276,6,11,26.9,13.9
276,6,12,26.8,14.0
276,6,13,26.8,14.3
276,6,14,27.2,14.7
276,6,15,27.7,14.6
276,6,16,27.8,14.7
276,6,17,28.2,14.8
276,6,18,28.5,14.8
276,6,19,28.6,15.1
276,6,20,28.6,15.4
276,6,21,29.0,15.6
276,6,22,28.8,15.8
276,6,23,28.5,15.9
276,6,24,28.0,16.0
276,6,25,27.7,16.3
276,6,26,27.4,16.4
276,6,27,27.6,16.5
276,6,28,27.9,17.0
276,6,29,28.5,17.4
276,6,30,28.8,17.6
276,7,1,28.5,18.1
276,7,2,28.3,18.4
276,7,3,28.2,18.3
276,7,4,28.0,18.1
276,7,5,27.6,18.1
276,7,6,27.8,18.1
276,7,7,27.7,18.3
276,7,8,27.8,18.6
276,7,9,28.5,19.1
276,7,10,28.9,19.6
276,7,11,29.2,19.8
276,7,12,29.5,19.9
276,7,13,29.4,19.8
276,7,14,29.1,19.6
276,7,15,29.1,19.3
276,7,16,29.1,19.1
276,7,17,29.2,19.1
276,7,18,29.7,19.4
276,7,19,30.1,19.6
276,7,20,30.3,20.0
276,7,21,30.5,20.3
276,7,22,30.7,20.7
276,7,23,30.7,20.9
276,7,24,30.9,21.1
276,7,25,31.1,21.0
276,7,26,31.3,20.9
276,7,27,31.3,20.8
276,7,28,31.7,20.7
276,7,29,31.8,20.9
276,7,30,32.1,21.2
276,7,31,32.1,21.4
276,8,1,32.4,21.5
276,8,2,32.6,21.6
276,8,3,32.9,21.5
276,8,4,32.8,21.3
276,8,5,32.8,21.3
276,8,6,32.7,21.2
276,8,7,32.3,21.2
276,8,8,31.4,21.2
276,8,9,31.0,21.3
276,8,10,30.9,21.3
276,8,11,30.9,21.2
276,8,12,30.8,21.1
276,8,13,31.0,21.0
276,8,14,30.9,21.0
276,8,15,30.7,20.7
276,8,16,30.5,20.4
276,8,17,30.4,20.1
276,8,18,30.2,19.9
276,8,19,30.3,19.6
276,8,20,30.4,19.7
276,8,21,30.0,19.8
276,8,22,29.6,19.8
276,8,23,29.6,19.5
276,8,24,29.0,19.1
276,8,25,28.3,18.5
276,8,26,28.1,18.3
276,8,27,28.3,18.1
276,8,28,28.0,17.8
276,8,29,27.8,17.6
276,8,30,27.9,17.5
276,8,31,27.6,17.0
276,9,1,26.9,16.8
276,9,2,26.8,16.6
276,9,3,26.7,16.5
276,9,4,26.2,16.6
276,9,5,26.4,16.4
276,9,6,26.6,16.1
276,9,7,26.4,15.9
276,9,8,26.3,15.8
276,9,9,26.1,15.7
276,9,10,25.6,15.7
276,9,11,25.4,15.6
276,9,12,25.2,15.5
276,9,13,25.2,15.5
276,9,14,25.3,15.3
276,9,15,25.2,15.3
276,9,16,25.0,15.1
276,9,17,24.8,14.6
276,9,18,24.3,13.9
276,9,19,24.0,13.1
276,9,20,24.1,12.3
276,9,21,23.9,11.7
276,9,22,23.8,11.6
276,9,23,24.0,11.6
276,9,24,24.0,11.5
276,9,25,24.1,11.6
276,9,26,24.1,11.8
276,9,27,23.7,11.8
276,9,28,23.4,11.6
276,9,29,22.9,11.7
276,9,30,22.6,11.6
276,10,1,22.3,11.4
276,10,2,22.5,11.0
276,10,3,22.2,10.7
276,10,4,22.1,10.3
276,10,5,22.0,10.0
276,10,6,21.8,9.7
276,10,7,21.6,9.4
276,10,8,21.7,9.1
276,10,9,21.5,8.9
276,10,10,21.0,8.4
276,10,11,20.7,7.9
276,10,12,20.4,7.3
276,10,13,20.2,7.0
276,10,14,19.7,6.5
276,10,15,19.8,6.1
276,10,16,19.4,5.7
276,10,17,19.5,5.5
276,10,18,19.7,5.7
276,10,19,19.9,5.9
276,10,20,19.7,6.4
276,10,21,19.5,6.7
276,10,22,19.1,6.8
276,10,23,18.7,6.0
276,10,24,18.4,5.2
276,10,25,18.1,4.4
276,10,26,18.2,3.9
276,10,27,17.9,3.5
276,10,28,17.3,3.1
276,10,29,16.8,2.7
276,10,30,16.4,2.3
276,10,31,16.1,2.0
276,11,1,16.0,1.7
276,11,2,16.1,1.5
276,11,3,16.7,1.5
276,11,4,16.9,1.8
276,11,5,16.7,2.3
276,11,6,16.5,2.8
276,11,7,16.2,3.0
276,11,8,15.5,3.1
276,11,9,15.2,2.7
276,11,10,14.8,2.0
276,11,11,14.3,1.2
276,11,12,14.0,1.1
276,11,13,13.7,0.5
276,11,14,13.6,0.0
276,11,15,13.6,0.0
276,11,16,13.4,0.3
276,11,17,13.1,0.4
276,11,18,12.4,0.4
276,11,19,11.8,-0.1
276,11,20,11.4,-0.5
276,11,21,11.0,-1.1
276,11,22,10.4,-1.6
276,11,23,10.2,-1.7
276,11,24,9.7,-1.6
276,11,25,9.3,-1.8
276,11,26,8.9,-2.2
276,11,27,9.2,-2.4
276,11,28,9.2,-2.5
276,11,29,9.2,-2.7
276,11,30,8.7,-3.1
276,12,1,8.6,-3.4
276,12,2,8.0,-3.5
276,12,3,7.4,-4.0
276,12,4,6.6,-4.5
276,12,5,6.2,-4.9
276,12,6,5.6,-5.4
276,12,7,5.3,-6.3
276,12,8,5.4,-6.6
276,12,9,5.7,-6.7
276,12,10,5.6,-6.7
276,12,11,5.7,-7.1
276,12,12,5.5,-6.9
276,12,13,5.1,-6.9
276,12,14,4.4,-7.1
276,12,15,4.1,-7.1
276,12,16,3.9,-7.0
276,12,17,4.0,-7.2
276,12,18,4.1,-7.6
276,12,19,4.7,-7.5
276,12,20,5.3,-7.3
276,12,21,5.5,-7.2
276,12,22,5.4,-7.1
276,12,23,5.2,-7.2
276,12,24,4.6,-7.3
276,12,25,3.8,-7.9
276,12,26,3.3,-8.4
276,12,27,3.3,-8.5
276,12,28,3.4,-8.4
276,12,29,3.3,-8.7
276,12,30,3.4,-8.6
276,12,31,3.6,-8.5
278,1,1,5.3,-9.8
278,1,2,5.2,-9.8
278,1,3,5.2,-9.8
278,1,4,5.2,-9.7
278,1,5,4.9,-9.8
278,1,6,4.6,-9.8
278,1,7,4.4,-9.9
278,1,8,4.5,-9.9
278,1,9,4.5,-10.1
278,1,10,4.6,-10.1
278,1,11,4.6,-9.9
278,1,12,4.6,-9.8
278,1,13,4.6,-9.7
278,1,14,4.7,-9.6
278,1,15,4.8,-9.5
278,1,16,5.0,-9.6
278,1,17,5.1,-9.6
278,1,18,5.2,-9.3
278,1,19,5.0,-9.2
278,1,20,4.8,-9.0
278,1,21,4.5,-8.9
278,1,22,4.2,-9.2
278,1,23,4.1,-9.5
278,1,24,4.1,-9.6
278,1,25,4.4,-10.0
278,1,26,4.7,-10.1
278,1,27,5.0,-9.9
278,1,28,5.2,-9.6
278,1,29,5.5,-9.6
278,1,30,5.5,-9.5
278,1,31,5.5,-9.7
278,2,1,5.5,-9.9
278,2,2,5.6,-10.0
278,2,3,5.8,-10.0
278,2,4,6.1,-9.9
278,2,5,6.4,-9.6
278,2,6,6.4,-9.2
278,2,7,6.3,-8.9
278,2,8,6.4,-8.6
278,2,9,6.3,-8.4
278,2,10,6.2,-8.2
278,2,11,6.8,-8.1
278,2,12,7.4,-7.8
278,2,13,7.8,-7.5
278,2,14,7.9,-7.3
278,2,15,8.0,-7.1
278,2,16,7.8,-7.0
278,2,17,7.8,-7.0
278,2,18,8.0,-7.2
278,2,19,8.2,-7.1
278,2,20,8.6,-7.0
278,2,21,8.9,-6.8
278,2,22,9.2,-6.6
278,2,23,9.3,-6.1
278,2,24,9.6,-5.7
278,2,25,9.9,-5.4
278,2,26,10.2,-5.0
278,2,27,10.3,-4.4
278,2,28,10.3,-4.4
278,2,29,10.4,-4.3
278,3,1,10.5,-4.3
278,3,2,10.6,-4.2
278,3,3,10.8,-4.1
278,3,4,11.0,-4.2
278,3,5,11.0,-3.8
278,3,6,11.0,-3.7
278,3,7,11.3,-3.6
278,3,8,11.3,-3.6
278,3,9,11.4,-3.6
278,3,10,11.9,-3.8
278,3,11,12.4,-3.8
278,3,12,12.5,-3.7
278,3,13,12.9,-3.5
278,3,14,13.2,-3.0
278,3,15,13.5,-2.6
278,3,16,13.8,-2.0
278,3,17,14.3,-1.6
278,3,18,14.6,-1.3
278,3,19,15.0,-1.3
278,3,20,14.8,-1.0
278,3,21,14.7,-0.9
278,3,22,14.2,-0.9
278,3,23,14.1,-0.9
278,3,24,14.2,-1.0
278,3,25,14.7,-1.1
278,3,26,15.2,-1.0
278,3,27,15.8,-0.6
278,3,28,16.3,-0.4
278,3,29,16.6,0.0
278,3,30,16.7,0.3
278,3,31,16.8,0.5
278,4,1,17.1,0.4
278,4,2,17.3,0.2
278,4,3,17.8,0.2
278,4,4,18.0,0.4
278,4,5,18.2,0.9
278,4,6,18.5,1.2
278,4,7,18.7,1.6
278,4,8,18.6,2.0
278,4,9,18.8,2.4
278,4,10,18.8,2.3
278,4,11,18.7,2.5
278,4,12,19.0,2.6
278,4,13,19.4,2.6
278,4,14,20.0,2.6
278,4,15,20.5,2.8
278,4,16,21.2,3.2
278,4,17,21.4,3.6
278,4,18,21.4,4.1
278,4,19,21.3,4.7
278,4,20,21.4,5.2
278,4,21,21.2,5.4
278,4,22,21.4,5.4
278,4,23,21.7,5.1
278,4,24,21.7,5.0
278,4,25,21.8,4.7
278,4,26,22.2,4.5
278,4,27,22.2,4.9
278,4,28,22.6,5.6
278,4,29,23.1,6.3
278,4,30,23.5,6.9
278,5,1,23.6,7.6
278,5,2,24.1,7.7
278,5,3,24.5,7.5
278,5,4,24.5,7.4
278,5,5,24.5,7.5
278,5,6,24.7,7.4
278,5,7,24.6,7.6
278,5,8,24.2,7.9
278,5,9,24.1,7.8
278,5,10,23.9,7.9
278,5,11,23.9,8.1
278,5,12,24.1,8.1
278,5,13,24.3,8.4
278,5,14,24.5,8.8
278,5,15,24.8,8.9
278,5,16,25.0,9.1
278,5,17,25.0,9.4
278,5,18,25.4,9.4
278,5,19,25.8,9.2
278,5,20,26.2,9.3
278,5,21,26.4,9.5
278,5,22,26.6,9.6
278,5,23,26.7,10.0
278,5,24,26.6,10.4
278,5,25,26.4,10.6
278,5,26,26.4,10.7
278,5,27,26.6,10.7
278,5,28,26.6,10.8
278,5,29,27.0,10.7
278,5,30,27.3,10.8
278,5,31,27.6,11.2
278,6,1,27.6,11.5
278,6,2,27.9,11.9
278,6,3,27.9,12.4
278,6,4,28.0,12.9
278,6,5,28.2,13.1
278,6,6,28.2,13.4
278,6,7,28.3,13.6
278,6,8,28.3,13.9
278,6,9,28.2,14.1
278,6,10,28.2,14.3
278,6,11,28.3,14.5
278,6,12,28.4,14.5
278,6,13,28.5,14.5
278,6,14,28.9,14.6
278,6,15,29.1,14.7
278,6,16,29.1,15.0
278,6,17,29.3,15.3
278,6,18,29.3,15.6
278,6,19,29.1,16.1
278,6,20,29.0,16.3
278,6,21,28.9,16.5
278,6,22,28.7,16.6
278,6,23,28.5,16.8
278,6,24,28.2,16.9
278,6,25,28.2,17.2
278,6,26,28.4,17.4
278,6,27,28.7,17.7
278,6,28,29.0,18.1
278,6,29,29.1,18.4
278,6,30,29.2,18.7
278,7,1,29.2,19.0
278,7,2,29.2,19.3
278,7,3,29.3,19.3
278,7,4,29.5,19.1
278,7,5,29.4,19.0
278,7,6,29.3,18.9
278,7,7,29.3,18.9
278,7,8,29.3,19.0
278,7,9,29.2,19.4
278,7,10,29.2,19.7
278,7,11,29.3,20.0
278,7,12,29.5,20.1
278,7,13,29.6,20.2
278,7,14,29.6,20.2
278,7,15,29.8,20.2
278,7,16,30.0,20.1
278,7,17,30.1,20.1
278,7,18,30.5,20.2
278,7,19,30.9,20.3
278,7,20,31.4,20.6
278,7,21,31.5,20.9
278,7,22,31.6,21.1
278,7,23,31.6,21.2
278,7,24,31.6,21.2
278,7,25,31.7,21.1
278,7,26,31.7,21.2
278,7,27,31.8,21.2
278,7,28,32.1,21.3
278,7,29,32.3,21.6
278,7,30,32.6,21.8
278,7,31,32.7,21.9
278,8,1,32.7,22.0
278,8,2,32.6,21.9
278,8,3,32.7,21.8
278,8,4,32.6,21.6
278,8,5,32.4,21.5
278,8,6,32.5,21.5
278,8,7,32.3,21.5
278,8,8,31.9,21.6
278,8,9,31.7,21.6
278,8,10,31.5,21.5
278,8,11,31.5,21.4
278,8,12,31.4,21.3
278,8,13,31.5,21.2
278,8,14,31.4,21.0
278,8,15,31.4,20.9
278,8,16,31.2,20.8
278,8,17,31.1,20.6
278,8,18,30.9,20.4
278,8,19,31.0,20.3
278,8,20,30.8,20.2
278,8,21,30.7,20.1
278,8,22,30.5,20.0
278,8,23,30.3,19.9
278,8,24,29.9,19.6
278,8,25,29.6,19.3
278,8,26,29.5,19.1
278,8,27,29.5,18.9
278,8,28,29.2,18.7
278,8,29,29.1,18.4
278,8,30,29.3,18.2
278,8,31,29.1,18.0
278,9,1,28.9,17.8
278,9,2,29.0,17.4
278,9,3,29.0,17.3
278,9,4,28.4,17.3
278,9,5,28.2,17.0
278,9,6,28.1,16.7
278,9,7,27.8,16.6
278,9,8,27.6,16.4
278,9,9,27.7,16.2
278,9,10,27.5,16.1
278,9,11,27.2,16.0
278,9,12,27.0,15.8
278,9,13,26.9,15.7
278,9,14,26.8,15.3
278,9,15,26.7,15.1
278,9,16,26.7,14.8
278,9,17,26.8,14.3
278,9,18,26.6,13.9
278,9,19,26.3,13.5
278,9,20,26.1,12.9
278,9,21,25.6,12.4
278,9,22,25.3,12.2
278,9,23,25.3,12.0
278,9,24,25.3,11.8
278,9,25,25.2,11.6
278,9,26,25.2,11.5
278,9,27,24.9,11.4
278,9,28,24.5,11.2
278,9,29,24.2,11.2
278,9,30,24.0,11.1
278,10,1,23.9,10.9
278,10,2,24.0,10.5
278,10,3,23.8,9.9
278,10,4,23.6,9.4
278,10,5,23.4,8.9
278,10,6,23.2,8.5
278,10,7,23.1,8.2
278,10,8,23.1,8.0
278,10,9,23.1,7.9
278,10,10,22.9,7.8
278,10,11,22.7,7.6
278,10,12,22.5,7.3
278,10,13,22.2,6.9
278,10,14,21.8,6.4
278,10,15,21.7,5.8
278,10,16,21.4,5.4
278,10,17,21.2,5.1
278,10,18,21.2,5.0
278,10,19,21.2,5.0
278,10,20,21.0,5.1
278,10,21,20.7,5.1
278,10,22,20.4,5.0
278,10,23,20.1,4.7
278,10,24,19.7,4.2
278,10,25,19.4,3.6
278,10,26,19.2,3.1
278,10,27,18.9,2.7
278,10,28,18.5,2.3
278,10,29,18.2,2.0
278,10,30,17.8,1.9
278,10,31,17.5,1.6
278,11,1,17.3,1.1
278,11,2,17.4,0.8
278,11,3,17.6,0.5
278,11,4,17.8,0.5
278,11,5,17.9,0.7
278,11,6,17.6,1.1
278,11,7,17.2,1.4
278,11,8,16.7,1.6
278,11,9,16.1,1.5
278,11,10,15.7,1.2
278,11,11,15.5,0.7
278,11,12,15.2,0.5
278,11,13,14.8,0.0
278,11,14,14.5,-0.6
278,11,15,14.1,-1.1
278,11,16,13.4,-1.5
278,11,17,13.0,-2.0
278,11,18,12.6,-2.4
278,11,19,12.3,-2.8
278,11,20,12.0,-3.2
278,11,21,12.0,-3.4
278,11,22,11.8,-3.4
278,11,23,11.8,-3.4
278,11,24,11.6,-3.0
278,11,25,11.2,-3.0
278,11,26,10.9,-3.1
278,11,27,10.7,-3.2
278,11,28,10.5,-3.4
278,11,29,10.4,-3.8
278,11,30,10.4,-4.1
278,12,1,10.0,-4.4
278,12,2,9.5,-4.8
278,12,3,8.9,-5.2
278,12,4,8.3,-5.6
278,12,5,7.8,-5.9
278,12,6,7.6,-6.1
278,12,7,7.5,-6.5
278,12,8,7.5,-6.6
278,12,9,7.6,-6.4
278,12,10,7.5,-6.8
278,12,11,7.4,-7.0
278,12,12,7.1,-7.1
278,12,13,6.8,-7.5
278,12,14,6.5,-7.9
278,12,15,6.2,-7.9
278,12,16,6.0,-8.2
278,12,17,6.0,-8.3
278,12,18,6.1,-8.4
278,12,19,6.2,-8.1
278,12,20,6.7,-8.0
278,12,21,6.9,-7.6
278,12,22,6.9,-7.4
278,12,23,6.8,-7.4
278,12,24,6.5,-7.7
278,12,25,6.0,-8.1
278,12,26,5.6,-8.6
278,12,27,5.4,-9.1
278,12,28,5.2,-9.5
278,12,29,5.1,-9.8
278,12,30,5.0,-9.9
278,12,31,5.1,-9.9
281,1,1,6.0,-5.8
281,1,2,6.0,-5.8
281,1,3,6.0,-5.9
281,1,4,5.9,-5.9
281,1,5,5.6,-5.9
281,1,6,5.4,-6.0
281,1,7,5.3,-5.9
281,1,8,5.3,-5.8
281,1,9,5.3,-5.9
281,1,10,5.3,-6.0
281,1,11,5.2,-5.8
281,1,12,5.2,-5.7
281,1,13,5.3,-5.8
281,1,14,5.3,-5.9
281,1,15,5.5,-5.9
281,1,16,5.7,-6.2
281,1,17,5.8,-6.3
281,1,18,5.7,-6.0
281,1,19,5.6,-5.7
281,1,20,5.3,-5.7
281,1,21,5.1,-5.6
281,1,22,4.8,-5.7
281,1,23,4.7,-6.1
281,1,24,4.7,-6.1
281,1,25,5.0,-6.1
281,1,26,5.3,-6.3
281,1,27,5.6,-6.2
281,1,28,5.8,-5.9
281,1,29,6.0,-6.0
281,1,30,6.1,-6.0
281,1,31,6.1,-6.0
281,2,1,6.2,-6.1
281,2,2,6.3,-6.1
281,2,3,6.5,-6.0
281,2,4,6.8,-5.9
281,2,5,7.1,-5.6
281,2,6,7.1,-5.5
281,2,7,7.1,-5.4
281,2,8,7.1,-5.2
281,2,9,7.0,-5.2
281,2,10,6.9,-4.8
281,2,11,7.5,-4.6
281,2,12,8.1,-4.2
281,2,13,8.4,-4.0
281,2,14,8.5,-3.8
281,2,15,8.6,-3.8
281,2,16,8.3,-3.8
281,2,17,8.3,-3.8
281,2,18,8.4,-3.9
281,2,19,8.5,-4.0
281,2,20,8.9,-4.0
281,2,21,9.3,-3.9
281,2,22,9.4,-3.8
281,2,23,9.5,-3.4
281,2,24,9.9,-3.1
281,2,25,10.2,-2.9
281,2,26,10.5,-2.5
281,2,27,10.7,-2.1
281,2,28,10.7,-2.0
281,2,29,10.8,-1.8
281,3,1,10.8,-1.7
281,3,2,10.9,-1.5
281,3,3,11.1,-1.5
281,3,4,11.3,-1.7
281,3,5,11.2,-1.5
281,3,6,11.3,-1.5
281,3,7,11.6,-1.5
281,3,8,11.6,-1.3
281,3,9,11.7,-1.2
281,3,10,12.3,-1.3
281,3,11,12.7,-1.3
281,3,12,12.9,-1.2
281,3,13,13.2,-1.2
281,3,14,13.4,-0.8
281,3,15,13.8,-0.5
281,3,16,14.0,0.0
281,3,17,14.4,0.4
281,3,18,14.6,0.6
281,3,19,14.8,0.6
281,3,20,14.6,0.9
281,3,21,14.5,1.0
281,3,22,14.0,0.9
281,3,23,14.1,1.1
281,3,24,14.2,1.2
281,3,25,14.9,1.2
281,3,26,15.4,1.3
281,3,27,15.8,1.6
281,3,28,16.2,1.8
281,3,29,16.5,2.1
281,3,30,16.6,2.3
281,3,31,16.8,2.6
281,4,1,17.1,2.6
281,4,2,17.2,2.6
281,4,3,17.6,2.6
281,4,4,17.8,2.8
281,4,5,17.9,3.2
281,4,6,18.2,3.4
281,4,7,18.4,3.8
281,4,8,18.3,4.1
281,4,9,18.3,4.4
281,4,10,18.3,4.3
281,4,11,18.3,4.5
281,4,12,18.7,4.6
281,4,13,19.2,4.7
281,4,14,19.8,4.6
281,4,15,20.3,4.8
281,4,16,20.9,5.1
281,4,17,21.0,5.4
281,4,18,20.9,5.8
281,4,19,20.8,6.4
281,4,20,21.0,6.9
281,4,21,20.8,7.1
281,4,22,21.0,7.2
281,4,23,21.4,7.1
281,4,24,21.4,6.8
281,4,25,21.5,6.5
281,4,26,21.9,6.3
281,4,27,21.9,6.6
281,4,28,22.2,7.3
281,4,29,22.6,7.9
281,4,30,22.8,8.6
281,5,1,22.9,9.2
281,5,2,23.4,9.3
281,5,3,23.8,9.2
281,5,4,23.9,9.2
281,5,5,24.0,9.2
281,5,6,24.3,9.3
281,5,7,24.1,9.4
281,5,8,23.7,9.7
281,5,9,23.6,9.6
281,5,10,23.4,9.7
281,5,11,23.5,9.9
281,5,12,23.7,9.9
281,5,13,23.9,10.1
281,5,14,24.1,10.6
281,5,15,24.4,10.7
281,5,16,24.5,10.8
281,5,17,24.7,11.0
281,5,18,25.2,11.2
281,5,19,25.6,10.9
281,5,20,26.0,11.0
281,5,21,26.3,11.2
281,5,22,26.4,11.3
281,5,23,26.4,11.6
281,5,24,26.4,12.0
281,5,25,26.1,12.3
281,5,26,25.8,12.3
281,5,27,26.0,12.4
281,5,28,26.0,12.5
281,5,29,26.2,12.4
281,5,30,26.5,12.5
281,5,31,26.8,12.8
281,6,1,26.8,13.1
281,6,2,27.1,13.3
281,6,3,27.1,13.7
281,6,4,27.2,14.1
281,6,5,27.3,14.4
281,6,6,27.3,14.7
281,6,7,27.0,15.0
281,6,8,27.1,15.2
281,6,9,27.0,15.5
281,6,10,27.0,15.6
281,6,11,27.2,15.6
281,6,12,27.4,15.6
281,6,13,27.5,15.7
281,6,14,27.8,15.8
281,6,15,27.9,16.0
281,6,16,27.9,16.3
281,6,17,28.1,16.5
281,6,18,28.2,16.8
281,6,19,28.2,17.3
281,6,20,28.1,17.5
281,6,21,28.0,17.6
281,6,22,27.8,17.8
281,6,23,27.4,17.7
281,6,24,27.3,17.7
281,6,25,27.4,17.9
281,6,26,27.6,18.1
281,6,27,28.0,18.3
281,6,28,28.3,18.8
281,6,29,28.4,19.1
281,6,30,28.6,19.4
281,7,1,28.7,19.8
281,7,2,28.6,20.0
281,7,3,28.6,20.0
281,7,4,28.7,19.9
281,7,5,28.5,19.8
281,7,6,28.4,19.7
281,7,7,28.5,19.7
281,7,8,28.6,19.9
281,7,9,28.6,20.2
281,7,10,28.7,20.5
281,7,11,28.9,20.7
281,7,12,29.2,20.9
281,7,13,29.2,20.8
281,7,14,29.2,20.8
281,7,15,29.3,20.7
281,7,16,29.4,20.6
281,7,17,29.5,20.6
281,7,18,29.9,20.7
281,7,19,30.3,20.9
281,7,20,30.8,21.3
281,7,21,31.1,21.5
281,7,22,31.3,21.8
281,7,23,31.2,21.9
281,7,24,31.2,21.9
281,7,25,31.3,21.9
281,7,26,31.3,22.0
281,7,27,31.4,22.0
281,7,28,31.7,22.1
281,7,29,31.9,22.3
281,7,30,32.2,22.5
281,7,31,32.3,22.5
281,8,1,32.2,22.5
281,8,2,32.2,22.4
281,8,3,32.2,22.4
281,8,4,32.1,22.3
281,8,5,32.0,22.2
281,8,6,31.9,22.1
281,8,7,31.8,22.2
281,8,8,31.4,22.1
281,8,9,31.2,22.2
281,8,10,31.1,22.2
281,8,11,31.1,22.1
281,8,12,31.0,22.1
281,8,13,31.0,22.0
281,8,14,30.9,21.9
281,8,15,30.7,21.7
281,8,16,30.4,21.6
281,8,17,30.3,21.4
281,8,18,30.1,21.2
281,8,19,30.2,21.0
281,8,20,30.0,21.0
281,8,21,30.1,20.9
281,8,22,30.0,20.8
281,8,23,29.9,20.6
281,8,24,29.5,20.4
281,8,25,29.3,20.1
281,8,26,29.3,19.9
281,8,27,29.1,19.7
281,8,28,28.9,19.5
281,8,29,28.8,19.4
281,8,30,28.8,19.3
281,8,31,28.5,19.1
281,9,1,28.3,18.8
281,9,2,28.5,18.5
281,9,3,28.4,18.3
281,9,4,27.9,18.1
281,9,5,27.8,17.9
281,9,6,27.8,17.6
281,9,7,27.5,17.5
281,9,8,27.4,17.3
281,9,9,27.4,17.1
281,9,10,27.2,17.0
281,9,11,26.9,16.9
281,9,12,26.7,16.7
281,9,13,26.5,16.5
281,9,14,26.4,16.3
281,9,15,26.4,16.0
281,9,16,26.3,15.8
281,9,17,26.4,15.4
281,9,18,26.3,15.0
281,9,19,26.0,14.6
281,9,20,25.6,14.1
281,9,21,25.2,13.7
281,9,22,24.9,13.4
281,9,23,24.8,13.2
281,9,24,24.8,13.0
281,9,25,24.9,12.8
281,9,26,24.8,12.6
281,9,27,24.5,12.6
281,9,28,24.2,12.5
281,9,29,24.0,12.5
281,9,30,23.9,12.5
281,10,1,24.1,12.3
281,10,2,24.1,11.8
281,10,3,23.9,11.4
281,10,4,23.7,10.8
281,10,5,23.3,10.4
281,10,6,23.0,10.2
281,10,7,23.0,9.9
281,10,8,23.1,9.7
281,10,9,23.0,9.7
281,10,10,23.0,9.7
281,10,11,22.9,9.5
281,10,12,22.8,9.3
281,10,13,22.4,9.0
281,10,14,22.1,8.3
281,10,15,21.9,7.8
281,10,16,21.6,7.4
281,10,17,21.4,7.1
281,10,18,21.2,7.0
281,10,19,21.1,7.0
281,10,20,20.8,7.1
281,10,21,20.6,7.0
281,10,22,20.3,7.0
281,10,23,20.2,6.8
281,10,24,19.9,6.3
281,10,25,19.7,5.8
281,10,26,19.5,5.3
281,10,27,19.2,4.9
281,10,28,18.8,4.5
281,10,29,18.5,4.3
281,10,30,18.2,4.2
281,10,31,17.8,4.0
281,11,1,17.6,3.5
281,11,2,17.7,3.1
281,11,3,17.9,2.8
281,11,4,18.2,2.7
281,11,5,18.3,2.8
281,11,6,18.1,3.3
281,11,7,17.7,3.7
281,11,8,17.2,3.8
281,11,9,16.7,3.8
281,11,10,16.2,3.6
281,11,11,16.0,3.0
281,11,12,15.7,2.7
281,11,13,15.3,2.4
281,11,14,14.9,1.8
281,11,15,14.5,1.2
281,11,16,14.0,1.0
281,11,17,13.6,0.4
281,11,18,13.3,0.0
281,11,19,12.9,-0.4
281,11,20,12.6,-0.8
281,11,21,12.6,-1.1
281,11,22,12.5,-1.2
281,11,23,12.4,-1.2
281,11,24,12.3,-1.0
281,11,25,12.1,-0.9
281,11,26,11.7,-0.9
281,11,27,11.6,-1.0
281,11,28,11.3,-1.2
281,11,29,11.1,-1.5
281,11,30,11.0,-1.8
281,12,1,10.7,-2.0
281,12,2,10.2,-2.3
281,12,3,9.7,-2.6
281,12,4,9.0,-2.8
281,12,5,8.5,-3.0
281,12,6,8.2,-3.3
281,12,7,8.1,-3.7
281,12,8,8.1,-3.8
281,12,9,8.2,-3.8
281,12,10,8.1,-4.0
281,12,11,8.0,-4.1
281,12,12,7.7,-4.1
281,12,13,7.4,-4.3
281,12,14,7.2,-4.8
281,12,15,7.1,-4.7
281,12,16,6.9,-4.8
281,12,17,6.8,-5.0
281,12,18,6.9,-5.1
281,12,19,7.0,-4.9
281,12,20,7.2,-4.9
281,12,21,7.4,-4.7
281,12,22,7.5,-4.5
281,12,23,7.4,-4.6
281,12,24,7.2,-4.7
281,12,25,6.8,-5.0
281,12,26,6.4,-5.4
281,12,27,6.1,-5.8
281,12,28,5.9,-5.9
281,12,29,5.8,-6.1
281,12,30,5.7,-6.1
281,12,31,5.9,-6.0
283,1,1,6.0,-5.1
283,1,2,6.1,-5.0
283,1,3,6.6,-4.8
283,1,4,6.7,-4.6
283,1,5,6.6,-4.7
283,1,6,6.8,-4.2
283,1,7,6.3,-4.0
283,1,8,5.9,-4.2
283,1,9,5.6,-4.5
283,1,10,5.2,-4.6
283,1,11,4.9,-5.1
283,1,12,5.1,-5.4
283,1,13,5.4,-5.5
283,1,14,5.6,-5.5
283,1,15,5.9,-5.3
283,1,16,6.1,-5.0
283,1,17,6.4,-4.7
283,1,18,6.3,-4.3
283,1,19,6.3,-3.7
283,1,20,6.1,-3.6
283,1,21,5.8,-3.8
283,1,22,5.3,-4.2
283,1,23,4.8,-4.7
283,1,24,4.7,-5.4
283,1,25,4.9,-5.9
283,1,26,5.3,-5.8
283,1,27,5.8,-5.3
283,1,28,6.4,-4.7
283,1,29,6.9,-4.5
283,1,30,7.2,-4.1
283,1,31,7.5,-4.2
283,2,1,7.7,-4.3
283,2,2,7.8,-4.7
283,2,3,7.7,-4.5
283,2,4,7.5,-4.7
283,2,5,7.1,-4.7
283,2,6,6.5,-4.9
283,2,7,6.2,-4.9
283,2,8,6.0,-4.9
283,2,9,5.9,-5.0
283,2,10,5.8,-4.6
283,2,11,6.4,-3.9
283,2,12,7.2,-3.4
283,2,13,8.0,-3.2
283,2,14,8.5,-2.9
283,2,15,8.5,-2.6
283,2,16,8.3,-2.8
283,2,17,8.1,-2.8
283,2,18,8.1,-2.8
283,2,19,8.2,-2.8
283,2,20,8.9,-2.8
283,2,21,9.8,-2.4
283,2,22,10.5,-2.3
283,2,23,10.7,-1.8
283,2,24,11.0,-1.5
283,2,25,11.2,-1.3
283,2,26,11.3,-0.9
283,2,27,11.2,-0.6
283,2,28,11.0,-0.4
283,2,29,11.1,-0.3
283,3,1,11.1,-0.3
283,3,2,11.2,-0.2
283,3,3,11.4,-0.3
283,3,4,11.7,-0.3
283,3,5,11.9,-0.3
283,3,6,12.0,-0.2
283,3,7,12.3,-0.2
283,3,8,12.1,-0.2
283,3,9,12.0,-0.5
283,3,10,12.6,-0.9
283,3,11,13.0,-0.7
283,3,12,13.1,-0.7
283,3,13,13.7,-0.9
283,3,14,14.1,-0.3
283,3,15,14.7,0.1
283,3,16,15.4,0.6
283,3,17,15.9,1.3
283,3,18,15.7,2.1
283,3,19,15.9,2.3
283,3,20,15.4,2.4
283,3,21,14.9,2.3
283,3,22,14.5,1.8
283,3,23,14.8,1.7
283,3,24,14.8,1.6
283,3,25,15.5,1.8
283,3,26,16.4,2.0
283,3,27,17.0,2.6
283,3,28,17.8,3.0
283,3,29,18.2,3.3
283,3,30,18.1,3.7
283,3,31,18.2,3.7
283,4,1,18.5,3.9
283,4,2,18.1,3.8
283,4,3,17.9,4.0
283,4,4,17.8,4.2
283,4,5,17.1,4.6
283,4,6,17.2,4.4
283,4,7,17.8,4.5
283,4,8,17.8,4.6
283,4,9,17.7,4.7
283,4,10,18.3,4.5
283,4,11,17.9,4.7
283,4,12,18.3,5.1
283,4,13,19.5,5.4
283,4,14,20.8,5.6
283,4,15,20.8,6.2
283,4,16,21.5,6.4
283,4,17,20.7,6.6
283,4,18,20.0,6.8
283,4,19,19.5,7.0
283,4,20,20.0,7.0
283,4,21,19.8,7.2
283,4,22,20.7,7.4
283,4,23,21.3,7.4
283,4,24,21.1,7.3
283,4,25,21.2,7.1
283,4,26,21.6,7.0
283,4,27,21.5,7.0
283,4,28,21.8,7.7
283,4,29,22.6,8.5
283,4,30,23.1,9.2
283,5,1,23.3,10.1
283,5,2,23.9,10.6
283,5,3,24.2,10.4
283,5,4,24.0,10.2
283,5,5,24.0,10.0
283,5,6,24.6,9.6
283,5,7,24.3,9.9
283,5,8,23.8,10.3
283,5,9,24.0,10.4
283,5,10,24.0,10.9
283,5,11,24.2,11.3
283,5,12,24.7,11.2
283,5,13,25.3,11.3
283,5,14,25.4,11.7
283,5,15,26.0,11.6
283,5,16,25.6,11.5
283,5,17,25.5,11.5
283,5,18,25.3,11.6
283,5,19,25.6,11.3
283,5,20,25.6,11.2
283,5,21,26.1,11.4
283,5,22,26.9,11.6
283,5,23,27.4,12.0
283,5,24,27.7,12.5
283,5,25,27.7,13.1
283,5,26,27.5,13.7
283,5,27,27.6,14.0
283,5,28,27.8,14.1
283,5,29,27.7,14.4
283,5,30,28.0,14.5
283,5,31,28.2,14.5
283,6,1,28.2,14.6
283,6,2,28.4,14.5
283,6,3,28.2,14.8
283,6,4,27.8,14.9
283,6,5,27.9,15.1
283,6,6,27.6,15.5
283,6,7,27.0,16.0
283,6,8,27.0,16.3
283,6,9,26.7,16.7
283,6,10,26.5,16.9
283,6,11,26.3,16.9
283,6,12,26.4,16.8
283,6,13,26.6,16.8
283,6,14,27.1,16.9
283,6,15,27.5,16.9
283,6,16,27.8,17.2
283,6,17,28.2,17.4
283,6,18,28.3,17.5
283,6,19,28.4,17.7
283,6,20,28.2,17.9
283,6,21,28.5,17.9
283,6,22,28.5,17.9
283,6,23,28.4,18.0
283,6,24,28.1,18.1
283,6,25,28.0,18.3
283,6,26,27.5,18.3
283,6,27,27.6,18.5
283,6,28,27.9,18.8
283,6,29,28.7,19.2
283,6,30,29.4,19.6
283,7,1,29.5,20.1
283,7,2,29.6,20.4
283,7,3,29.3,20.4
283,7,4,28.6,20.1
283,7,5,27.8,19.9
283,7,6,27.8,19.8
283,7,7,27.7,19.9
283,7,8,27.8,20.2
283,7,9,28.7,20.7
283,7,10,29.6,21.1
283,7,11,30.1,21.4
283,7,12,30.6,21.5
283,7,13,30.7,21.4
283,7,14,30.3,21.2
283,7,15,30.2,20.9
283,7,16,30.1,20.7
283,7,17,30.0,20.8
283,7,18,30.3,21.0
283,7,19,30.8,21.3
283,7,20,30.9,21.6
283,7,21,31.4,21.7
283,7,22,31.8,22.0
283,7,23,32.1,22.2
283,7,24,32.5,22.3
283,7,25,32.8,22.5
283,7,26,32.8,22.7
283,7,27,32.9,22.7
283,7,28,33.1,22.8
283,7,29,33.1,23.0
283,7,30,33.2,23.1
283,7,31,33.2,23.2
283,8,1,33.3,23.3
283,8,2,33.5,23.3
283,8,3,33.6,23.2
283,8,4,33.6,23.3
283,8,5,33.7,23.3
283,8,6,33.5,23.1
283,8,7,33.3,23.1
283,8,8,32.7,23.1
283,8,9,32.6,23.0
283,8,10,32.5,22.9
283,8,11,32.6,22.9
283,8,12,32.3,22.9
283,8,13,32.3,22.8
283,8,14,32.1,22.7
283,8,15,32.1,22.5
283,8,16,31.6,22.2
283,8,17,31.7,22.1
283,8,18,31.4,21.8
283,8,19,31.1,21.6
283,8,20,30.8,21.6
283,8,21,30.4,21.7
283,8,22,30.0,21.5
283,8,23,30.0,21.3
283,8,24,29.6,20.9
283,8,25,29.1,20.6
283,8,26,29.1,20.3
283,8,27,29.3,20.1
283,8,28,29.2,19.9
283,8,29,29.0,19.7
283,8,30,28.9,19.4
283,8,31,28.3,19.1
283,9,1,27.6,18.9
283,9,2,27.3,18.8
283,9,3,27.3,18.6
283,9,4,27.1,18.5
283,9,5,27.2,18.2
283,9,6,27.7,17.9
283,9,7,27.8,17.7
283,9,8,27.6,17.7
283,9,9,27.5,17.6
283,9,10,27.0,17.7
283,9,11,26.7,17.7
283,9,12,26.5,17.4
283,9,13,26.5,17.2
283,9,14,26.5,17.1
283,9,15,26.5,17.0
283,9,16,26.2,16.8
283,9,17,25.9,16.4
283,9,18,25.6,15.9
283,9,19,25.4,15.1
283,9,20,25.6,14.4
283,9,21,25.4,14.0
283,9,22,25.2,13.7
283,9,23,25.3,13.7
283,9,24,25.3,13.8
283,9,25,25.3,13.8
283,9,26,25.2,13.9
283,9,27,25.0,14.0
283,9,28,24.7,14.0
283,9,29,24.3,13.9
283,9,30,24.2,13.8
283,10,1,24.1,13.4
283,10,2,24.2,12.9
283,10,3,23.9,12.7
283,10,4,23.9,12.4
283,10,5,23.7,12.3
283,10,6,23.4,12.3
283,10,7,23.2,11.9
283,10,8,23.5,11.4
283,10,9,23.3,11.5
283,10,10,23.0,11.1
283,10,11,22.7,10.7
283,10,12,22.5,10.2
283,10,13,22.1,10.0
283,10,14,21.6,9.3
283,10,15,21.6,8.8
283,10,16,21.3,8.2
283,10,17,21.2,8.0
283,10,18,21.4,8.1
283,10,19,21.6,8.2
283,10,20,21.2,8.9
283,10,21,20.9,9.2
283,10,22,20.6,9.4
283,10,23,20.4,9.0
283,10,24,20.3,8.4
283,10,25,20.3,7.4
283,10,26,20.4,6.8
283,10,27,20.2,6.3
283,10,28,19.5,5.9
283,10,29,18.8,5.5
283,10,30,18.4,5.2
283,10,31,18.1,4.9
283,11,1,17.9,4.6
283,11,2,18.1,4.3
283,11,3,18.7,4.2
283,11,4,18.9,4.4
283,11,5,18.9,4.9
283,11,6,18.6,5.6
283,11,7,18.3,5.9
283,11,8,17.5,6.0
283,11,9,17.2,5.6
283,11,10,16.9,4.9
283,11,11,16.6,4.0
283,11,12,16.2,3.8
283,11,13,16.1,3.4
283,11,14,16.1,2.9
283,11,15,15.8,2.8
283,11,16,15.6,3.0
283,11,17,15.5,3.0
283,11,18,14.9,2.8
283,11,19,14.1,2.4
283,11,20,13.7,2.0
283,11,21,13.3,1.6
283,11,22,12.8,1.0
283,11,23,12.5,1.0
283,11,24,12.3,1.2
283,11,25,12.1,0.9
283,11,26,11.9,0.5
283,11,27,12.1,0.4
283,11,28,12.0,0.4
283,11,29,11.6,0.3
283,11,30,11.2,0.0
283,12,1,11.1,-0.1
283,12,2,10.6,-0.3
283,12,3,10.1,-0.8
283,12,4,9.5,-1.2
283,12,5,9.0,-1.6
283,12,6,8.3,-2.3
283,12,7,8.1,-3.0
283,12,8,8.2,-3.2
283,12,9,8.5,-3.0
283,12,10,8.3,-3.0
283,12,11,8.5,-3.2
283,12,12,8.1,-3.1
283,12,13,7.5,-3.2
283,12,14,7.0,-3.7
283,12,15,6.7,-3.8
283,12,16,6.4,-3.8
283,12,17,6.4,-3.8
283,12,18,6.5,-3.8
283,12,19,6.9,-3.6
283,12,20,7.6,-3.4
283,12,21,7.8,-3.1
283,12,22,7.9,-3.2
283,12,23,7.7,-3.5
283,12,24,7.4,-3.7
283,12,25,6.5,-4.2
283,12,26,6.0,-4.7
283,12,27,5.8,-4.8
283,12,28,5.9,-4.9
283,12,29,5.7,-5.3
283,12,30,5.7,-5.2
283,12,31,6.1,-5.0
284,1,1,6.1,-7.3
284,1,2,6.1,-7.2
284,1,3,6.2,-7.4
284,1,4,6.2,-7.2
284,1,5,5.9,-7.2
284,1,6,5.7,-7.3
284,1,7,5.4,-7.4
284,1,8,5.4,-7.3
284,1,9,5.3,-7.4
284,1,10,5.3,-7.4
284,1,11,5.0,-7.3
284,1,12,5.1,-7.2
284,1,13,5.2,-7.3
284,1,14,5.2,-7.3
284,1,15,5.4,-7.4
284,1,16,5.7,-7.5
284,1,17,5.8,-7.5
284,1,18,5.7,-7.2
284,1,19,5.5,-7.1
284,1,20,5.2,-6.9
284,1,21,4.9,-6.8
284,1,22,4.5,-7.1
284,1,23,4.4,-7.4
284,1,24,4.5,-7.5
284,1,25,4.8,-7.7
284,1,26,5.1,-7.8
284,1,27,5.3,-7.4
284,1,28,5.5,-7.2
284,1,29,5.7,-7.1
284,1,30,5.8,-7.1
284,1,31,6.0,-7.2
284,2,1,6.2,-7.4
284,2,2,6.3,-7.6
284,2,3,6.4,-7.6
284,2,4,6.7,-7.5
284,2,5,6.9,-7.3
284,2,6,6.9,-7.0
284,2,7,6.8,-6.8
284,2,8,6.8,-6.5
284,2,9,6.7,-6.4
284,2,10,6.6,-6.1
284,2,11,7.2,-6.0
284,2,12,8.0,-5.7
284,2,13,8.3,-5.4
284,2,14,8.4,-5.2
284,2,15,8.4,-5.0
284,2,16,8.2,-5.0
284,2,17,8.0,-5.0
284,2,18,8.2,-5.2
284,2,19,8.3,-5.3
284,2,20,8.7,-5.2
284,2,21,9.0,-5.1
284,2,22,9.3,-4.9
284,2,23,9.4,-4.4
284,2,24,9.8,-4.0
284,2,25,10.1,-3.7
284,2,26,10.2,-3.3
284,2,27,10.2,-2.9
284,2,28,10.3,-2.9
284,2,29,10.4,-2.9
284,3,1,10.4,-2.9
284,3,2,10.5,-2.9
284,3,3,10.7,-2.9
284,3,4,10.9,-2.9
284,3,5,10.8,-2.7
284,3,6,10.9,-2.7
284,3,7,11.3,-2.5
284,3,8,11.3,-2.4
284,3,9,11.4,-2.4
284,3,10,11.9,-2.6
284,3,11,12.3,-2.5
284,3,12,12.4,-2.3
284,3,13,12.7,-2.1
284,3,14,13.0,-1.6
284,3,15,13.4,-1.2
284,3,16,13.6,-0.8
284,3,17,14.2,-0.4
284,3,18,14.6,-0.1
284,3,19,14.8,0.0
284,3,20,14.7,0.1
284,3,21,14.6,0.3
284,3,22,14.1,0.2
284,3,23,13.9,0.2
284,3,24,13.9,0.3
284,3,25,14.4,0.3
284,3,26,14.8,0.3
284,3,27,15.4,0.6
284,3,28,16.0,0.7
284,3,29,16.4,0.9
284,3,30,16.5,1.2
284,3,31,16.5,1.4
284,4,1,16.8,1.4
284,4,2,16.9,1.4
284,4,3,17.3,1.5
284,4,4,17.4,1.7
284,4,5,17.7,2.1
284,4,6,18.0,2.3
284,4,7,18.2,2.8
284,4,8,18.1,3.2
284,4,9,18.1,3.6
284,4,10,18.1,3.7
284,4,11,18.0,3.9
284,4,12,18.3,3.8
284,4,13,18.9,3.9
284,4,14,19.6,3.8
284,4,15,20.0,3.9
284,4,16,20.5,4.3
284,4,17,20.7,4.6
284,4,18,20.6,5.0
284,4,19,20.5,5.5
284,4,20,20.6,6.0
284,4,21,20.4,6.2
284,4,22,20.4,6.3
284,4,23,20.7,6.2
284,4,24,20.8,6.0
284,4,25,20.9,5.7
284,4,26,21.3,5.4
284,4,27,21.3,5.8
284,4,28,21.7,6.5
284,4,29,22.2,7.1
284,4,30,22.6,7.7
284,5,1,22.8,8.4
284,5,2,23.3,8.5
284,5,3,23.5,8.3
284,5,4,23.4,8.3
284,5,5,23.4,8.5
284,5,6,23.7,8.5
284,5,7,23.6,8.6
284,5,8,23.4,8.8
284,5,9,23.4,8.7
284,5,10,23.3,8.8
284,5,11,23.2,8.9
284,5,12,23.4,9.1
284,5,13,23.4,9.5
284,5,14,23.6,9.9
284,5,15,23.9,10.0
284,5,16,24.0,10.1
284,5,17,24.1,10.2
284,5,18,24.4,9.9
284,5,19,24.8,9.7
284,5,20,25.2,9.9
284,5,21,25.5,10.1
284,5,22,25.6,10.3
284,5,23,25.7,10.7
284,5,24,25.7,11.2
284,5,25,25.5,11.3
284,5,26,25.4,11.3
284,5,27,25.8,11.5
284,5,28,25.8,11.5
284,5,29,26.1,11.4
284,5,30,26.5,11.6
284,5,31,26.7,11.9
284,6,1,26.5,12.2
284,6,2,26.8,12.5
284,6,3,26.9,13.0
284,6,4,26.9,13.5
284,6,5,27.1,13.9
284,6,6,27.1,14.2
284,6,7,27.2,14.5
284,6,8,27.0,14.8
284,6,9,27.0,15.1
284,6,10,26.9,15.1
284,6,11,27.1,15.2
284,6,12,27.1,15.2
284,6,13,27.3,15.2
284,6,14,27.6,15.1
284,6,15,27.8,15.3
284,6,16,27.8,15.6
284,6,17,28.0,15.8
284,6,18,28.1,16.1
284,6,19,28.1,16.5
284,6,20,28.0,16.7
284,6,21,28.0,16.8
284,6,22,27.7,16.9
284,6,23,27.4,17.1
284,6,24,27.1,17.2
284,6,25,27.2,17.4
284,6,26,27.4,17.5
284,6,27,27.6,17.8
284,6,28,27.7,18.1
284,6,29,27.8,18.4
284,6,30,27.9,18.6
284,7,1,27.9,19.0
284,7,2,27.9,19.2
284,7,3,28.1,19.2
284,7,4,28.3,19.3
284,7,5,28.1,19.2
284,7,6,28.1,19.1
284,7,7,28.2,19.1
284,7,8,28.2,19.2
284,7,9,28.1,19.4
284,7,10,28.1,19.6
284,7,11,28.2,19.9
284,7,12,28.4,20.1
284,7,13,28.6,20.1
284,7,14,28.8,20.2
284,7,15,29.0,20.2
284,7,16,29.1,20.2
284,7,17,29.3,20.2
284,7,18,29.6,20.3
284,7,19,30.0,20.5
284,7,20,30.5,20.7
284,7,21,30.7,20.9
284,7,22,30.8,21.1
284,7,23,30.9,21.2
284,7,24,30.8,21.2
284,7,25,30.8,21.1
284,7,26,30.8,21.1
284,7,27,30.9,21.2
284,7,28,31.1,21.3
284,7,29,31.3,21.4
284,7,30,31.6,21.6
284,7,31,31.7,21.7
284,8,1,31.7,21.7
284,8,2,31.5,21.6
284,8,3,31.5,21.6
284,8,4,31.4,21.5
284,8,5,31.1,21.4
284,8,6,31.2,21.4
284,8,7,31.0,21.5
284,8,8,30.7,21.5
284,8,9,30.5,21.5
284,8,10,30.4,21.5
284,8,11,30.3,21.4
284,8,12,30.2,21.2
284,8,13,30.2,21.1
284,8,14,30.1,20.9
284,8,15,30.2,20.8
284,8,16,29.9,20.8
284,8,17,30.0,20.6
284,8,18,29.8,20.4
284,8,19,29.9,20.3
284,8,20,29.6,20.2
284,8,21,29.5,20.0
284,8,22,29.3,19.8
284,8,23,29.2,19.7
284,8,24,28.8,19.4
284,8,25,28.6,19.2
284,8,26,28.6,19.1
284,8,27,28.5,18.8
284,8,28,28.2,18.7
284,8,29,28.1,18.5
284,8,30,28.2,18.3
284,8,31,28.0,18.1
284,9,1,27.8,17.9
284,9,2,28.1,17.6
284,9,3,28.0,17.4
284,9,4,27.5,17.3
284,9,5,27.5,16.9
284,9,6,27.4,16.7
284,9,7,27.0,16.6
284,9,8,27.1,16.4
284,9,9,27.0,16.1
284,9,10,26.7,16.0
284,9,11,26.4,15.9
284,9,12,26.2,15.8
284,9,13,26.0,15.6
284,9,14,26.0,15.4
284,9,15,26.0,15.2
284,9,16,26.0,14.9
284,9,17,26.1,14.4
284,9,18,25.9,13.9
284,9,19,25.6,13.5
284,9,20,25.4,12.9
284,9,21,24.9,12.5
284,9,22,24.6,12.4
284,9,23,24.6,12.2
284,9,24,24.6,11.9
284,9,25,24.5,11.8
284,9,26,24.6,11.6
284,9,27,24.2,11.5
284,9,28,23.9,11.4
284,9,29,23.6,11.5
284,9,30,23.5,11.5
284,10,1,23.5,11.2
284,10,2,23.6,10.7
284,10,3,23.4,10.2
284,10,4,23.1,9.6
284,10,5,22.9,9.2
284,10,6,22.6,8.9
284,10,7,22.5,8.5
284,10,8,22.6,8.3
284,10,9,22.6,8.2
284,10,10,22.5,8.0
284,10,11,22.4,7.7
284,10,12,22.2,7.6
284,10,13,22.0,7.2
284,10,14,21.6,6.7
284,10,15,21.4,6.3
284,10,16,21.2,6.0
284,10,17,20.9,5.7
284,10,18,20.8,5.5
284,10,19,20.7,5.5
284,10,20,20.5,5.5
284,10,21,20.2,5.5
284,10,22,20.0,5.4
284,10,23,19.8,5.2
284,10,24,19.5,4.9
284,10,25,19.3,4.4
284,10,26,19.1,3.9
284,10,27,18.9,3.6
284,10,28,18.5,3.2
284,10,29,18.3,2.9
284,10,30,17.9,2.7
284,10,31,17.6,2.5
284,11,1,17.3,2.1
284,11,2,17.3,1.7
284,11,3,17.6,1.6
284,11,4,17.9,1.7
284,11,5,18.0,1.9
284,11,6,17.7,2.2
284,11,7,17.3,2.6
284,11,8,16.8,2.7
284,11,9,16.2,2.6
284,11,10,15.7,2.3
284,11,11,15.5,1.7
284,11,12,15.2,1.4
284,11,13,14.9,1.1
284,11,14,14.6,0.5
284,11,15,14.2,0.2
284,11,16,13.6,0.0
284,11,17,13.2,-0.4
284,11,18,12.9,-0.7
284,11,19,12.5,-1.1
284,11,20,12.3,-1.6
284,11,21,12.4,-1.9
284,11,22,12.4,-2.0
284,11,23,12.3,-2.1
284,11,24,12.1,-1.8
284,11,25,11.9,-1.7
284,11,26,11.5,-1.8
284,11,27,11.4,-1.8
284,11,28,11.1,-2.0
284,11,29,11.1,-2.3
284,11,30,11.0,-2.6
284,12,1,10.6,-2.8
284,12,2,10.2,-3.2
284,12,3,9.6,-3.5
284,12,4,8.9,-3.8
284,12,5,8.5,-4.0
284,12,6,8.2,-4.2
284,12,7,8.0,-4.6
284,12,8,8.1,-4.7
284,12,9,8.1,-4.6
284,12,10,7.9,-4.9
284,12,11,7.9,-5.0
284,12,12,7.6,-5.1
284,12,13,7.3,-5.3
284,12,14,7.2,-5.7
284,12,15,7.1,-5.7
284,12,16,6.8,-5.9
284,12,17,6.9,-6.0
284,12,18,7.0,-6.0
284,12,19,7.0,-5.8
284,12,20,7.3,-5.9
284,12,21,7.6,-5.6
284,12,22,7.6,-5.5
284,12,23,7.4,-5.6
284,12,24,7.3,-5.8
284,12,25,6.9,-6.1
284,12,26,6.6,-6.5
284,12,27,6.3,-6.8
284,12,28,6.2,-7.0
284,12,29,6.0,-7.3
284,12,30,5.9,-7.3
284,12,31,6.0,-7.3
285,1,1,7.6,-6.0
285,1,2,7.6,-5.9
285,1,3,7.7,-6.0
285,1,4,7.7,-5.9
285,1,5,7.4,-5.9
285,1,6,7.1,-5.9
285,1,7,7.0,-6.0
285,1,8,6.9,-6.0
285,1,9,6.9,-6.2
285,1,10,6.9,-6.3
285,1,11,6.8,-6.2
285,1,12,6.8,-6.1
285,1,13,6.8,-6.0
285,1,14,6.8,-5.9
285,1,15,6.9,-5.8
285,1,16,7.1,-5.9
285,1,17,7.2,-5.9
285,1,18,7.1,-5.6
285,1,19,7.0,-5.5
285,1,20,6.7,-5.4
285,1,21,6.4,-5.3
285,1,22,6.2,-5.5
285,1,23,6.1,-5.8
285,1,24,6.2,-6.0
285,1,25,6.6,-6.2
285,1,26,6.9,-6.3
285,1,27,7.1,-6.1
285,1,28,7.3,-6.0
285,1,29,7.5,-5.8
285,1,30,7.6,-5.7
285,1,31,7.7,-5.8
285,2,1,7.9,-5.9
285,2,2,7.9,-6.0
285,2,3,8.1,-6.1
285,2,4,8.3,-6.1
285,2,5,8.6,-5.9
285,2,6,8.5,-5.5
285,2,7,8.5,-5.3
285,2,8,8.5,-5.0
285,2,9,8.5,-4.9
285,2,10,8.3,-4.7
285,2,11,8.9,-4.6
285,2,12,9.6,-4.4
285,2,13,9.9,-4.1
285,2,14,9.9,-3.8
285,2,15,9.9,-3.6
285,2,16,9.7,-3.6
285,2,17,9.6,-3.7
285,2,18,9.8,-3.9
285,2,19,9.8,-4.0
285,2,20,10.2,-3.9
285,2,21,10.6,-3.7
285,2,22,10.8,-3.4
285,2,23,10.9,-3.0
285,2,24,11.3,-2.7
285,2,25,11.5,-2.4
285,2,26,11.6,-1.9
285,2,27,11.7,-1.6
285,2,28,11.8,-1.6
285,2,29,11.9,-1.5
285,3,1,11.9,-1.5
285,3,2,12.0,-1.5
285,3,3,12.2,-1.5
285,3,4,12.4,-1.5
285,3,5,12.3,-1.2
285,3,6,12.4,-1.2
285,3,7,12.6,-1.0
285,3,8,12.7,-0.9
285,3,9,12.7,-0.9
285,3,10,13.3,-1.1
285,3,11,13.7,-1.0
285,3,12,13.9,-0.8
285,3,13,14.1,-0.6
285,3,14,14.4,-0.2
285,3,15,14.7,0.2
285,3,16,14.8,0.7
285,3,17,15.3,1.1
285,3,18,15.7,1.4
285,3,19,15.9,1.5
285,3,20,15.8,1.8
285,3,21,15.7,1.9
285,3,22,15.3,1.8
285,3,23,15.1,1.8
285,3,24,15.1,1.7
285,3,25,15.7,1.7
285,3,26,16.2,1.8
285,3,27,16.7,2.1
285,3,28,17.2,2.4
285,3,29,17.6,2.7
285,3,30,17.6,2.9
285,3,31,17.7,3.0
285,4,1,18.1,3.0
285,4,2,18.2,2.9
285,4,3,18.5,3.0
285,4,4,18.7,3.3
285,4,5,18.9,3.7
285,4,6,19.3,4.0
285,4,7,19.4,4.4
285,4,8,19.3,4.7
285,4,9,19.3,5.0
285,4,10,19.3,5.1
285,4,11,19.2,5.2
285,4,12,19.5,5.2
285,4,13,20.1,5.3
285,4,14,20.7,5.2
285,4,15,21.1,5.4
285,4,16,21.6,5.8
285,4,17,21.7,6.1
285,4,18,21.6,6.4
285,4,19,21.4,6.9
285,4,20,21.6,7.3
285,4,21,21.4,7.6
285,4,22,21.6,7.7
285,4,23,21.9,7.6
285,4,24,22.0,7.5
285,4,25,22.2,7.2
285,4,26,22.6,7.0
285,4,27,22.5,7.3
285,4,28,22.8,8.0
285,4,29,23.2,8.6
285,4,30,23.5,9.2
285,5,1,23.7,9.9
285,5,2,24.3,10.1
285,5,3,24.5,9.9
285,5,4,24.5,9.9
285,5,5,24.6,10.1
285,5,6,24.8,10.1
285,5,7,24.7,10.2
285,5,8,24.5,10.4
285,5,9,24.4,10.2
285,5,10,24.3,10.3
285,5,11,24.2,10.3
285,5,12,24.4,10.4
285,5,13,24.5,10.7
285,5,14,24.8,11.2
285,5,15,25.1,11.3
285,5,16,25.1,11.4
285,5,17,25.2,11.5
285,5,18,25.6,11.4
285,5,19,26.0,11.3
285,5,20,26.4,11.4
285,5,21,26.7,11.7
285,5,22,27.0,11.9
285,5,23,27.1,12.2
285,5,24,27.0,12.6
285,5,25,26.8,12.7
285,5,26,26.6,12.7
285,5,27,26.9,12.8
285,5,28,26.9,12.8
285,5,29,27.2,12.8
285,5,30,27.5,13.0
285,5,31,27.8,13.4
285,6,1,27.7,13.8
285,6,2,28.0,14.0
285,6,3,28.1,14.4
285,6,4,28.2,14.7
285,6,5,28.5,15.0
285,6,6,28.4,15.2
285,6,7,28.3,15.5
285,6,8,28.2,15.8
285,6,9,28.1,16.1
285,6,10,28.0,16.2
285,6,11,28.3,16.4
285,6,12,28.3,16.4
285,6,13,28.5,16.3
285,6,14,28.9,16.3
285,6,15,29.0,16.4
285,6,16,29.0,16.6
285,6,17,29.2,16.9
285,6,18,29.3,17.2
285,6,19,29.2,17.7
285,6,20,29.0,17.9
285,6,21,29.0,18.0
285,6,22,28.7,18.1
285,6,23,28.3,18.1
285,6,24,27.9,18.1
285,6,25,28.0,18.3
285,6,26,28.1,18.6
285,6,27,28.3,18.8
285,6,28,28.4,19.2
285,6,29,28.6,19.5
285,6,30,28.6,19.7
285,7,1,28.6,20.0
285,7,2,28.6,20.2
285,7,3,28.9,20.3
285,7,4,29.1,20.3
285,7,5,29.1,20.3
285,7,6,29.0,20.2
285,7,7,29.1,20.3
285,7,8,29.1,20.4
285,7,9,29.0,20.6
285,7,10,28.9,20.7
285,7,11,29.0,21.0
285,7,12,29.2,21.1
285,7,13,29.3,21.2
285,7,14,29.6,21.3
285,7,15,29.9,21.3
285,7,16,30.1,21.2
285,7,17,30.2,21.2
285,7,18,30.6,21.3
285,7,19,30.9,21.4
285,7,20,31.3,21.7
285,7,21,31.6,22.0
285,7,22,31.8,22.2
285,7,23,31.8,22.3
285,7,24,31.8,22.3
285,7,25,31.8,22.2
285,7,26,31.8,22.3
285,7,27,32.0,22.4
285,7,28,32.2,22.4
285,7,29,32.5,22.6
285,7,30,32.7,22.8
285,7,31,32.8,22.9
285,8,1,32.8,22.9
285,8,2,32.7,22.8
285,8,3,32.7,22.7
285,8,4,32.6,22.6
285,8,5,32.4,22.5
285,8,6,32.4,22.5
285,8,7,32.3,22.6
285,8,8,32.0,22.7
285,8,9,31.8,22.6
285,8,10,31.8,22.5
285,8,11,31.7,22.4
285,8,12,31.6,22.2
285,8,13,31.5,22.1
285,8,14,31.4,22.0
285,8,15,31.3,21.9
285,8,16,31.1,21.8
285,8,17,31.2,21.6
285,8,18,31.0,21.5
285,8,19,31.0,21.4
285,8,20,30.8,21.3
285,8,21,30.7,21.1
285,8,22,30.5,21.0
285,8,23,30.4,20.8
285,8,24,30.1,20.6
285,8,25,29.8,20.4
285,8,26,29.8,20.3
285,8,27,29.7,20.1
285,8,28,29.5,20.0
285,8,29,29.4,19.8
285,8,30,29.5,19.6
285,8,31,29.3,19.4
285,9,1,29.1,19.3
285,9,2,29.3,19.0
285,9,3,29.1,18.8
285,9,4,28.7,18.8
285,9,5,28.5,18.6
285,9,6,28.4,18.3
285,9,7,28.1,18.2
285,9,8,28.1,18.0
285,9,9,28.0,17.8
285,9,10,27.8,17.7
285,9,11,27.6,17.6
285,9,12,27.4,17.4
285,9,13,27.2,17.2
285,9,14,27.2,17.0
285,9,15,27.2,16.8
285,9,16,27.1,16.5
285,9,17,27.3,16.1
285,9,18,27.1,15.8
285,9,19,26.9,15.4
285,9,20,26.6,14.9
285,9,21,26.2,14.4
285,9,22,25.8,14.3
285,9,23,25.8,14.1
285,9,24,25.9,13.8
285,9,25,25.8,13.6
285,9,26,25.8,13.5
285,9,27,25.4,13.4
285,9,28,25.0,13.3
285,9,29,24.8,13.3
285,9,30,24.7,13.3
285,10,1,24.8,13.0
285,10,2,25.0,12.6
285,10,3,24.8,12.1
285,10,4,24.5,11.7
285,10,5,24.2,11.3
285,10,6,23.8,11.0
285,10,7,23.7,10.7
285,10,8,23.8,10.5
285,10,9,23.8,10.5
285,10,10,23.7,10.3
285,10,11,23.6,10.0
285,10,12,23.5,9.9
285,10,13,23.2,9.5
285,10,14,22.9,9.0
285,10,15,22.7,8.6
285,10,16,22.4,8.3
285,10,17,22.2,8.0
285,10,18,22.1,7.8
285,10,19,22.0,7.8
285,10,20,21.7,7.8
285,10,21,21.4,7.7
285,10,22,21.2,7.6
285,10,23,21.0,7.3
285,10,24,20.7,7.0
285,10,25,20.6,6.5
285,10,26,20.4,6.0
285,10,27,20.2,5.7
285,10,28,19.8,5.4
285,10,29,19.5,5.2
285,10,30,19.1,5.0
285,10,31,18.8,4.8
285,11,1,18.6,4.4
285,11,2,18.6,3.9
285,11,3,18.8,3.8
285,11,4,19.0,3.9
285,11,5,19.2,4.1
285,11,6,18.9,4.5
285,11,7,18.6,4.8
285,11,8,18.1,4.7
285,11,9,17.6,4.5
285,11,10,17.1,4.2
285,11,11,16.8,3.7
285,11,12,16.5,3.4
285,11,13,16.2,3.0
285,11,14,15.8,2.4
285,11,15,15.4,2.0
285,11,16,15.0,1.7
285,11,17,14.5,1.2
285,11,18,14.2,0.8
285,11,19,13.9,0.4
285,11,20,13.6,0.0
285,11,21,13.7,-0.2
285,11,22,13.6,-0.3
285,11,23,13.6,-0.3
285,11,24,13.5,0.0
285,11,25,13.3,0.1
285,11,26,12.9,0.0
285,11,27,12.7,-0.1
285,11,28,12.5,-0.3
285,11,29,12.3,-0.6
285,11,30,12.2,-0.9
285,12,1,11.9,-1.2
285,12,2,11.5,-1.6
285,12,3,11.1,-2.0
285,12,4,10.4,-2.5
285,12,5,10.0,-2.7
285,12,6,9.7,-2.8
285,12,7,9.6,-3.1
285,12,8,9.6,-3.1
285,12,9,9.7,-3.0
285,12,10,9.5,-3.2
285,12,11,9.4,-3.5
285,12,12,9.1,-3.7
285,12,13,8.9,-3.9
285,12,14,8.6,-4.4
285,12,15,8.6,-4.3
285,12,16,8.4,-4.6
285,12,17,8.4,-4.7
285,12,18,8.4,-4.7
285,12,19,8.5,-4.5
285,12,20,8.7,-4.5
285,12,21,9.0,-4.3
285,12,22,9.0,-4.1
285,12,23,8.9,-4.1
285,12,24,8.7,-4.3
285,12,25,8.3,-4.5
285,12,26,7.9,-4.9
285,12,27,7.7,-5.3
285,12,28,7.5,-5.5
285,12,29,7.4,-5.9
285,12,30,7.3,-6.0
285,12,31,7.5,-6.0
288,1,1,7.8,-5.6
288,1,2,7.8,-5.6
288,1,3,7.9,-5.7
288,1,4,7.9,-5.6
288,1,5,7.7,-5.6
288,1,6,7.5,-5.4
288,1,7,7.3,-5.4
288,1,8,7.2,-5.4
288,1,9,7.2,-5.5
288,1,10,7.2,-5.6
288,1,11,7.1,-5.6
288,1,12,7.1,-5.5
288,1,13,7.2,-5.4
288,1,14,7.2,-5.3
288,1,15,7.3,-5.2
288,1,16,7.5,-5.2
288,1,17,7.7,-5.3
288,1,18,7.6,-5.0
288,1,19,7.5,-4.8
288,1,20,7.3,-4.8
288,1,21,6.9,-4.8
288,1,22,6.7,-4.9
288,1,23,6.5,-5.3
288,1,24,6.6,-5.5
288,1,25,6.9,-5.8
288,1,26,7.2,-5.8
288,1,27,7.4,-5.8
288,1,28,7.6,-5.7
288,1,29,7.7,-5.6
288,1,30,7.8,-5.4
288,1,31,7.8,-5.4
288,2,1,8.0,-5.5
288,2,2,8.1,-5.5
288,2,3,8.3,-5.6
288,2,4,8.5,-5.6
288,2,5,8.8,-5.4
288,2,6,8.7,-5.1
288,2,7,8.7,-4.9
288,2,8,8.8,-4.7
288,2,9,8.8,-4.5
288,2,10,8.7,-4.4
288,2,11,9.3,-4.2
288,2,12,9.8,-3.9
288,2,13,10.2,-3.6
288,2,14,10.2,-3.2
288,2,15,10.2,-3.1
288,2,16,10.0,-3.0
288,2,17,9.9,-3.1
288,2,18,10.0,-3.3
288,2,19,10.1,-3.4
288,2,20,10.4,-3.4
288,2,21,10.8,-3.3
288,2,22,11.0,-3.0
288,2,23,11.0,-2.6
288,2,24,11.4,-2.2
288,2,25,11.6,-1.9
288,2,26,11.8,-1.4
288,2,27,11.9,-1.1
288,2,28,12.0,-1.1
288,2,29,12.1,-1.0
288,3,1,12.1,-1.0
288,3,2,12.1,-0.9
288,3,3,12.4,-0.9
288,3,4,12.6,-0.9
288,3,5,12.5,-0.6
288,3,6,12.7,-0.6
288,3,7,13.0,-0.6
288,3,8,12.9,-0.5
288,3,9,13.0,-0.5
288,3,10,13.4,-0.7
288,3,11,13.8,-0.6
288,3,12,14.0,-0.4
288,3,13,14.3,-0.3
288,3,14,14.4,0.1
288,3,15,14.7,0.4
288,3,16,14.8,0.9
288,3,17,15.3,1.3
288,3,18,15.6,1.7
288,3,19,15.8,1.9
288,3,20,15.7,2.2
288,3,21,15.7,2.3
288,3,22,15.3,2.3
288,3,23,15.2,2.2
288,3,24,15.3,2.1
288,3,25,15.8,2.1
288,3,26,16.3,2.1
288,3,27,16.7,2.3
288,3,28,17.2,2.7
288,3,29,17.5,3.0
288,3,30,17.5,3.3
288,3,31,17.7,3.5
288,4,1,18.1,3.5
288,4,2,18.2,3.3
288,4,3,18.6,3.4
288,4,4,18.8,3.6
288,4,5,18.9,3.9
288,4,6,19.2,4.1
288,4,7,19.4,4.5
288,4,8,19.3,4.9
288,4,9,19.3,5.2
288,4,10,19.4,5.3
288,4,11,19.2,5.3
288,4,12,19.6,5.4
288,4,13,20.0,5.5
288,4,14,20.6,5.4
288,4,15,20.9,5.6
288,4,16,21.5,5.9
288,4,17,21.6,6.2
288,4,18,21.5,6.6
288,4,19,21.5,7.1
288,4,20,21.6,7.5
288,4,21,21.4,7.8
288,4,22,21.6,7.9
288,4,23,21.9,7.7
288,4,24,22.0,7.6
288,4,25,22.1,7.4
288,4,26,22.5,7.1
288,4,27,22.5,7.4
288,4,28,22.6,8.1
288,4,29,22.9,8.8
288,4,30,23.1,9.4
288,5,1,23.3,10.1
288,5,2,23.8,10.3
288,5,3,24.2,10.1
288,5,4,24.2,10.0
288,5,5,24.4,10.2
288,5,6,24.7,10.2
288,5,7,24.6,10.4
288,5,8,24.3,10.6
288,5,9,24.3,10.5
288,5,10,24.2,10.4
288,5,11,24.2,10.5
288,5,12,24.3,10.6
288,5,13,24.5,10.9
288,5,14,24.7,11.4
288,5,15,25.1,11.6
288,5,16,25.2,11.7
288,5,17,25.3,11.8
288,5,18,25.6,11.8
288,5,19,25.9,11.6
288,5,20,26.2,11.7
288,5,21,26.5,12.0
288,5,22,26.8,12.2
288,5,23,26.9,12.6
288,5,24,26.9,13.0
288,5,25,26.7,13.2
288,5,26,26.5,13.3
288,5,27,26.7,13.4
288,5,28,26.8,13.4
288,5,29,27.0,13.4
288,5,30,27.3,13.5
288,5,31,27.6,13.9
288,6,1,27.5,14.2
288,6,2,27.9,14.5
288,6,3,28.0,14.9
288,6,4,28.1,15.2
288,6,5,28.3,15.4
288,6,6,28.2,15.6
288,6,7,28.1,15.9
288,6,8,28.0,16.1
288,6,9,28.0,16.3
288,6,10,28.0,16.5
288,6,11,28.3,16.8
288,6,12,28.2,16.8
288,6,13,28.4,16.9
288,6,14,28.7,17.0
288,6,15,28.8,17.1
288,6,16,28.7,17.2
288,6,17,29.0,17.6
288,6,18,29.0,17.8
288,6,19,28.8,18.2
288,6,20,28.6,18.4
288,6,21,28.6,18.5
288,6,22,28.4,18.5
288,6,23,28.1,18.5
288,6,24,27.8,18.5
288,6,25,27.9,18.7
288,6,26,27.9,18.9
288,6,27,28.1,19.1
288,6,28,28.2,19.4
288,6,29,28.3,19.8
288,6,30,28.4,20.0
288,7,1,28.5,20.4
288,7,2,28.6,20.6
288,7,3,28.9,20.7
288,7,4,29.0,20.7
288,7,5,29.0,20.7
288,7,6,28.9,20.6
288,7,7,29.0,20.7
288,7,8,29.0,20.9
288,7,9,29.0,21.1
288,7,10,29.1,21.3
288,7,11,29.2,21.4
288,7,12,29.4,21.4
288,7,13,29.4,21.4
288,7,14,29.5,21.5
288,7,15,29.8,21.5
288,7,16,30.2,21.4
288,7,17,30.3,21.5
288,7,18,30.7,21.6
288,7,19,31.1,21.8
288,7,20,31.4,22.2
288,7,21,31.7,22.5
288,7,22,31.9,22.7
288,7,23,31.9,22.8
288,7,24,31.9,22.8
288,7,25,31.9,22.6
288,7,26,31.9,22.7
288,7,27,32.1,22.8
288,7,28,32.2,22.8
288,7,29,32.5,22.9
288,7,30,32.7,23.1
288,7,31,32.8,23.2
288,8,1,32.8,23.2
288,8,2,32.7,23.1
288,8,3,32.8,23.0
288,8,4,32.7,23.0
288,8,5,32.6,22.8
288,8,6,32.6,22.8
288,8,7,32.5,22.9
288,8,8,32.2,23.0
288,8,9,32.1,22.9
288,8,10,32.1,22.9
288,8,11,32.0,22.8
288,8,12,31.8,22.7
288,8,13,31.7,22.7
288,8,14,31.6,22.6
288,8,15,31.5,22.4
288,8,16,31.3,22.3
288,8,17,31.3,22.1
288,8,18,31.2,21.9
288,8,19,31.1,21.8
288,8,20,30.9,21.7
288,8,21,30.8,21.6
288,8,22,30.7,21.5
288,8,23,30.6,21.2
288,8,24,30.3,21.0
288,8,25,30.1,20.8
288,8,26,30.2,20.7
288,8,27,30.1,20.5
288,8,28,29.9,20.4
288,8,29,29.8,20.3
288,8,30,29.9,20.1
288,8,31,29.6,19.9
288,9,1,29.4,19.8
288,9,2,29.5,19.5
288,9,3,29.4,19.3
288,9,4,28.9,19.2
288,9,5,28.8,19.0
288,9,6,28.8,18.7
288,9,7,28.5,18.6
288,9,8,28.4,18.5
288,9,9,28.5,18.3
288,9,10,28.2,18.2
288,9,11,28.0,18.0
288,9,12,27.8,17.8
288,9,13,27.6,17.7
288,9,14,27.6,17.4
288,9,15,27.5,17.1
288,9,16,27.4,16.9
288,9,17,27.6,16.6
288,9,18,27.4,16.3
288,9,19,27.2,15.9
288,9,20,26.9,15.4
288,9,21,26.5,15.0
288,9,22,26.2,14.7
288,9,23,26.2,14.5
288,9,24,26.3,14.2
288,9,25,26.2,14.1
288,9,26,26.1,13.9
288,9,27,25.7,13.8
288,9,28,25.3,13.6
288,9,29,25.1,13.6
288,9,30,25.1,13.5
288,10,1,25.2,13.3
288,10,2,25.4,12.9
288,10,3,25.1,12.5
288,10,4,24.9,12.1
288,10,5,24.6,11.8
288,10,6,24.2,11.5
288,10,7,24.1,11.2
288,10,8,24.2,11.0
288,10,9,24.1,10.9
288,10,10,24.0,10.8
288,10,11,23.9,10.6
288,10,12,23.8,10.4
288,10,13,23.4,10.1
288,10,14,23.1,9.5
288,10,15,22.9,9.0
288,10,16,22.7,8.6
288,10,17,22.5,8.2
288,10,18,22.4,8.0
288,10,19,22.3,8.0
288,10,20,22.0,8.0
288,10,21,21.7,8.0
288,10,22,21.4,7.9
288,10,23,21.3,7.6
288,10,24,21.0,7.3
288,10,25,20.8,6.7
288,10,26,20.6,6.2
288,10,27,20.4,5.9
288,10,28,20.0,5.5
288,10,29,19.7,5.2
288,10,30,19.3,5.0
288,10,31,19.0,4.8
288,11,1,18.8,4.3
288,11,2,18.8,3.8
288,11,3,18.9,3.7
288,11,4,19.2,3.7
288,11,5,19.3,4.1
288,11,6,19.1,4.5
288,11,7,18.8,4.9
288,11,8,18.4,4.9
288,11,9,17.9,4.7
288,11,10,17.5,4.3
288,11,11,17.2,3.8
288,11,12,17.0,3.6
288,11,13,16.6,3.3
288,11,14,16.3,2.7
288,11,15,15.9,2.2
288,11,16,15.4,1.9
288,11,17,15.0,1.5
288,11,18,14.7,1.1
288,11,19,14.4,0.7
288,11,20,14.1,0.3
288,11,21,14.1,0.1
288,11,22,14.0,-0.1
288,11,23,13.9,-0.1
288,11,24,13.7,0.1
288,11,25,13.5,0.2
288,11,26,13.2,0.0
288,11,27,13.1,0.0
288,11,28,12.9,-0.2
288,11,29,12.8,-0.4
288,11,30,12.6,-0.7
288,12,1,12.3,-0.9
288,12,2,11.8,-1.2
288,12,3,11.2,-1.7
288,12,4,10.6,-2.1
288,12,5,10.1,-2.4
288,12,6,9.9,-2.7
288,12,7,9.8,-2.9
288,12,8,9.8,-2.9
288,12,9,9.9,-2.8
288,12,10,9.7,-3.0
288,12,11,9.7,-3.1
288,12,12,9.4,-3.4
288,12,13,9.1,-3.7
288,12,14,8.8,-4.1
288,12,15,8.8,-4.1
288,12,16,8.6,-4.2
288,12,17,8.5,-4.2
288,12,18,8.6,-4.2
288,12,19,8.7,-4.0
288,12,20,9.0,-4.1
288,12,21,9.2,-4.0
288,12,22,9.3,-3.9
288,12,23,9.3,-4.0
288,12,24,9.1,-4.1
288,12,25,8.7,-4.3
288,12,26,8.4,-4.6
288,12,27,8.2,-5.0
288,12,28,7.9,-5.3
288,12,29,7.7,-5.5
288,12,30,7.6,-5.6
288,12,31,7.8,-5.6
289,1,1,6.8,-4.4
289,1,2,6.9,-4.2
289,1,3,6.9,-4.3
289,1,4,7.0,-4.4
289,1,5,6.7,-4.4
289,1,6,6.5,-4.5
289,1,7,6.1,-4.4
289,1,8,6.1,-4.1
289,1,9,6.0,-4.3
289,1,10,6.0,-4.2
289,1,11,5.8,-4.0
289,1,12,5.8,-4.0
289,1,13,5.9,-4.3
289,1,14,5.9,-4.3
289,1,15,6.1,-4.4
289,1,16,6.4,-4.7
289,1,17,6.5,-4.8
289,1,18,6.4,-4.5
289,1,19,6.3,-4.3
289,1,20,6.0,-4.2
289,1,21,5.6,-4.1
289,1,22,5.3,-4.2
289,1,23,5.2,-4.6
289,1,24,5.3,-4.6
289,1,25,5.6,-4.8
289,1,26,5.8,-4.9
289,1,27,6.0,-4.7
289,1,28,6.3,-4.5
289,1,29,6.5,-4.5
289,1,30,6.6,-4.4
289,1,31,6.7,-4.5
289,2,1,6.8,-4.6
289,2,2,6.9,-4.7
289,2,3,7.0,-4.8
289,2,4,7.3,-4.6
289,2,5,7.6,-4.5
289,2,6,7.6,-4.2
289,2,7,7.5,-4.0
289,2,8,7.6,-3.8
289,2,9,7.5,-3.7
289,2,10,7.4,-3.5
289,2,11,7.9,-3.4
289,2,12,8.7,-3.3
289,2,13,9.0,-3.2
289,2,14,9.1,-3.1
289,2,15,9.1,-3.0
289,2,16,8.9,-3.0
289,2,17,8.8,-3.0
289,2,18,9.0,-3.2
289,2,19,9.1,-3.2
289,2,20,9.5,-3.2
289,2,21,9.8,-3.1
289,2,22,10.0,-2.9
289,2,23,10.2,-2.5
289,2,24,10.6,-2.2
289,2,25,10.9,-1.9
289,2,26,11.0,-1.5
289,2,27,11.0,-1.1
289,2,28,11.0,-1.1
289,2,29,11.1,-1.0
289,3,1,11.1,-1.0
289,3,2,11.0,-1.0
289,3,3,11.2,-1.0
289,3,4,11.4,-1.1
289,3,5,11.3,-0.8
289,3,6,11.5,-0.8
289,3,7,11.8,-0.7
289,3,8,11.8,-0.5
289,3,9,11.9,-0.5
289,3,10,12.4,-0.6
289,3,11,12.8,-0.5
289,3,12,13.0,-0.3
289,3,13,13.2,-0.2
289,3,14,13.4,0.1
289,3,15,13.8,0.5
289,3,16,13.9,0.9
289,3,17,14.5,1.2
289,3,18,14.9,1.4
289,3,19,15.1,1.4
289,3,20,15.0,1.6
289,3,21,14.9,1.8
289,3,22,14.4,1.8
289,3,23,14.2,1.9
289,3,24,14.3,2.0
289,3,25,14.8,2.1
289,3,26,15.3,2.1
289,3,27,15.9,2.4
289,3,28,16.4,2.6
289,3,29,16.8,2.9
289,3,30,16.8,3.2
289,3,31,17.0,3.5
289,4,1,17.3,3.6
289,4,2,17.3,3.5
289,4,3,17.7,3.5
289,4,4,17.9,3.7
289,4,5,18.1,3.9
289,4,6,18.4,4.1
289,4,7,18.6,4.5
289,4,8,18.4,5.0
289,4,9,18.5,5.4
289,4,10,18.5,5.5
289,4,11,18.3,5.6
289,4,12,18.7,5.6
289,4,13,19.3,5.6
289,4,14,19.9,5.5
289,4,15,20.3,5.5
289,4,16,20.7,5.9
289,4,17,20.9,6.2
289,4,18,20.7,6.5
289,4,19,20.6,7.0
289,4,20,20.7,7.5
289,4,21,20.6,7.7
289,4,22,20.6,7.8
289,4,23,21.0,7.7
289,4,24,21.1,7.6
289,4,25,21.3,7.4
289,4,26,21.6,7.1
289,4,27,21.7,7.3
289,4,28,22.0,7.9
289,4,29,22.3,8.4
289,4,30,22.6,9.0
289,5,1,22.8,9.7
289,5,2,23.4,10.0
289,5,3,23.5,9.8
289,5,4,23.5,9.9
289,5,5,23.6,10.0
289,5,6,23.9,10.1
289,5,7,23.7,10.1
289,5,8,23.6,10.4
289,5,9,23.6,10.2
289,5,10,23.5,10.3
289,5,11,23.4,10.3
289,5,12,23.6,10.5
289,5,13,23.7,10.8
289,5,14,24.0,11.3
289,5,15,24.2,11.4
289,5,16,24.2,11.4
289,5,17,24.3,11.5
289,5,18,24.6,11.5
289,5,19,24.9,11.3
289,5,20,25.3,11.3
289,5,21,25.6,11.6
289,5,22,25.9,11.9
289,5,23,26.0,12.2
289,5,24,26.0,12.5
289,5,25,25.9,12.7
289,5,26,25.8,12.8
289,5,27,26.1,12.8
289,5,28,26.1,12.9
289,5,29,26.5,12.9
289,5,30,26.7,13.1
289,5,31,26.9,13.4
289,6,1,26.7,13.8
289,6,2,27.1,14.0
289,6,3,27.2,14.4
289,6,4,27.3,14.7
289,6,5,27.6,15.0
289,6,6,27.4,15.3
289,6,7,27.3,15.6
289,6,8,27.1,15.9
289,6,9,27.1,16.1
289,6,10,27.0,16.2
289,6,11,27.3,16.3
289,6,12,27.2,16.3
289,6,13,27.4,16.3
289,6,14,27.8,16.2
289,6,15,27.9,16.4
289,6,16,27.8,16.6
289,6,17,28.1,16.8
289,6,18,28.2,17.0
289,6,19,28.1,17.4
289,6,20,28.0,17.6
289,6,21,28.0,17.8
289,6,22,27.7,17.9
289,6,23,27.3,18.0
289,6,24,26.9,18.0
289,6,25,27.0,18.2
289,6,26,27.2,18.4
289,6,27,27.3,18.6
289,6,28,27.4,18.9
289,6,29,27.5,19.2
289,6,30,27.5,19.4
289,7,1,27.5,19.7
289,7,2,27.6,19.8
289,7,3,27.9,19.9
289,7,4,28.1,20.0
289,7,5,28.2,20.0
289,7,6,28.2,19.9
289,7,7,28.3,19.9
289,7,8,28.3,20.1
289,7,9,28.3,20.2
289,7,10,28.2,20.4
289,7,11,28.2,20.6
289,7,12,28.4,20.8
289,7,13,28.4,20.9
289,7,14,28.7,21.0
289,7,15,29.0,21.0
289,7,16,29.2,21.0
289,7,17,29.3,21.0
289,7,18,29.7,21.1
289,7,19,30.0,21.2
289,7,20,30.4,21.5
289,7,21,30.7,21.7
289,7,22,30.8,21.9
289,7,23,30.9,22.0
289,7,24,30.8,22.0
289,7,25,30.8,22.0
289,7,26,30.8,22.0
289,7,27,31.0,22.1
289,7,28,31.2,22.2
289,7,29,31.5,22.3
289,7,30,31.7,22.5
289,7,31,31.9,22.6
289,8,1,31.8,22.7
289,8,2,31.7,22.6
289,8,3,31.7,22.5
289,8,4,31.6,22.5
289,8,5,31.4,22.4
289,8,6,31.5,22.3
289,8,7,31.4,22.4
289,8,8,31.1,22.5
289,8,9,30.9,22.5
289,8,10,30.9,22.4
289,8,11,30.7,22.3
289,8,12,30.5,22.2
289,8,13,30.5,22.0
289,8,14,30.4,21.9
289,8,15,30.4,21.8
289,8,16,30.3,21.7
289,8,17,30.4,21.5
289,8,18,30.2,21.4
289,8,19,30.2,21.3
289,8,20,29.9,21.1
289,8,21,29.7,21.0
289,8,22,29.5,20.8
289,8,23,29.4,20.7
289,8,24,29.1,20.5
289,8,25,28.9,20.3
289,8,26,28.9,20.1
289,8,27,28.8,19.9
289,8,28,28.5,19.7
289,8,29,28.5,19.5
289,8,30,28.6,19.4
289,8,31,28.5,19.2
289,9,1,28.4,19.1
289,9,2,28.6,18.8
289,9,3,28.4,18.6
289,9,4,28.0,18.5
289,9,5,27.9,18.3
289,9,6,27.9,18.0
289,9,7,27.5,17.8
289,9,8,27.6,17.6
289,9,9,27.5,17.4
289,9,10,27.2,17.2
289,9,11,26.9,17.1
289,9,12,26.8,17.0
289,9,13,26.6,16.8
289,9,14,26.6,16.6
289,9,15,26.6,16.4
289,9,16,26.6,16.2
289,9,17,26.7,15.7
289,9,18,26.5,15.4
289,9,19,26.3,15.0
289,9,20,26.0,14.5
289,9,21,25.6,14.1
289,9,22,25.2,14.0
289,9,23,25.2,13.8
289,9,24,25.3,13.5
289,9,25,25.3,13.4
289,9,26,25.3,13.3
289,9,27,24.9,13.1
289,9,28,24.5,13.1
289,9,29,24.3,13.1
289,9,30,24.1,13.2
289,10,1,24.2,12.9
289,10,2,24.3,12.5
289,10,3,24.0,12.0
289,10,4,23.8,11.4
289,10,5,23.5,10.9
289,10,6,23.2,10.7
289,10,7,23.0,10.3
289,10,8,23.2,10.2
289,10,9,23.2,10.2
289,10,10,23.1,10.0
289,10,11,23.0,9.7
289,10,12,22.9,9.6
289,10,13,22.6,9.3
289,10,14,22.3,8.8
289,10,15,22.1,8.4
289,10,16,21.9,8.1
289,10,17,21.6,7.8
289,10,18,21.5,7.6
289,10,19,21.5,7.5
289,10,20,21.2,7.5
289,10,21,20.9,7.5
289,10,22,20.6,7.5
289,10,23,20.4,7.4
289,10,24,20.1,7.0
289,10,25,19.8,6.7
289,10,26,19.6,6.2
289,10,27,19.4,5.9
289,10,28,19.1,5.6
289,10,29,18.7,5.3
289,10,30,18.4,5.2
289,10,31,18.1,5.1
289,11,1,17.9,4.7
289,11,2,17.9,4.3
289,11,3,18.1,4.1
289,11,4,18.4,4.1
289,11,5,18.5,4.1
289,11,6,18.2,4.4
289,11,7,17.9,4.7
289,11,8,17.4,4.8
289,11,9,16.9,4.7
289,11,10,16.4,4.5
289,11,11,16.1,3.9
289,11,12,15.9,3.6
289,11,13,15.6,3.3
289,11,14,15.3,2.7
289,11,15,14.9,2.3
289,11,16,14.4,2.2
289,11,17,13.9,1.7
289,11,18,13.6,1.3
289,11,19,13.2,0.9
289,11,20,13.0,0.5
289,11,21,13.1,0.2
289,11,22,13.1,0.1
289,11,23,13.1,0.0
289,11,24,13.0,0.2
289,11,25,12.7,0.4
289,11,26,12.4,0.3
289,11,27,12.3,0.4
289,11,28,12.1,0.2
289,11,29,12.0,0.0
289,11,30,11.8,-0.4
289,12,1,11.5,-0.5
289,12,2,11.0,-0.9
289,12,3,10.4,-1.1
289,12,4,9.7,-1.4
289,12,5,9.3,-1.6
289,12,6,9.0,-1.9
289,12,7,8.7,-2.3
289,12,8,8.8,-2.5
289,12,9,8.8,-2.4
289,12,10,8.6,-2.5
289,12,11,8.7,-2.6
289,12,12,8.5,-2.6
289,12,13,8.2,-2.7
289,12,14,8.0,-3.1
289,12,15,7.9,-3.1
289,12,16,7.6,-3.3
289,12,17,7.6,-3.5
289,12,18,7.7,-3.5
289,12,19,7.8,-3.3
289,12,20,8.0,-3.4
289,12,21,8.2,-3.1
289,12,22,8.3,-3.0
289,12,23,8.1,-3.1
289,12,24,7.9,-3.2
289,12,25,7.6,-3.4
289,12,26,7.3,-3.9
289,12,27,7.1,-4.1
289,12,28,6.9,-4.3
289,12,29,6.8,-4.6
289,12,30,6.6,-4.6
289,12,31,6.7,-4.5
294,1,1,8.0,-1.4
294,1,2,8.0,-1.3
294,1,3,8.0,-1.3
294,1,4,8.0,-1.1
294,1,5,7.9,-1.1
294,1,6,7.7,-1.1
294,1,7,7.5,-1.2
294,1,8,7.4,-1.3
294,1,9,7.3,-1.4
294,1,10,7.1,-1.5
294,1,11,7.0,-1.4
294,1,12,7.0,-1.3
294,1,13,7.0,-1.2
294,1,14,7.0,-1.3
294,1,15,7.1,-1.3
294,1,16,7.3,-1.4
294,1,17,7.4,-1.5
294,1,18,7.3,-1.3
294,1,19,7.3,-1.2
294,1,20,7.1,-1.3
294,1,21,6.8,-1.4
294,1,22,6.6,-1.6
294,1,23,6.6,-1.8
294,1,24,6.6,-1.9
294,1,25,6.8,-2.0
294,1,26,7.0,-1.9
294,1,27,7.3,-1.8
294,1,28,7.4,-1.7
294,1,29,7.5,-1.7
294,1,30,7.6,-1.6
294,1,31,7.5,-1.8
294,2,1,7.6,-1.9
294,2,2,7.7,-1.9
294,2,3,7.8,-1.9
294,2,4,7.9,-1.9
294,2,5,8.2,-1.7
294,2,6,8.3,-1.6
294,2,7,8.3,-1.5
294,2,8,8.3,-1.3
294,2,9,8.4,-1.2
294,2,10,8.3,-1.0
294,2,11,8.7,-0.7
294,2,12,9.2,-0.3
294,2,13,9.5,-0.1
294,2,14,9.5,0.1
294,2,15,9.6,0.2
294,2,16,9.4,0.1
294,2,17,9.4,0.0
294,2,18,9.6,-0.1
294,2,19,9.7,-0.1
294,2,20,10.0,-0.1
294,2,21,10.3,0.1
294,2,22,10.4,0.3
294,2,23,10.6,0.7
294,2,24,10.8,1.0
294,2,25,11.0,1.3
294,2,26,11.1,1.7
294,2,27,11.3,1.8
294,2,28,11.2,1.7
294,2,29,11.3,1.7
294,3,1,11.3,1.7
294,3,2,11.3,1.7
294,3,3,11.4,1.7
294,3,4,11.6,1.9
294,3,5,11.6,2.1
294,3,6,11.7,2.1
294,3,7,11.9,2.2
294,3,8,11.9,2.2
294,3,9,11.9,2.1
294,3,10,12.2,2.0
294,3,11,12.7,2.3
294,3,12,12.9,2.5
294,3,13,13.0,2.6
294,3,14,13.3,3.0
294,3,15,13.6,3.3
294,3,16,13.7,3.7
294,3,17,14.0,4.0
294,3,18,14.3,4.3
294,3,19,14.5,4.4
294,3,20,14.4,4.7
294,3,21,14.4,4.7
294,3,22,14.0,4.6
294,3,23,14.0,4.5
294,3,24,13.9,4.5
294,3,25,14.3,4.5
294,3,26,14.7,4.7
294,3,27,15.1,5.0
294,3,28,15.5,5.3
294,3,29,16.0,5.6
294,3,30,16.1,5.7
294,3,31,16.2,5.8
294,4,1,16.5,5.8
294,4,2,16.6,5.7
294,4,3,16.7,5.9
294,4,4,16.8,6.2
294,4,5,16.9,6.4
294,4,6,17.2,6.7
294,4,7,17.5,7.2
294,4,8,17.5,7.4
294,4,9,17.6,7.6
294,4,10,17.7,7.7
294,4,11,17.5,7.8
294,4,12,17.7,7.8
294,4,13,18.0,7.9
294,4,14,18.4,8.0
294,4,15,18.7,8.1
294,4,16,19.1,8.5
294,4,17,19.2,8.6
294,4,18,19.2,8.8
294,4,19,19.2,9.1
294,4,20,19.3,9.5
294,4,21,19.3,9.6
294,4,22,19.4,9.8
294,4,23,19.7,9.8
294,4,24,19.9,9.7
294,4,25,20.0,9.4
294,4,26,20.3,9.2
294,4,27,20.2,9.5
294,4,28,20.3,10.1
294,4,29,20.4,10.7
294,4,30,20.6,11.2
294,5,1,20.8,11.8
294,5,2,21.3,11.9
294,5,3,21.7,11.8
294,5,4,21.7,11.9
294,5,5,21.8,12.1
294,5,6,22.1,12.1
294,5,7,22.0,12.2
294,5,8,21.8,12.3
294,5,9,21.9,12.2
294,5,10,21.8,12.1
294,5,11,21.7,12.2
294,5,12,21.8,12.2
294,5,13,22.0,12.4
294,5,14,22.3,12.8
294,5,15,22.7,12.9
294,5,16,22.8,12.9
294,5,17,23.0,13.1
294,5,18,23.3,13.1
294,5,19,23.5,13.1
294,5,20,23.8,13.2
294,5,21,24.1,13.5
294,5,22,24.3,13.7
294,5,23,24.5,13.9
294,5,24,24.6,14.2
294,5,25,24.6,14.2
294,5,26,24.4,14.3
294,5,27,24.6,14.4
294,5,28,24.6,14.5
294,5,29,24.7,14.3
294,5,30,24.9,14.5
294,5,31,25.1,14.7
294,6,1,25.0,14.9
294,6,2,25.3,15.0
294,6,3,25.4,15.4
294,6,4,25.5,15.6
294,6,5,25.6,15.7
294,6,6,25.6,15.8
294,6,7,25.4,16.1
294,6,8,25.4,16.3
294,6,9,25.3,16.6
294,6,10,25.3,16.8
294,6,11,25.6,17.0
294,6,12,25.7,17.0
294,6,13,25.8,17.0
294,6,14,26.0,17.0
294,6,15,26.1,17.1
294,6,16,26.0,17.2
294,6,17,26.2,17.5
294,6,18,26.4,17.7
294,6,19,26.3,18.0
294,6,20,26.2,18.3
294,6,21,26.2,18.4
294,6,22,26.1,18.4
294,6,23,25.8,18.5
294,6,24,25.6,18.6
294,6,25,25.7,18.8
294,6,26,25.8,19.0
294,6,27,25.8,19.3
294,6,28,25.9,19.5
294,6,29,26.0,19.8
294,6,30,26.1,20.0
294,7,1,26.3,20.4
294,7,2,26.4,20.6
294,7,3,26.6,20.7
294,7,4,26.6,20.5
294,7,5,26.7,20.5
294,7,6,26.6,20.5
294,7,7,26.7,20.5
294,7,8,26.9,20.7
294,7,9,27.0,21.0
294,7,10,27.1,21.3
294,7,11,27.2,21.5
294,7,12,27.3,21.7
294,7,13,27.4,21.9
294,7,14,27.5,22.0
294,7,15,27.8,22.1
294,7,16,28.1,22.0
294,7,17,28.3,22.0
294,7,18,28.6,22.1
294,7,19,28.9,22.3
294,7,20,29.2,22.5
294,7,21,29.4,22.8
294,7,22,29.5,23.1
294,7,23,29.6,23.2
294,7,24,29.7,23.2
294,7,25,29.8,23.2
294,7,26,29.9,23.3
294,7,27,30.0,23.4
294,7,28,30.2,23.5
294,7,29,30.4,23.6
294,7,30,30.6,23.8
294,7,31,30.8,23.9
294,8,1,30.7,24.0
294,8,2,30.7,24.0
294,8,3,30.7,24.0
294,8,4,30.8,23.8
294,8,5,30.7,23.8
294,8,6,30.9,23.7
294,8,7,30.8,23.8
294,8,8,30.7,23.8
294,8,9,30.6,23.8
294,8,10,30.6,23.8
294,8,11,30.3,23.7
294,8,12,30.3,23.6
294,8,13,30.2,23.5
294,8,14,30.0,23.4
294,8,15,30.0,23.2
294,8,16,30.0,23.1
294,8,17,30.1,22.9
294,8,18,30.0,22.8
294,8,19,30.0,22.7
294,8,20,29.8,22.6
294,8,21,29.6,22.5
294,8,22,29.4,22.4
294,8,23,29.3,22.3
294,8,24,29.2,22.1
294,8,25,29.1,22.0
294,8,26,29.1,21.9
294,8,27,29.0,21.7
294,8,28,28.8,21.6
294,8,29,28.7,21.5
294,8,30,28.7,21.3
294,8,31,28.5,21.1
294,9,1,28.3,21.0
294,9,2,28.3,20.7
294,9,3,28.2,20.5
294,9,4,27.8,20.4
294,9,5,27.7,20.2
294,9,6,27.7,19.9
294,9,7,27.5,19.8
294,9,8,27.4,19.6
294,9,9,27.4,19.4
294,9,10,27.3,19.3
294,9,11,27.1,19.1
294,9,12,26.9,18.9
294,9,13,26.8,18.8
294,9,14,26.6,18.7
294,9,15,26.5,18.5
294,9,16,26.4,18.3
294,9,17,26.4,18.2
294,9,18,26.3,18.0
294,9,19,26.2,17.7
294,9,20,25.9,17.4
294,9,21,25.6,17.1
294,9,22,25.4,16.8
294,9,23,25.4,16.6
294,9,24,25.4,16.4
294,9,25,25.4,16.1
294,9,26,25.3,16.1
294,9,27,25.0,16.0
294,9,28,24.7,16.0
294,9,29,24.5,15.9
294,9,30,24.4,15.8
294,10,1,24.4,15.6
294,10,2,24.4,15.3
294,10,3,24.3,15.0
294,10,4,24.1,14.6
294,10,5,23.8,14.4
294,10,6,23.5,14.1
294,10,7,23.4,13.9
294,10,8,23.5,13.7
294,10,9,23.4,13.7
294,10,10,23.3,13.6
294,10,11,23.3,13.3
294,10,12,23.1,13.3
294,10,13,22.8,13.0
294,10,14,22.5,12.5
294,10,15,22.3,12.2
294,10,16,22.0,12.0
294,10,17,21.8,11.7
294,10,18,21.6,11.6
294,10,19,21.5,11.6
294,10,20,21.3,11.6
294,10,21,21.0,11.6
294,10,22,20.8,11.4
294,10,23,20.7,11.2
294,10,24,20.4,10.9
294,10,25,20.3,10.4
294,10,26,20.1,10.0
294,10,27,19.9,9.6
294,10,28,19.6,9.3
294,10,29,19.3,9.1
294,10,30,18.9,8.9
294,10,31,18.6,8.7
294,11,1,18.4,8.4
294,11,2,18.3,8.0
294,11,3,18.4,8.0
294,11,4,18.6,8.1
294,11,5,18.8,8.3
294,11,6,18.7,8.6
294,11,7,18.5,8.8
294,11,8,18.1,8.8
294,11,9,17.6,8.5
294,11,10,17.2,8.1
294,11,11,16.9,7.7
294,11,12,16.7,7.4
294,11,13,16.4,7.0
294,11,14,16.0,6.5
294,11,15,15.7,6.1
294,11,16,15.2,5.7
294,11,17,14.8,5.3
294,11,18,14.5,4.9
294,11,19,14.3,4.5
294,11,20,14.0,4.2
294,11,21,14.0,4.0
294,11,22,14.0,3.9
294,11,23,14.0,3.9
294,11,24,13.9,4.1
294,11,25,13.7,4.1
294,11,26,13.4,4.0
294,11,27,13.2,4.0
294,11,28,13.0,3.8
294,11,29,12.8,3.6
294,11,30,12.6,3.3
294,12,1,12.4,3.1
294,12,2,12.0,2.6
294,12,3,11.6,2.2
294,12,4,11.0,1.8
294,12,5,10.6,1.6
294,12,6,10.3,1.3
294,12,7,10.1,1.1
294,12,8,10.1,1.0
294,12,9,10.2,1.0
294,12,10,10.0,0.8
294,12,11,9.9,0.7
294,12,12,9.7,0.6
294,12,13,9.4,0.4
294,12,14,9.1,0.0
294,12,15,9.0,-0.1
294,12,16,8.8,-0.2
294,12,17,8.8,-0.3
294,12,18,8.9,-0.2
294,12,19,9.1,-0.1
294,12,20,9.3,0.0
294,12,21,9.5,0.1
294,12,22,9.6,0.2
294,12,23,9.4,0.1
294,12,24,9.2,0.1
294,12,25,8.8,-0.2
294,12,26,8.4,-0.5
294,12,27,8.2,-0.8
294,12,28,7.9,-1.1
294,12,29,7.8,-1.3
294,12,30,7.7,-1.5
294,12,31,7.9,-1.4
295,1,1,7.7,-1.9
295,1,2,7.7,-1.8
295,1,3,7.6,-1.8
295,1,4,7.6,-1.6
295,1,5,7.4,-1.6
295,1,6,7.1,-1.7
295,1,7,6.9,-1.8
295,1,8,6.9,-1.9
295,1,9,6.8,-2.0
295,1,10,6.7,-2.1
295,1,11,6.6,-1.9
295,1,12,6.6,-1.8
295,1,13,6.6,-1.9
295,1,14,6.6,-1.9
295,1,15,6.6,-1.9
295,1,16,6.9,-2.2
295,1,17,6.9,-2.2
295,1,18,7.0,-1.9
295,1,19,6.9,-1.9
295,1,20,6.7,-1.9
295,1,21,6.4,-1.8
295,1,22,6.2,-2.0
295,1,23,6.1,-2.3
295,1,24,6.1,-2.4
295,1,25,6.4,-2.5
295,1,26,6.7,-2.5
295,1,27,6.9,-2.3
295,1,28,7.1,-2.2
295,1,29,7.2,-2.1
295,1,30,7.2,-2.1
295,1,31,7.3,-2.3
295,2,1,7.4,-2.4
295,2,2,7.5,-2.5
295,2,3,7.6,-2.4
295,2,4,7.8,-2.3
295,2,5,8.1,-2.1
295,2,6,8.0,-1.9
295,2,7,8.0,-1.8
295,2,8,8.1,-1.7
295,2,9,8.2,-1.6
295,2,10,8.1,-1.4
295,2,11,8.6,-1.3
295,2,12,9.1,-0.9
295,2,13,9.4,-0.7
295,2,14,9.4,-0.5
295,2,15,9.4,-0.5
295,2,16,9.2,-0.5
295,2,17,9.1,-0.6
295,2,18,9.4,-0.7
295,2,19,9.5,-0.7
295,2,20,9.9,-0.7
295,2,21,10.2,-0.4
295,2,22,10.4,-0.3
295,2,23,10.5,0.2
295,2,24,10.7,0.6
295,2,25,10.9,0.9
295,2,26,11.0,1.3
295,2,27,11.1,1.5
295,2,28,11.1,1.4
295,2,29,11.2,1.4
295,3,1,11.3,1.4
295,3,2,11.2,1.4
295,3,3,11.4,1.4
295,3,4,11.6,1.5
295,3,5,11.5,1.7
295,3,6,11.6,1.8
295,3,7,11.9,1.9
295,3,8,12.0,2.0
295,3,9,12.1,1.9
295,3,10,12.5,1.9
295,3,11,12.9,2.0
295,3,12,13.1,2.2
295,3,13,13.3,2.4
295,3,14,13.4,2.8
295,3,15,13.8,3.1
295,3,16,13.9,3.4
295,3,17,14.3,3.7
295,3,18,14.6,3.9
295,3,19,14.8,4.0
295,3,20,14.7,4.1
295,3,21,14.7,4.1
295,3,22,14.4,4.1
295,3,23,14.2,4.1
295,3,24,14.4,4.2
295,3,25,14.8,4.3
295,3,26,15.2,4.5
295,3,27,15.6,4.8
295,3,28,16.1,5.1
295,3,29,16.4,5.3
295,3,30,16.5,5.4
295,3,31,16.6,5.4
295,4,1,17.0,5.4
295,4,2,17.0,5.4
295,4,3,17.3,5.6
295,4,4,17.5,5.9
295,4,5,17.6,6.2
295,4,6,17.9,6.5
295,4,7,18.2,7.0
295,4,8,18.1,7.2
295,4,9,18.2,7.5
295,4,10,18.2,7.6
295,4,11,18.1,7.7
295,4,12,18.3,7.7
295,4,13,18.8,7.8
295,4,14,19.2,7.8
295,4,15,19.5,8.1
295,4,16,19.9,8.4
295,4,17,20.1,8.7
295,4,18,19.9,8.8
295,4,19,19.9,9.2
295,4,20,20.0,9.5
295,4,21,19.9,9.6
295,4,22,20.1,9.7
295,4,23,20.3,9.8
295,4,24,20.5,9.7
295,4,25,20.7,9.5
295,4,26,20.9,9.4
295,4,27,20.9,9.7
295,4,28,21.1,10.2
295,4,29,21.3,10.6
295,4,30,21.5,11.1
295,5,1,21.8,11.7
295,5,2,22.3,11.8
295,5,3,22.5,11.7
295,5,4,22.5,11.7
295,5,5,22.6,11.9
295,5,6,22.9,11.9
295,5,7,22.8,12.0
295,5,8,22.7,12.2
295,5,9,22.7,12.2
295,5,10,22.6,12.2
295,5,11,22.6,12.2
295,5,12,22.7,12.3
295,5,13,22.8,12.6
295,5,14,23.2,12.9
295,5,15,23.5,13.0
295,5,16,23.5,13.1
295,5,17,23.6,13.3
295,5,18,24.0,13.3
295,5,19,24.2,13.3
295,5,20,24.6,13.4
295,5,21,24.9,13.7
295,5,22,25.1,14.0
295,5,23,25.3,14.2
295,5,24,25.3,14.4
295,5,25,25.2,14.6
295,5,26,25.0,14.7
295,5,27,25.4,14.7
295,5,28,25.4,14.9
295,5,29,25.5,14.8
295,5,30,25.7,14.9
295,5,31,25.8,15.1
295,6,1,25.7,15.3
295,6,2,26.0,15.5
295,6,3,26.1,15.8
295,6,4,26.3,16.1
295,6,5,26.5,16.2
295,6,6,26.3,16.3
295,6,7,26.2,16.5
295,6,8,26.1,16.7
295,6,9,26.1,17.0
295,6,10,26.1,17.1
295,6,11,26.4,17.3
295,6,12,26.4,17.4
295,6,13,26.5,17.4
295,6,14,26.7,17.5
295,6,15,26.8,17.6
295,6,16,26.7,17.7
295,6,17,27.0,17.9
295,6,18,27.0,18.1
295,6,19,27.0,18.4
295,6,20,26.9,18.7
295,6,21,27.0,18.7
295,6,22,26.8,18.8
295,6,23,26.5,18.8
295,6,24,26.4,18.9
295,6,25,26.4,19.0
295,6,26,26.5,19.2
295,6,27,26.6,19.4
295,6,28,26.7,19.6
295,6,29,26.8,19.9
295,6,30,26.9,20.1
295,7,1,27.1,20.5
295,7,2,27.2,20.7
295,7,3,27.6,20.9
295,7,4,27.6,20.8
295,7,5,27.7,20.8
295,7,6,27.6,20.7
295,7,7,27.7,20.8
295,7,8,27.7,20.9
295,7,9,27.9,21.1
295,7,10,27.9,21.3
295,7,11,28.0,21.5
295,7,12,28.3,21.7
295,7,13,28.3,21.9
295,7,14,28.5,22.0
295,7,15,28.8,22.1
295,7,16,29.1,22.1
295,7,17,29.2,22.1
295,7,18,29.5,22.2
295,7,19,29.8,22.3
295,7,20,30.1,22.5
295,7,21,30.4,22.8
295,7,22,30.5,23.0
295,7,23,30.6,23.0
295,7,24,30.7,23.0
295,7,25,30.7,23.0
295,7,26,30.7,23.1
295,7,27,30.8,23.2
295,7,28,31.0,23.3
295,7,29,31.3,23.5
295,7,30,31.4,23.7
295,7,31,31.6,23.7
295,8,1,31.5,23.8
295,8,2,31.4,23.7
295,8,3,31.4,23.7
295,8,4,31.4,23.6
295,8,5,31.2,23.6
295,8,6,31.4,23.6
295,8,7,31.4,23.7
295,8,8,31.2,23.8
295,8,9,31.1,23.8
295,8,10,31.1,23.8
295,8,11,30.9,23.7
295,8,12,30.7,23.6
295,8,13,30.7,23.5
295,8,14,30.6,23.4
295,8,15,30.6,23.3
295,8,16,30.6,23.2
295,8,17,30.7,23.1
295,8,18,30.5,22.9
295,8,19,30.5,22.9
295,8,20,30.3,22.7
295,8,21,30.0,22.6
295,8,22,29.8,22.4
295,8,23,29.8,22.3
295,8,24,29.5,22.1
295,8,25,29.4,22.0
295,8,26,29.4,21.8
295,8,27,29.3,21.7
295,8,28,29.1,21.6
295,8,29,29.0,21.4
295,8,30,29.0,21.3
295,8,31,28.7,21.1
295,9,1,28.6,21.0
295,9,2,28.6,20.7
295,9,3,28.5,20.6
295,9,4,28.1,20.4
295,9,5,28.0,20.2
295,9,6,28.0,20.1
295,9,7,27.8,19.9
295,9,8,27.7,19.7
295,9,9,27.7,19.6
295,9,10,27.5,19.5
295,9,11,27.2,19.3
295,9,12,27.0,19.2
295,9,13,26.8,19.1
295,9,14,26.7,18.9
295,9,15,26.7,18.7
295,9,16,26.7,18.6
295,9,17,26.8,18.3
295,9,18,26.6,18.1
295,9,19,26.4,17.8
295,9,20,26.2,17.5
295,9,21,25.7,17.2
295,9,22,25.4,17.0
295,9,23,25.4,16.8
295,9,24,25.4,16.6
295,9,25,25.3,16.4
295,9,26,25.3,16.4
295,9,27,25.0,16.3
295,9,28,24.7,16.2
295,9,29,24.5,16.2
295,9,30,24.5,16.0
295,10,1,24.6,15.8
295,10,2,24.7,15.5
295,10,3,24.5,15.2
295,10,4,24.3,14.8
295,10,5,23.9,14.6
295,10,6,23.6,14.4
295,10,7,23.3,14.2
295,10,8,23.3,14.0
295,10,9,23.3,14.0
295,10,10,23.3,13.9
295,10,11,23.2,13.6
295,10,12,23.1,13.4
295,10,13,22.9,13.2
295,10,14,22.4,12.7
295,10,15,22.2,12.3
295,10,16,22.0,12.1
295,10,17,21.7,11.9
295,10,18,21.6,11.8
295,10,19,21.6,11.7
295,10,20,21.4,11.7
295,10,21,21.1,11.6
295,10,22,20.9,11.4
295,10,23,20.7,11.1
295,10,24,20.3,10.8
295,10,25,20.2,10.5
295,10,26,20.0,10.1
295,10,27,19.8,9.7
295,10,28,19.4,9.5
295,10,29,19.1,9.2
295,10,30,18.7,8.9
295,10,31,18.4,8.6
295,11,1,18.2,8.3
295,11,2,18.0,8.0
295,11,3,18.2,8.0
295,11,4,18.4,8.1
295,11,5,18.5,8.3
295,11,6,18.3,8.5
295,11,7,18.2,8.6
295,11,8,17.8,8.5
295,11,9,17.4,8.2
295,11,10,17.0,7.8
295,11,11,16.7,7.4
295,11,12,16.4,7.1
295,11,13,16.1,6.7
295,11,14,15.7,6.3
295,11,15,15.3,6.0
295,11,16,14.8,5.5
295,11,17,14.4,5.1
295,11,18,14.1,4.8
295,11,19,13.8,4.4
295,11,20,13.6,4.0
295,11,21,13.6,3.8
295,11,22,13.5,3.7
295,11,23,13.6,3.7
295,11,24,13.5,3.9
295,11,25,13.3,3.8
295,11,26,13.1,3.7
295,11,27,12.9,3.7
295,11,28,12.7,3.5
295,11,29,12.5,3.2
295,11,30,12.3,3.0
295,12,1,12.0,2.8
295,12,2,11.6,2.3
295,12,3,11.1,1.9
295,12,4,10.5,1.5
295,12,5,10.1,1.1
295,12,6,9.8,0.8
295,12,7,9.6,0.6
295,12,8,9.6,0.5
295,12,9,9.7,0.6
295,12,10,9.5,0.4
295,12,11,9.4,0.4
295,12,12,9.2,0.2
295,12,13,9.0,0.0
295,12,14,8.7,-0.3
295,12,15,8.7,-0.4
295,12,16,8.5,-0.7
295,12,17,8.4,-0.8
295,12,18,8.5,-0.7
295,12,19,8.6,-0.6
295,12,20,8.8,-0.5
295,12,21,9.0,-0.2
295,12,22,9.2,-0.1
295,12,23,9.1,-0.2
295,12,24,8.8,-0.4
295,12,25,8.4,-0.7
295,12,26,8.0,-1.0
295,12,27,7.7,-1.4
295,12,28,7.5,-1.7
295,12,29,7.4,-2.0
295,12,30,7.4,-2.1
295,12,31,7.5,-2.0
400,1,1,2.4,-4.7
400,1,2,2.4,-4.7
400,1,3,2.6,-4.6
400,1,4,2.6,-4.6
400,1,5,2.5,-4.8
400,1,6,2.4,-4.9
400,1,7,2.1,-5.0
400,1,8,1.9,-5.0
400,1,9,1.8,-5.1
400,1,10,1.8,-5.1
400,1,11,1.6,-5.2
400,1,12,1.8,-5.1
400,1,13,1.9,-5.0
400,1,14,2.1,-4.9
400,1,15,2.4,-4.6
400,1,16,2.8,-4.3
400,1,17,3.1,-4.0
400,1,18,3.3,-3.7
400,1,19,3.2,-3.8
400,1,20,3.0,-4.0
400,1,21,2.7,-4.5
400,1,22,2.3,-5.0
400,1,23,1.9,-5.6
400,1,24,1.9,-5.5
400,1,25,2.0,-5.5
400,1,26,2.2,-5.3
400,1,27,2.6,-4.9
400,1,28,3.0,-4.5
400,1,29,3.1,-4.3
400,1,30,3.1,-4.3
400,1,31,3.1,-4.4
400,2,1,3.0,-4.5
400,2,2,3.0,-4.5
400,2,3,3.2,-4.5
400,2,4,3.4,-4.2
400,2,5,3.6,-3.9
400,2,6,3.7,-3.8
400,2,7,3.6,-3.8
400,2,8,3.8,-3.6
400,2,9,3.9,-3.7
400,2,10,3.7,-3.5
400,2,11,4.3,-3.1
400,2,12,4.8,-2.7
400,2,13,5.1,-2.4
400,2,14,5.2,-2.3
400,2,15,5.4,-2.3
400,2,16,5.3,-2.3
400,2,17,5.5,-2.3
400,2,18,5.9,-2.2
400,2,19,6.3,-1.8
400,2,20,7.1,-1.2
400,2,21,7.6,-0.9
400,2,22,8.0,-0.5
400,2,23,8.1,0.0
400,2,24,8.5,0.3
400,2,25,8.5,0.4
400,2,26,8.7,0.7
400,2,27,8.8,0.9
400,2,28,8.7,0.7
400,2,29,8.7,0.7
400,3,1,8.7,0.7
400,3,2,8.9,0.9
400,3,3,9.0,1.0
400,3,4,8.9,0.9
400,3,5,9.0,1.0
400,3,6,8.9,0.9
400,3,7,9.2,0.9
400,3,8,9.3,1.0
400,3,9,9.5,1.1
400,3,10,10.0,1.2
400,3,11,10.4,1.5
400,3,12,10.4,1.9
400,3,13,10.9,2.0
400,3,14,11.4,2.5
400,3,15,12.1,2.9
400,3,16,12.6,3.5
400,3,17,13.0,3.8
400,3,18,13.3,4.0
400,3,19,13.6,4.1
400,3,20,13.3,4.2
400,3,21,13.0,4.0
400,3,22,12.7,3.8
400,3,23,12.5,3.7
400,3,24,12.5,3.8
400,3,25,12.8,4.1
400,3,26,13.2,4.3
400,3,27,13.5,4.7
400,3,28,13.9,5.1
400,3,29,14.3,5.4
400,3,30,14.8,5.3
400,3,31,15.0,5.7
400,4,1,15.3,5.9
400,4,2,15.8,6.0
400,4,3,16.1,6.3
400,4,4,16.0,6.6
400,4,5,16.2,6.7
400,4,6,16.7,6.9
400,4,7,16.7,7.3
400,4,8,17.0,7.6
400,4,9,17.4,8.0
400,4,10,17.8,8.3
400,4,11,17.8,8.5
400,4,12,17.9,8.6
400,4,13,18.2,8.7
400,4,14,18.4,8.8
400,4,15,18.7,8.9
400,4,16,19.3,9.2
400,4,17,19.7,9.5
400,4,18,19.7,9.8
400,4,19,19.8,10.1
400,4,20,19.9,10.4
400,4,21,19.5,10.4
400,4,22,19.5,10.4
400,4,23,19.6,10.3
400,4,24,19.4,10.1
400,4,25,19.5,10.0
400,4,26,19.9,10.1
400,4,27,20.2,10.3
400,4,28,20.7,10.9
400,4,29,21.5,11.6
400,4,30,22.4,12.3
400,5,1,22.7,12.8
400,5,2,23.3,13.3
400,5,3,23.6,13.4
400,5,4,23.4,13.2
400,5,5,23.3,13.0
400,5,6,23.7,13.1
400,5,7,23.6,13.0
400,5,8,23.1,13.0
400,5,9,23.2,13.1
400,5,10,22.9,13.3
400,5,11,22.7,13.2
400,5,12,23.0,13.5
400,5,13,23.4,13.8
400,5,14,23.6,14.0
400,5,15,24.1,14.3
400,5,16,24.2,14.5
400,5,17,23.9,14.6
400,5,18,24.0,14.5
400,5,19,24.3,14.6
400,5,20,24.7,14.8
400,5,21,25.1,15.2
400,5,22,25.5,15.4
400,5,23,25.8,15.7
400,5,24,25.9,16.0
400,5,25,25.9,16.1
400,5,26,26.0,16.2
400,5,27,26.2,16.5
400,5,28,26.3,16.7
400,5,29,26.5,16.7
400,5,30,26.7,16.9
400,5,31,26.8,17.0
400,6,1,27.0,17.1
400,6,2,27.4,17.4
400,6,3,27.4,17.8
400,6,4,27.6,18.1
400,6,5,27.7,18.4
400,6,6,27.7,18.7
400,6,7,27.9,18.8
400,6,8,28.1,19.0
400,6,9,28.2,19.1
400,6,10,28.3,19.1
400,6,11,28.4,19.1
400,6,12,28.2,19.2
400,6,13,28.2,19.1
400,6,14,28.4,19.1
400,6,15,28.6,19.3
400,6,16,28.8,19.6
400,6,17,28.9,19.9
400,6,18,29.1,20.2
400,6,19,29.1,20.4
400,6,20,29.3,20.5
400,6,21,29.2,20.5
400,6,22,29.0,20.4
400,6,23,28.9,20.4
400,6,24,28.7,20.4
400,6,25,28.4,20.4
400,6,26,28.7,20.6
400,6,27,28.9,20.9
400,6,28,29.0,21.1
400,6,29,29.0,21.4
400,6,30,28.9,21.6
400,7,1,28.6,21.7
400,7,2,28.7,21.8
400,7,3,28.8,21.7
400,7,4,29.2,21.8
400,7,5,29.5,21.9
400,7,6,29.8,22.0
400,7,7,29.8,22.1
400,7,8,29.8,22.3
400,7,9,29.7,22.3
400,7,10,29.4,22.2
400,7,11,29.3,22.3
400,7,12,29.3,22.4
400,7,13,29.3,22.4
400,7,14,29.1,22.4
400,7,15,29.2,22.5
400,7,16,29.4,22.5
400,7,17,29.5,22.6
400,7,18,29.9,22.8
400,7,19,30.4,23.3
400,7,20,30.8,23.6
400,7,21,30.7,23.8
400,7,22,30.7,24.0
400,7,23,30.7,24.0
400,7,24,30.7,23.9
400,7,25,30.7,23.9
400,7,26,30.7,23.9
400,7,27,30.9,24.1
400,7,28,31.0,24.2
400,7,29,31.0,24.5
400,7,30,31.3,24.6
400,7,31,31.6,24.7
400,8,1,31.8,24.9
400,8,2,31.9,24.9
400,8,3,32.2,24.9
400,8,4,32.3,24.9
400,8,5,32.2,24.8
400,8,6,32.3,24.7
400,8,7,32.4,24.8
400,8,8,32.1,24.7
400,8,9,32.0,24.6
400,8,10,31.9,24.5
400,8,11,31.8,24.4
400,8,12,31.6,24.4
400,8,13,31.5,24.3
400,8,14,31.4,24.2
400,8,15,31.5,24.2
400,8,16,31.3,24.1
400,8,17,31.0,23.8
400,8,18,30.8,23.6
400,8,19,30.7,23.4
400,8,20,30.5,23.3
400,8,21,30.3,23.1
400,8,22,30.3,22.9
400,8,23,30.1,22.7
400,8,24,29.9,22.6
400,8,25,29.7,22.4
400,8,26,29.6,22.2
400,8,27,29.5,22.1
400,8,28,29.4,22.0
400,8,29,29.4,21.8
400,8,30,29.5,21.6
400,8,31,29.3,21.4
400,9,1,29.3,21.2
400,9,2,29.3,21.0
400,9,3,29.0,20.9
400,9,4,28.7,20.6
400,9,5,28.5,20.5
400,9,6,28.3,20.4
400,9,7,27.9,20.2
400,9,8,27.9,20.0
400,9,9,27.7,19.9
400,9,10,27.5,19.8
400,9,11,27.3,19.5
400,9,12,27.2,19.4
400,9,13,27.0,19.4
400,9,14,27.1,19.2
400,9,15,27.2,19.0
400,9,16,27.1,18.9
400,9,17,27.0,18.6
400,9,18,26.7,18.2
400,9,19,26.2,17.9
400,9,20,25.8,17.5
400,9,21,25.6,17.2
400,9,22,25.4,17.1
400,9,23,25.5,16.9
400,9,24,25.8,16.9
400,9,25,25.9,16.9
400,9,26,25.7,16.9
400,9,27,25.3,16.7
400,9,28,24.9,16.5
400,9,29,24.4,16.2
400,9,30,23.8,15.8
400,10,1,23.5,15.4
400,10,2,23.3,15.0
400,10,3,23.2,14.6
400,10,4,23.3,14.4
400,10,5,23.4,14.3
400,10,6,23.3,14.2
400,10,7,23.3,14.1
400,10,8,23.0,14.1
400,10,9,22.7,13.9
400,10,10,22.1,13.5
400,10,11,21.8,13.0
400,10,12,21.4,12.7
400,10,13,21.0,12.1
400,10,14,20.8,11.7
400,10,15,20.6,11.4
400,10,16,20.5,11.4
400,10,17,20.5,11.2
400,10,18,20.6,11.3
400,10,19,20.7,11.3
400,10,20,20.5,11.4
400,10,21,20.2,11.2
400,10,22,20.0,11.0
400,10,23,19.5,10.7
400,10,24,18.9,10.3
400,10,25,18.5,9.9
400,10,26,18.2,9.5
400,10,27,17.5,9.1
400,10,28,17.0,8.5
400,10,29,16.8,8.1
400,10,30,16.4,7.8
400,10,31,16.0,7.5
400,11,1,16.0,7.2
400,11,2,16.0,7.3
400,11,3,16.1,7.4
400,11,4,16.3,7.6
400,11,5,16.5,7.7
400,11,6,16.3,7.7
400,11,7,15.9,7.7
400,11,8,15.4,7.5
400,11,9,14.8,7.1
400,11,10,14.2,6.6
400,11,11,13.9,6.3
400,11,12,13.5,5.9
400,11,13,12.9,5.4
400,11,14,12.4,4.8
400,11,15,11.9,4.3
400,11,16,11.1,3.7
400,11,17,10.6,3.0
400,11,18,10.3,2.5
400,11,19,10.0,2.3
400,11,20,9.9,2.1
400,11,21,10.2,2.2
400,11,22,10.3,2.6
400,11,23,10.4,2.6
400,11,24,10.3,2.5
400,11,25,9.9,2.5
400,11,26,9.5,2.4
400,11,27,9.1,2.2
400,11,28,8.9,2.0
400,11,29,8.7,1.8
400,11,30,8.5,1.5
400,12,1,8.1,1.1
400,12,2,7.7,0.4
400,12,3,7.0,-0.2
400,12,4,6.4,-0.8
400,12,5,5.8,-1.3
400,12,6,5.4,-1.6
400,12,7,5.1,-1.8
400,12,8,5.2,-1.8
400,12,9,5.1,-1.7
400,12,10,4.9,-1.9
400,12,11,4.8,-2.2
400,12,12,4.6,-2.4
400,12,13,4.2,-2.5
400,12,14,4.0,-2.9
400,12,15,3.9,-3.1
400,12,16,3.7,-3.2
400,12,17,3.8,-3.2
400,12,18,3.9,-3.3
400,12,19,4.2,-3.1
400,12,20,4.6,-2.7
400,12,21,5.1,-2.4
400,12,22,5.1,-2.3
400,12,23,4.9,-2.5
400,12,24,4.3,-3.0
400,12,25,3.6,-3.8
400,12,26,3.0,-4.2
400,12,27,2.7,-4.6
400,12,28,2.5,-4.8
400,12,29,2.3,-4.9
400,12,30,2.3,-4.7
400,12,31,2.3,-4.7
401,1,1,2.6,-4.7
401,1,2,2.6,-4.7
401,1,3,2.8,-4.7
401,1,4,2.7,-4.6
401,1,5,2.6,-4.8
401,1,6,2.5,-4.9
401,1,7,2.3,-5.0
401,1,8,2.2,-4.9
401,1,9,2.1,-5.0
401,1,10,2.0,-5.0
401,1,11,1.9,-5.0
401,1,12,2.0,-5.0
401,1,13,2.1,-4.9
401,1,14,2.3,-4.8
401,1,15,2.7,-4.4
401,1,16,3.1,-4.2
401,1,17,3.4,-3.9
401,1,18,3.6,-3.6
401,1,19,3.5,-3.8
401,1,20,3.4,-4.0
401,1,21,3.0,-4.4
401,1,22,2.5,-5.0
401,1,23,2.1,-5.5
401,1,24,2.1,-5.4
401,1,25,2.2,-5.4
401,1,26,2.5,-5.2
401,1,27,2.9,-4.8
401,1,28,3.3,-4.4
401,1,29,3.5,-4.3
401,1,30,3.5,-4.3
401,1,31,3.4,-4.4
401,2,1,3.3,-4.5
401,2,2,3.3,-4.6
401,2,3,3.4,-4.5
401,2,4,3.6,-4.2
401,2,5,3.8,-4.0
401,2,6,3.9,-3.8
401,2,7,3.8,-3.8
401,2,8,4.0,-3.6
401,2,9,4.1,-3.7
401,2,10,4.0,-3.5
401,2,11,4.5,-3.1
401,2,12,5.1,-2.7
401,2,13,5.4,-2.4
401,2,14,5.5,-2.4
401,2,15,5.7,-2.3
401,2,16,5.7,-2.3
401,2,17,5.8,-2.3
401,2,18,6.2,-2.2
401,2,19,6.6,-1.8
401,2,20,7.4,-1.3
401,2,21,7.9,-0.9
401,2,22,8.3,-0.6
401,2,23,8.5,-0.1
401,2,24,8.9,0.1
401,2,25,8.9,0.3
401,2,26,9.1,0.5
401,2,27,9.2,0.7
401,2,28,9.1,0.5
401,2,29,9.2,0.5
401,3,1,9.2,0.5
401,3,2,9.4,0.6
401,3,3,9.3,0.8
401,3,4,9.2,0.8
401,3,5,9.3,0.8
401,3,6,9.2,0.8
401,3,7,9.5,0.7
401,3,8,9.6,0.8
401,3,9,9.9,0.8
401,3,10,10.4,1.0
401,3,11,10.9,1.3
401,3,12,10.9,1.7
401,3,13,11.3,1.8
401,3,14,11.9,2.3
401,3,15,12.5,2.7
401,3,16,13.0,3.3
401,3,17,13.5,3.7
401,3,18,13.8,3.9
401,3,19,14.0,4.0
401,3,20,13.8,4.1
401,3,21,13.4,3.7
401,3,22,13.1,3.5
401,3,23,12.9,3.5
401,3,24,12.9,3.6
401,3,25,13.2,3.8
401,3,26,13.6,4.1
401,3,27,14.0,4.5
401,3,28,14.4,4.8
401,3,29,14.7,5.1
401,3,30,15.0,5.4
401,3,31,15.3,5.7
401,4,1,15.6,5.9
401,4,2,16.0,6.0
401,4,3,16.3,6.3
401,4,4,16.3,6.4
401,4,5,16.4,6.5
401,4,6,16.8,6.8
401,4,7,17.0,7.1
401,4,8,17.4,7.4
401,4,9,17.9,7.8
401,4,10,18.3,8.0
401,4,11,18.4,8.3
401,4,12,18.4,8.4
401,4,13,18.7,8.3
401,4,14,19.0,8.4
401,4,15,19.3,8.5
401,4,16,19.8,8.7
401,4,17,20.3,9.0
401,4,18,20.3,9.4
401,4,19,20.4,9.7
401,4,20,20.4,10.0
401,4,21,20.1,10.1
401,4,22,20.0,10.1
401,4,23,20.1,9.9
401,4,24,20.0,9.8
401,4,25,20.0,9.6
401,4,26,20.5,9.7
401,4,27,20.7,9.9
401,4,28,21.4,10.5
401,4,29,22.2,11.2
401,4,30,23.1,11.9
401,5,1,23.4,12.4
401,5,2,24.0,12.8
401,5,3,24.3,12.9
401,5,4,24.1,12.8
401,5,5,23.9,12.7
401,5,6,24.2,12.7
401,5,7,24.1,12.8
401,5,8,23.6,12.9
401,5,9,23.7,12.9
401,5,10,23.4,13.1
401,5,11,23.3,13.1
401,5,12,23.6,13.1
401,5,13,24.0,13.4
401,5,14,24.2,13.6
401,5,15,24.7,13.9
401,5,16,24.8,14.0
401,5,17,24.5,14.2
401,5,18,24.6,14.1
401,5,19,25.0,14.1
401,5,20,25.4,14.3
401,5,21,25.9,14.7
401,5,22,26.3,14.9
401,5,23,26.5,15.3
401,5,24,26.6,15.6
401,5,25,26.6,15.7
401,5,26,26.7,15.7
401,5,27,27.0,16.0
401,5,28,27.0,16.2
401,5,29,27.2,16.3
401,5,30,27.4,16.4
401,5,31,27.5,16.6
401,6,1,27.7,16.6
401,6,2,28.1,16.9
401,6,3,28.1,17.3
401,6,4,28.3,17.7
401,6,5,28.5,18.0
401,6,6,28.5,18.3
401,6,7,28.7,18.5
401,6,8,28.9,18.7
401,6,9,29.0,18.9
401,6,10,29.1,18.9
401,6,11,29.2,18.9
401,6,12,29.1,19.0
401,6,13,29.1,19.0
401,6,14,29.2,18.9
401,6,15,29.4,19.1
401,6,16,29.6,19.4
401,6,17,29.7,19.6
401,6,18,29.8,19.8
401,6,19,29.9,20.2
401,6,20,30.1,20.3
401,6,21,30.0,20.4
401,6,22,29.8,20.3
401,6,23,29.8,20.3
401,6,24,29.5,20.2
401,6,25,29.3,20.3
401,6,26,29.6,20.5
401,6,27,29.7,20.7
401,6,28,29.8,21.0
401,6,29,29.7,21.3
401,6,30,29.7,21.6
401,7,1,29.4,21.7
401,7,2,29.5,21.8
401,7,3,29.6,21.7
401,7,4,29.9,21.8
401,7,5,30.2,21.9
401,7,6,30.5,22.0
401,7,7,30.6,22.0
401,7,8,30.5,22.2
401,7,9,30.4,22.2
401,7,10,30.1,22.2
401,7,11,30.0,22.3
401,7,12,30.0,22.4
401,7,13,30.0,22.4
401,7,14,29.8,22.4
401,7,15,30.0,22.5
401,7,16,30.3,22.5
401,7,17,30.3,22.5
401,7,18,30.8,22.8
401,7,19,31.3,23.2
401,7,20,31.6,23.6
401,7,21,31.6,23.8
401,7,22,31.7,24.0
401,7,23,31.6,24.0
401,7,24,31.6,23.9
401,7,25,31.5,23.9
401,7,26,31.5,24.0
401,7,27,31.6,24.2
401,7,28,31.7,24.3
401,7,29,31.8,24.5
401,7,30,32.1,24.6
401,7,31,32.5,24.8
401,8,1,32.7,24.9
401,8,2,32.8,24.9
401,8,3,33.3,24.9
401,8,4,33.3,24.9
401,8,5,33.1,24.8
401,8,6,33.3,24.7
401,8,7,33.3,24.9
401,8,8,33.0,24.7
401,8,9,32.9,24.7
401,8,10,32.7,24.6
401,8,11,32.6,24.5
401,8,12,32.4,24.3
401,8,13,32.3,24.3
401,8,14,32.2,24.2
401,8,15,32.3,24.1
401,8,16,32.1,24.1
401,8,17,31.8,23.8
401,8,18,31.6,23.7
401,8,19,31.5,23.5
401,8,20,31.3,23.4
401,8,21,31.2,23.2
401,8,22,31.2,23.0
401,8,23,31.0,22.8
401,8,24,30.8,22.6
401,8,25,30.6,22.4
401,8,26,30.5,22.2
401,8,27,30.4,22.1
401,8,28,30.3,22.0
401,8,29,30.2,21.8
401,8,30,30.3,21.6
401,8,31,30.0,21.4
401,9,1,30.0,21.2
401,9,2,30.0,21.0
401,9,3,29.7,20.9
401,9,4,29.5,20.7
401,9,5,29.3,20.5
401,9,6,29.2,20.5
401,9,7,28.8,20.2
401,9,8,28.9,20.0
401,9,9,28.6,19.9
401,9,10,28.3,19.8
401,9,11,28.0,19.6
401,9,12,27.9,19.4
401,9,13,27.7,19.3
401,9,14,27.7,19.2
401,9,15,27.9,19.0
401,9,16,27.8,18.9
401,9,17,27.8,18.5
401,9,18,27.4,18.2
401,9,19,26.9,17.7
401,9,20,26.4,17.3
401,9,21,26.2,17.0
401,9,22,26.0,16.9
401,9,23,26.1,16.7
401,9,24,26.4,16.7
401,9,25,26.5,16.7
401,9,26,26.2,16.8
401,9,27,25.8,16.6
401,9,28,25.4,16.4
401,9,29,24.9,16.1
401,9,30,24.3,15.8
401,10,1,24.0,15.3
401,10,2,23.9,14.9
401,10,3,23.7,14.5
401,10,4,23.7,14.2
401,10,5,23.7,14.1
401,10,6,23.6,14.0
401,10,7,23.5,13.9
401,10,8,23.3,13.9
401,10,9,23.0,13.7
401,10,10,22.5,13.3
401,10,11,22.2,12.7
401,10,12,21.8,12.4
401,10,13,21.4,11.8
401,10,14,21.2,11.3
401,10,15,21.0,11.0
401,10,16,20.9,11.0
401,10,17,20.9,10.9
401,10,18,21.0,11.0
401,10,19,21.0,11.0
401,10,20,20.9,11.1
401,10,21,20.6,11.0
401,10,22,20.3,10.8
401,10,23,19.8,10.5
401,10,24,19.2,10.1
401,10,25,18.9,9.7
401,10,26,18.5,9.3
401,10,27,17.9,8.8
401,10,28,17.4,8.2
401,10,29,17.1,7.8
401,10,30,16.8,7.6
401,10,31,16.4,7.3
401,11,1,16.3,7.1
401,11,2,16.4,7.1
401,11,3,16.5,7.1
401,11,4,16.7,7.3
401,11,5,16.9,7.5
401,11,6,16.6,7.5
401,11,7,16.2,7.5
401,11,8,15.6,7.3
401,11,9,15.0,6.9
401,11,10,14.4,6.3
401,11,11,14.0,5.9
401,11,12,13.6,5.5
401,11,13,13.0,5.0
401,11,14,12.5,4.4
401,11,15,12.1,4.0
401,11,16,11.5,3.5
401,11,17,11.0,3.0
401,11,18,10.6,2.5
401,11,19,10.4,2.3
401,11,20,10.3,2.0
401,11,21,10.4,2.1
401,11,22,10.4,2.3
401,11,23,10.5,2.3
401,11,24,10.4,2.3
401,11,25,10.1,2.3
401,11,26,9.7,2.3
401,11,27,9.3,2.0
401,11,28,9.0,1.8
401,11,29,8.9,1.7
401,11,30,8.8,1.5
401,12,1,8.6,1.1
401,12,2,8.2,0.5
401,12,3,7.6,0.0
401,12,4,6.8,-0.7
401,12,5,6.1,-1.2
401,12,6,5.6,-1.6
401,12,7,5.2,-1.8
401,12,8,5.3,-1.8
401,12,9,5.3,-1.7
401,12,10,5.1,-2.0
401,12,11,5.0,-2.2
401,12,12,4.8,-2.4
401,12,13,4.5,-2.6
401,12,14,4.2,-2.9
401,12,15,4.1,-3.1
401,12,16,3.9,-3.2
401,12,17,4.0,-3.2
401,12,18,4.1,-3.3
401,12,19,4.3,-3.1
401,12,20,4.8,-2.8
401,12,21,5.2,-2.5
401,12,22,5.1,-2.4
401,12,23,4.9,-2.6
401,12,24,4.3,-3.0
401,12,25,3.5,-3.8
401,12,26,2.9,-4.3
401,12,27,2.6,-4.7
401,12,28,2.4,-4.9
401,12,29,2.3,-5.0
401,12,30,2.4,-4.9
401,12,31,2.5,-4.8
402,1,1,2.1,-6.8
402,1,2,2.2,-6.8
402,1,3,2.4,-6.8
402,1,4,2.3,-6.8
402,1,5,2.2,-7.0
402,1,6,2.0,-7.1
402,1,7,1.8,-7.2
402,1,8,1.7,-7.2
402,1,9,1.7,-7.3
402,1,10,1.8,-7.2
402,1,11,1.7,-7.2
402,1,12,1.9,-7.1
402,1,13,2.0,-7.0
402,1,14,2.3,-6.8
402,1,15,2.5,-6.5
402,1,16,2.9,-6.2
402,1,17,3.1,-5.8
402,1,18,3.2,-5.4
402,1,19,3.0,-5.6
402,1,20,2.9,-5.7
402,1,21,2.6,-6.2
402,1,22,2.2,-6.8
402,1,23,1.9,-7.5
402,1,24,1.9,-7.5
402,1,25,2.0,-7.6
402,1,26,2.2,-7.4
402,1,27,2.6,-7.0
402,1,28,3.0,-6.5
402,1,29,3.1,-6.2
402,1,30,3.2,-6.1
402,1,31,3.3,-6.3
402,2,1,3.2,-6.4
402,2,2,3.1,-6.5
402,2,3,3.3,-6.5
402,2,4,3.6,-6.2
402,2,5,3.8,-5.9
402,2,6,4.0,-5.6
402,2,7,3.9,-5.5
402,2,8,4.1,-5.3
402,2,9,4.1,-5.3
402,2,10,4.1,-5.0
402,2,11,4.6,-4.7
402,2,12,5.2,-4.2
402,2,13,5.5,-4.0
402,2,14,5.5,-4.0
402,2,15,5.6,-4.1
402,2,16,5.4,-4.1
402,2,17,5.6,-4.1
402,2,18,6.0,-4.1
402,2,19,6.3,-3.7
402,2,20,7.1,-3.1
402,2,21,7.6,-2.7
402,2,22,8.0,-2.3
402,2,23,8.2,-1.8
402,2,24,8.6,-1.5
402,2,25,8.6,-1.4
402,2,26,8.8,-1.1
402,2,27,9.0,-0.6
402,2,28,8.8,-0.7
402,2,29,8.9,-0.7
402,3,1,8.9,-0.7
402,3,2,9.1,-0.5
402,3,3,9.1,-0.3
402,3,4,8.9,-0.6
402,3,5,9.0,-0.5
402,3,6,9.0,-0.5
402,3,7,9.3,-0.6
402,3,8,9.5,-0.5
402,3,9,9.9,-0.5
402,3,10,10.4,-0.4
402,3,11,10.9,0.0
402,3,12,10.9,0.3
402,3,13,11.4,0.4
402,3,14,11.9,0.9
402,3,15,12.5,1.3
402,3,16,13.1,1.9
402,3,17,13.6,2.3
402,3,18,14.0,2.6
402,3,19,14.3,2.6
402,3,20,14.1,2.7
402,3,21,13.8,2.5
402,3,22,13.6,2.2
402,3,23,13.2,2.2
402,3,24,13.1,2.4
402,3,25,13.6,2.6
402,3,26,13.9,2.8
402,3,27,14.1,3.2
402,3,28,14.6,3.6
402,3,29,14.8,3.7
402,3,30,15.0,3.8
402,3,31,15.2,4.2
402,4,1,15.5,4.4
402,4,2,15.9,4.5
402,4,3,16.2,4.9
402,4,4,16.1,4.9
402,4,5,16.3,5.2
402,4,6,16.8,5.4
402,4,7,17.0,5.8
402,4,8,17.3,6.2
402,4,9,17.9,6.7
402,4,10,18.2,7.0
402,4,11,18.2,7.3
402,4,12,18.4,7.4
402,4,13,18.6,7.4
402,4,14,18.8,7.4
402,4,15,19.1,7.4
402,4,16,19.6,7.6
402,4,17,20.0,7.8
402,4,18,20.1,8.2
402,4,19,20.1,8.7
402,4,20,20.1,9.0
402,4,21,19.8,9.2
402,4,22,19.8,9.2
402,4,23,19.9,9.0
402,4,24,19.8,8.8
402,4,25,19.9,8.6
402,4,26,20.3,8.6
402,4,27,20.5,8.8
402,4,28,21.0,9.4
402,4,29,21.8,10.1
402,4,30,22.6,10.8
402,5,1,23.0,11.5
402,5,2,23.6,12.0
402,5,3,24.1,12.0
402,5,4,23.9,12.0
402,5,5,23.8,11.8
402,5,6,24.0,11.8
402,5,7,23.8,11.8
402,5,8,23.3,11.9
402,5,9,23.4,11.9
402,5,10,23.1,12.1
402,5,11,23.0,12.2
402,5,12,23.3,12.3
402,5,13,23.5,12.6
402,5,14,23.7,12.8
402,5,15,24.2,13.0
402,5,16,24.2,13.2
402,5,17,23.9,13.4
402,5,18,24.1,13.2
402,5,19,24.6,13.3
402,5,20,25.0,13.5
402,5,21,25.5,13.8
402,5,22,25.9,14.0
402,5,23,26.2,14.4
402,5,24,26.2,14.8
402,5,25,26.2,14.9
402,5,26,26.3,14.9
402,5,27,26.6,15.3
402,5,28,26.6,15.4
402,5,29,26.8,15.4
402,5,30,27.0,15.6
402,5,31,27.2,15.7
402,6,1,27.4,15.7
402,6,2,27.8,16.0
402,6,3,27.8,16.3
402,6,4,28.0,16.7
402,6,5,28.1,17.0
402,6,6,28.1,17.3
402,6,7,28.2,17.5
402,6,8,28.4,17.7
402,6,9,28.5,17.9
402,6,10,28.6,17.9
402,6,11,28.7,17.9
402,6,12,28.6,18.1
402,6,13,28.6,18.1
402,6,14,28.8,18.0
402,6,15,29.0,18.2
402,6,16,29.1,18.5
402,6,17,29.2,18.7
402,6,18,29.3,19.0
402,6,19,29.4,19.4
402,6,20,29.5,19.6
402,6,21,29.4,19.7
402,6,22,29.2,19.7
402,6,23,29.1,19.7
402,6,24,28.8,19.6
402,6,25,28.6,19.7
402,6,26,28.9,19.9
402,6,27,29.0,20.2
402,6,28,29.1,20.5
402,6,29,29.1,20.7
402,6,30,29.0,21.0
402,7,1,28.7,21.1
402,7,2,28.9,21.3
402,7,3,29.1,21.2
402,7,4,29.4,21.2
402,7,5,29.7,21.3
402,7,6,29.9,21.4
402,7,7,30.0,21.4
402,7,8,29.8,21.5
402,7,9,29.7,21.6
402,7,10,29.5,21.6
402,7,11,29.4,21.6
402,7,12,29.4,21.7
402,7,13,29.3,21.8
402,7,14,29.2,21.9
402,7,15,29.3,21.9
402,7,16,29.5,22.0
402,7,17,29.4,22.1
402,7,18,29.8,22.3
402,7,19,30.3,22.7
402,7,20,30.6,23.0
402,7,21,30.6,23.2
402,7,22,30.6,23.3
402,7,23,30.6,23.4
402,7,24,30.6,23.2
402,7,25,30.6,23.3
402,7,26,30.7,23.4
402,7,27,31.0,23.5
402,7,28,31.2,23.6
402,7,29,31.3,23.9
402,7,30,31.5,24.0
402,7,31,31.8,24.1
402,8,1,31.9,24.2
402,8,2,31.9,24.1
402,8,3,32.2,23.9
402,8,4,32.2,23.9
402,8,5,32.0,23.7
402,8,6,32.2,23.6
402,8,7,32.2,23.6
402,8,8,32.0,23.5
402,8,9,31.9,23.4
402,8,10,31.7,23.2
402,8,11,31.6,23.1
402,8,12,31.4,23.2
402,8,13,31.3,23.2
402,8,14,31.2,23.2
402,8,15,31.3,23.2
402,8,16,31.0,23.2
402,8,17,30.8,22.9
402,8,18,30.6,22.7
402,8,19,30.4,22.6
402,8,20,30.2,22.4
402,8,21,30.1,22.2
402,8,22,30.1,22.0
402,8,23,29.9,21.7
402,8,24,29.8,21.5
402,8,25,29.5,21.3
402,8,26,29.5,21.2
402,8,27,29.4,21.1
402,8,28,29.3,21.1
402,8,29,29.2,20.8
402,8,30,29.3,20.6
402,8,31,29.0,20.4
402,9,1,29.0,20.2
402,9,2,28.9,19.9
402,9,3,28.6,19.8
402,9,4,28.3,19.5
402,9,5,28.2,19.3
402,9,6,28.1,19.2
402,9,7,27.8,19.0
402,9,8,27.8,18.7
402,9,9,27.6,18.6
402,9,10,27.3,18.5
402,9,11,27.0,18.3
402,9,12,26.9,18.1
402,9,13,26.8,18.0
402,9,14,26.8,17.9
402,9,15,26.9,17.6
402,9,16,26.9,17.5
402,9,17,26.9,17.1
402,9,18,26.6,16.8
402,9,19,26.1,16.3
402,9,20,25.6,15.9
402,9,21,25.4,15.6
402,9,22,25.3,15.4
402,9,23,25.3,15.2
402,9,24,25.6,15.2
402,9,25,25.7,15.2
402,9,26,25.4,15.2
402,9,27,25.0,15.1
402,9,28,24.6,14.9
402,9,29,24.1,14.7
402,9,30,23.7,14.3
402,10,1,23.4,13.8
402,10,2,23.3,13.3
402,10,3,23.2,12.9
402,10,4,23.2,12.6
402,10,5,23.2,12.6
402,10,6,23.1,12.5
402,10,7,23.0,12.5
402,10,8,22.8,12.5
402,10,9,22.5,12.3
402,10,10,22.1,11.8
402,10,11,21.7,11.2
402,10,12,21.4,10.8
402,10,13,21.0,10.2
402,10,14,20.8,9.8
402,10,15,20.5,9.5
402,10,16,20.5,9.4
402,10,17,20.4,9.2
402,10,18,20.5,9.3
402,10,19,20.5,9.4
402,10,20,20.3,9.5
402,10,21,20.0,9.4
402,10,22,19.7,9.3
402,10,23,19.3,9.0
402,10,24,18.7,8.6
402,10,25,18.4,8.1
402,10,26,18.0,7.7
402,10,27,17.4,7.2
402,10,28,17.0,6.6
402,10,29,16.8,6.2
402,10,30,16.5,5.9
402,10,31,16.1,5.6
402,11,1,16.0,5.3
402,11,2,16.1,5.4
402,11,3,16.1,5.4
402,11,4,16.2,5.6
402,11,5,16.4,5.8
402,11,6,16.1,6.0
402,11,7,15.7,6.0
402,11,8,15.2,5.9
402,11,9,14.6,5.6
402,11,10,14.1,5.0
402,11,11,13.7,4.6
402,11,12,13.2,4.2
402,11,13,12.7,3.7
402,11,14,12.2,3.0
402,11,15,11.8,2.7
402,11,16,11.1,2.1
402,11,17,10.7,1.3
402,11,18,10.3,0.8
402,11,19,10.0,0.5
402,11,20,9.9,0.2
402,11,21,10.2,0.4
402,11,22,10.2,0.8
402,11,23,10.3,0.8
402,11,24,10.2,0.9
402,11,25,9.8,0.9
402,11,26,9.4,0.9
402,11,27,8.9,0.7
402,11,28,8.7,0.5
402,11,29,8.5,0.2
402,11,30,8.4,-0.1
402,12,1,8.0,-0.6
402,12,2,7.7,-1.3
402,12,3,6.9,-1.8
402,12,4,6.2,-2.4
402,12,5,5.6,-2.8
402,12,6,5.2,-3.1
402,12,7,4.9,-3.3
402,12,8,4.9,-3.4
402,12,9,4.8,-3.3
402,12,10,4.7,-3.6
402,12,11,4.6,-4.0
402,12,12,4.3,-4.3
402,12,13,4.0,-4.4
402,12,14,3.8,-4.7
402,12,15,3.7,-4.8
402,12,16,3.5,-4.9
402,12,17,3.7,-4.9
402,12,18,3.7,-5.1
402,12,19,3.9,-5.0
402,12,20,4.4,-4.7
402,12,21,4.8,-4.4
402,12,22,4.7,-4.2
402,12,23,4.5,-4.3
402,12,24,4.0,-4.7
402,12,25,3.2,-5.5
402,12,26,2.6,-6.0
402,12,27,2.3,-6.5
402,12,28,2.0,-6.8
402,12,29,1.9,-7.0
402,12,30,2.0,-6.8
402,12,31,2.0,-6.7
403,1,1,2.9,-4.6
403,1,2,3.0,-4.5
403,1,3,3.2,-4.5
403,1,4,3.2,-4.4
403,1,5,3.1,-4.6
403,1,6,3.0,-4.7
403,1,7,2.7,-4.8
403,1,8,2.6,-4.8
403,1,9,2.5,-4.9
403,1,10,2.4,-4.9
403,1,11,2.3,-5.0
403,1,12,2.4,-4.9
403,1,13,2.6,-4.8
403,1,14,2.7,-4.7
403,1,15,3.1,-4.4
403,1,16,3.4,-4.1
403,1,17,3.7,-3.7
403,1,18,3.8,-3.5
403,1,19,3.7,-3.6
403,1,20,3.6,-3.9
403,1,21,3.3,-4.3
403,1,22,2.8,-4.8
403,1,23,2.4,-5.4
403,1,24,2.5,-5.3
403,1,25,2.5,-5.3
403,1,26,2.7,-5.1
403,1,27,3.2,-4.7
403,1,28,3.5,-4.3
403,1,29,3.6,-4.1
403,1,30,3.6,-4.1
403,1,31,3.6,-4.2
403,2,1,3.6,-4.3
403,2,2,3.6,-4.3
403,2,3,3.7,-4.3
403,2,4,3.9,-4.0
403,2,5,4.2,-3.8
403,2,6,4.2,-3.7
403,2,7,4.1,-3.6
403,2,8,4.2,-3.5
403,2,9,4.2,-3.5
403,2,10,4.1,-3.3
403,2,11,4.7,-2.9
403,2,12,5.3,-2.5
403,2,13,5.7,-2.2
403,2,14,5.8,-2.1
403,2,15,6.0,-2.1
403,2,16,5.9,-2.1
403,2,17,6.0,-2.1
403,2,18,6.4,-2.0
403,2,19,6.8,-1.6
403,2,20,7.6,-1.0
403,2,21,8.1,-0.7
403,2,22,8.5,-0.3
403,2,23,8.7,0.2
403,2,24,9.0,0.4
403,2,25,9.0,0.6
403,2,26,9.3,0.9
403,2,27,9.4,1.0
403,2,28,9.2,0.9
403,2,29,9.3,0.9
403,3,1,9.4,0.9
403,3,2,9.5,1.0
403,3,3,9.5,1.1
403,3,4,9.4,1.1
403,3,5,9.5,1.1
403,3,6,9.4,1.1
403,3,7,9.6,1.0
403,3,8,9.8,1.1
403,3,9,10.0,1.2
403,3,10,10.5,1.3
403,3,11,11.0,1.7
403,3,12,11.0,2.0
403,3,13,11.5,2.0
403,3,14,12.0,2.5
403,3,15,12.6,2.9
403,3,16,13.2,3.5
403,3,17,13.6,3.8
403,3,18,13.9,4.2
403,3,19,14.1,4.3
403,3,20,13.9,4.4
403,3,21,13.5,4.1
403,3,22,13.3,3.9
403,3,23,13.1,3.8
403,3,24,13.1,3.9
403,3,25,13.4,4.1
403,3,26,13.7,4.3
403,3,27,14.1,4.7
403,3,28,14.5,5.1
403,3,29,14.8,5.4
403,3,30,15.2,5.6
403,3,31,15.4,6.0
403,4,1,15.7,6.2
403,4,2,16.1,6.3
403,4,3,16.4,6.6
403,4,4,16.4,6.7
403,4,5,16.5,6.8
403,4,6,17.0,7.1
403,4,7,17.2,7.4
403,4,8,17.5,7.7
403,4,9,18.1,8.1
403,4,10,18.4,8.4
403,4,11,18.5,8.6
403,4,12,18.5,8.7
403,4,13,18.8,8.7
403,4,14,19.0,8.8
403,4,15,19.3,8.9
403,4,16,19.7,9.2
403,4,17,20.2,9.5
403,4,18,20.2,9.8
403,4,19,20.3,10.2
403,4,20,20.3,10.4
403,4,21,20.0,10.5
403,4,22,20.0,10.5
403,4,23,20.1,10.4
403,4,24,20.0,10.3
403,4,25,20.0,10.2
403,4,26,20.5,10.2
403,4,27,20.8,10.5
403,4,28,21.3,11.1
403,4,29,22.1,11.8
403,4,30,23.0,12.5
403,5,1,23.3,13.0
403,5,2,23.8,13.4
403,5,3,24.2,13.5
403,5,4,23.9,13.4
403,5,5,23.8,13.2
403,5,6,24.1,13.2
403,5,7,24.0,13.3
403,5,8,23.5,13.3
403,5,9,23.6,13.3
403,5,10,23.2,13.5
403,5,11,23.1,13.5
403,5,12,23.4,13.6
403,5,13,23.8,13.9
403,5,14,24.0,14.1
403,5,15,24.5,14.3
403,5,16,24.5,14.5
403,5,17,24.2,14.6
403,5,18,24.3,14.4
403,5,19,24.7,14.5
403,5,20,25.1,14.8
403,5,21,25.5,15.2
403,5,22,26.0,15.4
403,5,23,26.2,15.8
403,5,24,26.3,16.1
403,5,25,26.3,16.2
403,5,26,26.4,16.1
403,5,27,26.6,16.3
403,5,28,26.6,16.5
403,5,29,26.9,16.5
403,5,30,27.0,16.7
403,5,31,27.2,17.0
403,6,1,27.4,17.1
403,6,2,27.7,17.4
403,6,3,27.8,17.8
403,6,4,28.0,18.2
403,6,5,28.1,18.4
403,6,6,28.1,18.7
403,6,7,28.3,18.8
403,6,8,28.4,18.9
403,6,9,28.5,19.1
403,6,10,28.5,19.1
403,6,11,28.6,19.1
403,6,12,28.5,19.2
403,6,13,28.5,19.2
403,6,14,28.6,19.1
403,6,15,28.8,19.3
403,6,16,29.0,19.6
403,6,17,29.1,19.9
403,6,18,29.2,20.1
403,6,19,29.3,20.4
403,6,20,29.5,20.5
403,6,21,29.4,20.5
403,6,22,29.3,20.4
403,6,23,29.2,20.5
403,6,24,29.0,20.4
403,6,25,28.7,20.4
403,6,26,29.0,20.6
403,6,27,29.1,20.9
403,6,28,29.2,21.1
403,6,29,29.2,21.4
403,6,30,29.2,21.7
403,7,1,28.9,21.7
403,7,2,29.1,21.9
403,7,3,29.2,21.8
403,7,4,29.5,21.8
403,7,5,29.8,21.9
403,7,6,30.0,22.0
403,7,7,30.0,22.0
403,7,8,29.9,22.2
403,7,9,29.8,22.2
403,7,10,29.6,22.2
403,7,11,29.5,22.3
403,7,12,29.6,22.4
403,7,13,29.6,22.4
403,7,14,29.4,22.5
403,7,15,29.5,22.5
403,7,16,29.7,22.5
403,7,17,29.7,22.6
403,7,18,30.2,22.8
403,7,19,30.6,23.2
403,7,20,31.0,23.5
403,7,21,31.0,23.7
403,7,22,31.0,23.9
403,7,23,30.9,23.9
403,7,24,30.9,23.8
403,7,25,30.9,23.7
403,7,26,30.9,23.8
403,7,27,31.1,23.9
403,7,28,31.3,24.1
403,7,29,31.3,24.3
403,7,30,31.6,24.6
403,7,31,32.0,24.7
403,8,1,32.2,24.9
403,8,2,32.2,24.8
403,8,3,32.6,24.9
403,8,4,32.5,24.9
403,8,5,32.4,24.7
403,8,6,32.5,24.6
403,8,7,32.5,24.7
403,8,8,32.2,24.6
403,8,9,32.2,24.5
403,8,10,32.0,24.4
403,8,11,31.9,24.3
403,8,12,31.7,24.2
403,8,13,31.6,24.2
403,8,14,31.5,24.1
403,8,15,31.5,24.1
403,8,16,31.3,24.0
403,8,17,31.1,23.8
403,8,18,30.8,23.6
403,8,19,30.7,23.4
403,8,20,30.5,23.3
403,8,21,30.3,23.0
403,8,22,30.3,22.8
403,8,23,30.2,22.6
403,8,24,30.0,22.4
403,8,25,29.8,22.3
403,8,26,29.8,22.1
403,8,27,29.7,22.0
403,8,28,29.6,22.0
403,8,29,29.5,21.8
403,8,30,29.6,21.6
403,8,31,29.4,21.4
403,9,1,29.4,21.2
403,9,2,29.4,21.0
403,9,3,29.2,20.9
403,9,4,28.8,20.7
403,9,5,28.7,20.5
403,9,6,28.5,20.4
403,9,7,28.2,20.1
403,9,8,28.2,19.9
403,9,9,27.9,19.7
403,9,10,27.6,19.6
403,9,11,27.4,19.3
403,9,12,27.2,19.0
403,9,13,27.2,19.0
403,9,14,27.2,18.7
403,9,15,27.3,18.5
403,9,16,27.1,18.2
403,9,17,27.1,17.9
403,9,18,26.7,17.4
403,9,19,26.2,17.0
403,9,20,25.8,16.6
403,9,21,25.6,16.2
403,9,22,25.4,16.0
403,9,23,25.5,16.0
403,9,24,25.8,16.2
403,9,25,26.0,16.5
403,9,26,25.8,16.7
403,9,27,25.4,16.7
403,9,28,25.0,16.5
403,9,29,24.5,16.2
403,9,30,24.0,15.8
403,10,1,23.7,15.4
403,10,2,23.6,14.9
403,10,3,23.4,14.5
403,10,4,23.5,14.3
403,10,5,23.6,14.3
403,10,6,23.5,14.1
403,10,7,23.4,14.1
403,10,8,23.2,14.1
403,10,9,22.8,13.9
403,10,10,22.3,13.4
403,10,11,22.0,12.9
403,10,12,21.6,12.6
403,10,13,21.3,12.0
403,10,14,21.1,11.6
403,10,15,20.9,11.4
403,10,16,20.8,11.3
403,10,17,20.8,11.2
403,10,18,20.9,11.3
403,10,19,21.0,11.3
403,10,20,20.8,11.4
403,10,21,20.5,11.3
403,10,22,20.3,11.1
403,10,23,19.8,10.8
403,10,24,19.2,10.4
403,10,25,18.8,9.9
403,10,26,18.5,9.6
403,10,27,17.9,9.1
403,10,28,17.4,8.6
403,10,29,17.2,8.2
403,10,30,16.9,7.9
403,10,31,16.5,7.6
403,11,1,16.5,7.3
403,11,2,16.5,7.3
403,11,3,16.6,7.4
403,11,4,16.8,7.6
403,11,5,17.0,7.8
403,11,6,16.7,7.8
403,11,7,16.4,7.8
403,11,8,15.8,7.6
403,11,9,15.3,7.2
403,11,10,14.7,6.7
403,11,11,14.3,6.4
403,11,12,13.9,6.0
403,11,13,13.3,5.6
403,11,14,12.8,4.9
403,11,15,12.3,4.5
403,11,16,11.6,3.8
403,11,17,11.1,3.1
403,11,18,10.7,2.6
403,11,19,10.4,2.3
403,11,20,10.4,2.2
403,11,21,10.7,2.3
403,11,22,10.7,2.7
403,11,23,10.9,2.8
403,11,24,10.8,2.7
403,11,25,10.4,2.6
403,11,26,10.0,2.6
403,11,27,9.6,2.3
403,11,28,9.4,2.2
403,11,29,9.2,1.9
403,11,30,9.0,1.7
403,12,1,8.6,1.2
403,12,2,8.3,0.6
403,12,3,7.6,-0.1
403,12,4,6.9,-0.7
403,12,5,6.4,-1.1
403,12,6,5.9,-1.4
403,12,7,5.5,-1.6
403,12,8,5.6,-1.7
403,12,9,5.5,-1.6
403,12,10,5.4,-1.8
403,12,11,5.3,-2.1
403,12,12,5.1,-2.3
403,12,13,4.7,-2.4
403,12,14,4.6,-2.7
403,12,15,4.4,-2.9
403,12,16,4.2,-3.0
403,12,17,4.3,-3.0
403,12,18,4.4,-3.1
403,12,19,4.7,-2.9
403,12,20,5.2,-2.5
403,12,21,5.5,-2.2
403,12,22,5.6,-2.1
403,12,23,5.4,-2.3
403,12,24,4.8,-2.7
403,12,25,4.0,-3.5
403,12,26,3.5,-4.0
403,12,27,3.2,-4.4
403,12,28,3.0,-4.6
403,12,29,2.8,-4.7
403,12,30,2.9,-4.6
403,12,31,2.9,-4.6
404,1,1,2.0,-5.4
404,1,2,2.0,-5.4
404,1,3,2.2,-5.3
404,1,4,2.3,-5.4
404,1,5,2.1,-5.5
404,1,6,2.0,-5.6
404,1,7,1.9,-5.6
404,1,8,1.7,-5.8
404,1,9,1.5,-5.9
404,1,10,1.5,-5.9
404,1,11,1.3,-6.0
404,1,12,1.4,-6.0
404,1,13,1.5,-6.0
404,1,14,1.7,-5.8
404,1,15,2.1,-5.5
404,1,16,2.5,-5.2
404,1,17,2.8,-4.9
404,1,18,3.0,-4.6
404,1,19,2.9,-4.8
404,1,20,2.8,-5.0
404,1,21,2.5,-5.5
404,1,22,2.0,-6.0
404,1,23,1.6,-6.5
404,1,24,1.7,-6.4
404,1,25,1.8,-6.3
404,1,26,1.9,-6.1
404,1,27,2.3,-5.7
404,1,28,2.7,-5.2
404,1,29,2.9,-5.1
404,1,30,2.9,-5.2
404,1,31,2.8,-5.3
404,2,1,2.7,-5.4
404,2,2,2.7,-5.4
404,2,3,2.8,-5.4
404,2,4,2.9,-5.1
404,2,5,3.2,-4.8
404,2,6,3.3,-4.7
404,2,7,3.2,-4.7
404,2,8,3.4,-4.6
404,2,9,3.5,-4.6
404,2,10,3.4,-4.4
404,2,11,3.9,-4.0
404,2,12,4.5,-3.5
404,2,13,4.8,-3.2
404,2,14,4.8,-3.1
404,2,15,5.0,-3.1
404,2,16,5.0,-3.0
404,2,17,5.1,-3.0
404,2,18,5.5,-2.8
404,2,19,5.9,-2.3
404,2,20,6.7,-1.7
404,2,21,7.2,-1.5
404,2,22,7.5,-1.2
404,2,23,7.7,-0.8
404,2,24,8.1,-0.7
404,2,25,8.1,-0.7
404,2,26,8.4,-0.3
404,2,27,8.4,-0.1
404,2,28,8.3,-0.2
404,2,29,8.4,-0.2
404,3,1,8.4,-0.2
404,3,2,8.6,0.1
404,3,3,8.5,0.2
404,3,4,8.4,0.1
404,3,5,8.5,0.1
404,3,6,8.4,0.1
404,3,7,8.6,0.0
404,3,8,8.7,0.1
404,3,9,9.0,0.2
404,3,10,9.4,0.4
404,3,11,9.9,0.8
404,3,12,9.9,1.1
404,3,13,10.4,1.3
404,3,14,10.9,1.8
404,3,15,11.5,2.3
404,3,16,12.0,2.8
404,3,17,12.5,3.0
404,3,18,12.8,3.3
404,3,19,13.0,3.4
404,3,20,12.8,3.4
404,3,21,12.5,3.1
404,3,22,12.2,3.0
404,3,23,12.0,2.9
404,3,24,11.9,3.0
404,3,25,12.2,3.2
404,3,26,12.5,3.6
404,3,27,12.9,3.9
404,3,28,13.3,4.2
404,3,29,13.7,4.5
404,3,30,14.0,4.7
404,3,31,14.2,5.0
404,4,1,14.5,5.1
404,4,2,14.9,5.5
404,4,3,15.2,5.8
404,4,4,15.1,5.8
404,4,5,15.2,6.0
404,4,6,15.6,6.2
404,4,7,15.8,6.4
404,4,8,16.1,6.7
404,4,9,16.8,7.1
404,4,10,17.0,7.4
404,4,11,17.2,7.7
404,4,12,17.2,7.9
404,4,13,17.4,7.7
404,4,14,17.5,7.8
404,4,15,17.9,7.9
404,4,16,18.3,8.2
404,4,17,18.7,8.5
404,4,18,18.8,9.0
404,4,19,18.9,9.4
404,4,20,18.8,9.6
404,4,21,18.5,9.7
404,4,22,18.6,9.6
404,4,23,18.7,9.5
404,4,24,18.6,9.3
404,4,25,18.7,9.3
404,4,26,19.1,9.5
404,4,27,19.4,9.9
404,4,28,19.9,10.5
404,4,29,20.6,11.3
404,4,30,21.5,11.8
404,5,1,21.9,12.3
404,5,2,22.3,12.6
404,5,3,22.7,12.6
404,5,4,22.5,12.5
404,5,5,22.4,12.3
404,5,6,22.7,12.3
404,5,7,22.7,12.4
404,5,8,22.2,12.4
404,5,9,22.2,12.5
404,5,10,21.9,12.7
404,5,11,21.7,12.6
404,5,12,21.9,12.7
404,5,13,22.3,13.0
404,5,14,22.5,13.2
404,5,15,23.1,13.3
404,5,16,23.2,13.6
404,5,17,23.0,13.6
404,5,18,23.1,13.6
404,5,19,23.5,13.7
404,5,20,23.9,14.1
404,5,21,24.3,14.4
404,5,22,24.6,14.6
404,5,23,24.9,15.0
404,5,24,24.9,15.2
404,5,25,25.0,15.3
404,5,26,25.1,15.4
404,5,27,25.4,15.7
404,5,28,25.4,15.8
404,5,29,25.6,15.9
404,5,30,25.7,16.1
404,5,31,25.8,16.2
404,6,1,26.0,16.3
404,6,2,26.3,16.6
404,6,3,26.3,16.9
404,6,4,26.6,17.1
404,6,5,26.7,17.4
404,6,6,26.7,17.7
404,6,7,26.9,17.8
404,6,8,27.2,18.0
404,6,9,27.3,18.2
404,6,10,27.3,18.2
404,6,11,27.4,18.3
404,6,12,27.3,18.4
404,6,13,27.3,18.4
404,6,14,27.4,18.4
404,6,15,27.6,18.6
404,6,16,27.8,18.9
404,6,17,27.9,19.1
404,6,18,28.0,19.3
404,6,19,28.1,19.5
404,6,20,28.3,19.7
404,6,21,28.2,19.7
404,6,22,28.1,19.7
404,6,23,28.1,19.7
404,6,24,27.9,19.8
404,6,25,27.7,19.8
404,6,26,27.9,20.0
404,6,27,28.1,20.2
404,6,28,28.2,20.5
404,6,29,28.2,20.7
404,6,30,28.2,20.9
404,7,1,27.9,21.0
404,7,2,28.0,21.1
404,7,3,28.1,21.1
404,7,4,28.4,21.2
404,7,5,28.7,21.2
404,7,6,29.0,21.4
404,7,7,29.1,21.5
404,7,8,29.1,21.6
404,7,9,28.9,21.6
404,7,10,28.6,21.6
404,7,11,28.5,21.6
404,7,12,28.5,21.7
404,7,13,28.5,21.8
404,7,14,28.3,21.8
404,7,15,28.5,21.8
404,7,16,28.6,21.9
404,7,17,28.7,21.9
404,7,18,29.2,22.2
404,7,19,29.6,22.6
404,7,20,29.9,23.0
404,7,21,29.9,23.2
404,7,22,29.9,23.3
404,7,23,29.8,23.3
404,7,24,29.9,23.2
404,7,25,30.0,23.3
404,7,26,30.0,23.3
404,7,27,30.2,23.5
404,7,28,30.4,23.5
404,7,29,30.4,23.8
404,7,30,30.5,23.9
404,7,31,30.9,24.1
404,8,1,31.1,24.3
404,8,2,31.1,24.4
404,8,3,31.5,24.4
404,8,4,31.6,24.4
404,8,5,31.5,24.3
404,8,6,31.6,24.2
404,8,7,31.7,24.3
404,8,8,31.4,24.2
404,8,9,31.4,24.2
404,8,10,31.3,24.1
404,8,11,31.1,24.0
404,8,12,30.9,23.9
404,8,13,30.8,23.8
404,8,14,30.7,23.6
404,8,15,30.7,23.6
404,8,16,30.6,23.4
404,8,17,30.4,23.2
404,8,18,30.3,23.1
404,8,19,30.1,23.0
404,8,20,29.9,22.8
404,8,21,29.8,22.6
404,8,22,29.7,22.4
404,8,23,29.6,22.2
404,8,24,29.5,22.0
404,8,25,29.3,21.9
404,8,26,29.2,21.8
404,8,27,29.1,21.7
404,8,28,29.0,21.6
404,8,29,28.9,21.4
404,8,30,29.0,21.2
404,8,31,28.8,21.0
404,9,1,28.8,20.8
404,9,2,28.8,20.7
404,9,3,28.5,20.6
404,9,4,28.1,20.3
404,9,5,27.9,20.0
404,9,6,27.8,19.9
404,9,7,27.5,19.6
404,9,8,27.5,19.5
404,9,9,27.3,19.4
404,9,10,27.1,19.3
404,9,11,27.0,19.1
404,9,12,26.9,19.0
404,9,13,26.7,18.8
404,9,14,26.7,18.6
404,9,15,26.8,18.5
404,9,16,26.7,18.4
404,9,17,26.7,18.0
404,9,18,26.3,17.7
404,9,19,25.8,17.3
404,9,20,25.4,16.9
404,9,21,25.2,16.7
404,9,22,25.0,16.6
404,9,23,25.1,16.4
404,9,24,25.4,16.5
404,9,25,25.6,16.5
404,9,26,25.3,16.5
404,9,27,24.9,16.3
404,9,28,24.5,16.2
404,9,29,24.0,15.9
404,9,30,23.5,15.5
404,10,1,23.2,14.9
404,10,2,23.1,14.4
404,10,3,23.0,14.0
404,10,4,22.9,13.7
404,10,5,22.9,13.7
404,10,6,22.8,13.6
404,10,7,22.7,13.6
404,10,8,22.5,13.5
404,10,9,22.1,13.3
404,10,10,21.7,12.8
404,10,11,21.5,12.4
404,10,12,21.0,12.0
404,10,13,20.5,11.5
404,10,14,20.3,11.2
404,10,15,20.2,11.0
404,10,16,20.1,10.7
404,10,17,20.1,10.7
404,10,18,20.2,10.7
404,10,19,20.2,10.7
404,10,20,20.1,10.7
404,10,21,19.8,10.7
404,10,22,19.5,10.5
404,10,23,19.2,10.2
404,10,24,18.6,9.8
404,10,25,18.2,9.2
404,10,26,17.8,8.8
404,10,27,17.2,8.3
404,10,28,16.7,7.7
404,10,29,16.5,7.3
404,10,30,16.1,7.1
404,10,31,15.6,6.8
404,11,1,15.6,6.6
404,11,2,15.7,6.8
404,11,3,15.7,6.9
404,11,4,15.8,7.1
404,11,5,15.9,7.3
404,11,6,15.6,7.3
404,11,7,15.2,7.0
404,11,8,14.6,6.8
404,11,9,14.0,6.4
404,11,10,13.5,5.8
404,11,11,13.1,5.5
404,11,12,12.8,5.1
404,11,13,12.3,4.6
404,11,14,11.7,4.0
404,11,15,11.2,3.7
404,11,16,10.6,3.0
404,11,17,10.1,2.3
404,11,18,9.7,1.9
404,11,19,9.5,1.7
404,11,20,9.4,1.5
404,11,21,9.6,1.7
404,11,22,9.7,2.1
404,11,23,9.8,2.2
404,11,24,9.7,2.1
404,11,25,9.3,2.1
404,11,26,8.9,1.8
404,11,27,8.5,1.5
404,11,28,8.3,1.2
404,11,29,8.0,1.0
404,11,30,8.0,0.7
404,12,1,7.7,0.3
404,12,2,7.3,-0.2
404,12,3,6.7,-0.8
404,12,4,6.0,-1.5
404,12,5,5.4,-1.9
404,12,6,5.0,-2.2
404,12,7,4.6,-2.4
404,12,8,4.7,-2.4
404,12,9,4.6,-2.3
404,12,10,4.5,-2.6
404,12,11,4.3,-2.9
404,12,12,4.1,-3.1
404,12,13,3.7,-3.2
404,12,14,3.5,-3.4
404,12,15,3.4,-3.6
404,12,16,3.2,-3.7
404,12,17,3.4,-3.7
404,12,18,3.5,-3.9
404,12,19,3.7,-3.9
404,12,20,4.1,-3.5
404,12,21,4.5,-3.2
404,12,22,4.5,-3.1
404,12,23,4.4,-3.3
404,12,24,3.9,-3.7
404,12,25,3.1,-4.4
404,12,26,2.5,-4.9
404,12,27,2.2,-5.3
404,12,28,1.8,-5.5
404,12,29,1.7,-5.5
404,12,30,1.8,-5.3
404,12,31,1.9,-5.3
405,1,1,2.5,-4.7
405,1,2,2.5,-4.7
405,1,3,2.7,-4.6
405,1,4,2.7,-4.6
405,1,5,2.6,-4.8
405,1,6,2.5,-4.9
405,1,7,2.3,-5.0
405,1,8,2.2,-5.0
405,1,9,2.0,-5.2
405,1,10,2.0,-5.2
405,1,11,1.8,-5.2
405,1,12,1.9,-5.2
405,1,13,2.0,-5.1
405,1,14,2.2,-4.9
405,1,15,2.5,-4.6
405,1,16,2.9,-4.4
405,1,17,3.2,-4.1
405,1,18,3.4,-3.8
405,1,19,3.3,-3.9
405,1,20,3.1,-4.2
405,1,21,2.9,-4.6
405,1,22,2.3,-5.1
405,1,23,2.0,-5.6
405,1,24,2.0,-5.6
405,1,25,2.1,-5.6
405,1,26,2.3,-5.4
405,1,27,2.7,-4.9
405,1,28,3.1,-4.5
405,1,29,3.2,-4.4
405,1,30,3.3,-4.3
405,1,31,3.3,-4.5
405,2,1,3.1,-4.6
405,2,2,3.1,-4.7
405,2,3,3.2,-4.7
405,2,4,3.4,-4.4
405,2,5,3.7,-4.1
405,2,6,3.7,-4.0
405,2,7,3.7,-4.0
405,2,8,3.8,-3.8
405,2,9,3.9,-3.9
405,2,10,3.8,-3.6
405,2,11,4.3,-3.2
405,2,12,4.9,-2.8
405,2,13,5.2,-2.5
405,2,14,5.2,-2.5
405,2,15,5.5,-2.4
405,2,16,5.4,-2.4
405,2,17,5.6,-2.3
405,2,18,6.0,-2.3
405,2,19,6.4,-1.8
405,2,20,7.1,-1.2
405,2,21,7.6,-0.9
405,2,22,8.1,-0.6
405,2,23,8.2,-0.1
405,2,24,8.6,0.1
405,2,25,8.6,0.1
405,2,26,8.9,0.5
405,2,27,8.9,0.6
405,2,28,8.8,0.5
405,2,29,8.9,0.6
405,3,1,8.9,0.6
405,3,2,9.1,0.7
405,3,3,9.1,0.8
405,3,4,9.0,0.8
405,3,5,9.1,0.9
405,3,6,9.0,0.8
405,3,7,9.3,0.8
405,3,8,9.4,0.8
405,3,9,9.7,0.9
405,3,10,10.2,1.1
405,3,11,10.6,1.5
405,3,12,10.7,1.8
405,3,13,11.1,2.0
405,3,14,11.6,2.5
405,3,15,12.3,2.9
405,3,16,12.8,3.5
405,3,17,13.2,3.8
405,3,18,13.5,4.1
405,3,19,13.8,4.2
405,3,20,13.6,4.2
405,3,21,13.3,3.9
405,3,22,13.0,3.8
405,3,23,12.8,3.7
405,3,24,12.8,3.8
405,3,25,13.1,4.0
405,3,26,13.4,4.3
405,3,27,13.8,4.6
405,3,28,14.2,4.9
405,3,29,14.5,5.2
405,3,30,14.8,5.4
405,3,31,15.1,5.9
405,4,1,15.3,6.0
405,4,2,15.8,6.3
405,4,3,16.0,6.6
405,4,4,16.0,6.7
405,4,5,16.1,6.8
405,4,6,16.6,7.0
405,4,7,16.7,7.3
405,4,8,17.0,7.5
405,4,9,17.6,7.9
405,4,10,17.9,8.2
405,4,11,18.0,8.4
405,4,12,18.1,8.6
405,4,13,18.3,8.5
405,4,14,18.5,8.6
405,4,15,18.8,8.8
405,4,16,19.3,9.1
405,4,17,19.8,9.4
405,4,18,19.9,9.8
405,4,19,20.0,10.1
405,4,20,20.0,10.4
405,4,21,19.7,10.4
405,4,22,19.7,10.4
405,4,23,19.8,10.3
405,4,24,19.7,10.1
405,4,25,19.7,10.1
405,4,26,20.1,10.3
405,4,27,20.4,10.6
405,4,28,20.9,11.3
405,4,29,21.7,12.0
405,4,30,22.6,12.6
405,5,1,22.9,13.1
405,5,2,23.5,13.4
405,5,3,23.9,13.4
405,5,4,23.6,13.3
405,5,5,23.5,13.1
405,5,6,23.8,13.1
405,5,7,23.7,13.2
405,5,8,23.2,13.2
405,5,9,23.2,13.3
405,5,10,22.9,13.4
405,5,11,22.8,13.4
405,5,12,23.0,13.5
405,5,13,23.4,13.8
405,5,14,23.6,14.0
405,5,15,24.2,14.2
405,5,16,24.3,14.4
405,5,17,24.0,14.5
405,5,18,24.2,14.4
405,5,19,24.6,14.5
405,5,20,24.9,14.8
405,5,21,25.4,15.2
405,5,22,25.8,15.4
405,5,23,26.0,15.8
405,5,24,26.1,16.1
405,5,25,26.1,16.1
405,5,26,26.2,16.2
405,5,27,26.5,16.6
405,5,28,26.6,16.8
405,5,29,26.7,16.8
405,5,30,26.8,17.1
405,5,31,27.0,17.2
405,6,1,27.1,17.2
405,6,2,27.5,17.5
405,6,3,27.6,17.8
405,6,4,27.7,18.1
405,6,5,27.8,18.3
405,6,6,27.9,18.6
405,6,7,28.0,18.8
405,6,8,28.2,19.0
405,6,9,28.4,19.1
405,6,10,28.4,19.2
405,6,11,28.4,19.2
405,6,12,28.3,19.3
405,6,13,28.3,19.2
405,6,14,28.4,19.3
405,6,15,28.7,19.5
405,6,16,28.9,19.8
405,6,17,29.1,20.0
405,6,18,29.2,20.3
405,6,19,29.3,20.5
405,6,20,29.4,20.6
405,6,21,29.4,20.6
405,6,22,29.3,20.5
405,6,23,29.2,20.6
405,6,24,29.0,20.6
405,6,25,28.7,20.7
405,6,26,29.0,20.9
405,6,27,29.1,21.1
405,6,28,29.2,21.3
405,6,29,29.2,21.5
405,6,30,29.2,21.7
405,7,1,28.9,21.8
405,7,2,29.0,21.9
405,7,3,29.1,21.9
405,7,4,29.5,22.1
405,7,5,29.8,22.1
405,7,6,30.0,22.3
405,7,7,30.1,22.3
405,7,8,30.1,22.5
405,7,9,30.0,22.5
405,7,10,29.6,22.5
405,7,11,29.6,22.5
405,7,12,29.6,22.6
405,7,13,29.6,22.6
405,7,14,29.5,22.7
405,7,15,29.6,22.7
405,7,16,29.7,22.8
405,7,17,29.8,22.9
405,7,18,30.2,23.1
405,7,19,30.7,23.6
405,7,20,31.1,23.9
405,7,21,31.0,24.0
405,7,22,31.0,24.2
405,7,23,30.9,24.2
405,7,24,31.0,24.1
405,7,25,31.0,24.1
405,7,26,31.0,24.2
405,7,27,31.2,24.3
405,7,28,31.3,24.4
405,7,29,31.3,24.6
405,7,30,31.5,24.8
405,7,31,31.9,25.0
405,8,1,32.2,25.1
405,8,2,32.2,25.1
405,8,3,32.6,25.2
405,8,4,32.6,25.2
405,8,5,32.5,25.1
405,8,6,32.6,25.0
405,8,7,32.7,25.2
405,8,8,32.4,25.1
405,8,9,32.4,25.1
405,8,10,32.3,25.0
405,8,11,32.1,24.9
405,8,12,31.9,24.7
405,8,13,31.8,24.6
405,8,14,31.7,24.5
405,8,15,31.7,24.5
405,8,16,31.6,24.4
405,8,17,31.3,24.2
405,8,18,31.2,24.1
405,8,19,31.0,23.9
405,8,20,30.8,23.7
405,8,21,30.7,23.5
405,8,22,30.7,23.3
405,8,23,30.5,23.1
405,8,24,30.4,22.9
405,8,25,30.2,22.8
405,8,26,30.1,22.7
405,8,27,30.0,22.6
405,8,28,29.9,22.5
405,8,29,29.8,22.2
405,8,30,29.9,22.1
405,8,31,29.7,21.9
405,9,1,29.7,21.7
405,9,2,29.7,21.6
405,9,3,29.5,21.5
405,9,4,29.2,21.2
405,9,5,29.0,21.0
405,9,6,28.9,20.9
405,9,7,28.5,20.7
405,9,8,28.5,20.5
405,9,9,28.3,20.4
405,9,10,28.0,20.4
405,9,11,27.8,20.1
405,9,12,27.7,20.0
405,9,13,27.6,19.9
405,9,14,27.6,19.7
405,9,15,27.8,19.6
405,9,16,27.7,19.5
405,9,17,27.7,19.1
405,9,18,27.3,18.8
405,9,19,26.8,18.5
405,9,20,26.3,18.1
405,9,21,26.1,17.8
405,9,22,25.9,17.7
405,9,23,26.0,17.6
405,9,24,26.2,17.7
405,9,25,26.3,17.7
405,9,26,26.1,17.6
405,9,27,25.7,17.4
405,9,28,25.3,17.2
405,9,29,24.8,16.8
405,9,30,24.2,16.4
405,10,1,24.0,15.9
405,10,2,23.8,15.4
405,10,3,23.7,15.0
405,10,4,23.6,14.8
405,10,5,23.7,14.8
405,10,6,23.6,14.7
405,10,7,23.5,14.7
405,10,8,23.3,14.6
405,10,9,22.9,14.3
405,10,10,22.4,13.9
405,10,11,22.1,13.4
405,10,12,21.7,13.1
405,10,13,21.3,12.5
405,10,14,21.1,12.2
405,10,15,20.9,11.9
405,10,16,20.8,11.7
405,10,17,20.7,11.6
405,10,18,20.8,11.7
405,10,19,20.9,11.8
405,10,20,20.8,11.8
405,10,21,20.5,11.7
405,10,22,20.2,11.6
405,10,23,19.7,11.2
405,10,24,19.0,10.8
405,10,25,18.6,10.2
405,10,26,18.2,9.8
405,10,27,17.6,9.3
405,10,28,17.0,8.7
405,10,29,16.9,8.3
405,10,30,16.5,8.1
405,10,31,16.1,7.7
405,11,1,16.1,7.5
405,11,2,16.2,7.6
405,11,3,16.3,7.6
405,11,4,16.5,7.8
405,11,5,16.7,8.0
405,11,6,16.4,8.0
405,11,7,16.0,7.8
405,11,8,15.4,7.6
405,11,9,14.9,7.2
405,11,10,14.3,6.7
405,11,11,14.0,6.5
405,11,12,13.6,6.1
405,11,13,13.1,5.6
405,11,14,12.5,5.0
405,11,15,12.1,4.6
405,11,16,11.3,3.9
405,11,17,10.8,3.2
405,11,18,10.5,2.7
405,11,19,10.2,2.5
405,11,20,10.1,2.2
405,11,21,10.4,2.4
405,11,22,10.4,2.7
405,11,23,10.5,2.8
405,11,24,10.4,2.7
405,11,25,10.0,2.7
405,11,26,9.7,2.5
405,11,27,9.2,2.2
405,11,28,9.0,2.0
405,11,29,8.8,1.8
405,11,30,8.6,1.6
405,12,1,8.2,1.1
405,12,2,7.9,0.5
405,12,3,7.2,-0.2
405,12,4,6.5,-0.8
405,12,5,6.0,-1.3
405,12,6,5.6,-1.6
405,12,7,5.2,-1.8
405,12,8,5.3,-1.7
405,12,9,5.2,-1.7
405,12,10,5.1,-1.9
405,12,11,5.0,-2.2
405,12,12,4.7,-2.4
405,12,13,4.4,-2.5
405,12,14,4.2,-2.8
405,12,15,4.1,-3.0
405,12,16,3.9,-3.1
405,12,17,3.9,-3.1
405,12,18,4.0,-3.3
405,12,19,4.3,-3.1
405,12,20,4.7,-2.7
405,12,21,5.1,-2.4
405,12,22,5.1,-2.3
405,12,23,4.9,-2.5
405,12,24,4.4,-3.0
405,12,25,3.6,-3.7
405,12,26,3.0,-4.2
405,12,27,2.8,-4.6
405,12,28,2.5,-4.8
405,12,29,2.4,-4.9
405,12,30,2.5,-4.7
405,12,31,2.5,-4.7
406,1,1,2.1,-7.4
406,1,2,2.2,-7.4
406,1,3,2.4,-7.4
406,1,4,2.4,-7.4
406,1,5,2.3,-7.6
406,1,6,2.1,-7.7
406,1,7,1.9,-7.8
406,1,8,1.8,-7.8
406,1,9,1.7,-7.9
406,1,10,1.7,-7.9
406,1,11,1.5,-7.9
406,1,12,1.7,-7.8
406,1,13,1.8,-7.8
406,1,14,2.0,-7.6
406,1,15,2.3,-7.4
406,1,16,2.7,-7.1
406,1,17,2.9,-6.8
406,1,18,3.0,-6.3
406,1,19,2.9,-6.4
406,1,20,2.8,-6.5
406,1,21,2.6,-7.0
406,1,22,2.2,-7.6
406,1,23,1.8,-8.3
406,1,24,1.9,-8.3
406,1,25,2.0,-8.3
406,1,26,2.2,-8.2
406,1,27,2.6,-7.7
406,1,28,3.0,-7.2
406,1,29,3.1,-7.0
406,1,30,3.1,-6.9
406,1,31,3.1,-6.9
406,2,1,3.0,-7.1
406,2,2,3.0,-7.2
406,2,3,3.2,-7.1
406,2,4,3.4,-6.9
406,2,5,3.6,-6.6
406,2,6,3.7,-6.4
406,2,7,3.6,-6.2
406,2,8,3.8,-5.9
406,2,9,3.8,-6.0
406,2,10,3.7,-5.7
406,2,11,4.3,-5.4
406,2,12,4.8,-4.9
406,2,13,5.1,-4.7
406,2,14,5.2,-4.6
406,2,15,5.4,-4.6
406,2,16,5.3,-4.6
406,2,17,5.5,-4.6
406,2,18,5.9,-4.6
406,2,19,6.3,-4.1
406,2,20,7.0,-3.6
406,2,21,7.5,-3.2
406,2,22,7.9,-2.8
406,2,23,8.1,-2.4
406,2,24,8.5,-2.1
406,2,25,8.6,-2.0
406,2,26,8.8,-1.7
406,2,27,8.8,-1.5
406,2,28,8.7,-1.5
406,2,29,8.8,-1.5
406,3,1,8.8,-1.5
406,3,2,8.9,-1.4
406,3,3,8.9,-1.4
406,3,4,8.8,-1.4
406,3,5,8.9,-1.4
406,3,6,8.8,-1.4
406,3,7,9.2,-1.4
406,3,8,9.3,-1.2
406,3,9,9.6,-1.2
406,3,10,10.1,-1.1
406,3,11,10.5,-0.8
406,3,12,10.5,-0.5
406,3,13,11.0,-0.4
406,3,14,11.5,0.2
406,3,15,12.1,0.6
406,3,16,12.7,1.2
406,3,17,13.1,1.6
406,3,18,13.5,1.8
406,3,19,13.7,1.9
406,3,20,13.6,2.0
406,3,21,13.2,1.7
406,3,22,13.0,1.5
406,3,23,12.8,1.5
406,3,24,12.7,1.5
406,3,25,13.0,1.7
406,3,26,13.4,1.9
406,3,27,13.7,2.3
406,3,28,14.1,2.7
406,3,29,14.5,3.0
406,3,30,14.7,3.2
406,3,31,14.9,3.6
406,4,1,15.2,3.8
406,4,2,15.6,3.8
406,4,3,15.9,4.1
406,4,4,15.8,4.2
406,4,5,16.1,4.5
406,4,6,16.5,4.7
406,4,7,16.8,5.1
406,4,8,17.1,5.6
406,4,9,17.7,6.0
406,4,10,18.0,6.2
406,4,11,18.1,6.5
406,4,12,18.2,6.6
406,4,13,18.4,6.5
406,4,14,18.6,6.5
406,4,15,18.9,6.5
406,4,16,19.3,6.7
406,4,17,19.6,7.0
406,4,18,19.6,7.4
406,4,19,19.7,7.7
406,4,20,19.8,8.1
406,4,21,19.5,8.2
406,4,22,19.6,8.2
406,4,23,19.7,8.0
406,4,24,19.6,7.8
406,4,25,19.6,7.6
406,4,26,20.0,7.5
406,4,27,20.2,7.8
406,4,28,20.8,8.4
406,4,29,21.5,9.2
406,4,30,22.4,9.8
406,5,1,22.7,10.4
406,5,2,23.2,10.7
406,5,3,23.6,10.8
406,5,4,23.4,10.7
406,5,5,23.3,10.6
406,5,6,23.7,10.6
406,5,7,23.5,10.7
406,5,8,23.0,10.8
406,5,9,23.0,10.8
406,5,10,22.7,11.1
406,5,11,22.5,11.2
406,5,12,22.8,11.2
406,5,13,23.1,11.6
406,5,14,23.3,11.8
406,5,15,23.9,12.0
406,5,16,23.8,12.2
406,5,17,23.6,12.3
406,5,18,23.7,12.0
406,5,19,24.2,12.0
406,5,20,24.5,12.3
406,5,21,25.0,12.6
406,5,22,25.4,12.9
406,5,23,25.7,13.4
406,5,24,25.7,13.8
406,5,25,25.7,13.9
406,5,26,25.8,13.9
406,5,27,26.0,14.2
406,5,28,26.0,14.4
406,5,29,26.2,14.4
406,5,30,26.5,14.5
406,5,31,26.6,14.7
406,6,1,26.9,14.6
406,6,2,27.2,14.9
406,6,3,27.3,15.3
406,6,4,27.5,15.7
406,6,5,27.6,16.0
406,6,6,27.6,16.3
406,6,7,27.8,16.4
406,6,8,28.0,16.7
406,6,9,28.1,16.9
406,6,10,28.1,16.9
406,6,11,28.2,17.0
406,6,12,28.1,17.2
406,6,13,28.2,17.1
406,6,14,28.2,17.1
406,6,15,28.4,17.4
406,6,16,28.5,17.7
406,6,17,28.7,17.9
406,6,18,28.7,18.2
406,6,19,28.9,18.6
406,6,20,29.1,18.6
406,6,21,29.0,18.7
406,6,22,28.9,18.6
406,6,23,28.8,18.7
406,6,24,28.5,18.7
406,6,25,28.2,18.8
406,6,26,28.5,19.1
406,6,27,28.7,19.4
406,6,28,28.7,19.7
406,6,29,28.7,20.0
406,6,30,28.7,20.3
406,7,1,28.4,20.5
406,7,2,28.6,20.6
406,7,3,28.7,20.5
406,7,4,29.1,20.5
406,7,5,29.5,20.5
406,7,6,29.7,20.6
406,7,7,29.6,20.7
406,7,8,29.5,20.9
406,7,9,29.4,20.9
406,7,10,29.1,20.9
406,7,11,28.9,20.9
406,7,12,28.9,21.0
406,7,13,28.9,21.1
406,7,14,28.8,21.2
406,7,15,28.9,21.2
406,7,16,29.0,21.3
406,7,17,29.0,21.4
406,7,18,29.5,21.6
406,7,19,29.9,21.9
406,7,20,30.3,22.3
406,7,21,30.3,22.5
406,7,22,30.4,22.6
406,7,23,30.2,22.7
406,7,24,30.3,22.5
406,7,25,30.4,22.5
406,7,26,30.4,22.7
406,7,27,30.6,22.8
406,7,28,30.8,23.0
406,7,29,30.8,23.2
406,7,30,30.9,23.4
406,7,31,31.3,23.5
406,8,1,31.4,23.5
406,8,2,31.4,23.5
406,8,3,31.7,23.5
406,8,4,31.7,23.4
406,8,5,31.6,23.2
406,8,6,31.7,23.1
406,8,7,31.7,23.2
406,8,8,31.5,23.1
406,8,9,31.5,23.0
406,8,10,31.4,22.9
406,8,11,31.3,22.7
406,8,12,31.1,22.7
406,8,13,31.0,22.6
406,8,14,30.9,22.5
406,8,15,31.0,22.4
406,8,16,30.8,22.4
406,8,17,30.5,22.1
406,8,18,30.3,21.9
406,8,19,30.1,21.7
406,8,20,29.9,21.6
406,8,21,29.8,21.3
406,8,22,29.9,21.0
406,8,23,29.7,20.8
406,8,24,29.6,20.6
406,8,25,29.4,20.5
406,8,26,29.2,20.3
406,8,27,29.1,20.3
406,8,28,29.1,20.2
406,8,29,29.0,19.9
406,8,30,29.1,19.8
406,8,31,28.9,19.6
406,9,1,28.9,19.4
406,9,2,28.8,19.1
406,9,3,28.5,18.9
406,9,4,28.3,18.6
406,9,5,28.1,18.4
406,9,6,28.0,18.2
406,9,7,27.7,18.0
406,9,8,27.7,17.9
406,9,9,27.5,17.8
406,9,10,27.2,17.7
406,9,11,26.9,17.4
406,9,12,26.9,17.2
406,9,13,26.8,17.1
406,9,14,26.7,16.9
406,9,15,26.9,16.6
406,9,16,26.9,16.5
406,9,17,26.8,16.0
406,9,18,26.4,15.7
406,9,19,25.9,15.3
406,9,20,25.5,14.8
406,9,21,25.3,14.5
406,9,22,25.2,14.4
406,9,23,25.3,14.1
406,9,24,25.6,14.2
406,9,25,25.6,14.3
406,9,26,25.3,14.3
406,9,27,24.9,14.1
406,9,28,24.5,14.0
406,9,29,24.0,13.8
406,9,30,23.5,13.3
406,10,1,23.2,12.8
406,10,2,23.1,12.3
406,10,3,23.0,11.7
406,10,4,23.0,11.4
406,10,5,23.1,11.4
406,10,6,23.0,11.2
406,10,7,22.9,11.2
406,10,8,22.7,11.3
406,10,9,22.3,11.1
406,10,10,21.9,10.5
406,10,11,21.6,10.0
406,10,12,21.2,9.7
406,10,13,20.8,9.0
406,10,14,20.6,8.6
406,10,15,20.4,8.3
406,10,16,20.3,8.2
406,10,17,20.3,8.0
406,10,18,20.5,8.1
406,10,19,20.5,8.1
406,10,20,20.4,8.2
406,10,21,20.0,8.2
406,10,22,19.7,8.0
406,10,23,19.3,7.7
406,10,24,18.7,7.4
406,10,25,18.4,6.8
406,10,26,18.0,6.4
406,10,27,17.4,5.9
406,10,28,16.9,5.3
406,10,29,16.7,4.8
406,10,30,16.3,4.6
406,10,31,15.9,4.2
406,11,1,15.8,4.0
406,11,2,15.9,4.1
406,11,3,16.0,4.2
406,11,4,16.2,4.2
406,11,5,16.3,4.5
406,11,6,16.1,4.6
406,11,7,15.7,4.7
406,11,8,15.1,4.5
406,11,9,14.6,4.3
406,11,10,14.1,3.7
406,11,11,13.7,3.4
406,11,12,13.3,3.1
406,11,13,12.7,2.6
406,11,14,12.2,2.0
406,11,15,11.7,1.7
406,11,16,10.9,1.0
406,11,17,10.4,0.2
406,11,18,10.0,-0.2
406,11,19,9.7,-0.5
406,11,20,9.7,-0.7
406,11,21,9.9,-0.6
406,11,22,10.0,-0.2
406,11,23,10.1,-0.1
406,11,24,9.9,-0.1
406,11,25,9.6,-0.1
406,11,26,9.2,-0.1
406,11,27,8.8,-0.3
406,11,28,8.6,-0.5
406,11,29,8.4,-0.8
406,11,30,8.2,-1.1
406,12,1,7.9,-1.6
406,12,2,7.6,-2.3
406,12,3,6.9,-2.8
406,12,4,6.2,-3.3
406,12,5,5.6,-3.7
406,12,6,5.1,-4.0
406,12,7,4.7,-4.1
406,12,8,4.8,-4.2
406,12,9,4.7,-4.2
406,12,10,4.6,-4.6
406,12,11,4.5,-5.0
406,12,12,4.4,-5.3
406,12,13,4.0,-5.4
406,12,14,3.8,-5.7
406,12,15,3.6,-5.7
406,12,16,3.4,-5.8
406,12,17,3.5,-5.7
406,12,18,3.6,-5.9
406,12,19,3.9,-5.7
406,12,20,4.4,-5.5
406,12,21,4.8,-5.2
406,12,22,4.8,-5.1
406,12,23,4.6,-5.2
406,12,24,4.1,-5.6
406,12,25,3.3,-6.3
406,12,26,2.7,-6.9
406,12,27,2.4,-7.3
406,12,28,2.1,-7.6
406,12,29,1.9,-7.7
406,12,30,2.0,-7.6
406,12,31,2.0,-7.4
407,1,1,2.2,-8.5
407,1,2,2.3,-8.5
407,1,3,2.5,-8.5
407,1,4,2.5,-8.6
407,1,5,2.4,-8.9
407,1,6,2.2,-8.9
407,1,7,1.9,-9.0
407,1,8,1.8,-9.0
407,1,9,1.8,-9.0
407,1,10,1.8,-8.9
407,1,11,1.6,-9.0
407,1,12,1.8,-8.9
407,1,13,1.9,-8.9
407,1,14,2.2,-8.8
407,1,15,2.5,-8.6
407,1,16,2.8,-8.4
407,1,17,3.1,-8.0
407,1,18,3.1,-7.5
407,1,19,3.0,-7.6
407,1,20,2.9,-7.6
407,1,21,2.6,-7.9
407,1,22,2.2,-8.6
407,1,23,1.9,-9.3
407,1,24,2.0,-9.3
407,1,25,2.0,-9.5
407,1,26,2.2,-9.3
407,1,27,2.6,-8.8
407,1,28,3.0,-8.3
407,1,29,3.1,-8.2
407,1,30,3.2,-8.2
407,1,31,3.2,-8.3
407,2,1,3.1,-8.3
407,2,2,3.1,-8.5
407,2,3,3.2,-8.5
407,2,4,3.5,-8.2
407,2,5,3.7,-7.8
407,2,6,3.8,-7.6
407,2,7,3.7,-7.5
407,2,8,3.9,-7.1
407,2,9,3.9,-7.2
407,2,10,3.7,-7.0
407,2,11,4.3,-6.8
407,2,12,4.8,-6.3
407,2,13,5.1,-6.0
407,2,14,5.2,-5.8
407,2,15,5.4,-5.8
407,2,16,5.4,-5.7
407,2,17,5.6,-5.7
407,2,18,6.0,-5.7
407,2,19,6.4,-5.4
407,2,20,7.2,-4.9
407,2,21,7.7,-4.4
407,2,22,8.1,-4.1
407,2,23,8.3,-3.6
407,2,24,8.7,-3.3
407,2,25,8.7,-3.2
407,2,26,8.8,-3.0
407,2,27,8.9,-2.6
407,2,28,8.8,-2.6
407,2,29,8.9,-2.6
407,3,1,8.9,-2.6
407,3,2,9.1,-2.4
407,3,3,9.1,-2.2
407,3,4,9.0,-2.2
407,3,5,9.0,-2.2
407,3,6,9.0,-2.2
407,3,7,9.3,-2.3
407,3,8,9.4,-2.2
407,3,9,9.7,-2.3
407,3,10,10.2,-2.3
407,3,11,10.7,-2.0
407,3,12,10.7,-1.7
407,3,13,11.1,-1.7
407,3,14,11.7,-1.2
407,3,15,12.3,-0.8
407,3,16,12.9,-0.2
407,3,17,13.3,0.2
407,3,18,13.6,0.4
407,3,19,13.8,0.5
407,3,20,13.7,0.7
407,3,21,13.3,0.4
407,3,22,13.1,0.1
407,3,23,13.0,0.2
407,3,24,12.9,0.2
407,3,25,13.2,0.3
407,3,26,13.6,0.5
407,3,27,13.9,0.9
407,3,28,14.3,1.2
407,3,29,14.6,1.6
407,3,30,14.9,1.8
407,3,31,15.1,2.2
407,4,1,15.3,2.4
407,4,2,15.7,2.5
407,4,3,16.1,2.7
407,4,4,16.0,2.9
407,4,5,16.2,3.2
407,4,6,16.7,3.3
407,4,7,16.9,3.8
407,4,8,17.1,4.2
407,4,9,17.7,4.6
407,4,10,18.0,4.8
407,4,11,18.0,5.3
407,4,12,18.1,5.4
407,4,13,18.3,5.4
407,4,14,18.4,5.4
407,4,15,18.7,5.3
407,4,16,19.3,5.4
407,4,17,19.7,5.7
407,4,18,19.8,6.1
407,4,19,20.0,6.6
407,4,20,20.1,7.1
407,4,21,19.7,7.3
407,4,22,19.8,7.2
407,4,23,19.9,7.0
407,4,24,19.7,6.7
407,4,25,19.8,6.4
407,4,26,20.2,6.3
407,4,27,20.5,6.6
407,4,28,21.0,7.2
407,4,29,21.8,8.0
407,4,30,22.5,8.7
407,5,1,22.8,9.4
407,5,2,23.3,9.8
407,5,3,23.7,9.8
407,5,4,23.4,9.7
407,5,5,23.4,9.6
407,5,6,23.8,9.5
407,5,7,23.7,9.6
407,5,8,23.2,9.8
407,5,9,23.3,10.0
407,5,10,22.9,10.4
407,5,11,22.8,10.4
407,5,12,23.1,10.4
407,5,13,23.4,10.8
407,5,14,23.5,11.0
407,5,15,24.1,11.1
407,5,16,24.1,11.4
407,5,17,23.8,11.7
407,5,18,24.0,11.4
407,5,19,24.5,11.3
407,5,20,24.8,11.5
407,5,21,25.2,11.7
407,5,22,25.6,11.9
407,5,23,25.9,12.3
407,5,24,26.0,12.8
407,5,25,26.0,12.9
407,5,26,26.1,12.9
407,5,27,26.4,13.2
407,5,28,26.4,13.4
407,5,29,26.6,13.3
407,5,30,26.8,13.5
407,5,31,27.0,13.6
407,6,1,27.2,13.6
407,6,2,27.5,13.8
407,6,3,27.5,14.2
407,6,4,27.7,14.7
407,6,5,27.7,15.1
407,6,6,27.7,15.4
407,6,7,27.9,15.6
407,6,8,28.1,15.9
407,6,9,28.2,16.1
407,6,10,28.3,16.1
407,6,11,28.4,16.2
407,6,12,28.3,16.4
407,6,13,28.4,16.5
407,6,14,28.4,16.3
407,6,15,28.6,16.5
407,6,16,28.7,16.9
407,6,17,28.9,17.0
407,6,18,29.0,17.3
407,6,19,29.1,17.9
407,6,20,29.2,18.1
407,6,21,29.1,18.2
407,6,22,28.9,18.2
407,6,23,28.8,18.2
407,6,24,28.5,18.2
407,6,25,28.2,18.4
407,6,26,28.5,18.7
407,6,27,28.6,19.0
407,6,28,28.7,19.3
407,6,29,28.7,19.6
407,6,30,28.6,19.9
407,7,1,28.4,20.1
407,7,2,28.5,20.2
407,7,3,28.7,20.1
407,7,4,29.0,20.1
407,7,5,29.3,20.0
407,7,6,29.5,20.1
407,7,7,29.5,20.1
407,7,8,29.4,20.3
407,7,9,29.2,20.4
407,7,10,28.9,20.4
407,7,11,28.8,20.5
407,7,12,28.9,20.7
407,7,13,28.9,20.8
407,7,14,28.7,20.9
407,7,15,28.8,20.9
407,7,16,29.0,21.0
407,7,17,29.0,21.1
407,7,18,29.5,21.3
407,7,19,30.0,21.6
407,7,20,30.3,21.9
407,7,21,30.3,22.2
407,7,22,30.3,22.3
407,7,23,30.2,22.5
407,7,24,30.2,22.3
407,7,25,30.2,22.3
407,7,26,30.2,22.4
407,7,27,30.4,22.5
407,7,28,30.5,22.6
407,7,29,30.5,22.8
407,7,30,30.8,23.0
407,7,31,31.1,23.1
407,8,1,31.2,23.2
407,8,2,31.3,23.1
407,8,3,31.7,23.1
407,8,4,31.7,23.0
407,8,5,31.5,22.8
407,8,6,31.7,22.7
407,8,7,31.7,22.8
407,8,8,31.4,22.7
407,8,9,31.4,22.6
407,8,10,31.4,22.4
407,8,11,31.3,22.3
407,8,12,31.1,22.2
407,8,13,31.0,22.1
407,8,14,30.9,22.1
407,8,15,30.9,22.0
407,8,16,30.7,21.9
407,8,17,30.4,21.6
407,8,18,30.2,21.5
407,8,19,29.9,21.3
407,8,20,29.8,21.1
407,8,21,29.7,20.8
407,8,22,29.7,20.5
407,8,23,29.6,20.3
407,8,24,29.5,20.0
407,8,25,29.3,19.9
407,8,26,29.2,19.8
407,8,27,29.0,19.7
407,8,28,28.9,19.6
407,8,29,28.8,19.4
407,8,30,28.9,19.2
407,8,31,28.7,18.9
407,9,1,28.7,18.7
407,9,2,28.7,18.4
407,9,3,28.4,18.2
407,9,4,28.1,18.0
407,9,5,28.0,17.8
407,9,6,27.9,17.5
407,9,7,27.5,17.3
407,9,8,27.5,17.2
407,9,9,27.3,17.1
407,9,10,27.0,17.0
407,9,11,26.7,16.7
407,9,12,26.6,16.5
407,9,13,26.5,16.4
407,9,14,26.6,16.1
407,9,15,26.7,15.8
407,9,16,26.6,15.5
407,9,17,26.6,15.1
407,9,18,26.2,14.7
407,9,19,25.7,14.3
407,9,20,25.2,13.8
407,9,21,25.1,13.5
407,9,22,25.0,13.4
407,9,23,25.0,13.1
407,9,24,25.3,13.0
407,9,25,25.5,13.1
407,9,26,25.2,13.0
407,9,27,24.7,12.9
407,9,28,24.3,12.8
407,9,29,23.8,12.7
407,9,30,23.3,12.3
407,10,1,23.1,11.8
407,10,2,22.9,11.3
407,10,3,22.9,10.7
407,10,4,22.9,10.3
407,10,5,22.9,10.2
407,10,6,22.8,10.0
407,10,7,22.8,10.0
407,10,8,22.5,10.1
407,10,9,22.2,9.9
407,10,10,21.8,9.3
407,10,11,21.5,8.8
407,10,12,21.1,8.4
407,10,13,20.8,7.7
407,10,14,20.5,7.2
407,10,15,20.4,6.8
407,10,16,20.3,6.7
407,10,17,20.3,6.5
407,10,18,20.4,6.7
407,10,19,20.5,6.8
407,10,20,20.3,7.0
407,10,21,20.0,6.9
407,10,22,19.7,6.8
407,10,23,19.2,6.4
407,10,24,18.6,6.1
407,10,25,18.3,5.5
407,10,26,18.0,5.2
407,10,27,17.4,4.7
407,10,28,16.9,4.0
407,10,29,16.7,3.5
407,10,30,16.3,3.4
407,10,31,15.9,3.1
407,11,1,15.9,2.9
407,11,2,15.9,2.9
407,11,3,16.0,3.0
407,11,4,16.2,3.1
407,11,5,16.4,3.4
407,11,6,16.1,3.5
407,11,7,15.8,3.7
407,11,8,15.2,3.6
407,11,9,14.6,3.2
407,11,10,14.1,2.6
407,11,11,13.7,2.3
407,11,12,13.2,1.9
407,11,13,12.7,1.4
407,11,14,12.2,0.8
407,11,15,11.7,0.5
407,11,16,11.0,-0.1
407,11,17,10.5,-0.8
407,11,18,10.1,-1.3
407,11,19,9.8,-1.6
407,11,20,9.7,-1.9
407,11,21,10.0,-1.8
407,11,22,10.0,-1.4
407,11,23,10.1,-1.3
407,11,24,10.0,-1.2
407,11,25,9.5,-1.0
407,11,26,9.1,-1.1
407,11,27,8.5,-1.2
407,11,28,8.3,-1.5
407,11,29,8.2,-1.8
407,11,30,8.0,-2.1
407,12,1,7.7,-2.6
407,12,2,7.5,-3.2
407,12,3,6.8,-3.6
407,12,4,6.1,-4.1
407,12,5,5.6,-4.5
407,12,6,5.1,-4.7
407,12,7,4.8,-5.0
407,12,8,4.8,-5.2
407,12,9,4.7,-5.2
407,12,10,4.6,-5.7
407,12,11,4.5,-6.1
407,12,12,4.3,-6.5
407,12,13,3.9,-6.6
407,12,14,3.7,-6.9
407,12,15,3.5,-6.7
407,12,16,3.3,-6.8
407,12,17,3.4,-6.7
407,12,18,3.6,-7.0
407,12,19,3.8,-7.0
407,12,20,4.3,-6.8
407,12,21,4.8,-6.5
407,12,22,4.8,-6.3
407,12,23,4.6,-6.3
407,12,24,4.1,-6.5
407,12,25,3.3,-7.3
407,12,26,2.7,-7.8
407,12,27,2.4,-8.3
407,12,28,2.2,-8.6
407,12,29,2.0,-8.8
407,12,30,2.1,-8.6
407,12,31,2.1,-8.4
408,1,1,2.6,-4.8
408,1,2,2.7,-4.8
408,1,3,2.9,-4.7
408,1,4,2.9,-4.7
408,1,5,2.8,-4.9
408,1,6,2.7,-5.0
408,1,7,2.4,-5.0
408,1,8,2.3,-5.1
408,1,9,2.2,-5.2
408,1,10,2.2,-5.2
408,1,11,2.0,-5.2
408,1,12,2.2,-5.1
408,1,13,2.4,-5.0
408,1,14,2.5,-4.9
408,1,15,2.9,-4.6
408,1,16,3.3,-4.3
408,1,17,3.5,-4.0
408,1,18,3.6,-3.7
408,1,19,3.5,-3.8
408,1,20,3.3,-4.1
408,1,21,3.1,-4.5
408,1,22,2.7,-5.0
408,1,23,2.3,-5.6
408,1,24,2.3,-5.5
408,1,25,2.4,-5.5
408,1,26,2.6,-5.3
408,1,27,3.0,-4.9
408,1,28,3.3,-4.4
408,1,29,3.5,-4.3
408,1,30,3.6,-4.3
408,1,31,3.5,-4.4
408,2,1,3.5,-4.5
408,2,2,3.5,-4.5
408,2,3,3.6,-4.5
408,2,4,3.8,-4.2
408,2,5,4.1,-4.0
408,2,6,4.1,-3.8
408,2,7,4.1,-3.8
408,2,8,4.2,-3.6
408,2,9,4.2,-3.7
408,2,10,4.1,-3.4
408,2,11,4.6,-3.0
408,2,12,5.2,-2.6
408,2,13,5.5,-2.3
408,2,14,5.6,-2.3
408,2,15,5.8,-2.3
408,2,16,5.8,-2.3
408,2,17,5.9,-2.3
408,2,18,6.3,-2.2
408,2,19,6.7,-1.8
408,2,20,7.5,-1.2
408,2,21,8.0,-0.8
408,2,22,8.4,-0.4
408,2,23,8.5,0.1
408,2,24,8.9,0.3
408,2,25,9.0,0.4
408,2,26,9.2,0.7
408,2,27,9.3,0.9
408,2,28,9.2,0.8
408,2,29,9.2,0.8
408,3,1,9.2,0.8
408,3,2,9.4,0.9
408,3,3,9.4,1.0
408,3,4,9.2,1.0
408,3,5,9.2,1.0
408,3,6,9.1,1.0
408,3,7,9.5,0.9
408,3,8,9.6,1.0
408,3,9,9.9,1.0
408,3,10,10.4,1.2
408,3,11,10.9,1.5
408,3,12,10.9,1.8
408,3,13,11.3,1.9
408,3,14,11.8,2.4
408,3,15,12.5,2.9
408,3,16,13.0,3.4
408,3,17,13.5,3.8
408,3,18,13.7,4.0
408,3,19,14.0,4.2
408,3,20,13.8,4.3
408,3,21,13.5,4.0
408,3,22,13.2,3.8
408,3,23,13.0,3.8
408,3,24,13.0,3.8
408,3,25,13.3,4.1
408,3,26,13.6,4.3
408,3,27,14.0,4.7
408,3,28,14.4,5.1
408,3,29,14.8,5.3
408,3,30,15.1,5.5
408,3,31,15.2,5.9
408,4,1,15.5,6.1
408,4,2,15.9,6.2
408,4,3,16.2,6.4
408,4,4,16.1,6.5
408,4,5,16.3,6.7
408,4,6,16.8,6.9
408,4,7,17.0,7.3
408,4,8,17.4,7.6
408,4,9,17.9,8.0
408,4,10,18.2,8.3
408,4,11,18.2,8.6
408,4,12,18.3,8.7
408,4,13,18.7,8.7
408,4,14,18.8,8.7
408,4,15,19.1,8.8
408,4,16,19.7,9.0
408,4,17,20.1,9.3
408,4,18,20.1,9.7
408,4,19,20.2,10.0
408,4,20,20.2,10.3
408,4,21,19.9,10.3
408,4,22,19.9,10.3
408,4,23,19.9,10.2
408,4,24,19.7,10.0
408,4,25,19.7,9.9
408,4,26,20.1,10.0
408,4,27,20.4,10.2
408,4,28,21.0,10.8
408,4,29,21.8,11.6
408,4,30,22.7,12.2
408,5,1,23.0,12.8
408,5,2,23.6,13.2
408,5,3,24.0,13.3
408,5,4,23.7,13.1
408,5,5,23.7,13.0
408,5,6,23.9,13.0
408,5,7,23.8,13.0
408,5,8,23.3,13.0
408,5,9,23.4,13.1
408,5,10,23.1,13.2
408,5,11,23.0,13.2
408,5,12,23.2,13.3
408,5,13,23.5,13.6
408,5,14,23.8,13.8
408,5,15,24.3,14.0
408,5,16,24.3,14.2
408,5,17,24.0,14.2
408,5,18,24.2,14.1
408,5,19,24.5,14.2
408,5,20,24.9,14.4
408,5,21,25.3,14.9
408,5,22,25.8,15.2
408,5,23,26.0,15.6
408,5,24,26.1,15.9
408,5,25,26.2,16.0
408,5,26,26.4,16.0
408,5,27,26.6,16.3
408,5,28,26.5,16.5
408,5,29,26.8,16.6
408,5,30,26.9,16.8
408,5,31,27.2,17.0
408,6,1,27.4,17.0
408,6,2,27.9,17.3
408,6,3,27.9,17.6
408,6,4,28.1,18.0
408,6,5,28.1,18.3
408,6,6,28.1,18.5
408,6,7,28.3,18.6
408,6,8,28.5,18.8
408,6,9,28.6,19.0
408,6,10,28.6,19.0
408,6,11,28.7,19.0
408,6,12,28.6,19.1
408,6,13,28.6,19.1
408,6,14,28.8,19.0
408,6,15,29.0,19.3
408,6,16,29.1,19.5
408,6,17,29.3,19.8
408,6,18,29.4,20.0
408,6,19,29.4,20.4
408,6,20,29.6,20.4
408,6,21,29.5,20.4
408,6,22,29.4,20.4
408,6,23,29.2,20.4
408,6,24,29.0,20.3
408,6,25,28.7,20.3
408,6,26,29.0,20.5
408,6,27,29.1,20.7
408,6,28,29.2,21.0
408,6,29,29.2,21.2
408,6,30,29.2,21.5
408,7,1,28.8,21.6
408,7,2,29.0,21.7
408,7,3,29.2,21.7
408,7,4,29.5,21.8
408,7,5,29.8,21.9
408,7,6,30.1,21.9
408,7,7,30.1,22.0
408,7,8,30.0,22.1
408,7,9,29.9,22.1
408,7,10,29.6,22.1
408,7,11,29.5,22.1
408,7,12,29.5,22.2
408,7,13,29.4,22.3
408,7,14,29.2,22.4
408,7,15,29.4,22.4
408,7,16,29.6,22.5
408,7,17,29.6,22.6
408,7,18,30.1,22.8
408,7,19,30.6,23.2
408,7,20,31.0,23.4
408,7,21,31.0,23.7
408,7,22,31.0,23.8
408,7,23,30.9,23.9
408,7,24,30.9,23.7
408,7,25,30.9,23.8
408,7,26,31.0,23.9
408,7,27,31.2,24.0
408,7,28,31.3,24.2
408,7,29,31.4,24.4
408,7,30,31.6,24.6
408,7,31,32.0,24.7
408,8,1,32.2,24.8
408,8,2,32.3,24.8
408,8,3,32.7,24.8
408,8,4,32.6,24.8
408,8,5,32.4,24.7
408,8,6,32.6,24.6
408,8,7,32.6,24.7
408,8,8,32.3,24.6
408,8,9,32.3,24.5
408,8,10,32.2,24.3
408,8,11,32.0,24.2
408,8,12,31.8,24.1
408,8,13,31.7,24.0
408,8,14,31.6,24.0
408,8,15,31.6,23.9
408,8,16,31.4,23.8
408,8,17,31.1,23.5
408,8,18,30.8,23.4
408,8,19,30.6,23.2
408,8,20,30.4,23.1
408,8,21,30.4,22.9
408,8,22,30.3,22.7
408,8,23,30.2,22.5
408,8,24,30.1,22.3
408,8,25,29.8,22.1
408,8,26,29.7,22.0
408,8,27,29.6,21.9
408,8,28,29.6,21.8
408,8,29,29.5,21.6
408,8,30,29.6,21.5
408,8,31,29.4,21.2
408,9,1,29.4,21.0
408,9,2,29.4,20.8
408,9,3,29.1,20.7
408,9,4,28.8,20.4
408,9,5,28.7,20.2
408,9,6,28.5,20.1
408,9,7,28.2,19.9
408,9,8,28.3,19.7
408,9,9,28.0,19.6
408,9,10,27.7,19.5
408,9,11,27.5,19.3
408,9,12,27.4,19.1
408,9,13,27.2,19.0
408,9,14,27.3,18.9
408,9,15,27.4,18.8
408,9,16,27.3,18.6
408,9,17,27.3,18.3
408,9,18,27.0,18.0
408,9,19,26.4,17.5
408,9,20,25.9,17.1
408,9,21,25.7,16.8
408,9,22,25.6,16.7
408,9,23,25.6,16.5
408,9,24,26.0,16.5
408,9,25,26.1,16.6
408,9,26,25.9,16.6
408,9,27,25.5,16.4
408,9,28,25.1,16.2
408,9,29,24.6,15.9
408,9,30,24.1,15.6
408,10,1,23.8,15.1
408,10,2,23.6,14.7
408,10,3,23.5,14.3
408,10,4,23.5,14.0
408,10,5,23.5,13.9
408,10,6,23.5,13.8
408,10,7,23.4,13.8
408,10,8,23.2,13.8
408,10,9,22.8,13.6
408,10,10,22.4,13.1
408,10,11,22.0,12.6
408,10,12,21.6,12.3
408,10,13,21.3,11.7
408,10,14,21.0,11.3
408,10,15,20.8,11.0
408,10,16,20.8,10.9
408,10,17,20.8,10.8
408,10,18,20.9,10.9
408,10,19,20.9,10.9
408,10,20,20.8,11.0
408,10,21,20.5,10.9
408,10,22,20.2,10.7
408,10,23,19.7,10.4
408,10,24,19.2,10.1
408,10,25,18.9,9.6
408,10,26,18.6,9.3
408,10,27,17.9,8.8
408,10,28,17.4,8.2
408,10,29,17.2,7.8
408,10,30,16.7,7.5
408,10,31,16.2,7.2
408,11,1,16.2,6.9
408,11,2,16.3,6.9
408,11,3,16.3,7.0
408,11,4,16.6,7.2
408,11,5,16.8,7.3
408,11,6,16.5,7.4
408,11,7,16.2,7.4
408,11,8,15.6,7.2
408,11,9,15.0,6.8
408,11,10,14.4,6.3
408,11,11,14.0,6.0
408,11,12,13.6,5.7
408,11,13,13.1,5.2
408,11,14,12.6,4.6
408,11,15,12.1,4.2
408,11,16,11.4,3.5
408,11,17,10.9,2.8
408,11,18,10.5,2.3
408,11,19,10.2,2.0
408,11,20,10.3,1.8
408,11,21,10.6,2.0
408,11,22,10.6,2.4
408,11,23,10.7,2.5
408,11,24,10.5,2.4
408,11,25,10.1,2.4
408,11,26,9.7,2.3
408,11,27,9.2,2.1
408,11,28,9.0,1.9
408,11,29,9.0,1.7
408,11,30,8.8,1.4
408,12,1,8.5,0.9
408,12,2,8.1,0.3
408,12,3,7.4,-0.3
408,12,4,6.7,-0.9
408,12,5,6.1,-1.4
408,12,6,5.6,-1.7
408,12,7,5.3,-1.8
408,12,8,5.3,-1.9
408,12,9,5.3,-1.8
408,12,10,5.2,-2.0
408,12,11,5.1,-2.3
408,12,12,4.9,-2.6
408,12,13,4.5,-2.7
408,12,14,4.3,-3.0
408,12,15,4.2,-3.2
408,12,16,3.9,-3.3
408,12,17,4.0,-3.3
408,12,18,4.1,-3.4
408,12,19,4.3,-3.2
408,12,20,4.8,-2.9
408,12,21,5.3,-2.6
408,12,22,5.3,-2.4
408,12,23,5.1,-2.6
408,12,24,4.6,-3.0
408,12,25,3.8,-3.7
408,12,26,3.2,-4.3
408,12,27,3.0,-4.7
408,12,28,2.7,-4.9
408,12,29,2.6,-5.0
408,12,30,2.6,-4.9
408,12,31,2.6,-4.8
409,1,1,2.3,-5.2
409,1,2,2.4,-5.2
409,1,3,2.6,-5.2
409,1,4,2.5,-5.1
409,1,5,2.4,-5.3
409,1,6,2.3,-5.4
409,1,7,2.1,-5.5
409,1,8,2.0,-5.6
409,1,9,1.9,-5.7
409,1,10,1.8,-5.6
409,1,11,1.7,-5.7
409,1,12,1.8,-5.6
409,1,13,1.9,-5.5
409,1,14,2.1,-5.4
409,1,15,2.5,-5.1
409,1,16,2.8,-4.8
409,1,17,3.1,-4.5
409,1,18,3.2,-4.2
409,1,19,3.1,-4.2
409,1,20,3.0,-4.4
409,1,21,2.8,-4.8
409,1,22,2.3,-5.4
409,1,23,1.9,-6.0
409,1,24,2.0,-6.0
409,1,25,2.0,-6.0
409,1,26,2.2,-5.8
409,1,27,2.6,-5.4
409,1,28,3.0,-4.9
409,1,29,3.1,-4.7
409,1,30,3.2,-4.6
409,1,31,3.2,-4.8
409,2,1,3.1,-4.9
409,2,2,3.1,-5.0
409,2,3,3.2,-4.9
409,2,4,3.4,-4.7
409,2,5,3.7,-4.4
409,2,6,3.8,-4.2
409,2,7,3.7,-4.2
409,2,8,3.8,-4.0
409,2,9,3.9,-4.0
409,2,10,3.8,-3.8
409,2,11,4.3,-3.4
409,2,12,4.9,-3.0
409,2,13,5.2,-2.7
409,2,14,5.3,-2.6
409,2,15,5.5,-2.6
409,2,16,5.5,-2.6
409,2,17,5.6,-2.6
409,2,18,6.0,-2.5
409,2,19,6.4,-2.1
409,2,20,7.1,-1.5
409,2,21,7.6,-1.1
409,2,22,8.1,-0.7
409,2,23,8.3,-0.2
409,2,24,8.7,0.1
409,2,25,8.7,0.2
409,2,26,8.9,0.5
409,2,27,9.0,0.7
409,2,28,8.8,0.5
409,2,29,8.9,0.5
409,3,1,8.9,0.5
409,3,2,9.1,0.7
409,3,3,9.1,0.8
409,3,4,9.0,0.8
409,3,5,9.0,0.8
409,3,6,8.9,0.8
409,3,7,9.2,0.7
409,3,8,9.4,0.8
409,3,9,9.7,0.8
409,3,10,10.1,1.0
409,3,11,10.6,1.3
409,3,12,10.6,1.6
409,3,13,11.1,1.8
409,3,14,11.6,2.3
409,3,15,12.2,2.7
409,3,16,12.7,3.3
409,3,17,13.2,3.7
409,3,18,13.5,3.9
409,3,19,13.8,4.0
409,3,20,13.6,4.1
409,3,21,13.2,3.9
409,3,22,13.0,3.6
409,3,23,12.8,3.6
409,3,24,12.7,3.7
409,3,25,13.0,3.9
409,3,26,13.3,4.2
409,3,27,13.7,4.5
409,3,28,14.1,4.9
409,3,29,14.5,5.2
409,3,30,14.8,5.4
409,3,31,15.0,5.8
409,4,1,15.3,5.9
409,4,2,15.7,6.1
409,4,3,15.9,6.3
409,4,4,15.9,6.4
409,4,5,16.1,6.6
409,4,6,16.6,6.8
409,4,7,16.8,7.2
409,4,8,17.1,7.5
409,4,9,17.7,7.9
409,4,10,18.0,8.3
409,4,11,18.1,8.5
409,4,12,18.2,8.7
409,4,13,18.4,8.7
409,4,14,18.6,8.8
409,4,15,18.9,8.9
409,4,16,19.4,9.2
409,4,17,19.8,9.4
409,4,18,19.9,9.8
409,4,19,20.0,10.1
409,4,20,20.0,10.3
409,4,21,19.7,10.3
409,4,22,19.7,10.3
409,4,23,19.8,10.3
409,4,24,19.7,10.3
409,4,25,19.7,10.3
409,4,26,20.1,10.4
409,4,27,20.4,10.5
409,4,28,20.9,11.0
409,4,29,21.6,11.7
409,4,30,22.5,12.3
409,5,1,22.8,12.9
409,5,2,23.4,13.5
409,5,3,23.9,13.6
409,5,4,23.7,13.5
409,5,5,23.6,13.2
409,5,6,23.8,13.2
409,5,7,23.7,13.3
409,5,8,23.2,13.3
409,5,9,23.3,13.3
409,5,10,23.0,13.5
409,5,11,22.9,13.4
409,5,12,23.2,13.4
409,5,13,23.5,13.7
409,5,14,23.7,14.0
409,5,15,24.2,14.2
409,5,16,24.2,14.4
409,5,17,23.9,14.5
409,5,18,24.1,14.4
409,5,19,24.5,14.5
409,5,20,24.9,14.8
409,5,21,25.3,15.2
409,5,22,25.8,15.4
409,5,23,26.1,15.8
409,5,24,26.1,16.1
409,5,25,26.2,16.2
409,5,26,26.3,16.2
409,5,27,26.4,16.5
409,5,28,26.5,16.7
409,5,29,26.7,16.7
409,5,30,26.9,17.0
409,5,31,27.1,17.1
409,6,1,27.3,17.2
409,6,2,27.6,17.5
409,6,3,27.7,17.8
409,6,4,27.9,18.1
409,6,5,28.0,18.4
409,6,6,28.0,18.6
409,6,7,28.1,18.8
409,6,8,28.2,18.9
409,6,9,28.2,19.1
409,6,10,28.3,19.1
409,6,11,28.4,19.1
409,6,12,28.4,19.2
409,6,13,28.4,19.2
409,6,14,28.5,19.1
409,6,15,28.7,19.4
409,6,16,28.9,19.6
409,6,17,29.0,19.9
409,6,18,29.2,20.1
409,6,19,29.3,20.4
409,6,20,29.4,20.5
409,6,21,29.3,20.6
409,6,22,29.2,20.5
409,6,23,28.9,20.5
409,6,24,28.6,20.5
409,6,25,28.4,20.5
409,6,26,28.7,20.7
409,6,27,28.8,20.9
409,6,28,28.9,21.2
409,6,29,28.8,21.4
409,6,30,28.7,21.6
409,7,1,28.5,21.7
409,7,2,28.6,21.8
409,7,3,28.9,21.8
409,7,4,29.4,21.9
409,7,5,29.8,22.0
409,7,6,30.0,22.1
409,7,7,30.0,22.2
409,7,8,29.8,22.3
409,7,9,29.7,22.2
409,7,10,29.4,22.3
409,7,11,29.4,22.3
409,7,12,29.4,22.4
409,7,13,29.4,22.5
409,7,14,29.2,22.5
409,7,15,29.3,22.5
409,7,16,29.5,22.6
409,7,17,29.5,22.7
409,7,18,30.0,22.9
409,7,19,30.5,23.4
409,7,20,30.9,23.7
409,7,21,30.8,24.0
409,7,22,30.8,24.1
409,7,23,30.7,24.1
409,7,24,30.7,23.9
409,7,25,30.7,24.0
409,7,26,30.7,24.1
409,7,27,30.9,24.2
409,7,28,31.1,24.4
409,7,29,31.1,24.6
409,7,30,31.4,24.7
409,7,31,31.7,24.8
409,8,1,31.8,24.9
409,8,2,31.8,24.9
409,8,3,32.2,24.9
409,8,4,32.3,24.9
409,8,5,32.2,24.8
409,8,6,32.3,24.7
409,8,7,32.4,24.8
409,8,8,32.1,24.7
409,8,9,32.0,24.6
409,8,10,31.9,24.5
409,8,11,31.8,24.3
409,8,12,31.6,24.3
409,8,13,31.5,24.2
409,8,14,31.3,24.1
409,8,15,31.4,24.1
409,8,16,31.1,24.0
409,8,17,30.9,23.7
409,8,18,30.7,23.6
409,8,19,30.5,23.4
409,8,20,30.3,23.2
409,8,21,30.2,23.1
409,8,22,30.2,22.9
409,8,23,30.1,22.6
409,8,24,30.0,22.5
409,8,25,29.7,22.3
409,8,26,29.6,22.1
409,8,27,29.5,22.0
409,8,28,29.4,21.9
409,8,29,29.3,21.7
409,8,30,29.4,21.5
409,8,31,29.2,21.3
409,9,1,29.2,21.1
409,9,2,29.1,20.8
409,9,3,28.8,20.7
409,9,4,28.5,20.4
409,9,5,28.4,20.3
409,9,6,28.3,20.2
409,9,7,28.1,20.0
409,9,8,28.1,19.8
409,9,9,27.9,19.7
409,9,10,27.6,19.6
409,9,11,27.4,19.3
409,9,12,27.2,19.2
409,9,13,27.0,19.1
409,9,14,27.1,19.0
409,9,15,27.1,18.8
409,9,16,27.1,18.7
409,9,17,27.0,18.3
409,9,18,26.7,18.0
409,9,19,26.2,17.6
409,9,20,25.7,17.2
409,9,21,25.5,16.9
409,9,22,25.3,16.7
409,9,23,25.4,16.6
409,9,24,25.6,16.6
409,9,25,25.8,16.7
409,9,26,25.5,16.7
409,9,27,25.1,16.4
409,9,28,24.7,16.3
409,9,29,24.2,16.0
409,9,30,23.7,15.5
409,10,1,23.5,15.1
409,10,2,23.4,14.6
409,10,3,23.2,14.2
409,10,4,23.2,14.0
409,10,5,23.2,13.9
409,10,6,23.2,13.8
409,10,7,23.1,13.8
409,10,8,22.9,13.8
409,10,9,22.5,13.6
409,10,10,22.1,13.1
409,10,11,21.8,12.6
409,10,12,21.4,12.3
409,10,13,21.1,11.7
409,10,14,20.8,11.2
409,10,15,20.6,11.0
409,10,16,20.5,10.9
409,10,17,20.4,10.8
409,10,18,20.5,10.8
409,10,19,20.5,10.9
409,10,20,20.4,11.0
409,10,21,20.1,10.9
409,10,22,19.8,10.7
409,10,23,19.4,10.4
409,10,24,18.8,10.0
409,10,25,18.5,9.5
409,10,26,18.1,9.2
409,10,27,17.5,8.7
409,10,28,17.0,8.1
409,10,29,16.8,7.6
409,10,30,16.4,7.4
409,10,31,16.0,7.1
409,11,1,15.9,6.8
409,11,2,16.0,6.9
409,11,3,16.1,7.0
409,11,4,16.3,7.1
409,11,5,16.5,7.3
409,11,6,16.2,7.4
409,11,7,15.9,7.3
409,11,8,15.3,7.2
409,11,9,14.7,6.8
409,11,10,14.2,6.3
409,11,11,13.8,6.0
409,11,12,13.4,5.6
409,11,13,12.8,5.2
409,11,14,12.3,4.5
409,11,15,11.8,4.0
409,11,16,11.1,3.4
409,11,17,10.6,2.6
409,11,18,10.2,2.1
409,11,19,9.9,1.8
409,11,20,9.9,1.6
409,11,21,10.1,1.7
409,11,22,10.1,2.1
409,11,23,10.3,2.2
409,11,24,10.2,2.2
409,11,25,9.8,2.1
409,11,26,9.4,2.1
409,11,27,8.9,1.8
409,11,28,8.7,1.7
409,11,29,8.5,1.4
409,11,30,8.4,1.1
409,12,1,8.0,0.7
409,12,2,7.7,0.0
409,12,3,7.0,-0.6
409,12,4,6.3,-1.2
409,12,5,5.7,-1.6
409,12,6,5.3,-1.9
409,12,7,4.9,-2.1
409,12,8,5.0,-2.1
409,12,9,5.0,-2.1
409,12,10,4.8,-2.4
409,12,11,4.8,-2.7
409,12,12,4.5,-2.9
409,12,13,4.2,-3.0
409,12,14,3.9,-3.3
409,12,15,3.8,-3.5
409,12,16,3.6,-3.6
409,12,17,3.7,-3.6
409,12,18,3.8,-3.7
409,12,19,4.0,-3.6
409,12,20,4.4,-3.4
409,12,21,4.8,-3.1
409,12,22,4.7,-3.0
409,12,23,4.5,-3.2
409,12,24,3.9,-3.6
409,12,25,3.1,-4.4
409,12,26,2.6,-4.9
409,12,27,2.3,-5.2
409,12,28,2.1,-5.5
409,12,29,2.0,-5.5
409,12,30,2.2,-5.3
409,12,31,2.2,-5.2
411,1,1,2.2,-4.8
411,1,2,2.3,-4.8
411,1,3,2.4,-4.8
411,1,4,2.4,-4.7
411,1,5,2.3,-4.9
411,1,6,2.2,-5.0
411,1,7,2.0,-5.1
411,1,8,1.9,-5.2
411,1,9,1.7,-5.4
411,1,10,1.7,-5.4
411,1,11,1.5,-5.4
411,1,12,1.7,-5.3
411,1,13,1.8,-5.3
411,1,14,2.0,-5.1
411,1,15,2.3,-4.8
411,1,16,2.7,-4.5
411,1,17,3.0,-4.2
411,1,18,3.3,-3.9
411,1,19,3.1,-4.0
411,1,20,3.0,-4.3
411,1,21,2.7,-4.7
411,1,22,2.2,-5.3
411,1,23,1.8,-5.8
411,1,24,1.9,-5.7
411,1,25,1.9,-5.7
411,1,26,2.1,-5.5
411,1,27,2.5,-5.0
411,1,28,3.0,-4.6
411,1,29,3.1,-4.4
411,1,30,3.2,-4.4
411,1,31,3.1,-4.6
411,2,1,3.0,-4.7
411,2,2,2.9,-4.8
411,2,3,3.0,-4.8
411,2,4,3.2,-4.4
411,2,5,3.5,-4.2
411,2,6,3.6,-4.1
411,2,7,3.6,-4.1
411,2,8,3.8,-4.0
411,2,9,3.8,-4.1
411,2,10,3.7,-3.8
411,2,11,4.3,-3.4
411,2,12,4.8,-2.9
411,2,13,5.1,-2.6
411,2,14,5.2,-2.5
411,2,15,5.4,-2.5
411,2,16,5.3,-2.5
411,2,17,5.4,-2.5
411,2,18,5.9,-2.4
411,2,19,6.3,-1.9
411,2,20,7.1,-1.3
411,2,21,7.6,-1.0
411,2,22,8.0,-0.6
411,2,23,8.2,-0.1
411,2,24,8.6,0.1
411,2,25,8.6,0.2
411,2,26,8.8,0.5
411,2,27,8.9,0.6
411,2,28,8.7,0.5
411,2,29,8.8,0.5
411,3,1,8.8,0.5
411,3,2,9.0,0.7
411,3,3,9.0,0.8
411,3,4,8.9,0.8
411,3,5,9.0,0.8
411,3,6,8.9,0.8
411,3,7,9.1,0.8
411,3,8,9.2,0.8
411,3,9,9.5,0.9
411,3,10,10.0,1.1
411,3,11,10.5,1.4
411,3,12,10.5,1.8
411,3,13,11.0,2.0
411,3,14,11.6,2.5
411,3,15,12.1,2.9
411,3,16,12.6,3.4
411,3,17,13.1,3.7
411,3,18,13.4,4.0
411,3,19,13.7,4.2
411,3,20,13.5,4.1
411,3,21,13.2,3.9
411,3,22,12.9,3.8
411,3,23,12.7,3.7
411,3,24,12.8,3.7
411,3,25,13.0,4.0
411,3,26,13.4,4.3
411,3,27,13.7,4.6
411,3,28,14.1,4.9
411,3,29,14.3,5.2
411,3,30,14.6,5.4
411,3,31,14.9,5.9
411,4,1,15.2,6.0
411,4,2,15.7,6.3
411,4,3,15.9,6.6
411,4,4,15.8,6.6
411,4,5,16.0,6.7
411,4,6,16.3,6.9
411,4,7,16.6,7.2
411,4,8,17.0,7.5
411,4,9,17.6,7.9
411,4,10,17.9,8.2
411,4,11,18.1,8.5
411,4,12,18.0,8.6
411,4,13,18.2,8.5
411,4,14,18.3,8.6
411,4,15,18.5,8.8
411,4,16,19.0,9.1
411,4,17,19.5,9.4
411,4,18,19.6,9.8
411,4,19,19.7,10.2
411,4,20,19.8,10.4
411,4,21,19.5,10.4
411,4,22,19.4,10.4
411,4,23,19.5,10.3
411,4,24,19.4,10.1
411,4,25,19.4,10.1
411,4,26,19.8,10.2
411,4,27,20.1,10.5
411,4,28,20.7,11.1
411,4,29,21.4,11.8
411,4,30,22.3,12.4
411,5,1,22.6,12.8
411,5,2,23.1,13.0
411,5,3,23.5,13.0
411,5,4,23.3,12.8
411,5,5,23.2,12.6
411,5,6,23.6,12.7
411,5,7,23.4,12.8
411,5,8,22.9,12.8
411,5,9,22.9,12.9
411,5,10,22.6,13.2
411,5,11,22.3,13.1
411,5,12,22.6,13.3
411,5,13,22.9,13.6
411,5,14,23.2,13.8
411,5,15,23.7,14.0
411,5,16,23.8,14.3
411,5,17,23.5,14.3
411,5,18,23.6,14.3
411,5,19,24.0,14.4
411,5,20,24.4,14.7
411,5,21,24.8,15.1
411,5,22,25.2,15.3
411,5,23,25.5,15.7
411,5,24,25.6,16.0
411,5,25,25.7,16.0
411,5,26,25.8,16.1
411,5,27,26.1,16.4
411,5,28,26.2,16.6
411,5,29,26.4,16.6
411,5,30,26.5,16.9
411,5,31,26.6,17.0
411,6,1,26.8,17.1
411,6,2,27.1,17.3
411,6,3,27.2,17.6
411,6,4,27.4,17.9
411,6,5,27.5,18.1
411,6,6,27.5,18.4
411,6,7,27.7,18.5
411,6,8,27.9,18.7
411,6,9,28.0,18.9
411,6,10,28.1,19.0
411,6,11,28.2,18.9
411,6,12,28.0,19.0
411,6,13,28.1,19.0
411,6,14,28.3,19.1
411,6,15,28.4,19.3
411,6,16,28.6,19.6
411,6,17,28.8,19.8
411,6,18,28.8,20.0
411,6,19,28.9,20.2
411,6,20,29.1,20.3
411,6,21,29.1,20.3
411,6,22,28.9,20.3
411,6,23,28.8,20.3
411,6,24,28.6,20.3
411,6,25,28.4,20.3
411,6,26,28.7,20.5
411,6,27,28.8,20.8
411,6,28,28.9,21.0
411,6,29,28.9,21.2
411,6,30,28.9,21.4
411,7,1,28.6,21.4
411,7,2,28.6,21.5
411,7,3,28.7,21.5
411,7,4,29.0,21.7
411,7,5,29.3,21.8
411,7,6,29.6,22.0
411,7,7,29.6,22.1
411,7,8,29.6,22.2
411,7,9,29.6,22.2
411,7,10,29.3,22.2
411,7,11,29.2,22.0
411,7,12,29.2,22.0
411,7,13,29.2,22.0
411,7,14,29.0,22.0
411,7,15,29.1,22.1
411,7,16,29.2,22.3
411,7,17,29.3,22.4
411,7,18,29.8,22.5
411,7,19,30.2,22.9
411,7,20,30.5,23.1
411,7,21,30.5,23.3
411,7,22,30.4,23.5
411,7,23,30.2,23.7
411,7,24,30.3,23.6
411,7,25,30.3,23.7
411,7,26,30.3,23.8
411,7,27,30.6,24.0
411,7,28,30.7,24.1
411,7,29,30.7,24.3
411,7,30,30.9,24.4
411,7,31,31.3,24.6
411,8,1,31.5,24.7
411,8,2,31.6,24.7
411,8,3,31.9,24.7
411,8,4,32.0,24.7
411,8,5,31.9,24.6
411,8,6,31.9,24.5
411,8,7,32.0,24.6
411,8,8,31.8,24.7
411,8,9,31.8,24.5
411,8,10,31.7,24.4
411,8,11,31.5,24.2
411,8,12,31.3,24.0
411,8,13,31.1,23.8
411,8,14,31.0,23.8
411,8,15,31.0,23.7
411,8,16,30.9,23.6
411,8,17,30.7,23.3
411,8,18,30.6,23.0
411,8,19,30.4,22.9
411,8,20,30.2,22.9
411,8,21,30.1,22.8
411,8,22,30.1,22.7
411,8,23,29.8,22.7
411,8,24,29.7,22.6
411,8,25,29.5,22.4
411,8,26,29.4,22.3
411,8,27,29.3,22.1
411,8,28,29.3,22.0
411,8,29,29.2,21.8
411,8,30,29.3,21.7
411,8,31,29.2,21.5
411,9,1,29.1,21.4
411,9,2,29.1,21.2
411,9,3,28.8,21.1
411,9,4,28.5,20.8
411,9,5,28.3,20.6
411,9,6,28.1,20.5
411,9,7,27.8,20.3
411,9,8,27.8,20.2
411,9,9,27.6,20.2
411,9,10,27.3,20.1
411,9,11,27.1,19.8
411,9,12,27.1,19.7
411,9,13,27.0,19.6
411,9,14,27.0,19.4
411,9,15,27.1,19.3
411,9,16,27.0,19.1
411,9,17,26.9,18.8
411,9,18,26.5,18.5
411,9,19,26.1,18.1
411,9,20,25.8,17.7
411,9,21,25.6,17.4
411,9,22,25.4,17.3
411,9,23,25.5,17.2
411,9,24,25.7,17.3
411,9,25,25.8,17.3
411,9,26,25.6,17.3
411,9,27,25.3,17.1
411,9,28,24.9,16.9
411,9,29,24.4,16.6
411,9,30,23.8,16.1
411,10,1,23.5,15.6
411,10,2,23.3,15.2
411,10,3,23.1,14.8
411,10,4,23.0,14.6
411,10,5,23.1,14.6
411,10,6,23.1,14.5
411,10,7,23.0,14.4
411,10,8,22.8,14.4
411,10,9,22.5,14.1
411,10,10,22.0,13.6
411,10,11,21.7,13.2
411,10,12,21.3,12.8
411,10,13,20.9,12.3
411,10,14,20.6,12.0
411,10,15,20.5,11.8
411,10,16,20.4,11.7
411,10,17,20.4,11.7
411,10,18,20.5,11.8
411,10,19,20.6,11.8
411,10,20,20.6,11.9
411,10,21,20.3,11.8
411,10,22,20.1,11.6
411,10,23,19.7,11.2
411,10,24,19.0,10.7
411,10,25,18.6,10.2
411,10,26,18.2,9.7
411,10,27,17.5,9.1
411,10,28,16.9,8.6
411,10,29,16.7,8.2
411,10,30,16.4,7.9
411,10,31,15.9,7.6
411,11,1,15.9,7.4
411,11,2,16.0,7.5
411,11,3,16.1,7.7
411,11,4,16.2,7.9
411,11,5,16.4,8.0
411,11,6,16.1,8.0
411,11,7,15.8,7.8
411,11,8,15.2,7.5
411,11,9,14.6,7.1
411,11,10,14.1,6.6
411,11,11,13.8,6.4
411,11,12,13.4,6.0
411,11,13,12.8,5.5
411,11,14,12.2,4.8
411,11,15,11.7,4.4
411,11,16,11.0,3.7
411,11,17,10.5,3.0
411,11,18,10.2,2.5
411,11,19,10.0,2.3
411,11,20,10.0,2.2
411,11,21,10.2,2.4
411,11,22,10.2,2.7
411,11,23,10.3,2.9
411,11,24,10.2,2.8
411,11,25,9.9,2.6
411,11,26,9.5,2.4
411,11,27,9.1,2.0
411,11,28,8.8,1.8
411,11,29,8.6,1.6
411,11,30,8.4,1.4
411,12,1,8.1,1.0
411,12,2,7.7,0.4
411,12,3,7.0,-0.4
411,12,4,6.3,-1.0
411,12,5,5.7,-1.5
411,12,6,5.3,-1.8
411,12,7,5.0,-1.9
411,12,8,5.0,-1.8
411,12,9,5.0,-1.8
411,12,10,4.8,-2.0
411,12,11,4.7,-2.3
411,12,12,4.5,-2.6
411,12,13,4.1,-2.7
411,12,14,3.9,-2.9
411,12,15,3.7,-3.1
411,12,16,3.5,-3.2
411,12,17,3.6,-3.3
411,12,18,3.7,-3.4
411,12,19,3.9,-3.3
411,12,20,4.4,-2.8
411,12,21,4.8,-2.5
411,12,22,4.8,-2.4
411,12,23,4.7,-2.7
411,12,24,4.1,-3.2
411,12,25,3.3,-4.0
411,12,26,2.8,-4.5
411,12,27,2.5,-4.8
411,12,28,2.2,-5.0
411,12,29,2.1,-5.0
411,12,30,2.2,-4.8
411,12,31,2.2,-4.8
412,1,1,2.1,-6.4
412,1,2,2.1,-6.3
412,1,3,2.3,-6.3
412,1,4,2.3,-6.2
412,1,5,2.2,-6.4
412,1,6,2.0,-6.5
412,1,7,1.8,-6.6
412,1,8,1.7,-6.7
412,1,9,1.6,-6.8
412,1,10,1.5,-6.9
412,1,11,1.4,-6.9
412,1,12,1.5,-6.9
412,1,13,1.7,-6.8
412,1,14,1.9,-6.7
412,1,15,2.3,-6.3
412,1,16,2.6,-6.0
412,1,17,2.9,-5.7
412,1,18,3.0,-5.3
412,1,19,2.8,-5.5
412,1,20,2.7,-5.7
412,1,21,2.5,-6.2
412,1,22,2.0,-6.8
412,1,23,1.6,-7.3
412,1,24,1.7,-7.3
412,1,25,1.8,-7.2
412,1,26,2.0,-7.0
412,1,27,2.4,-6.6
412,1,28,2.8,-6.1
412,1,29,2.9,-6.0
412,1,30,3.0,-6.0
412,1,31,2.9,-6.1
412,2,1,2.8,-6.2
412,2,2,2.8,-6.3
412,2,3,3.0,-6.3
412,2,4,3.2,-6.0
412,2,5,3.5,-5.8
412,2,6,3.5,-5.6
412,2,7,3.5,-5.6
412,2,8,3.6,-5.4
412,2,9,3.7,-5.5
412,2,10,3.6,-5.2
412,2,11,4.1,-4.9
412,2,12,4.7,-4.4
412,2,13,5.0,-4.1
412,2,14,5.0,-4.0
412,2,15,5.3,-3.9
412,2,16,5.2,-4.0
412,2,17,5.4,-3.9
412,2,18,5.8,-3.8
412,2,19,6.2,-3.4
412,2,20,7.0,-2.8
412,2,21,7.5,-2.4
412,2,22,7.9,-2.1
412,2,23,8.1,-1.7
412,2,24,8.5,-1.4
412,2,25,8.5,-1.4
412,2,26,8.7,-1.1
412,2,27,8.8,-1.0
412,2,28,8.7,-1.1
412,2,29,8.8,-1.1
412,3,1,8.8,-1.1
412,3,2,9.0,-0.9
412,3,3,9.0,-0.7
412,3,4,8.9,-0.7
412,3,5,8.9,-0.7
412,3,6,8.8,-0.7
412,3,7,9.1,-0.8
412,3,8,9.2,-0.8
412,3,9,9.5,-0.8
412,3,10,10.0,-0.6
412,3,11,10.5,-0.2
412,3,12,10.6,0.0
412,3,13,11.1,0.2
412,3,14,11.7,0.8
412,3,15,12.3,1.2
412,3,16,12.8,1.8
412,3,17,13.2,2.2
412,3,18,13.5,2.4
412,3,19,13.7,2.5
412,3,20,13.5,2.5
412,3,21,13.1,2.1
412,3,22,12.9,2.0
412,3,23,12.8,1.9
412,3,24,12.8,1.9
412,3,25,13.0,2.1
412,3,26,13.3,2.4
412,3,27,13.6,2.7
412,3,28,14.0,3.0
412,3,29,14.4,3.3
412,3,30,14.7,3.5
412,3,31,14.9,4.0
412,4,1,15.2,4.2
412,4,2,15.7,4.5
412,4,3,15.9,4.8
412,4,4,15.8,4.9
412,4,5,16.0,5.0
412,4,6,16.5,5.3
412,4,7,16.6,5.6
412,4,8,17.0,5.9
412,4,9,17.6,6.2
412,4,10,17.9,6.5
412,4,11,18.0,6.8
412,4,12,18.0,6.8
412,4,13,18.1,6.8
412,4,14,18.2,6.9
412,4,15,18.6,7.1
412,4,16,19.0,7.3
412,4,17,19.4,7.7
412,4,18,19.6,8.1
412,4,19,19.8,8.4
412,4,20,19.8,8.6
412,4,21,19.5,8.6
412,4,22,19.5,8.5
412,4,23,19.6,8.3
412,4,24,19.5,8.1
412,4,25,19.6,8.1
412,4,26,20.0,8.3
412,4,27,20.3,8.6
412,4,28,20.8,9.3
412,4,29,21.6,10.0
412,4,30,22.4,10.7
412,5,1,22.7,11.2
412,5,2,23.2,11.5
412,5,3,23.6,11.5
412,5,4,23.4,11.4
412,5,5,23.4,11.2
412,5,6,23.6,11.1
412,5,7,23.5,11.2
412,5,8,22.9,11.1
412,5,9,23.0,11.2
412,5,10,22.4,11.3
412,5,11,22.2,11.4
412,5,12,22.5,11.5
412,5,13,22.9,11.9
412,5,14,23.1,12.1
412,5,15,23.7,12.3
412,5,16,23.8,12.6
412,5,17,23.6,12.6
412,5,18,23.7,12.4
412,5,19,24.1,12.5
412,5,20,24.5,12.8
412,5,21,24.9,13.1
412,5,22,25.3,13.4
412,5,23,25.5,13.8
412,5,24,25.6,14.0
412,5,25,25.7,14.1
412,5,26,25.8,14.2
412,5,27,26.1,14.5
412,5,28,26.1,14.6
412,5,29,26.3,14.7
412,5,30,26.4,14.9
412,5,31,26.6,15.0
412,6,1,26.8,15.1
412,6,2,27.2,15.3
412,6,3,27.3,15.7
412,6,4,27.4,16.0
412,6,5,27.5,16.2
412,6,6,27.5,16.5
412,6,7,27.7,16.6
412,6,8,27.9,16.8
412,6,9,28.0,17.0
412,6,10,28.0,17.0
412,6,11,28.1,17.0
412,6,12,27.9,17.1
412,6,13,28.0,17.1
412,6,14,28.1,17.1
412,6,15,28.4,17.3
412,6,16,28.5,17.6
412,6,17,28.6,17.9
412,6,18,28.7,18.1
412,6,19,28.8,18.5
412,6,20,28.9,18.6
412,6,21,28.8,18.7
412,6,22,28.7,18.6
412,6,23,28.6,18.7
412,6,24,28.3,18.7
412,6,25,28.0,18.8
412,6,26,28.3,19.0
412,6,27,28.4,19.3
412,6,28,28.5,19.6
412,6,29,28.5,19.8
412,6,30,28.4,20.1
412,7,1,28.1,20.2
412,7,2,28.2,20.4
412,7,3,28.3,20.3
412,7,4,28.7,20.4
412,7,5,29.0,20.4
412,7,6,29.2,20.5
412,7,7,29.2,20.6
412,7,8,29.1,20.7
412,7,9,29.0,20.7
412,7,10,28.7,20.7
412,7,11,28.7,20.8
412,7,12,28.7,20.9
412,7,13,28.7,21.0
412,7,14,28.5,21.1
412,7,15,28.6,21.1
412,7,16,28.7,21.3
412,7,17,28.7,21.3
412,7,18,29.2,21.6
412,7,19,29.7,22.0
412,7,20,30.0,22.3
412,7,21,30.0,22.4
412,7,22,30.0,22.6
412,7,23,29.9,22.6
412,7,24,29.9,22.5
412,7,25,30.0,22.5
412,7,26,30.0,22.6
412,7,27,30.2,22.8
412,7,28,30.4,22.9
412,7,29,30.4,23.1
412,7,30,30.6,23.3
412,7,31,31.0,23.5
412,8,1,31.1,23.6
412,8,2,31.2,23.6
412,8,3,31.6,23.7
412,8,4,31.6,23.6
412,8,5,31.5,23.5
412,8,6,31.6,23.5
412,8,7,31.7,23.5
412,8,8,31.4,23.4
412,8,9,31.4,23.3
412,8,10,31.3,23.2
412,8,11,31.1,23.1
412,8,12,31.0,23.0
412,8,13,30.9,22.9
412,8,14,30.7,22.7
412,8,15,30.7,22.6
412,8,16,30.6,22.6
412,8,17,30.3,22.3
412,8,18,30.2,22.2
412,8,19,30.1,22.1
412,8,20,30.0,21.9
412,8,21,29.9,21.6
412,8,22,29.8,21.4
412,8,23,29.6,21.2
412,8,24,29.5,21.0
412,8,25,29.1,20.9
412,8,26,29.0,20.8
412,8,27,28.9,20.7
412,8,28,28.9,20.6
412,8,29,28.8,20.3
412,8,30,29.0,20.2
412,8,31,28.8,20.0
412,9,1,28.9,19.8
412,9,2,28.8,19.6
412,9,3,28.5,19.5
412,9,4,28.2,19.1
412,9,5,28.0,18.7
412,9,6,27.8,18.5
412,9,7,27.5,18.3
412,9,8,27.6,18.2
412,9,9,27.4,18.2
412,9,10,27.2,18.3
412,9,11,27.0,18.1
412,9,12,26.9,18.1
412,9,13,26.8,18.0
412,9,14,26.9,17.8
412,9,15,27.0,17.7
412,9,16,26.9,17.5
412,9,17,26.9,17.1
412,9,18,26.5,16.7
412,9,19,26.0,16.3
412,9,20,25.6,15.9
412,9,21,25.3,15.7
412,9,22,25.2,15.5
412,9,23,25.3,15.4
412,9,24,25.5,15.4
412,9,25,25.7,15.5
412,9,26,25.4,15.4
412,9,27,25.0,15.2
412,9,28,24.6,15.1
412,9,29,24.1,14.7
412,9,30,23.6,14.3
412,10,1,23.4,13.7
412,10,2,23.3,13.1
412,10,3,23.2,12.6
412,10,4,23.1,12.4
412,10,5,23.1,12.4
412,10,6,23.0,12.4
412,10,7,22.9,12.5
412,10,8,22.7,12.4
412,10,9,22.3,12.1
412,10,10,21.9,11.5
412,10,11,21.8,11.1
412,10,12,21.4,10.6
412,10,13,21.1,10.1
412,10,14,20.9,9.7
412,10,15,20.7,9.6
412,10,16,20.5,9.5
412,10,17,20.5,9.4
412,10,18,20.6,9.6
412,10,19,20.6,9.7
412,10,20,20.5,9.8
412,10,21,20.2,9.8
412,10,22,19.9,9.6
412,10,23,19.4,9.2
412,10,24,18.8,8.7
412,10,25,18.5,8.1
412,10,26,18.1,7.7
412,10,27,17.5,7.0
412,10,28,17.0,6.4
412,10,29,16.8,6.1
412,10,30,16.4,5.9
412,10,31,16.0,5.5
412,11,1,16.0,5.3
412,11,2,16.1,5.5
412,11,3,16.2,5.6
412,11,4,16.4,5.9
412,11,5,16.5,6.1
412,11,6,16.1,6.1
412,11,7,15.7,6.0
412,11,8,15.1,5.7
412,11,9,14.6,5.2
412,11,10,14.0,4.7
412,11,11,13.8,4.6
412,11,12,13.4,4.3
412,11,13,12.8,3.7
412,11,14,12.3,3.1
412,11,15,11.8,2.7
412,11,16,11.0,1.8
412,11,17,10.4,1.1
412,11,18,10.1,0.6
412,11,19,9.8,0.5
412,11,20,9.8,0.3
412,11,21,10.1,0.7
412,11,22,10.2,1.1
412,11,23,10.3,1.3
412,11,24,10.2,1.2
412,11,25,9.8,1.2
412,11,26,9.3,0.9
412,11,27,8.9,0.5
412,11,28,8.6,0.4
412,11,29,8.4,0.1
412,11,30,8.2,-0.1
412,12,1,7.9,-0.5
412,12,2,7.6,-1.2
412,12,3,6.8,-1.9
412,12,4,6.1,-2.6
412,12,5,5.5,-3.1
412,12,6,5.0,-3.4
412,12,7,4.7,-3.5
412,12,8,4.8,-3.5
412,12,9,4.8,-3.4
412,12,10,4.7,-3.6
412,12,11,4.6,-4.0
412,12,12,4.4,-4.2
412,12,13,4.0,-4.3
412,12,14,3.8,-4.6
412,12,15,3.6,-4.7
412,12,16,3.4,-4.8
412,12,17,3.4,-4.8
412,12,18,3.5,-5.0
412,12,19,3.8,-4.8
412,12,20,4.3,-4.3
412,12,21,4.7,-4.0
412,12,22,4.7,-3.9
412,12,23,4.5,-4.1
412,12,24,3.9,-4.6
412,12,25,3.1,-5.4
412,12,26,2.5,-6.0
412,12,27,2.3,-6.3
412,12,28,2.0,-6.5
412,12,29,1.8,-6.6
412,12,30,2.0,-6.4
412,12,31,2.0,-6.3
413,1,1,2.5,-4.9
413,1,2,2.5,-4.9
413,1,3,2.6,-4.8
413,1,4,2.6,-4.8
413,1,5,2.5,-5.0
413,1,6,2.4,-5.1
413,1,7,2.2,-5.1
413,1,8,2.1,-5.1
413,1,9,2.1,-5.2
413,1,10,2.0,-5.1
413,1,11,1.9,-5.2
413,1,12,2.1,-5.1
413,1,13,2.2,-5.1
413,1,14,2.4,-5.0
413,1,15,2.7,-4.8
413,1,16,3.0,-4.5
413,1,17,3.3,-4.2
413,1,18,3.4,-4.0
413,1,19,3.3,-4.0
413,1,20,3.2,-4.3
413,1,21,3.0,-4.7
413,1,22,2.5,-5.2
413,1,23,2.1,-5.8
413,1,24,2.2,-5.8
413,1,25,2.2,-5.8
413,1,26,2.4,-5.6
413,1,27,2.9,-5.1
413,1,28,3.3,-4.6
413,1,29,3.4,-4.4
413,1,30,3.4,-4.4
413,1,31,3.4,-4.5
413,2,1,3.3,-4.7
413,2,2,3.3,-4.7
413,2,3,3.4,-4.7
413,2,4,3.7,-4.4
413,2,5,3.9,-4.1
413,2,6,3.9,-3.9
413,2,7,3.9,-3.9
413,2,8,4.0,-3.7
413,2,9,4.0,-3.8
413,2,10,3.9,-3.6
413,2,11,4.4,-3.2
413,2,12,5.0,-2.8
413,2,13,5.3,-2.5
413,2,14,5.4,-2.4
413,2,15,5.6,-2.5
413,2,16,5.6,-2.4
413,2,17,5.7,-2.4
413,2,18,6.1,-2.4
413,2,19,6.5,-1.9
413,2,20,7.3,-1.3
413,2,21,7.8,-1.0
413,2,22,8.2,-0.6
413,2,23,8.4,-0.2
413,2,24,8.7,0.1
413,2,25,8.8,0.2
413,2,26,9.0,0.5
413,2,27,9.0,0.7
413,2,28,8.9,0.6
413,2,29,9.0,0.6
413,3,1,9.0,0.5
413,3,2,9.2,0.7
413,3,3,9.2,0.8
413,3,4,9.1,0.7
413,3,5,9.1,0.8
413,3,6,9.1,0.8
413,3,7,9.4,0.8
413,3,8,9.5,0.9
413,3,9,9.8,0.9
413,3,10,10.3,1.0
413,3,11,10.7,1.3
413,3,12,10.7,1.6
413,3,13,11.1,1.7
413,3,14,11.6,2.3
413,3,15,12.4,2.7
413,3,16,12.9,3.2
413,3,17,13.4,3.6
413,3,18,13.7,3.8
413,3,19,13.9,3.9
413,3,20,13.6,4.1
413,3,21,13.3,3.8
413,3,22,13.0,3.6
413,3,23,12.9,3.6
413,3,24,12.9,3.7
413,3,25,13.2,3.9
413,3,26,13.5,4.2
413,3,27,13.9,4.6
413,3,28,14.4,4.9
413,3,29,14.8,5.1
413,3,30,15.0,5.3
413,3,31,15.2,5.7
413,4,1,15.5,5.8
413,4,2,15.8,5.9
413,4,3,15.9,6.3
413,4,4,15.9,6.4
413,4,5,16.0,6.6
413,4,6,16.5,6.8
413,4,7,16.7,7.2
413,4,8,17.0,7.4
413,4,9,17.6,7.8
413,4,10,18.0,8.2
413,4,11,18.0,8.4
413,4,12,18.1,8.6
413,4,13,18.4,8.6
413,4,14,18.6,8.6
413,4,15,18.9,8.6
413,4,16,19.4,8.8
413,4,17,19.8,9.1
413,4,18,19.9,9.4
413,4,19,20.0,9.8
413,4,20,20.1,10.0
413,4,21,19.7,10.1
413,4,22,19.7,10.0
413,4,23,19.8,9.9
413,4,24,19.7,9.7
413,4,25,19.6,9.6
413,4,26,20.0,9.7
413,4,27,20.4,9.9
413,4,28,21.0,10.5
413,4,29,21.7,11.3
413,4,30,22.5,12.0
413,5,1,22.9,12.6
413,5,2,23.3,13.0
413,5,3,23.7,13.1
413,5,4,23.4,13.0
413,5,5,23.3,12.8
413,5,6,23.6,12.8
413,5,7,23.5,12.8
413,5,8,23.0,12.9
413,5,9,23.2,12.9
413,5,10,22.9,13.1
413,5,11,22.8,13.1
413,5,12,23.0,13.2
413,5,13,23.3,13.5
413,5,14,23.5,13.8
413,5,15,24.0,14.0
413,5,16,24.1,14.1
413,5,17,23.9,14.2
413,5,18,24.1,14.1
413,5,19,24.5,14.2
413,5,20,24.9,14.4
413,5,21,25.2,14.8
413,5,22,25.6,15.0
413,5,23,25.8,15.4
413,5,24,25.9,15.7
413,5,25,25.9,15.8
413,5,26,26.1,15.8
413,5,27,26.4,16.1
413,5,28,26.4,16.3
413,5,29,26.7,16.4
413,5,30,26.8,16.6
413,5,31,27.0,16.8
413,6,1,27.2,16.8
413,6,2,27.5,17.1
413,6,3,27.6,17.5
413,6,4,27.8,17.8
413,6,5,27.9,18.1
413,6,6,27.9,18.3
413,6,7,28.1,18.5
413,6,8,28.3,18.6
413,6,9,28.4,18.8
413,6,10,28.4,18.8
413,6,11,28.5,18.8
413,6,12,28.4,18.9
413,6,13,28.4,18.9
413,6,14,28.6,18.8
413,6,15,28.8,19.0
413,6,16,28.9,19.3
413,6,17,29.1,19.5
413,6,18,29.2,19.8
413,6,19,29.3,20.2
413,6,20,29.4,20.3
413,6,21,29.3,20.3
413,6,22,29.1,20.2
413,6,23,29.0,20.2
413,6,24,28.8,20.2
413,6,25,28.6,20.3
413,6,26,28.9,20.5
413,6,27,29.0,20.7
413,6,28,29.2,21.0
413,6,29,29.1,21.3
413,6,30,29.1,21.5
413,7,1,28.8,21.6
413,7,2,28.9,21.7
413,7,3,29.1,21.7
413,7,4,29.4,21.7
413,7,5,29.7,21.7
413,7,6,29.9,21.9
413,7,7,29.9,21.9
413,7,8,29.8,22.0
413,7,9,29.6,22.0
413,7,10,29.3,22.0
413,7,11,29.2,22.0
413,7,12,29.3,22.1
413,7,13,29.3,22.2
413,7,14,29.2,22.2
413,7,15,29.3,22.3
413,7,16,29.4,22.4
413,7,17,29.5,22.4
413,7,18,30.0,22.6
413,7,19,30.4,22.9
413,7,20,30.8,23.2
413,7,21,30.8,23.4
413,7,22,30.8,23.6
413,7,23,30.7,23.6
413,7,24,30.7,23.5
413,7,25,30.7,23.6
413,7,26,30.8,23.6
413,7,27,30.9,23.7
413,7,28,31.1,24.0
413,7,29,31.2,24.2
413,7,30,31.4,24.4
413,7,31,31.7,24.5
413,8,1,31.9,24.7
413,8,2,31.9,24.6
413,8,3,32.4,24.6
413,8,4,32.4,24.6
413,8,5,32.3,24.5
413,8,6,32.4,24.5
413,8,7,32.4,24.6
413,8,8,32.1,24.5
413,8,9,32.1,24.4
413,8,10,32.0,24.3
413,8,11,31.9,24.1
413,8,12,31.7,24.0
413,8,13,31.6,23.9
413,8,14,31.4,23.8
413,8,15,31.4,23.8
413,8,16,31.2,23.8
413,8,17,31.0,23.5
413,8,18,30.8,23.4
413,8,19,30.7,23.2
413,8,20,30.5,23.0
413,8,21,30.4,22.8
413,8,22,30.3,22.6
413,8,23,30.2,22.5
413,8,24,30.1,22.3
413,8,25,29.8,22.1
413,8,26,29.7,21.9
413,8,27,29.5,21.8
413,8,28,29.4,21.7
413,8,29,29.3,21.5
413,8,30,29.4,21.4
413,8,31,29.3,21.1
413,9,1,29.3,20.9
413,9,2,29.2,20.6
413,9,3,28.9,20.5
413,9,4,28.6,20.2
413,9,5,28.4,20.1
413,9,6,28.2,20.0
413,9,7,27.9,19.8
413,9,8,28.0,19.6
413,9,9,27.7,19.5
413,9,10,27.5,19.4
413,9,11,27.2,19.1
413,9,12,27.1,19.0
413,9,13,26.9,18.9
413,9,14,27.0,18.8
413,9,15,27.1,18.7
413,9,16,27.0,18.5
413,9,17,27.0,18.2
413,9,18,26.7,17.8
413,9,19,26.2,17.4
413,9,20,25.8,16.9
413,9,21,25.5,16.6
413,9,22,25.4,16.4
413,9,23,25.4,16.3
413,9,24,25.6,16.3
413,9,25,25.8,16.4
413,9,26,25.5,16.4
413,9,27,25.1,16.2
413,9,28,24.8,16.1
413,9,29,24.3,15.7
413,9,30,23.8,15.4
413,10,1,23.6,15.0
413,10,2,23.4,14.5
413,10,3,23.3,14.2
413,10,4,23.2,14.0
413,10,5,23.3,13.8
413,10,6,23.2,13.7
413,10,7,23.1,13.6
413,10,8,22.8,13.7
413,10,9,22.5,13.5
413,10,10,22.1,13.2
413,10,11,21.7,12.7
413,10,12,21.3,12.3
413,10,13,21.0,11.7
413,10,14,20.8,11.2
413,10,15,20.6,10.9
413,10,16,20.5,10.8
413,10,17,20.5,10.7
413,10,18,20.6,10.7
413,10,19,20.6,10.8
413,10,20,20.5,10.8
413,10,21,20.2,10.7
413,10,22,19.9,10.5
413,10,23,19.4,10.2
413,10,24,18.8,9.9
413,10,25,18.5,9.4
413,10,26,18.1,9.1
413,10,27,17.5,8.6
413,10,28,17.0,8.1
413,10,29,16.9,7.7
413,10,30,16.5,7.4
413,10,31,16.0,7.1
413,11,1,16.0,6.8
413,11,2,16.1,6.9
413,11,3,16.2,6.9
413,11,4,16.4,7.1
413,11,5,16.5,7.2
413,11,6,16.3,7.3
413,11,7,16.0,7.3
413,11,8,15.5,7.1
413,11,9,14.9,6.8
413,11,10,14.3,6.2
413,11,11,13.9,5.9
413,11,12,13.5,5.5
413,11,13,12.9,5.0
413,11,14,12.4,4.4
413,11,15,11.9,4.0
413,11,16,11.3,3.4
413,11,17,10.8,2.7
413,11,18,10.4,2.2
413,11,19,10.1,1.9
413,11,20,10.1,1.7
413,11,21,10.3,1.8
413,11,22,10.3,2.2
413,11,23,10.5,2.3
413,11,24,10.3,2.3
413,11,25,9.9,2.3
413,11,26,9.5,2.3
413,11,27,9.1,2.0
413,11,28,8.9,1.9
413,11,29,8.7,1.6
413,11,30,8.5,1.4
413,12,1,8.2,0.9
413,12,2,7.8,0.2
413,12,3,7.2,-0.4
413,12,4,6.5,-1.0
413,12,5,5.9,-1.5
413,12,6,5.5,-1.7
413,12,7,5.2,-1.9
413,12,8,5.1,-1.9
413,12,9,5.1,-1.8
413,12,10,4.9,-2.0
413,12,11,4.8,-2.2
413,12,12,4.6,-2.5
413,12,13,4.3,-2.6
413,12,14,4.1,-3.0
413,12,15,4.0,-3.2
413,12,16,3.7,-3.4
413,12,17,3.8,-3.4
413,12,18,3.9,-3.5
413,12,19,4.2,-3.3
413,12,20,4.6,-3.0
413,12,21,5.1,-2.7
413,12,22,5.1,-2.5
413,12,23,4.9,-2.7
413,12,24,4.4,-3.1
413,12,25,3.6,-3.8
413,12,26,3.0,-4.3
413,12,27,2.7,-4.7
413,12,28,2.5,-5.0
413,12,29,2.4,-5.1
413,12,30,2.5,-5.0
413,12,31,2.4,-4.9
414,1,1,1.4,-6.0
414,1,2,1.6,-5.9
414,1,3,1.8,-5.8
414,1,4,1.9,-5.8
414,1,5,1.8,-6.0
414,1,6,1.6,-6.1
414,1,7,1.4,-6.2
414,1,8,1.2,-6.3
414,1,9,1.0,-6.4
414,1,10,1.0,-6.5
414,1,11,0.8,-6.6
414,1,12,0.9,-6.5
414,1,13,1.1,-6.4
414,1,14,1.3,-6.3
414,1,15,1.6,-5.9
414,1,16,2.1,-5.6
414,1,17,2.3,-5.2
414,1,18,2.5,-5.0
414,1,19,2.4,-5.1
414,1,20,2.3,-5.3
414,1,21,2.0,-5.7
414,1,22,1.6,-6.3
414,1,23,1.2,-6.8
414,1,24,1.2,-6.8
414,1,25,1.2,-6.8
414,1,26,1.4,-6.6
414,1,27,1.8,-6.2
414,1,28,2.2,-5.7
414,1,29,2.3,-5.6
414,1,30,2.4,-5.6
414,1,31,2.4,-5.7
414,2,1,2.3,-5.8
414,2,2,2.3,-5.8
414,2,3,2.3,-5.8
414,2,4,2.5,-5.5
414,2,5,2.8,-5.2
414,2,6,2.8,-5.1
414,2,7,2.7,-5.1
414,2,8,2.8,-5.0
414,2,9,2.9,-5.0
414,2,10,2.8,-4.8
414,2,11,3.3,-4.4
414,2,12,4.0,-3.9
414,2,13,4.2,-3.6
414,2,14,4.3,-3.5
414,2,15,4.5,-3.5
414,2,16,4.5,-3.5
414,2,17,4.6,-3.5
414,2,18,5.0,-3.4
414,2,19,5.5,-3.0
414,2,20,6.2,-2.4
414,2,21,6.7,-2.0
414,2,22,7.0,-1.7
414,2,23,7.2,-1.2
414,2,24,7.6,-0.9
414,2,25,7.6,-0.9
414,2,26,7.8,-0.7
414,2,27,7.9,-0.5
414,2,28,7.8,-0.5
414,2,29,8.0,-0.5
414,3,1,8.1,-0.5
414,3,2,8.2,-0.3
414,3,3,8.2,-0.2
414,3,4,8.1,-0.3
414,3,5,8.1,-0.4
414,3,6,7.8,-0.4
414,3,7,8.2,-0.5
414,3,8,8.3,-0.4
414,3,9,8.5,-0.4
414,3,10,8.9,-0.2
414,3,11,9.3,0.1
414,3,12,9.4,0.3
414,3,13,9.9,0.5
414,3,14,10.5,1.0
414,3,15,11.3,1.5
414,3,16,11.9,2.2
414,3,17,12.3,2.6
414,3,18,12.5,2.9
414,3,19,12.8,3.0
414,3,20,12.6,3.0
414,3,21,12.2,2.7
414,3,22,12.0,2.5
414,3,23,11.8,2.4
414,3,24,11.8,2.5
414,3,25,12.0,2.8
414,3,26,12.3,3.0
414,3,27,12.6,3.3
414,3,28,13.1,3.7
414,3,29,13.5,4.1
414,3,30,13.8,4.4
414,3,31,14.1,4.8
414,4,1,14.4,4.9
414,4,2,14.8,5.0
414,4,3,15.0,5.2
414,4,4,15.0,5.3
414,4,5,15.1,5.4
414,4,6,15.6,5.7
414,4,7,15.8,6.0
414,4,8,16.1,6.4
414,4,9,16.7,6.8
414,4,10,17.0,7.2
414,4,11,17.0,7.4
414,4,12,17.0,7.5
414,4,13,17.2,7.5
414,4,14,17.3,7.6
414,4,15,17.7,7.6
414,4,16,18.3,7.9
414,4,17,18.7,8.1
414,4,18,18.8,8.4
414,4,19,18.9,8.8
414,4,20,18.8,9.0
414,4,21,18.5,9.1
414,4,22,18.5,9.1
414,4,23,18.6,9.0
414,4,24,18.4,8.8
414,4,25,18.5,8.7
414,4,26,18.9,8.8
414,4,27,19.3,9.1
414,4,28,19.8,9.7
414,4,29,20.6,10.4
414,4,30,21.5,11.1
414,5,1,21.8,11.6
414,5,2,22.3,12.0
414,5,3,22.7,12.1
414,5,4,22.5,12.0
414,5,5,22.4,11.8
414,5,6,22.8,11.8
414,5,7,22.7,11.9
414,5,8,22.2,11.9
414,5,9,22.2,11.9
414,5,10,21.9,12.1
414,5,11,21.7,12.0
414,5,12,22.0,12.1
414,5,13,22.3,12.4
414,5,14,22.6,12.6
414,5,15,23.1,12.8
414,5,16,23.1,13.1
414,5,17,22.8,13.2
414,5,18,23.0,13.1
414,5,19,23.4,13.2
414,5,20,23.9,13.5
414,5,21,24.4,14.0
414,5,22,24.9,14.3
414,5,23,25.1,14.7
414,5,24,25.2,15.1
414,5,25,25.2,15.0
414,5,26,25.3,15.0
414,5,27,25.5,15.2
414,5,28,25.6,15.4
414,5,29,25.8,15.5
414,5,30,25.9,15.8
414,5,31,26.1,16.0
414,6,1,26.3,16.1
414,6,2,26.6,16.3
414,6,3,26.7,16.6
414,6,4,26.9,17.0
414,6,5,26.9,17.2
414,6,6,26.9,17.4
414,6,7,27.0,17.5
414,6,8,27.2,17.7
414,6,9,27.3,17.8
414,6,10,27.3,17.9
414,6,11,27.4,17.9
414,6,12,27.3,18.0
414,6,13,27.2,18.0
414,6,14,27.3,17.9
414,6,15,27.5,18.1
414,6,16,27.6,18.4
414,6,17,27.8,18.6
414,6,18,28.0,18.8
414,6,19,28.1,19.1
414,6,20,28.3,19.2
414,6,21,28.3,19.3
414,6,22,28.1,19.2
414,6,23,28.0,19.3
414,6,24,27.8,19.2
414,6,25,27.5,19.3
414,6,26,27.8,19.5
414,6,27,27.9,19.9
414,6,28,28.0,20.1
414,6,29,28.1,20.4
414,6,30,28.0,20.7
414,7,1,27.7,20.7
414,7,2,27.9,20.8
414,7,3,28.1,20.8
414,7,4,28.4,20.9
414,7,5,28.8,21.0
414,7,6,29.0,21.1
414,7,7,29.0,21.2
414,7,8,28.9,21.3
414,7,9,28.7,21.3
414,7,10,28.4,21.3
414,7,11,28.3,21.3
414,7,12,28.3,21.4
414,7,13,28.4,21.5
414,7,14,28.2,21.5
414,7,15,28.2,21.6
414,7,16,28.4,21.6
414,7,17,28.5,21.7
414,7,18,28.8,21.9
414,7,19,29.3,22.3
414,7,20,29.7,22.6
414,7,21,29.6,22.8
414,7,22,29.6,22.9
414,7,23,29.6,22.9
414,7,24,29.6,22.8
414,7,25,29.6,22.9
414,7,26,29.7,23.0
414,7,27,29.9,23.1
414,7,28,30.1,23.3
414,7,29,30.1,23.6
414,7,30,30.3,23.7
414,7,31,30.7,23.8
414,8,1,31.0,24.0
414,8,2,31.1,24.0
414,8,3,31.4,24.1
414,8,4,31.5,24.1
414,8,5,31.4,23.9
414,8,6,31.5,23.8
414,8,7,31.5,23.9
414,8,8,31.2,23.8
414,8,9,31.1,23.6
414,8,10,30.9,23.5
414,8,11,30.9,23.4
414,8,12,30.6,23.4
414,8,13,30.5,23.2
414,8,14,30.4,23.1
414,8,15,30.4,23.1
414,8,16,30.2,23.0
414,8,17,30.0,22.7
414,8,18,29.8,22.5
414,8,19,29.6,22.3
414,8,20,29.4,22.1
414,8,21,29.3,21.9
414,8,22,29.2,21.8
414,8,23,29.1,21.6
414,8,24,29.0,21.4
414,8,25,28.7,21.2
414,8,26,28.6,21.1
414,8,27,28.5,20.9
414,8,28,28.5,20.9
414,8,29,28.4,20.6
414,8,30,28.4,20.4
414,8,31,28.3,20.3
414,9,1,28.3,20.1
414,9,2,28.3,19.9
414,9,3,28.0,19.8
414,9,4,27.7,19.5
414,9,5,27.5,19.3
414,9,6,27.3,19.2
414,9,7,27.0,18.9
414,9,8,27.0,18.7
414,9,9,26.8,18.7
414,9,10,26.6,18.6
414,9,11,26.4,18.4
414,9,12,26.3,18.3
414,9,13,26.3,18.3
414,9,14,26.4,18.1
414,9,15,26.5,18.0
414,9,16,26.3,17.9
414,9,17,26.3,17.5
414,9,18,26.0,17.2
414,9,19,25.4,16.8
414,9,20,24.9,16.4
414,9,21,24.7,16.1
414,9,22,24.5,15.9
414,9,23,24.6,15.7
414,9,24,24.9,15.8
414,9,25,25.1,15.8
414,9,26,24.9,15.8
414,9,27,24.5,15.7
414,9,28,24.1,15.5
414,9,29,23.5,15.2
414,9,30,22.9,14.7
414,10,1,22.5,14.2
414,10,2,22.4,13.6
414,10,3,22.3,13.2
414,10,4,22.3,13.0
414,10,5,22.3,12.9
414,10,6,22.3,12.9
414,10,7,22.3,13.0
414,10,8,22.1,13.0
414,10,9,21.8,12.8
414,10,10,21.5,12.3
414,10,11,21.1,11.8
414,10,12,20.7,11.4
414,10,13,20.3,10.8
414,10,14,19.9,10.4
414,10,15,19.7,10.1
414,10,16,19.6,9.9
414,10,17,19.5,9.9
414,10,18,19.6,9.9
414,10,19,19.6,9.9
414,10,20,19.5,10.1
414,10,21,19.2,10.0
414,10,22,18.9,9.8
414,10,23,18.5,9.6
414,10,24,18.0,9.3
414,10,25,17.7,8.8
414,10,26,17.4,8.5
414,10,27,16.8,8.0
414,10,28,16.3,7.3
414,10,29,16.1,6.9
414,10,30,15.8,6.6
414,10,31,15.4,6.3
414,11,1,15.3,6.0
414,11,2,15.3,6.1
414,11,3,15.4,6.1
414,11,4,15.5,6.3
414,11,5,15.6,6.5
414,11,6,15.3,6.6
414,11,7,15.0,6.5
414,11,8,14.3,6.3
414,11,9,13.7,5.8
414,11,10,13.1,5.2
414,11,11,12.8,4.8
414,11,12,12.4,4.5
414,11,13,11.8,4.0
414,11,14,11.4,3.3
414,11,15,10.9,3.0
414,11,16,10.3,2.4
414,11,17,9.8,1.7
414,11,18,9.4,1.2
414,11,19,9.2,1.0
414,11,20,9.0,0.8
414,11,21,9.2,0.9
414,11,22,9.2,1.2
414,11,23,9.3,1.3
414,11,24,9.1,1.2
414,11,25,8.8,1.2
414,11,26,8.4,1.1
414,11,27,8.1,0.7
414,11,28,7.8,0.5
414,11,29,7.8,0.3
414,11,30,7.7,0.2
414,12,1,7.5,-0.2
414,12,2,7.2,-0.7
414,12,3,6.5,-1.3
414,12,4,5.7,-2.1
414,12,5,5.0,-2.8
414,12,6,4.4,-3.2
414,12,7,4.1,-3.3
414,12,8,4.3,-3.3
414,12,9,4.3,-3.1
414,12,10,4.2,-3.2
414,12,11,4.1,-3.5
414,12,12,3.9,-3.8
414,12,13,3.4,-4.0
414,12,14,3.1,-4.3
414,12,15,2.9,-4.6
414,12,16,2.6,-4.8
414,12,17,2.7,-4.9
414,12,18,2.8,-5.1
414,12,19,3.0,-4.9
414,12,20,3.5,-4.5
414,12,21,3.9,-4.2
414,12,22,3.9,-3.9
414,12,23,3.7,-4.1
414,12,24,3.1,-4.6
414,12,25,2.3,-5.4
414,12,26,1.7,-5.9
414,12,27,1.5,-6.3
414,12,28,1.2,-6.4
414,12,29,1.1,-6.5
414,12,30,1.2,-6.2
414,12,31,1.3,-6.1
415,1,1,2.2,-4.8
415,1,2,2.2,-4.8
415,1,3,2.4,-4.7
415,1,4,2.4,-4.7
415,1,5,2.3,-4.8
415,1,6,2.2,-4.9
415,1,7,2.0,-5.0
415,1,8,1.9,-5.1
415,1,9,1.7,-5.2
415,1,10,1.7,-5.2
415,1,11,1.5,-5.3
415,1,12,1.6,-5.2
415,1,13,1.8,-5.1
415,1,14,1.9,-5.0
415,1,15,2.3,-4.6
415,1,16,2.7,-4.3
415,1,17,3.0,-4.0
415,1,18,3.2,-3.8
415,1,19,3.1,-3.9
415,1,20,3.0,-4.2
415,1,21,2.7,-4.7
415,1,22,2.1,-5.2
415,1,23,1.7,-5.7
415,1,24,1.8,-5.7
415,1,25,1.8,-5.6
415,1,26,2.1,-5.4
415,1,27,2.5,-5.0
415,1,28,2.9,-4.5
415,1,29,3.0,-4.4
415,1,30,3.1,-4.4
415,1,31,3.0,-4.5
415,2,1,2.9,-4.7
415,2,2,2.9,-4.7
415,2,3,2.9,-4.7
415,2,4,3.2,-4.4
415,2,5,3.5,-4.1
415,2,6,3.6,-4.0
415,2,7,3.5,-4.0
415,2,8,3.7,-3.8
415,2,9,3.8,-3.9
415,2,10,3.7,-3.6
415,2,11,4.2,-3.3
415,2,12,4.8,-2.8
415,2,13,5.1,-2.5
415,2,14,5.2,-2.5
415,2,15,5.4,-2.4
415,2,16,5.3,-2.5
415,2,17,5.4,-2.4
415,2,18,5.8,-2.3
415,2,19,6.2,-1.8
415,2,20,7.0,-1.3
415,2,21,7.5,-0.9
415,2,22,7.9,-0.6
415,2,23,8.0,-0.2
415,2,24,8.4,0.0
415,2,25,8.4,0.1
415,2,26,8.7,0.4
415,2,27,8.8,0.5
415,2,28,8.7,0.5
415,2,29,8.8,0.6
415,3,1,8.8,0.6
415,3,2,8.9,0.6
415,3,3,8.9,0.7
415,3,4,8.8,0.7
415,3,5,8.9,0.6
415,3,6,8.8,0.6
415,3,7,9.2,0.8
415,3,8,9.3,0.8
415,3,9,9.5,0.9
415,3,10,10.0,1.1
415,3,11,10.4,1.4
415,3,12,10.4,1.7
415,3,13,10.9,1.8
415,3,14,11.5,2.4
415,3,15,12.1,2.9
415,3,16,12.6,3.4
415,3,17,13.1,3.8
415,3,18,13.4,4.0
415,3,19,13.7,4.2
415,3,20,13.4,4.2
415,3,21,13.1,3.9
415,3,22,12.8,3.5
415,3,23,12.6,3.5
415,3,24,12.5,3.5
415,3,25,12.8,3.8
415,3,26,13.1,4.0
415,3,27,13.5,4.6
415,3,28,13.9,4.9
415,3,29,14.2,5.2
415,3,30,14.6,5.4
415,3,31,14.8,5.9
415,4,1,15.1,6.0
415,4,2,15.5,6.2
415,4,3,15.8,6.5
415,4,4,15.8,6.6
415,4,5,15.9,6.7
415,4,6,16.4,7.0
415,4,7,16.6,7.3
415,4,8,16.9,7.6
415,4,9,17.5,7.9
415,4,10,17.9,8.2
415,4,11,18.0,8.4
415,4,12,18.0,8.6
415,4,13,18.3,8.5
415,4,14,18.4,8.6
415,4,15,18.7,8.7
415,4,16,19.2,9.0
415,4,17,19.7,9.3
415,4,18,19.8,9.7
415,4,19,19.9,10.0
415,4,20,19.9,10.2
415,4,21,19.6,10.3
415,4,22,19.6,10.3
415,4,23,19.6,10.1
415,4,24,19.5,10.0
415,4,25,19.6,9.9
415,4,26,20.0,10.1
415,4,27,20.2,10.4
415,4,28,20.8,11.0
415,4,29,21.6,11.7
415,4,30,22.4,12.4
415,5,1,22.9,12.9
415,5,2,23.4,13.3
415,5,3,23.8,13.4
415,5,4,23.6,13.3
415,5,5,23.5,13.1
415,5,6,23.7,13.1
415,5,7,23.6,13.1
415,5,8,23.1,13.2
415,5,9,23.2,13.1
415,5,10,22.8,13.3
415,5,11,22.7,13.3
415,5,12,22.9,13.4
415,5,13,23.3,13.7
415,5,14,23.6,13.9
415,5,15,24.2,14.1
415,5,16,24.2,14.3
415,5,17,23.9,14.3
415,5,18,24.1,14.2
415,5,19,24.5,14.3
415,5,20,24.8,14.6
415,5,21,25.3,15.0
415,5,22,25.6,15.2
415,5,23,25.9,15.6
415,5,24,25.9,15.9
415,5,25,26.0,16.0
415,5,26,26.1,16.1
415,5,27,26.4,16.4
415,5,28,26.5,16.6
415,5,29,26.7,16.7
415,5,30,26.8,16.9
415,5,31,27.0,17.1
415,6,1,27.2,17.3
415,6,2,27.5,17.5
415,6,3,27.6,17.9
415,6,4,27.8,18.2
415,6,5,27.9,18.4
415,6,6,27.9,18.6
415,6,7,28.1,18.7
415,6,8,28.3,18.9
415,6,9,28.4,19.1
415,6,10,28.4,19.1
415,6,11,28.6,19.1
415,6,12,28.5,19.2
415,6,13,28.5,19.2
415,6,14,28.6,19.2
415,6,15,28.8,19.4
415,6,16,29.0,19.7
415,6,17,29.1,19.9
415,6,18,29.2,20.2
415,6,19,29.3,20.5
415,6,20,29.4,20.6
415,6,21,29.4,20.6
415,6,22,29.3,20.6
415,6,23,29.2,20.6
415,6,24,29.0,20.5
415,6,25,28.7,20.6
415,6,26,29.0,20.7
415,6,27,29.2,21.0
415,6,28,29.3,21.2
415,6,29,29.3,21.5
415,6,30,29.3,21.7
415,7,1,28.9,21.8
415,7,2,29.0,21.9
415,7,3,29.1,21.9
415,7,4,29.4,22.0
415,7,5,29.8,22.0
415,7,6,30.0,22.2
415,7,7,30.0,22.1
415,7,8,29.9,22.1
415,7,9,29.8,22.1
415,7,10,29.5,22.1
415,7,11,29.4,22.2
415,7,12,29.5,22.3
415,7,13,29.5,22.5
415,7,14,29.3,22.5
415,7,15,29.5,22.6
415,7,16,29.7,22.7
415,7,17,29.7,22.7
415,7,18,30.2,23.0
415,7,19,30.7,23.4
415,7,20,31.1,23.7
415,7,21,31.0,23.9
415,7,22,31.0,24.1
415,7,23,30.9,24.1
415,7,24,30.9,24.0
415,7,25,30.9,24.1
415,7,26,31.0,24.1
415,7,27,31.2,24.2
415,7,28,31.4,24.4
415,7,29,31.4,24.6
415,7,30,31.6,24.7
415,7,31,32.0,24.8
415,8,1,32.2,25.0
415,8,2,32.2,25.0
415,8,3,32.6,25.1
415,8,4,32.7,25.1
415,8,5,32.5,25.0
415,8,6,32.6,24.9
415,8,7,32.7,25.1
415,8,8,32.5,25.0
415,8,9,32.4,24.9
415,8,10,32.3,24.8
415,8,11,32.2,24.7
415,8,12,31.9,24.6
415,8,13,31.8,24.5
415,8,14,31.7,24.4
415,8,15,31.8,24.3
415,8,16,31.6,24.2
415,8,17,31.3,24.0
415,8,18,31.1,23.9
415,8,19,31.0,23.7
415,8,20,30.7,23.6
415,8,21,30.6,23.4
415,8,22,30.5,23.2
415,8,23,30.4,23.0
415,8,24,30.2,22.8
415,8,25,30.0,22.6
415,8,26,29.9,22.4
415,8,27,29.7,22.3
415,8,28,29.6,22.3
415,8,29,29.5,22.0
415,8,30,29.7,21.9
415,8,31,29.5,21.7
415,9,1,29.5,21.5
415,9,2,29.5,21.3
415,9,3,29.3,21.2
415,9,4,29.0,20.9
415,9,5,28.8,20.7
415,9,6,28.6,20.6
415,9,7,28.3,20.4
415,9,8,28.3,20.2
415,9,9,28.1,20.1
415,9,10,27.8,20.0
415,9,11,27.7,19.8
415,9,12,27.5,19.7
415,9,13,27.4,19.6
415,9,14,27.4,19.4
415,9,15,27.5,19.3
415,9,16,27.4,19.1
415,9,17,27.3,18.8
415,9,18,27.0,18.4
415,9,19,26.6,18.0
415,9,20,26.2,17.6
415,9,21,26.0,17.3
415,9,22,25.9,17.2
415,9,23,26.0,17.1
415,9,24,26.1,17.2
415,9,25,26.2,17.3
415,9,26,25.9,17.3
415,9,27,25.6,17.1
415,9,28,25.1,16.9
415,9,29,24.7,16.6
415,9,30,24.1,16.1
415,10,1,23.8,15.7
415,10,2,23.6,15.2
415,10,3,23.5,14.8
415,10,4,23.4,14.5
415,10,5,23.5,14.4
415,10,6,23.4,14.3
415,10,7,23.3,14.2
415,10,8,23.1,14.2
415,10,9,22.8,13.9
415,10,10,22.3,13.5
415,10,11,21.9,13.0
415,10,12,21.5,12.7
415,10,13,21.1,12.1
415,10,14,20.9,11.7
415,10,15,20.8,11.4
415,10,16,20.7,11.3
415,10,17,20.7,11.2
415,10,18,20.8,11.3
415,10,19,20.8,11.3
415,10,20,20.7,11.4
415,10,21,20.4,11.3
415,10,22,20.1,11.1
415,10,23,19.6,10.7
415,10,24,19.0,10.3
415,10,25,18.6,9.8
415,10,26,18.2,9.4
415,10,27,17.6,8.9
415,10,28,17.0,8.3
415,10,29,16.8,7.9
415,10,30,16.3,7.6
415,10,31,15.7,7.2
415,11,1,15.6,6.9
415,11,2,15.6,6.9
415,11,3,15.7,7.0
415,11,4,15.8,7.2
415,11,5,16.1,7.5
415,11,6,15.9,7.5
415,11,7,15.6,7.5
415,11,8,15.1,7.3
415,11,9,14.6,7.0
415,11,10,14.0,6.5
415,11,11,13.7,6.2
415,11,12,13.4,5.8
415,11,13,12.8,5.3
415,11,14,12.3,4.6
415,11,15,11.9,4.2
415,11,16,11.1,3.6
415,11,17,10.5,2.9
415,11,18,10.2,2.4
415,11,19,9.9,2.2
415,11,20,9.9,2.0
415,11,21,10.2,2.1
415,11,22,10.2,2.5
415,11,23,10.4,2.6
415,11,24,10.3,2.5
415,11,25,9.9,2.5
415,11,26,9.5,2.4
415,11,27,9.1,2.1
415,11,28,8.8,1.9
415,11,29,8.7,1.6
415,11,30,8.5,1.4
415,12,1,8.2,0.9
415,12,2,7.8,0.3
415,12,3,7.1,-0.4
415,12,4,6.4,-1.0
415,12,5,5.8,-1.4
415,12,6,5.2,-1.8
415,12,7,4.9,-2.0
415,12,8,4.9,-2.0
415,12,9,4.9,-1.9
415,12,10,4.8,-2.2
415,12,11,4.8,-2.4
415,12,12,4.6,-2.5
415,12,13,4.2,-2.7
415,12,14,4.0,-3.0
415,12,15,3.8,-3.1
415,12,16,3.6,-3.3
415,12,17,3.7,-3.3
415,12,18,3.8,-3.4
415,12,19,4.0,-3.1
415,12,20,4.5,-2.8
415,12,21,4.9,-2.5
415,12,22,4.9,-2.4
415,12,23,4.8,-2.6
415,12,24,4.2,-3.1
415,12,25,3.5,-3.8
415,12,26,2.9,-4.3
415,12,27,2.6,-4.6
415,12,28,2.3,-4.8
415,12,29,2.1,-4.9
415,12,30,2.2,-4.8
415,12,31,2.2,-4.7
416,1,1,1.9,-7.2
416,1,2,1.9,-7.1
416,1,3,2.2,-7.1
416,1,4,2.2,-7.1
416,1,5,2.1,-7.3
416,1,6,2.0,-7.3
416,1,7,1.8,-7.4
416,1,8,1.6,-7.4
416,1,9,1.5,-7.6
416,1,10,1.4,-7.5
416,1,11,1.3,-7.6
416,1,12,1.4,-7.6
416,1,13,1.6,-7.6
416,1,14,1.8,-7.5
416,1,15,2.1,-7.1
416,1,16,2.5,-6.8
416,1,17,2.7,-6.5
416,1,18,2.9,-6.1
416,1,19,2.7,-6.3
416,1,20,2.6,-6.5
416,1,21,2.3,-6.9
416,1,22,1.8,-7.4
416,1,23,1.5,-8.0
416,1,24,1.6,-7.9
416,1,25,1.6,-7.9
416,1,26,1.8,-7.7
416,1,27,2.3,-7.2
416,1,28,2.6,-6.8
416,1,29,2.7,-6.7
416,1,30,2.7,-6.8
416,1,31,2.7,-6.9
416,2,1,2.6,-7.1
416,2,2,2.6,-7.1
416,2,3,2.7,-7.1
416,2,4,2.8,-6.8
416,2,5,3.1,-6.5
416,2,6,3.2,-6.4
416,2,7,3.1,-6.3
416,2,8,3.3,-6.1
416,2,9,3.4,-6.2
416,2,10,3.3,-6.0
416,2,11,3.8,-5.5
416,2,12,4.4,-5.0
416,2,13,4.7,-4.7
416,2,14,4.8,-4.5
416,2,15,5.0,-4.5
416,2,16,4.9,-4.5
416,2,17,5.0,-4.5
416,2,18,5.4,-4.4
416,2,19,5.8,-3.9
416,2,20,6.6,-3.3
416,2,21,7.1,-2.9
416,2,22,7.5,-2.6
416,2,23,7.7,-2.2
416,2,24,8.0,-2.0
416,2,25,8.1,-1.9
416,2,26,8.3,-1.6
416,2,27,8.4,-1.4
416,2,28,8.2,-1.6
416,2,29,8.3,-1.5
416,3,1,8.3,-1.5
416,3,2,8.5,-1.3
416,3,3,8.4,-1.1
416,3,4,8.3,-1.1
416,3,5,8.4,-1.1
416,3,6,8.3,-1.1
416,3,7,8.6,-1.2
416,3,8,8.6,-1.3
416,3,9,8.9,-1.4
416,3,10,9.3,-1.2
416,3,11,9.7,-0.9
416,3,12,9.7,-0.6
416,3,13,10.3,-0.5
416,3,14,10.8,0.1
416,3,15,11.4,0.6
416,3,16,12.1,1.2
416,3,17,12.7,1.6
416,3,18,13.0,1.8
416,3,19,13.2,2.0
416,3,20,13.0,2.0
416,3,21,12.7,1.7
416,3,22,12.2,1.4
416,3,23,12.0,1.4
416,3,24,12.0,1.3
416,3,25,12.3,1.5
416,3,26,12.6,1.8
416,3,27,12.9,2.1
416,3,28,13.3,2.4
416,3,29,13.7,2.7
416,3,30,14.0,3.0
416,3,31,14.3,3.4
416,4,1,14.5,3.6
416,4,2,15.0,3.9
416,4,3,15.2,4.3
416,4,4,15.1,4.4
416,4,5,15.2,4.5
416,4,6,15.6,4.7
416,4,7,15.9,5.1
416,4,8,16.2,5.4
416,4,9,16.9,5.7
416,4,10,17.2,6.0
416,4,11,17.3,6.3
416,4,12,17.4,6.4
416,4,13,17.6,6.2
416,4,14,17.7,6.3
416,4,15,18.0,6.5
416,4,16,18.5,6.7
416,4,17,18.9,7.0
416,4,18,19.0,7.5
416,4,19,19.1,8.0
416,4,20,19.1,8.2
416,4,21,18.9,8.3
416,4,22,18.8,8.2
416,4,23,18.9,8.0
416,4,24,18.8,7.7
416,4,25,18.9,7.6
416,4,26,19.2,7.8
416,4,27,19.5,8.1
416,4,28,20.1,8.8
416,4,29,20.8,9.6
416,4,30,21.6,10.3
416,5,1,22.0,10.8
416,5,2,22.5,11.1
416,5,3,22.9,11.1
416,5,4,22.8,10.9
416,5,5,22.7,10.7
416,5,6,23.0,10.7
416,5,7,22.9,10.8
416,5,8,22.4,10.8
416,5,9,22.4,11.0
416,5,10,22.0,11.3
416,5,11,21.8,11.3
416,5,12,22.1,11.4
416,5,13,22.4,11.7
416,5,14,22.6,11.9
416,5,15,23.2,12.0
416,5,16,23.2,12.3
416,5,17,23.0,12.4
416,5,18,23.1,12.1
416,5,19,23.5,12.0
416,5,20,23.9,12.2
416,5,21,24.3,12.5
416,5,22,24.7,12.7
416,5,23,25.0,13.2
416,5,24,25.1,13.6
416,5,25,25.1,13.6
416,5,26,25.2,13.7
416,5,27,25.4,14.0
416,5,28,25.4,14.2
416,5,29,25.6,14.2
416,5,30,25.8,14.4
416,5,31,26.0,14.5
416,6,1,26.2,14.6
416,6,2,26.6,14.8
416,6,3,26.6,15.3
416,6,4,26.8,15.7
416,6,5,26.8,16.1
416,6,6,26.8,16.3
416,6,7,27.0,16.5
416,6,8,27.2,16.7
416,6,9,27.3,16.9
416,6,10,27.4,17.0
416,6,11,27.5,17.1
416,6,12,27.4,17.3
416,6,13,27.4,17.3
416,6,14,27.5,17.3
416,6,15,27.7,17.5
416,6,16,27.8,17.7
416,6,17,27.9,17.9
416,6,18,28.0,18.1
416,6,19,28.1,18.5
416,6,20,28.3,18.5
416,6,21,28.2,18.6
416,6,22,28.2,18.5
416,6,23,28.1,18.6
416,6,24,27.9,18.6
416,6,25,27.6,18.8
416,6,26,27.9,19.0
416,6,27,28.0,19.3
416,6,28,28.1,19.6
416,6,29,28.2,19.8
416,6,30,28.2,20.1
416,7,1,27.9,20.3
416,7,2,28.0,20.4
416,7,3,28.1,20.4
416,7,4,28.4,20.4
416,7,5,28.6,20.4
416,7,6,28.9,20.6
416,7,7,28.9,20.7
416,7,8,28.9,20.8
416,7,9,28.8,20.9
416,7,10,28.5,21.0
416,7,11,28.4,21.0
416,7,12,28.4,21.1
416,7,13,28.4,21.1
416,7,14,28.3,21.2
416,7,15,28.4,21.2
416,7,16,28.6,21.3
416,7,17,28.6,21.4
416,7,18,29.1,21.6
416,7,19,29.5,22.0
416,7,20,29.8,22.3
416,7,21,29.8,22.5
416,7,22,29.8,22.6
416,7,23,29.7,22.7
416,7,24,29.8,22.7
416,7,25,29.8,22.7
416,7,26,29.8,22.8
416,7,27,30.1,22.9
416,7,28,30.2,23.0
416,7,29,30.2,23.2
416,7,30,30.4,23.3
416,7,31,30.8,23.5
416,8,1,31.0,23.6
416,8,2,31.0,23.6
416,8,3,31.4,23.6
416,8,4,31.4,23.6
416,8,5,31.3,23.4
416,8,6,31.4,23.3
416,8,7,31.5,23.4
416,8,8,31.2,23.4
416,8,9,31.2,23.4
416,8,10,31.1,23.3
416,8,11,31.0,23.2
416,8,12,30.7,23.1
416,8,13,30.7,23.0
416,8,14,30.5,22.9
416,8,15,30.5,22.8
416,8,16,30.3,22.8
416,8,17,30.1,22.5
416,8,18,30.0,22.4
416,8,19,29.8,22.2
416,8,20,29.6,22.0
416,8,21,29.4,21.6
416,8,22,29.4,21.4
416,8,23,29.2,21.1
416,8,24,29.1,20.9
416,8,25,28.9,20.7
416,8,26,28.9,20.6
416,8,27,28.8,20.5
416,8,28,28.7,20.4
416,8,29,28.6,20.2
416,8,30,28.6,20.0
416,8,31,28.5,19.8
416,9,1,28.5,19.6
416,9,2,28.5,19.4
416,9,3,28.2,19.2
416,9,4,27.9,18.9
416,9,5,27.7,18.5
416,9,6,27.6,18.4
416,9,7,27.3,18.1
416,9,8,27.4,18.0
416,9,9,27.2,18.0
416,9,10,27.0,18.1
416,9,11,26.8,17.8
416,9,12,26.7,17.7
416,9,13,26.5,17.6
416,9,14,26.5,17.3
416,9,15,26.6,17.1
416,9,16,26.6,16.9
416,9,17,26.6,16.6
416,9,18,26.2,16.2
416,9,19,25.8,15.7
416,9,20,25.3,15.2
416,9,21,25.1,15.0
416,9,22,24.9,14.8
416,9,23,24.9,14.6
416,9,24,25.2,14.7
416,9,25,25.3,14.7
416,9,26,25.0,14.7
416,9,27,24.6,14.5
416,9,28,24.2,14.4
416,9,29,23.7,14.1
416,9,30,23.3,13.7
416,10,1,23.0,13.2
416,10,2,22.9,12.6
416,10,3,22.8,12.1
416,10,4,22.8,11.8
416,10,5,22.7,11.7
416,10,6,22.6,11.7
416,10,7,22.4,11.7
416,10,8,22.3,11.6
416,10,9,22.0,11.4
416,10,10,21.6,10.8
416,10,11,21.3,10.3
416,10,12,20.9,9.9
416,10,13,20.5,9.3
416,10,14,20.2,9.0
416,10,15,20.0,8.8
416,10,16,19.9,8.6
416,10,17,20.0,8.6
416,10,18,20.1,8.7
416,10,19,20.2,8.9
416,10,20,20.1,9.0
416,10,21,19.8,9.1
416,10,22,19.5,8.9
416,10,23,19.1,8.6
416,10,24,18.4,8.1
416,10,25,18.1,7.5
416,10,26,17.7,7.1
416,10,27,17.0,6.4
416,10,28,16.5,5.7
416,10,29,16.3,5.3
416,10,30,16.0,5.1
416,10,31,15.5,4.7
416,11,1,15.5,4.5
416,11,2,15.6,4.7
416,11,3,15.7,5.0
416,11,4,15.8,5.2
416,11,5,16.1,5.5
416,11,6,15.8,5.6
416,11,7,15.5,5.5
416,11,8,14.9,5.3
416,11,9,14.3,4.8
416,11,10,13.7,4.3
416,11,11,13.3,4.2
416,11,12,12.9,3.8
416,11,13,12.3,3.2
416,11,14,11.9,2.5
416,11,15,11.5,2.1
416,11,16,10.8,1.4
416,11,17,10.3,0.7
416,11,18,9.9,0.2
416,11,19,9.7,0.1
416,11,20,9.6,-0.2
416,11,21,9.8,0.0
416,11,22,9.9,0.4
416,11,23,10.0,0.6
416,11,24,9.9,0.7
416,11,25,9.5,0.7
416,11,26,9.1,0.5
416,11,27,8.7,0.1
416,11,28,8.4,-0.1
416,11,29,8.2,-0.4
416,11,30,8.1,-0.7
416,12,1,7.7,-1.1
416,12,2,7.4,-1.8
416,12,3,6.7,-2.4
416,12,4,6.0,-3.1
416,12,5,5.4,-3.6
416,12,6,4.9,-4.0
416,12,7,4.6,-4.2
416,12,8,4.7,-4.2
416,12,9,4.6,-4.1
416,12,10,4.5,-4.4
416,12,11,4.4,-4.8
416,12,12,4.2,-5.1
416,12,13,3.8,-5.2
416,12,14,3.6,-5.4
416,12,15,3.5,-5.5
416,12,16,3.3,-5.5
416,12,17,3.3,-5.6
416,12,18,3.5,-5.8
416,12,19,3.7,-5.7
416,12,20,4.2,-5.3
416,12,21,4.6,-5.0
416,12,22,4.6,-4.9
416,12,23,4.4,-5.0
416,12,24,3.8,-5.3
416,12,25,3.0,-6.2
416,12,26,2.4,-6.7
416,12,27,2.1,-7.1
416,12,28,1.8,-7.3
416,12,29,1.7,-7.5
416,12,30,1.8,-7.3
416,12,31,1.8,-7.1
417,1,1,2.5,-4.2
417,1,2,2.6,-4.1
417,1,3,2.8,-3.9
417,1,4,2.9,-3.8
417,1,5,2.9,-4.0
417,1,6,2.7,-4.1
417,1,7,2.5,-4.2
417,1,8,2.3,-4.3
417,1,9,2.1,-4.5
417,1,10,1.9,-4.6
417,1,11,1.7,-4.7
417,1,12,1.8,-4.6
417,1,13,2.0,-4.5
417,1,14,2.2,-4.4
417,1,15,2.5,-4.0
417,1,16,3.0,-3.7
417,1,17,3.3,-3.4
417,1,18,3.5,-3.2
417,1,19,3.4,-3.2
417,1,20,3.3,-3.4
417,1,21,3.1,-3.8
417,1,22,2.6,-4.3
417,1,23,2.2,-4.9
417,1,24,2.1,-4.9
417,1,25,2.1,-5.0
417,1,26,2.2,-4.8
417,1,27,2.7,-4.4
417,1,28,3.1,-3.9
417,1,29,3.3,-3.8
417,1,30,3.4,-3.7
417,1,31,3.4,-3.8
417,2,1,3.2,-3.9
417,2,2,3.2,-4.1
417,2,3,3.2,-4.1
417,2,4,3.4,-3.8
417,2,5,3.6,-3.6
417,2,6,3.6,-3.5
417,2,7,3.5,-3.5
417,2,8,3.7,-3.3
417,2,9,3.8,-3.4
417,2,10,3.7,-3.1
417,2,11,4.3,-2.7
417,2,12,4.9,-2.3
417,2,13,5.1,-2.0
417,2,14,5.2,-2.0
417,2,15,5.4,-1.9
417,2,16,5.3,-1.9
417,2,17,5.5,-1.8
417,2,18,5.9,-1.8
417,2,19,6.3,-1.3
417,2,20,7.0,-0.8
417,2,21,7.5,-0.4
417,2,22,7.8,-0.1
417,2,23,8.0,0.3
417,2,24,8.3,0.5
417,2,25,8.3,0.6
417,2,26,8.5,0.8
417,2,27,8.6,0.9
417,2,28,8.5,0.8
417,2,29,8.6,0.8
417,3,1,8.6,0.8
417,3,2,8.8,1.0
417,3,3,8.7,1.1
417,3,4,8.6,1.1
417,3,5,8.6,1.1
417,3,6,8.5,1.0
417,3,7,8.7,0.9
417,3,8,8.8,1.0
417,3,9,9.0,1.0
417,3,10,9.5,1.2
417,3,11,9.8,1.5
417,3,12,9.9,1.8
417,3,13,10.4,2.0
417,3,14,11.0,2.6
417,3,15,11.7,3.0
417,3,16,12.3,3.7
417,3,17,12.7,4.0
417,3,18,12.9,4.2
417,3,19,13.1,4.2
417,3,20,12.8,4.2
417,3,21,12.4,3.9
417,3,22,12.2,3.7
417,3,23,12.0,3.7
417,3,24,11.9,3.7
417,3,25,12.2,4.0
417,3,26,12.5,4.2
417,3,27,12.9,4.5
417,3,28,13.3,4.9
417,3,29,13.7,5.2
417,3,30,14.0,5.5
417,3,31,14.3,5.9
417,4,1,14.5,6.0
417,4,2,14.9,6.2
417,4,3,15.1,6.4
417,4,4,15.1,6.4
417,4,5,15.2,6.5
417,4,6,15.6,6.7
417,4,7,15.8,7.1
417,4,8,16.1,7.3
417,4,9,16.7,7.7
417,4,10,17.0,7.9
417,4,11,17.1,8.2
417,4,12,17.0,8.4
417,4,13,17.2,8.3
417,4,14,17.4,8.4
417,4,15,17.8,8.5
417,4,16,18.3,8.8
417,4,17,18.8,9.1
417,4,18,19.0,9.6
417,4,19,19.0,9.9
417,4,20,19.0,10.2
417,4,21,18.6,10.2
417,4,22,18.6,10.1
417,4,23,18.7,9.9
417,4,24,18.6,9.8
417,4,25,18.6,9.8
417,4,26,19.0,10.0
417,4,27,19.2,10.3
417,4,28,19.8,10.9
417,4,29,20.5,11.6
417,4,30,21.4,12.2
417,5,1,21.8,12.6
417,5,2,22.3,13.0
417,5,3,22.6,13.0
417,5,4,22.5,12.8
417,5,5,22.4,12.6
417,5,6,22.7,12.7
417,5,7,22.7,12.8
417,5,8,22.2,12.8
417,5,9,22.3,12.9
417,5,10,21.9,13.1
417,5,11,21.7,13.0
417,5,12,22.0,13.1
417,5,13,22.3,13.3
417,5,14,22.5,13.5
417,5,15,23.1,13.7
417,5,16,23.2,13.9
417,5,17,22.9,14.0
417,5,18,23.0,13.9
417,5,19,23.4,14.1
417,5,20,23.8,14.4
417,5,21,24.2,14.8
417,5,22,24.7,15.1
417,5,23,24.9,15.4
417,5,24,24.9,15.7
417,5,25,24.9,15.7
417,5,26,25.0,15.7
417,5,27,25.3,16.0
417,5,28,25.4,16.2
417,5,29,25.5,16.2
417,5,30,25.6,16.4
417,5,31,25.8,16.6
417,6,1,26.0,16.7
417,6,2,26.2,17.0
417,6,3,26.4,17.3
417,6,4,26.5,17.6
417,6,5,26.6,17.8
417,6,6,26.5,18.0
417,6,7,26.8,18.2
417,6,8,26.9,18.3
417,6,9,27.0,18.5
417,6,10,27.0,18.6
417,6,11,27.1,18.6
417,6,12,27.0,18.7
417,6,13,26.9,18.7
417,6,14,27.0,18.6
417,6,15,27.2,18.8
417,6,16,27.3,19.1
417,6,17,27.5,19.4
417,6,18,27.7,19.6
417,6,19,27.7,19.8
417,6,20,27.9,19.9
417,6,21,27.9,20.0
417,6,22,27.8,19.9
417,6,23,27.8,20.0
417,6,24,27.6,20.0
417,6,25,27.4,20.1
417,6,26,27.7,20.2
417,6,27,27.8,20.4
417,6,28,27.9,20.6
417,6,29,27.9,20.9
417,6,30,27.9,21.1
417,7,1,27.7,21.2
417,7,2,27.8,21.3
417,7,3,27.9,21.3
417,7,4,28.2,21.4
417,7,5,28.5,21.5
417,7,6,28.8,21.7
417,7,7,28.9,21.8
417,7,8,28.8,22.0
417,7,9,28.7,22.0
417,7,10,28.4,22.0
417,7,11,28.3,22.0
417,7,12,28.3,22.1
417,7,13,28.3,22.2
417,7,14,28.2,22.2
417,7,15,28.2,22.2
417,7,16,28.5,22.2
417,7,17,28.5,22.3
417,7,18,28.9,22.5
417,7,19,29.3,22.9
417,7,20,29.7,23.2
417,7,21,29.6,23.4
417,7,22,29.6,23.4
417,7,23,29.5,23.5
417,7,24,29.5,23.4
417,7,25,29.5,23.5
417,7,26,29.6,23.6
417,7,27,29.8,23.7
417,7,28,29.9,23.9
417,7,29,30.0,24.1
417,7,30,30.2,24.2
417,7,31,30.6,24.5
417,8,1,30.9,24.6
417,8,2,31.0,24.6
417,8,3,31.4,24.8
417,8,4,31.5,24.8
417,8,5,31.4,24.7
417,8,6,31.4,24.6
417,8,7,31.4,24.7
417,8,8,31.1,24.5
417,8,9,31.1,24.4
417,8,10,30.9,24.3
417,8,11,30.8,24.3
417,8,12,30.6,24.2
417,8,13,30.5,24.1
417,8,14,30.3,24.0
417,8,15,30.3,24.0
417,8,16,30.2,23.9
417,8,17,30.0,23.7
417,8,18,29.8,23.5
417,8,19,29.7,23.4
417,8,20,29.6,23.2
417,8,21,29.5,23.0
417,8,22,29.4,22.9
417,8,23,29.3,22.7
417,8,24,29.1,22.5
417,8,25,28.9,22.4
417,8,26,28.8,22.2
417,8,27,28.7,22.1
417,8,28,28.6,21.9
417,8,29,28.4,21.7
417,8,30,28.5,21.5
417,8,31,28.4,21.2
417,9,1,28.4,21.1
417,9,2,28.5,20.9
417,9,3,28.2,20.9
417,9,4,27.9,20.7
417,9,5,27.7,20.5
417,9,6,27.5,20.4
417,9,7,27.2,20.2
417,9,8,27.2,20.0
417,9,9,27.0,19.9
417,9,10,26.8,19.8
417,9,11,26.7,19.6
417,9,12,26.6,19.5
417,9,13,26.5,19.5
417,9,14,26.6,19.4
417,9,15,26.7,19.4
417,9,16,26.6,19.3
417,9,17,26.6,19.0
417,9,18,26.2,18.7
417,9,19,25.8,18.3
417,9,20,25.4,17.8
417,9,21,25.1,17.5
417,9,22,25.0,17.4
417,9,23,25.1,17.2
417,9,24,25.3,17.2
417,9,25,25.5,17.3
417,9,26,25.3,17.3
417,9,27,24.9,17.1
417,9,28,24.4,17.0
417,9,29,23.9,16.6
417,9,30,23.3,16.2
417,10,1,23.0,15.7
417,10,2,22.9,15.2
417,10,3,22.8,14.8
417,10,4,22.7,14.6
417,10,5,22.9,14.6
417,10,6,22.9,14.6
417,10,7,22.8,14.6
417,10,8,22.6,14.6
417,10,9,22.3,14.3
417,10,10,21.8,13.9
417,10,11,21.4,13.4
417,10,12,21.0,13.0
417,10,13,20.7,12.5
417,10,14,20.4,12.1
417,10,15,20.3,11.8
417,10,16,20.2,11.7
417,10,17,20.2,11.6
417,10,18,20.2,11.7
417,10,19,20.3,11.7
417,10,20,20.2,11.8
417,10,21,19.9,11.7
417,10,22,19.6,11.5
417,10,23,19.2,11.3
417,10,24,18.7,10.9
417,10,25,18.3,10.4
417,10,26,18.1,10.1
417,10,27,17.5,9.6
417,10,28,17.0,9.0
417,10,29,16.8,8.7
417,10,30,16.4,8.4
417,10,31,15.9,8.1
417,11,1,15.8,7.9
417,11,2,15.9,7.9
417,11,3,15.9,7.9
417,11,4,16.1,8.0
417,11,5,16.3,8.2
417,11,6,16.1,8.2
417,11,7,15.7,8.1
417,11,8,15.1,7.9
417,11,9,14.5,7.5
417,11,10,14.0,6.9
417,11,11,13.7,6.6
417,11,12,13.3,6.2
417,11,13,12.7,5.7
417,11,14,12.2,5.1
417,11,15,11.8,4.7
417,11,16,11.2,4.2
417,11,17,10.7,3.5
417,11,18,10.3,3.0
417,11,19,10.1,2.8
417,11,20,10.0,2.6
417,11,21,10.1,2.7
417,11,22,10.1,2.9
417,11,23,10.2,2.9
417,11,24,10.1,2.9
417,11,25,9.8,2.9
417,11,26,9.4,2.8
417,11,27,9.0,2.5
417,11,28,8.8,2.4
417,11,29,8.7,2.2
417,11,30,8.7,2.0
417,12,1,8.4,1.7
417,12,2,8.1,1.2
417,12,3,7.5,0.5
417,12,4,6.6,-0.2
417,12,5,6.0,-0.8
417,12,6,5.5,-1.2
417,12,7,5.2,-1.4
417,12,8,5.3,-1.3
417,12,9,5.4,-1.1
417,12,10,5.3,-1.2
417,12,11,5.2,-1.4
417,12,12,4.9,-1.7
417,12,13,4.5,-1.9
417,12,14,4.2,-2.3
417,12,15,4.0,-2.6
417,12,16,3.8,-2.8
417,12,17,3.8,-2.8
417,12,18,3.9,-3.0
417,12,19,4.1,-2.7
417,12,20,4.6,-2.3
417,12,21,4.9,-2.0
417,12,22,4.9,-1.9
417,12,23,4.7,-2.2
417,12,24,4.1,-2.7
417,12,25,3.3,-3.5
417,12,26,2.8,-4.0
417,12,27,2.6,-4.2
417,12,28,2.4,-4.5
417,12,29,2.3,-4.5
417,12,30,2.4,-4.3
417,12,31,2.4,-4.2
419,1,1,0.5,-6.5
419,1,2,0.5,-6.5
419,1,3,0.7,-6.4
419,1,4,0.7,-6.4
419,1,5,0.6,-6.5
419,1,6,0.4,-6.6
419,1,7,0.2,-6.7
419,1,8,0.1,-6.8
419,1,9,0.0,-6.9
419,1,10,-0.1,-7.0
419,1,11,-0.2,-7.1
419,1,12,0.0,-7.1
419,1,13,0.1,-7.0
419,1,14,0.3,-6.8
419,1,15,0.7,-6.3
419,1,16,1.1,-6.0
419,1,17,1.4,-5.7
419,1,18,1.6,-5.5
419,1,19,1.5,-5.6
419,1,20,1.3,-5.9
419,1,21,1.0,-6.4
419,1,22,0.5,-6.9
419,1,23,0.1,-7.4
419,1,24,0.2,-7.3
419,1,25,0.3,-7.2
419,1,26,0.5,-7.0
419,1,27,0.9,-6.6
419,1,28,1.3,-6.2
419,1,29,1.4,-6.1
419,1,30,1.4,-6.1
419,1,31,1.4,-6.1
419,2,1,1.3,-6.3
419,2,2,1.4,-6.3
419,2,3,1.5,-6.2
419,2,4,1.8,-5.9
419,2,5,2.1,-5.7
419,2,6,2.1,-5.6
419,2,7,2.0,-5.7
419,2,8,2.1,-5.5
419,2,9,2.1,-5.6
419,2,10,2.0,-5.4
419,2,11,2.7,-5.0
419,2,12,3.3,-4.5
419,2,13,3.5,-4.2
419,2,14,3.6,-4.1
419,2,15,3.9,-4.0
419,2,16,3.8,-4.0
419,2,17,4.0,-3.9
419,2,18,4.4,-3.7
419,2,19,4.8,-3.3
419,2,20,5.7,-2.8
419,2,21,6.2,-2.5
419,2,22,6.6,-2.1
419,2,23,6.8,-1.7
419,2,24,7.2,-1.4
419,2,25,7.2,-1.3
419,2,26,7.4,-1.0
419,2,27,7.4,-1.0
419,2,28,7.3,-1.1
419,2,29,7.4,-1.1
419,3,1,7.4,-1.1
419,3,2,7.5,-1.0
419,3,3,7.6,-0.9
419,3,4,7.4,-0.9
419,3,5,7.5,-0.9
419,3,6,7.4,-0.9
419,3,7,7.7,-0.9
419,3,8,7.8,-0.8
419,3,9,8.1,-0.8
419,3,10,8.7,-0.5
419,3,11,9.2,-0.2
419,3,12,9.3,0.0
419,3,13,9.8,0.2
419,3,14,10.4,0.7
419,3,15,11.1,1.2
419,3,16,11.7,1.8
419,3,17,12.1,2.2
419,3,18,12.3,2.4
419,3,19,12.6,2.6
419,3,20,12.3,2.5
419,3,21,11.8,2.2
419,3,22,11.7,2.1
419,3,23,11.6,2.0
419,3,24,11.6,2.0
419,3,25,12.0,2.3
419,3,26,12.4,2.6
419,3,27,12.8,2.9
419,3,28,13.2,3.3
419,3,29,13.5,3.6
419,3,30,13.8,3.8
419,3,31,14.1,4.2
419,4,1,14.5,4.4
419,4,2,14.9,4.7
419,4,3,15.1,4.9
419,4,4,15.0,5.0
419,4,5,15.1,5.1
419,4,6,15.5,5.4
419,4,7,15.7,5.6
419,4,8,16.1,5.9
419,4,9,16.8,6.2
419,4,10,17.1,6.5
419,4,11,17.2,6.7
419,4,12,17.2,6.9
419,4,13,17.5,6.9
419,4,14,17.8,7.0
419,4,15,18.1,7.2
419,4,16,18.6,7.6
419,4,17,19.0,7.9
419,4,18,19.1,8.2
419,4,19,19.2,8.5
419,4,20,19.1,8.6
419,4,21,18.8,8.6
419,4,22,18.8,8.6
419,4,23,18.9,8.6
419,4,24,18.7,8.5
419,4,25,18.8,8.5
419,4,26,19.3,8.6
419,4,27,19.5,9.0
419,4,28,20.1,9.6
419,4,29,21.0,10.2
419,4,30,21.9,10.9
419,5,1,22.2,11.4
419,5,2,22.7,11.7
419,5,3,23.1,11.7
419,5,4,22.8,11.6
419,5,5,22.6,11.4
419,5,6,23.0,11.4
419,5,7,22.9,11.5
419,5,8,22.3,11.5
419,5,9,22.4,11.5
419,5,10,22.0,11.7
419,5,11,21.7,11.6
419,5,12,22.0,11.7
419,5,13,22.3,12.0
419,5,14,22.6,12.2
419,5,15,23.1,12.5
419,5,16,23.1,12.8
419,5,17,22.8,12.8
419,5,18,22.9,12.8
419,5,19,23.3,12.9
419,5,20,23.7,13.1
419,5,21,24.3,13.6
419,5,22,24.8,13.8
419,5,23,25.1,14.1
419,5,24,25.1,14.4
419,5,25,25.1,14.5
419,5,26,25.2,14.5
419,5,27,25.5,14.8
419,5,28,25.5,15.0
419,5,29,25.8,15.1
419,5,30,25.9,15.3
419,5,31,26.1,15.5
419,6,1,26.2,15.6
419,6,2,26.5,15.8
419,6,3,26.5,16.2
419,6,4,26.8,16.5
419,6,5,26.9,16.6
419,6,6,26.8,16.8
419,6,7,27.1,17.0
419,6,8,27.3,17.1
419,6,9,27.3,17.3
419,6,10,27.3,17.4
419,6,11,27.5,17.4
419,6,12,27.3,17.5
419,6,13,27.3,17.4
419,6,14,27.5,17.4
419,6,15,27.7,17.6
419,6,16,27.8,17.9
419,6,17,28.0,18.2
419,6,18,28.2,18.4
419,6,19,28.3,18.7
419,6,20,28.5,18.8
419,6,21,28.4,18.7
419,6,22,28.1,18.6
419,6,23,28.0,18.7
419,6,24,27.7,18.6
419,6,25,27.4,18.7
419,6,26,27.8,18.9
419,6,27,27.9,19.2
419,6,28,28.1,19.4
419,6,29,28.1,19.6
419,6,30,28.1,19.8
419,7,1,27.7,20.0
419,7,2,27.8,20.1
419,7,3,28.0,20.1
419,7,4,28.3,20.2
419,7,5,28.5,20.3
419,7,6,28.7,20.4
419,7,7,28.7,20.4
419,7,8,28.6,20.5
419,7,9,28.4,20.5
419,7,10,28.2,20.5
419,7,11,28.1,20.5
419,7,12,28.1,20.6
419,7,13,28.2,20.7
419,7,14,28.1,20.7
419,7,15,28.2,20.8
419,7,16,28.4,20.9
419,7,17,28.4,21.0
419,7,18,28.8,21.2
419,7,19,29.3,21.6
419,7,20,29.7,21.9
419,7,21,29.7,22.1
419,7,22,29.7,22.2
419,7,23,29.6,22.2
419,7,24,29.5,22.2
419,7,25,29.6,22.3
419,7,26,29.5,22.3
419,7,27,29.7,22.5
419,7,28,30.0,22.6
419,7,29,30.0,22.8
419,7,30,30.2,22.9
419,7,31,30.6,23.1
419,8,1,30.8,23.2
419,8,2,30.9,23.2
419,8,3,31.2,23.3
419,8,4,31.4,23.3
419,8,5,31.2,23.2
419,8,6,31.2,23.1
419,8,7,31.2,23.1
419,8,8,30.9,23.0
419,8,9,30.8,22.9
419,8,10,30.6,22.7
419,8,11,30.5,22.6
419,8,12,30.2,22.5
419,8,13,30.1,22.4
419,8,14,29.9,22.3
419,8,15,30.0,22.3
419,8,16,29.7,22.2
419,8,17,29.5,21.9
419,8,18,29.4,21.8
419,8,19,29.3,21.6
419,8,20,29.2,21.5
419,8,21,29.1,21.3
419,8,22,29.0,21.2
419,8,23,28.9,21.0
419,8,24,28.6,20.8
419,8,25,28.4,20.5
419,8,26,28.3,20.5
419,8,27,28.1,20.4
419,8,28,28.0,20.3
419,8,29,27.9,20.1
419,8,30,28.0,20.0
419,8,31,27.8,19.7
419,9,1,27.7,19.5
419,9,2,27.6,19.4
419,9,3,27.4,19.3
419,9,4,27.1,19.0
419,9,5,26.9,18.9
419,9,6,26.8,18.8
419,9,7,26.5,18.6
419,9,8,26.6,18.4
419,9,9,26.3,18.4
419,9,10,26.1,18.2
419,9,11,25.9,17.9
419,9,12,25.7,17.8
419,9,13,25.5,17.7
419,9,14,25.6,17.6
419,9,15,25.7,17.5
419,9,16,25.5,17.4
419,9,17,25.5,17.1
419,9,18,25.2,16.8
419,9,19,24.6,16.4
419,9,20,24.1,15.9
419,9,21,23.8,15.6
419,9,22,23.8,15.4
419,9,23,23.8,15.3
419,9,24,24.0,15.3
419,9,25,24.2,15.4
419,9,26,24.0,15.4
419,9,27,23.5,15.2
419,9,28,23.2,15.0
419,9,29,22.8,14.7
419,9,30,22.2,14.3
419,10,1,22.1,13.8
419,10,2,21.9,13.4
419,10,3,21.8,13.0
419,10,4,21.7,12.9
419,10,5,21.7,12.8
419,10,6,21.6,12.8
419,10,7,21.5,12.8
419,10,8,21.3,12.8
419,10,9,21.0,12.6
419,10,10,20.6,12.1
419,10,11,20.3,11.7
419,10,12,19.8,11.4
419,10,13,19.5,10.8
419,10,14,19.3,10.5
419,10,15,19.0,10.3
419,10,16,18.9,10.1
419,10,17,18.8,10.0
419,10,18,18.9,10.1
419,10,19,18.9,10.1
419,10,20,18.7,10.1
419,10,21,18.3,9.9
419,10,22,18.1,9.6
419,10,23,17.7,9.4
419,10,24,17.2,9.0
419,10,25,17.0,8.5
419,10,26,16.8,8.2
419,10,27,16.2,7.8
419,10,28,15.8,7.2
419,10,29,15.7,6.9
419,10,30,15.3,6.6
419,10,31,14.8,6.4
419,11,1,14.8,6.1
419,11,2,14.7,6.1
419,11,3,14.8,6.2
419,11,4,15.0,6.4
419,11,5,15.2,6.5
419,11,6,14.9,6.6
419,11,7,14.5,6.4
419,11,8,13.8,6.0
419,11,9,13.1,5.6
419,11,10,12.6,5.0
419,11,11,12.3,4.7
419,11,12,11.9,4.3
419,11,13,11.3,3.9
419,11,14,10.8,3.2
419,11,15,10.2,2.8
419,11,16,9.5,2.1
419,11,17,9.0,1.4
419,11,18,8.6,0.9
419,11,19,8.4,0.6
419,11,20,8.3,0.4
419,11,21,8.6,0.6
419,11,22,8.6,1.1
419,11,23,8.8,1.2
419,11,24,8.6,1.2
419,11,25,8.2,1.0
419,11,26,7.8,0.8
419,11,27,7.4,0.4
419,11,28,7.1,0.2
419,11,29,7.0,0.0
419,11,30,6.8,-0.2
419,12,1,6.4,-0.6
419,12,2,6.1,-1.2
419,12,3,5.3,-2.0
419,12,4,4.6,-2.7
419,12,5,4.0,-3.2
419,12,6,3.6,-3.5
419,12,7,3.1,-3.7
419,12,8,3.3,-3.7
419,12,9,3.2,-3.6
419,12,10,3.0,-3.8
419,12,11,2.9,-4.1
419,12,12,2.7,-4.3
419,12,13,2.2,-4.5
419,12,14,2.1,-4.7
419,12,15,1.9,-5.0
419,12,16,1.8,-5.1
419,12,17,1.8,-5.1
419,12,18,2.0,-5.2
419,12,19,2.3,-4.9
419,12,20,2.7,-4.4
419,12,21,3.1,-4.1
419,12,22,3.1,-3.9
419,12,23,2.9,-4.2
419,12,24,2.4,-4.7
419,12,25,1.6,-5.6
419,12,26,1.0,-6.0
419,12,27,0.8,-6.4
419,12,28,0.5,-6.6
419,12,29,0.4,-6.7
419,12,30,0.5,-6.5
419,12,31,0.5,-6.5
421,1,1,2.0,-4.5
421,1,2,2.1,-4.4
421,1,3,2.3,-4.4
421,1,4,2.5,-4.4
421,1,5,2.5,-4.4
421,1,6,2.5,-4.5
421,1,7,2.4,-4.5
421,1,8,2.3,-4.5
421,1,9,2.2,-4.6
421,1,10,2.0,-4.9
421,1,11,1.6,-5.0
421,1,12,1.8,-5.0
421,1,13,1.9,-4.9
421,1,14,2.1,-4.8
421,1,15,2.4,-4.4
421,1,16,2.9,-3.9
421,1,17,3.3,-3.4
421,1,18,3.6,-3.1
421,1,19,3.6,-3.0
421,1,20,3.4,-3.2
421,1,21,2.9,-3.7
421,1,22,2.3,-4.4
421,1,23,1.9,-5.0
421,1,24,1.8,-5.1
421,1,25,2.0,-5.1
421,1,26,2.4,-4.8
421,1,27,2.9,-4.3
421,1,28,3.3,-3.8
421,1,29,3.5,-3.5
421,1,30,3.6,-3.5
421,1,31,3.5,-3.7
421,2,1,3.4,-3.8
421,2,2,3.3,-4.0
421,2,3,3.3,-4.1
421,2,4,3.4,-3.9
421,2,5,3.7,-3.7
421,2,6,3.7,-3.6
421,2,7,3.7,-3.6
421,2,8,3.9,-3.3
421,2,9,3.9,-3.3
421,2,10,3.8,-3.0
421,2,11,4.3,-2.6
421,2,12,4.9,-2.2
421,2,13,5.2,-1.9
421,2,14,5.4,-1.9
421,2,15,5.7,-1.8
421,2,16,5.5,-1.9
421,2,17,5.6,-1.9
421,2,18,6.0,-1.9
421,2,19,6.4,-1.4
421,2,20,7.2,-0.8
421,2,21,7.7,-0.5
421,2,22,8.2,-0.1
421,2,23,8.3,0.4
421,2,24,8.6,0.6
421,2,25,8.6,0.6
421,2,26,9.0,1.0
421,2,27,9.0,1.2
421,2,28,8.8,1.1
421,2,29,8.8,1.1
421,3,1,8.8,1.1
421,3,2,8.8,1.1
421,3,3,8.5,1.1
421,3,4,8.3,1.0
421,3,5,8.4,1.0
421,3,6,8.4,1.0
421,3,7,8.9,1.0
421,3,8,9.1,1.1
421,3,9,9.5,1.2
421,3,10,10.0,1.3
421,3,11,10.3,1.6
421,3,12,10.2,1.9
421,3,13,10.7,2.1
421,3,14,11.2,2.7
421,3,15,11.9,3.2
421,3,16,12.5,3.8
421,3,17,13.1,4.2
421,3,18,13.4,4.5
421,3,19,13.8,4.7
421,3,20,13.7,4.9
421,3,21,13.5,4.7
421,3,22,13.2,4.6
421,3,23,12.9,4.5
421,3,24,12.8,4.4
421,3,25,12.9,4.6
421,3,26,13.1,4.7
421,3,27,13.4,5.0
421,3,28,13.9,5.4
421,3,29,14.2,5.8
421,3,30,14.6,6.0
421,3,31,14.9,6.5
421,4,1,15.2,6.6
421,4,2,15.5,6.7
421,4,3,15.8,6.8
421,4,4,15.7,6.9
421,4,5,15.8,7.0
421,4,6,16.3,7.2
421,4,7,16.5,7.5
421,4,8,16.9,7.9
421,4,9,17.4,8.3
421,4,10,17.7,8.6
421,4,11,17.8,8.8
421,4,12,17.8,9.0
421,4,13,18.0,8.9
421,4,14,18.3,9.0
421,4,15,18.6,9.0
421,4,16,19.1,9.3
421,4,17,19.4,9.5
421,4,18,19.3,9.8
421,4,19,19.3,10.0
421,4,20,19.2,10.3
421,4,21,18.8,10.2
421,4,22,18.7,10.2
421,4,23,18.9,10.1
421,4,24,18.8,10.0
421,4,25,18.9,9.9
421,4,26,19.4,10.1
421,4,27,19.8,10.4
421,4,28,20.4,11.0
421,4,29,21.3,11.8
421,4,30,22.2,12.6
421,5,1,22.6,13.1
421,5,2,23.2,13.5
421,5,3,23.6,13.6
421,5,4,23.2,13.4
421,5,5,23.1,13.1
421,5,6,23.4,13.2
421,5,7,23.3,13.3
421,5,8,22.8,13.3
421,5,9,23.0,13.4
421,5,10,22.7,13.7
421,5,11,22.5,13.6
421,5,12,22.8,13.7
421,5,13,23.2,13.9
421,5,14,23.3,14.1
421,5,15,23.8,14.3
421,5,16,23.9,14.5
421,5,17,23.7,14.6
421,5,18,23.8,14.6
421,5,19,24.2,14.8
421,5,20,24.5,15.0
421,5,21,24.9,15.4
421,5,22,25.4,15.6
421,5,23,25.6,15.9
421,5,24,25.7,16.2
421,5,25,25.9,16.3
421,5,26,26.1,16.4
421,5,27,26.4,16.8
421,5,28,26.5,17.1
421,5,29,26.6,17.1
421,5,30,26.6,17.3
421,5,31,26.9,17.5
421,6,1,27.1,17.5
421,6,2,27.4,17.7
421,6,3,27.6,18.1
421,6,4,27.8,18.4
421,6,5,27.7,18.7
421,6,6,27.7,18.9
421,6,7,27.8,19.0
421,6,8,27.9,19.1
421,6,9,27.9,19.3
421,6,10,27.8,19.3
421,6,11,27.8,19.3
421,6,12,27.7,19.3
421,6,13,27.6,19.2
421,6,14,27.8,19.1
421,6,15,28.0,19.3
421,6,16,28.2,19.5
421,6,17,28.3,19.8
421,6,18,28.6,20.1
421,6,19,28.6,20.4
421,6,20,28.7,20.5
421,6,21,28.7,20.6
421,6,22,28.5,20.5
421,6,23,28.5,20.5
421,6,24,28.3,20.4
421,6,25,28.0,20.5
421,6,26,28.3,20.6
421,6,27,28.3,20.8
421,6,28,28.3,21.1
421,6,29,28.4,21.4
421,6,30,28.3,21.5
421,7,1,28.0,21.5
421,7,2,28.2,21.6
421,7,3,28.3,21.6
421,7,4,28.6,21.7
421,7,5,28.9,21.8
421,7,6,29.2,21.9
421,7,7,29.3,22.0
421,7,8,29.3,22.2
421,7,9,29.2,22.1
421,7,10,29.0,22.2
421,7,11,28.9,22.2
421,7,12,28.8,22.3
421,7,13,28.8,22.4
421,7,14,28.6,22.4
421,7,15,28.7,22.4
421,7,16,28.9,22.4
421,7,17,29.0,22.4
421,7,18,29.5,22.7
421,7,19,29.9,23.0
421,7,20,30.4,23.3
421,7,21,30.3,23.6
421,7,22,30.3,23.7
421,7,23,30.2,23.7
421,7,24,30.2,23.6
421,7,25,30.1,23.7
421,7,26,30.1,23.7
421,7,27,30.3,23.8
421,7,28,30.5,24.1
421,7,29,30.6,24.3
421,7,30,31.0,24.5
421,7,31,31.5,24.8
421,8,1,31.8,25.0
421,8,2,32.0,25.1
421,8,3,32.3,25.2
421,8,4,32.4,25.2
421,8,5,32.2,25.1
421,8,6,32.2,24.9
421,8,7,32.1,25.0
421,8,8,31.7,24.8
421,8,9,31.6,24.7
421,8,10,31.4,24.5
421,8,11,31.1,24.4
421,8,12,30.9,24.2
421,8,13,30.8,24.0
421,8,14,30.7,24.0
421,8,15,30.7,24.0
421,8,16,30.5,23.9
421,8,17,30.3,23.7
421,8,18,30.1,23.6
421,8,19,30.1,23.5
421,8,20,30.0,23.4
421,8,21,30.0,23.2
421,8,22,30.0,23.0
421,8,23,29.8,22.8
421,8,24,29.7,22.6
421,8,25,29.5,22.4
421,8,26,29.4,22.2
421,8,27,29.3,22.1
421,8,28,29.1,22.0
421,8,29,28.9,21.7
421,8,30,29.0,21.6
421,8,31,28.9,21.3
421,9,1,28.8,21.1
421,9,2,28.8,21.0
421,9,3,28.6,21.0
421,9,4,28.3,20.7
421,9,5,28.1,20.5
421,9,6,28.0,20.4
421,9,7,27.6,20.2
421,9,8,27.5,19.9
421,9,9,27.2,19.8
421,9,10,26.9,19.7
421,9,11,26.8,19.4
421,9,12,26.7,19.4
421,9,13,26.8,19.3
421,9,14,27.0,19.4
421,9,15,27.2,19.4
421,9,16,27.1,19.3
421,9,17,27.0,19.1
421,9,18,26.6,18.7
421,9,19,26.1,18.3
421,9,20,25.7,17.8
421,9,21,25.5,17.5
421,9,22,25.4,17.3
421,9,23,25.5,17.2
421,9,24,25.8,17.2
421,9,25,25.9,17.3
421,9,26,25.6,17.3
421,9,27,25.2,17.1
421,9,28,24.7,16.9
421,9,29,24.1,16.5
421,9,30,23.6,16.1
421,10,1,23.3,15.7
421,10,2,23.2,15.3
421,10,3,23.1,14.9
421,10,4,23.1,14.8
421,10,5,23.2,14.7
421,10,6,23.1,14.5
421,10,7,22.9,14.4
421,10,8,22.7,14.3
421,10,9,22.4,14.1
421,10,10,22.0,13.7
421,10,11,21.7,13.3
421,10,12,21.4,13.0
421,10,13,21.0,12.5
421,10,14,20.8,12.3
421,10,15,20.8,12.1
421,10,16,20.6,12.0
421,10,17,20.7,12.0
421,10,18,20.8,12.1
421,10,19,20.7,12.0
421,10,20,20.5,12.0
421,10,21,20.0,11.8
421,10,22,19.7,11.4
421,10,23,19.2,11.1
421,10,24,18.6,10.7
421,10,25,18.3,10.2
421,10,26,18.1,9.9
421,10,27,17.5,9.5
421,10,28,17.2,9.0
421,10,29,17.1,8.7
421,10,30,16.8,8.5
421,10,31,16.4,8.2
421,11,1,16.3,8.0
421,11,2,16.2,8.0
421,11,3,16.2,8.0
421,11,4,16.1,8.1
421,11,5,16.2,8.2
421,11,6,16.0,8.2
421,11,7,15.6,8.2
421,11,8,15.2,8.0
421,11,9,14.7,7.7
421,11,10,14.2,7.1
421,11,11,13.8,6.7
421,11,12,13.2,6.1
421,11,13,12.5,5.5
421,11,14,11.8,4.7
421,11,15,11.5,4.4
421,11,16,11.1,3.9
421,11,17,10.7,3.4
421,11,18,10.5,3.1
421,11,19,10.4,3.0
421,11,20,10.3,2.7
421,11,21,10.4,2.7
421,11,22,10.3,3.0
421,11,23,10.3,3.0
421,11,24,10.1,3.0
421,11,25,9.7,2.9
421,11,26,9.4,2.9
421,11,27,9.1,2.8
421,11,28,8.8,2.6
421,11,29,8.8,2.3
421,11,30,8.7,2.1
421,12,1,8.4,1.7
421,12,2,8.0,1.1
421,12,3,7.4,0.5
421,12,4,6.6,-0.2
421,12,5,5.9,-0.8
421,12,6,5.3,-1.3
421,12,7,4.9,-1.6
421,12,8,5.0,-1.4
421,12,9,5.1,-1.2
421,12,10,5.1,-1.2
421,12,11,5.1,-1.4
421,12,12,4.8,-1.7
421,12,13,4.3,-2.1
421,12,14,3.8,-2.6
421,12,15,3.5,-3.1
421,12,16,3.2,-3.3
421,12,17,3.3,-3.3
421,12,18,3.6,-3.3
421,12,19,3.9,-3.0
421,12,20,4.5,-2.6
421,12,21,5.0,-2.3
421,12,22,5.0,-2.1
421,12,23,4.8,-2.3
421,12,24,4.3,-2.8
421,12,25,3.4,-3.5
421,12,26,2.7,-4.1
421,12,27,2.5,-4.4
421,12,28,2.1,-4.7
421,12,29,1.8,-4.8
421,12,30,1.9,-4.6
421,12,31,2.0,-4.5
423,1,1,1.8,-6.2
423,1,2,1.9,-6.0
423,1,3,2.1,-6.0
423,1,4,2.3,-5.9
423,1,5,2.4,-6.0
423,1,6,2.2,-6.1
423,1,7,2.1,-6.3
423,1,8,1.9,-6.3
423,1,9,1.8,-6.5
423,1,10,1.6,-6.5
423,1,11,1.4,-6.5
423,1,12,1.6,-6.4
423,1,13,1.9,-6.3
423,1,14,2.2,-6.0
423,1,15,2.5,-5.6
423,1,16,3.0,-5.3
423,1,17,3.2,-5.0
423,1,18,3.3,-4.7
423,1,19,3.2,-4.7
423,1,20,2.9,-4.9
423,1,21,2.4,-5.5
423,1,22,1.9,-6.2
423,1,23,1.4,-6.8
423,1,24,1.3,-7.0
423,1,25,1.5,-7.1
423,1,26,1.9,-6.8
423,1,27,2.5,-6.1
423,1,28,3.0,-5.6
423,1,29,3.2,-5.3
423,1,30,3.3,-5.2
423,1,31,3.2,-5.3
423,2,1,3.1,-5.5
423,2,2,3.0,-5.7
423,2,3,2.9,-5.7
423,2,4,3.0,-5.5
423,2,5,3.3,-5.5
423,2,6,3.3,-5.3
423,2,7,3.2,-5.2
423,2,8,3.5,-4.9
423,2,9,3.9,-4.9
423,2,10,3.8,-4.5
423,2,11,4.4,-4.2
423,2,12,5.1,-3.7
423,2,13,5.3,-3.5
423,2,14,5.3,-3.4
423,2,15,5.5,-3.4
423,2,16,5.2,-3.4
423,2,17,5.2,-3.5
423,2,18,5.6,-3.5
423,2,19,6.0,-3.1
423,2,20,6.7,-2.4
423,2,21,7.2,-2.2
423,2,22,7.8,-1.8
423,2,23,8.0,-1.2
423,2,24,8.3,-1.1
423,2,25,8.4,-1.1
423,2,26,8.8,-0.7
423,2,27,8.7,-0.5
423,2,28,8.4,-0.6
423,2,29,8.4,-0.6
423,3,1,8.4,-0.6
423,3,2,8.5,-0.4
423,3,3,8.2,-0.5
423,3,4,8.1,-0.5
423,3,5,8.2,-0.5
423,3,6,8.4,-0.5
423,3,7,8.8,-0.5
423,3,8,9.0,-0.4
423,3,9,9.4,-0.4
423,3,10,9.8,-0.2
423,3,11,10.0,0.1
423,3,12,9.9,0.3
423,3,13,10.4,0.4
423,3,14,11.0,1.0
423,3,15,11.6,1.4
423,3,16,12.3,2.0
423,3,17,12.8,2.4
423,3,18,13.1,2.7
423,3,19,13.3,2.8
423,3,20,13.2,3.1
423,3,21,12.9,2.9
423,3,22,12.6,2.6
423,3,23,12.3,2.6
423,3,24,12.3,2.5
423,3,25,12.5,2.6
423,3,26,12.8,2.8
423,3,27,13.2,3.2
423,3,28,13.8,3.6
423,3,29,14.1,4.0
423,3,30,14.5,4.3
423,3,31,14.8,4.8
423,4,1,14.9,4.9
423,4,2,15.3,5.0
423,4,3,15.6,5.2
423,4,4,15.4,5.2
423,4,5,15.4,5.3
423,4,6,15.8,5.4
423,4,7,15.9,5.7
423,4,8,16.1,6.0
423,4,9,16.7,6.5
423,4,10,17.1,6.7
423,4,11,17.3,7.0
423,4,12,17.4,7.3
423,4,13,17.6,7.1
423,4,14,17.9,7.0
423,4,15,18.1,7.1
423,4,16,18.5,7.3
423,4,17,18.8,7.5
423,4,18,18.8,8.0
423,4,19,18.8,8.4
423,4,20,18.7,8.7
423,4,21,18.4,8.8
423,4,22,18.4,8.6
423,4,23,18.5,8.4
423,4,24,18.5,8.2
423,4,25,18.6,8.1
423,4,26,19.1,8.2
423,4,27,19.3,8.6
423,4,28,20.0,9.2
423,4,29,20.8,10.0
423,4,30,21.8,10.8
423,5,1,22.2,11.3
423,5,2,22.9,11.7
423,5,3,23.3,11.8
423,5,4,22.9,11.6
423,5,5,22.8,11.2
423,5,6,23.1,11.3
423,5,7,23.0,11.4
423,5,8,22.5,11.5
423,5,9,22.7,11.7
423,5,10,22.3,12.0
423,5,11,22.1,12.0
423,5,12,22.3,12.0
423,5,13,22.8,12.2
423,5,14,22.9,12.4
423,5,15,23.5,12.6
423,5,16,23.6,12.8
423,5,17,23.4,13.0
423,5,18,23.4,12.9
423,5,19,23.7,12.9
423,5,20,24.0,13.1
423,5,21,24.4,13.3
423,5,22,24.9,13.5
423,5,23,25.2,13.9
423,5,24,25.4,14.3
423,5,25,25.6,14.4
423,5,26,25.8,14.6
423,5,27,26.0,15.0
423,5,28,26.2,15.2
423,5,29,26.3,15.4
423,5,30,26.4,15.5
423,5,31,26.7,15.6
423,6,1,26.8,15.7
423,6,2,27.0,15.9
423,6,3,27.3,16.2
423,6,4,27.3,16.5
423,6,5,27.2,16.8
423,6,6,27.2,17.0
423,6,7,27.4,17.2
423,6,8,27.3,17.4
423,6,9,27.5,17.5
423,6,10,27.5,17.6
423,6,11,27.5,17.6
423,6,12,27.5,17.7
423,6,13,27.5,17.8
423,6,14,27.7,17.8
423,6,15,28.0,18.0
423,6,16,28.2,18.3
423,6,17,28.3,18.6
423,6,18,28.5,18.8
423,6,19,28.4,19.0
423,6,20,28.7,19.3
423,6,21,28.6,19.3
423,6,22,28.5,19.3
423,6,23,28.6,19.3
423,6,24,28.5,19.4
423,6,25,28.3,19.4
423,6,26,28.4,19.5
423,6,27,28.5,19.7
423,6,28,28.5,20.0
423,6,29,28.5,20.2
423,6,30,28.4,20.5
423,7,1,28.1,20.5
423,7,2,28.2,20.7
423,7,3,28.3,20.7
423,7,4,28.5,20.7
423,7,5,28.8,20.8
423,7,6,29.2,20.9
423,7,7,29.3,21.1
423,7,8,29.3,21.2
423,7,9,29.3,21.3
423,7,10,28.9,21.4
423,7,11,28.8,21.5
423,7,12,28.7,21.6
423,7,13,28.7,21.6
423,7,14,28.6,21.6
423,7,15,28.7,21.6
423,7,16,28.9,21.7
423,7,17,29.0,21.7
423,7,18,29.3,21.9
423,7,19,29.8,22.3
423,7,20,30.4,22.6
423,7,21,30.3,22.8
423,7,22,30.3,22.9
423,7,23,30.2,22.9
423,7,24,30.1,22.9
423,7,25,30.1,23.0
423,7,26,30.1,23.1
423,7,27,30.3,23.4
423,7,28,30.5,23.5
423,7,29,30.7,23.7
423,7,30,31.0,23.9
423,7,31,31.5,24.1
423,8,1,31.8,24.3
423,8,2,31.9,24.4
423,8,3,32.3,24.5
423,8,4,32.4,24.5
423,8,5,32.2,24.4
423,8,6,32.3,24.3
423,8,7,32.3,24.4
423,8,8,31.9,24.2
423,8,9,31.8,24.0
423,8,10,31.7,23.9
423,8,11,31.5,23.9
423,8,12,31.2,23.7
423,8,13,31.1,23.5
423,8,14,30.9,23.5
423,8,15,30.9,23.4
423,8,16,30.6,23.3
423,8,17,30.4,23.1
423,8,18,30.3,23.0
423,8,19,30.3,22.9
423,8,20,30.2,22.7
423,8,21,30.2,22.5
423,8,22,30.1,22.3
423,8,23,30.0,22.1
423,8,24,29.8,21.8
423,8,25,29.6,21.7
423,8,26,29.5,21.6
423,8,27,29.3,21.4
423,8,28,29.0,21.3
423,8,29,28.9,20.9
423,8,30,28.9,20.6
423,8,31,28.7,20.3
423,9,1,28.6,20.1
423,9,2,28.7,19.9
423,9,3,28.4,19.9
423,9,4,28.0,19.7
423,9,5,27.9,19.4
423,9,6,27.8,19.3
423,9,7,27.4,19.0
423,9,8,27.4,18.8
423,9,9,27.1,18.7
423,9,10,26.8,18.6
423,9,11,26.7,18.4
423,9,12,26.8,18.4
423,9,13,26.8,18.4
423,9,14,27.0,18.4
423,9,15,27.1,18.3
423,9,16,27.1,18.2
423,9,17,26.9,17.9
423,9,18,26.5,17.5
423,9,19,26.1,17.1
423,9,20,25.7,16.7
423,9,21,25.5,16.5
423,9,22,25.5,16.3
423,9,23,25.7,16.1
423,9,24,25.9,16.1
423,9,25,26.0,16.0
423,9,26,25.6,16.0
423,9,27,25.2,15.7
423,9,28,24.7,15.6
423,9,29,24.2,15.2
423,9,30,23.6,14.8
423,10,1,23.3,14.2
423,10,2,23.3,13.8
423,10,3,23.1,13.4
423,10,4,23.1,13.2
423,10,5,23.2,13.0
423,10,6,23.1,13.0
423,10,7,22.9,12.9
423,10,8,22.7,12.7
423,10,9,22.4,12.4
423,10,10,22.0,12.0
423,10,11,21.7,11.5
423,10,12,21.3,11.1
423,10,13,20.8,10.5
423,10,14,20.6,10.3
423,10,15,20.5,10.1
423,10,16,20.4,10.0
423,10,17,20.5,10.1
423,10,18,20.6,10.3
423,10,19,20.5,10.3
423,10,20,20.2,10.3
423,10,21,19.8,10.2
423,10,22,19.4,9.8
423,10,23,19.0,9.5
423,10,24,18.3,9.1
423,10,25,18.0,8.5
423,10,26,17.8,8.0
423,10,27,17.2,7.4
423,10,28,16.7,6.7
423,10,29,16.6,6.2
423,10,30,16.4,6.2
423,10,31,15.9,6.0
423,11,1,15.9,5.9
423,11,2,15.9,6.1
423,11,3,16.0,6.2
423,11,4,16.1,6.4
423,11,5,16.3,6.6
423,11,6,16.0,6.8
423,11,7,15.6,6.7
423,11,8,15.0,6.6
423,11,9,14.5,6.2
423,11,10,14.0,5.5
423,11,11,13.6,5.1
423,11,12,13.1,4.5
423,11,13,12.3,3.8
423,11,14,11.7,2.9
423,11,15,11.3,2.6
423,11,16,10.8,2.2
423,11,17,10.4,1.7
423,11,18,10.2,1.4
423,11,19,10.1,1.2
423,11,20,9.9,0.9
423,11,21,10.0,0.8
423,11,22,9.9,1.1
423,11,23,9.9,1.2
423,11,24,9.9,1.3
423,11,25,9.6,1.5
423,11,26,9.4,1.4
423,11,27,9.0,1.2
423,11,28,8.8,0.9
423,11,29,8.7,0.6
423,11,30,8.5,0.4
423,12,1,8.2,0.1
423,12,2,7.9,-0.5
423,12,3,7.2,-1.1
423,12,4,6.3,-1.8
423,12,5,5.6,-2.5
423,12,6,5.0,-3.0
423,12,7,4.6,-3.4
423,12,8,4.7,-3.2
423,12,9,4.8,-3.0
423,12,10,4.7,-3.1
423,12,11,4.6,-3.3
423,12,12,4.3,-3.5
423,12,13,3.9,-3.9
423,12,14,3.5,-4.3
423,12,15,3.3,-4.6
423,12,16,3.1,-4.8
423,12,17,3.2,-4.8
423,12,18,3.4,-4.9
423,12,19,3.8,-4.6
423,12,20,4.3,-4.2
423,12,21,4.7,-3.8
423,12,22,4.8,-3.7
423,12,23,4.5,-3.8
423,12,24,3.9,-4.3
423,12,25,2.9,-5.1
423,12,26,2.3,-5.7
423,12,27,1.9,-6.1
423,12,28,1.6,-6.4
423,12,29,1.4,-6.6
423,12,30,1.6,-6.3
423,12,31,1.6,-6.2
424,1,1,2.0,-5.4
424,1,2,2.2,-5.2
424,1,3,2.4,-5.2
424,1,4,2.6,-5.1
424,1,5,2.6,-5.3
424,1,6,2.5,-5.4
424,1,7,2.2,-5.5
424,1,8,2.1,-5.5
424,1,9,2.0,-5.6
424,1,10,1.8,-5.7
424,1,11,1.6,-5.7
424,1,12,1.9,-5.6
424,1,13,2.2,-5.4
424,1,14,2.5,-5.3
424,1,15,2.8,-4.8
424,1,16,3.2,-4.5
424,1,17,3.5,-4.1
424,1,18,3.6,-3.8
424,1,19,3.5,-3.8
424,1,20,3.2,-4.1
424,1,21,2.8,-4.6
424,1,22,2.2,-5.3
424,1,23,1.6,-6.0
424,1,24,1.5,-6.2
424,1,25,1.7,-6.2
424,1,26,2.1,-5.8
424,1,27,2.7,-5.3
424,1,28,3.2,-4.7
424,1,29,3.5,-4.4
424,1,30,3.6,-4.2
424,1,31,3.6,-4.3
424,2,1,3.5,-4.5
424,2,2,3.4,-4.6
424,2,3,3.3,-4.7
424,2,4,3.5,-4.5
424,2,5,3.6,-4.4
424,2,6,3.7,-4.3
424,2,7,3.6,-4.3
424,2,8,3.9,-4.0
424,2,9,4.0,-4.0
424,2,10,3.8,-3.7
424,2,11,4.4,-3.3
424,2,12,5.1,-2.8
424,2,13,5.4,-2.7
424,2,14,5.6,-2.6
424,2,15,5.8,-2.6
424,2,16,5.6,-2.6
424,2,17,5.6,-2.8
424,2,18,5.9,-2.8
424,2,19,6.3,-2.4
424,2,20,7.1,-1.7
424,2,21,7.6,-1.3
424,2,22,8.1,-0.9
424,2,23,8.3,-0.3
424,2,24,8.6,-0.1
424,2,25,8.7,0.0
424,2,26,9.2,0.4
424,2,27,9.1,0.6
424,2,28,8.9,0.4
424,2,29,8.9,0.4
424,3,1,8.8,0.4
424,3,2,8.8,0.4
424,3,3,8.5,0.4
424,3,4,8.2,0.3
424,3,5,8.4,0.3
424,3,6,8.5,0.4
424,3,7,9.1,0.5
424,3,8,9.3,0.6
424,3,9,9.8,0.6
424,3,10,10.2,0.8
424,3,11,10.4,1.0
424,3,12,10.3,1.3
424,3,13,10.8,1.4
424,3,14,11.3,2.0
424,3,15,12.0,2.4
424,3,16,12.7,3.0
424,3,17,13.3,3.4
424,3,18,13.5,3.7
424,3,19,13.9,3.9
424,3,20,13.8,4.1
424,3,21,13.5,3.9
424,3,22,13.1,3.7
424,3,23,12.8,3.7
424,3,24,12.8,3.7
424,3,25,13.0,3.8
424,3,26,13.3,4.0
424,3,27,13.8,4.5
424,3,28,14.4,4.9
424,3,29,14.7,5.3
424,3,30,15.0,5.6
424,3,31,15.4,6.0
424,4,1,15.6,6.1
424,4,2,15.9,6.1
424,4,3,16.2,6.2
424,4,4,16.1,6.2
424,4,5,16.1,6.3
424,4,6,16.5,6.4
424,4,7,16.7,6.6
424,4,8,16.9,7.0
424,4,9,17.5,7.5
424,4,10,17.9,7.9
424,4,11,18.0,8.2
424,4,12,18.2,8.5
424,4,13,18.4,8.5
424,4,14,18.7,8.5
424,4,15,18.9,8.5
424,4,16,19.3,8.8
424,4,17,19.5,9.0
424,4,18,19.4,9.3
424,4,19,19.3,9.5
424,4,20,19.2,9.7
424,4,21,18.8,9.6
424,4,22,18.8,9.5
424,4,23,19.0,9.4
424,4,24,19.0,9.3
424,4,25,19.1,9.2
424,4,26,19.6,9.3
424,4,27,19.9,9.6
424,4,28,20.6,10.2
424,4,29,21.6,11.0
424,4,30,22.6,11.8
424,5,1,23.0,12.4
424,5,2,23.7,12.9
424,5,3,24.2,13.0
424,5,4,23.7,12.9
424,5,5,23.6,12.6
424,5,6,23.9,12.6
424,5,7,23.6,12.7
424,5,8,23.2,12.8
424,5,9,23.5,12.9
424,5,10,23.1,13.2
424,5,11,22.9,13.2
424,5,12,23.2,13.3
424,5,13,23.5,13.5
424,5,14,23.7,13.7
424,5,15,24.2,13.8
424,5,16,24.3,13.9
424,5,17,24.0,14.1
424,5,18,24.2,13.9
424,5,19,24.5,14.0
424,5,20,24.9,14.2
424,5,21,25.2,14.6
424,5,22,25.7,14.9
424,5,23,26.0,15.3
424,5,24,26.2,15.8
424,5,25,26.4,15.9
424,5,26,26.6,16.0
424,5,27,26.8,16.4
424,5,28,26.9,16.7
424,5,29,27.1,16.7
424,5,30,27.3,16.9
424,5,31,27.6,17.1
424,6,1,27.8,17.1
424,6,2,28.0,17.3
424,6,3,28.2,17.6
424,6,4,28.3,18.0
424,6,5,28.1,18.3
424,6,6,28.1,18.5
424,6,7,28.3,18.6
424,6,8,28.2,18.7
424,6,9,28.3,18.9
424,6,10,28.3,18.8
424,6,11,28.4,18.9
424,6,12,28.4,19.0
424,6,13,28.3,18.9
424,6,14,28.5,18.8
424,6,15,28.7,19.1
424,6,16,28.9,19.3
424,6,17,29.0,19.5
424,6,18,29.3,19.8
424,6,19,29.2,20.1
424,6,20,29.5,20.2
424,6,21,29.5,20.4
424,6,22,29.4,20.3
424,6,23,29.4,20.3
424,6,24,29.3,20.2
424,6,25,29.0,20.3
424,6,26,29.1,20.4
424,6,27,29.2,20.6
424,6,28,29.2,20.9
424,6,29,29.2,21.2
424,6,30,29.0,21.5
424,7,1,28.7,21.5
424,7,2,28.8,21.5
424,7,3,28.9,21.5
424,7,4,29.3,21.6
424,7,5,29.6,21.6
424,7,6,29.9,21.8
424,7,7,30.0,22.0
424,7,8,30.0,22.1
424,7,9,29.9,22.1
424,7,10,29.6,22.2
424,7,11,29.4,22.2
424,7,12,29.3,22.3
424,7,13,29.4,22.4
424,7,14,29.3,22.4
424,7,15,29.3,22.4
424,7,16,29.5,22.5
424,7,17,29.6,22.5
424,7,18,30.0,22.7
424,7,19,30.4,23.1
424,7,20,31.0,23.4
424,7,21,31.0,23.7
424,7,22,30.9,23.8
424,7,23,30.8,23.8
424,7,24,30.7,23.7
424,7,25,30.6,23.8
424,7,26,30.6,23.8
424,7,27,30.9,24.0
424,7,28,31.3,24.2
424,7,29,31.5,24.5
424,7,30,31.9,24.7
424,7,31,32.4,25.0
424,8,1,32.7,25.2
424,8,2,32.7,25.3
424,8,3,33.0,25.3
424,8,4,33.1,25.3
424,8,5,32.9,25.1
424,8,6,33.0,24.9
424,8,7,33.0,24.9
424,8,8,32.6,24.8
424,8,9,32.5,24.6
424,8,10,32.4,24.4
424,8,11,32.3,24.4
424,8,12,32.0,24.3
424,8,13,31.8,24.2
424,8,14,31.6,24.2
424,8,15,31.6,24.1
424,8,16,31.2,23.9
424,8,17,31.0,23.6
424,8,18,30.8,23.4
424,8,19,30.7,23.2
424,8,20,30.6,23.1
424,8,21,30.5,22.9
424,8,22,30.5,22.7
424,8,23,30.5,22.5
424,8,24,30.4,22.4
424,8,25,30.1,22.2
424,8,26,30.1,22.1
424,8,27,29.8,22.0
424,8,28,29.6,21.9
424,8,29,29.4,21.6
424,8,30,29.4,21.4
424,8,31,29.2,21.1
424,9,1,29.1,20.9
424,9,2,29.0,20.6
424,9,3,28.7,20.6
424,9,4,28.4,20.3
424,9,5,28.3,20.1
424,9,6,28.3,19.9
424,9,7,28.0,19.7
424,9,8,27.9,19.4
424,9,9,27.6,19.3
424,9,10,27.3,19.2
424,9,11,27.1,18.9
424,9,12,27.1,18.8
424,9,13,27.1,18.9
424,9,14,27.3,18.8
424,9,15,27.6,18.8
424,9,16,27.6,18.7
424,9,17,27.4,18.5
424,9,18,27.0,18.1
424,9,19,26.5,17.7
424,9,20,26.0,17.3
424,9,21,25.8,16.9
424,9,22,25.8,16.7
424,9,23,25.9,16.5
424,9,24,26.1,16.5
424,9,25,26.2,16.5
424,9,26,25.8,16.5
424,9,27,25.4,16.3
424,9,28,24.9,16.2
424,9,29,24.4,15.8
424,9,30,23.8,15.4
424,10,1,23.6,15.0
424,10,2,23.6,14.6
424,10,3,23.5,14.1
424,10,4,23.5,13.9
424,10,5,23.6,13.8
424,10,6,23.5,13.6
424,10,7,23.3,13.5
424,10,8,23.1,13.4
424,10,9,22.8,13.1
424,10,10,22.3,12.6
424,10,11,22.0,12.1
424,10,12,21.6,11.8
424,10,13,21.2,11.3
424,10,14,21.0,11.0
424,10,15,20.9,10.8
424,10,16,20.9,10.8
424,10,17,20.9,10.8
424,10,18,21.0,10.8
424,10,19,20.9,10.9
424,10,20,20.6,10.9
424,10,21,20.0,10.7
424,10,22,19.7,10.4
424,10,23,19.2,10.1
424,10,24,18.6,9.6
424,10,25,18.2,9.0
424,10,26,18.0,8.6
424,10,27,17.4,8.1
424,10,28,17.1,7.5
424,10,29,17.0,7.2
424,10,30,16.8,7.1
424,10,31,16.4,7.0
424,11,1,16.4,6.9
424,11,2,16.4,7.0
424,11,3,16.4,7.1
424,11,4,16.5,7.3
424,11,5,16.6,7.5
424,11,6,16.4,7.6
424,11,7,16.0,7.6
424,11,8,15.4,7.4
424,11,9,14.9,7.0
424,11,10,14.3,6.2
424,11,11,13.9,5.8
424,11,12,13.3,5.3
424,11,13,12.5,4.6
424,11,14,11.9,3.8
424,11,15,11.4,3.5
424,11,16,10.9,3.0
424,11,17,10.5,2.4
424,11,18,10.2,2.0
424,11,19,10.0,1.9
424,11,20,9.9,1.6
424,11,21,10.0,1.5
424,11,22,9.9,1.8
424,11,23,10.1,1.8
424,11,24,10.0,1.9
424,11,25,9.7,1.9
424,11,26,9.4,2.0
424,11,27,9.0,1.8
424,11,28,8.8,1.6
424,11,29,8.7,1.3
424,11,30,8.5,1.0
424,12,1,8.2,0.6
424,12,2,7.9,0.0
424,12,3,7.1,-0.6
424,12,4,6.3,-1.3
424,12,5,5.6,-1.9
424,12,6,4.9,-2.4
424,12,7,4.5,-2.8
424,12,8,4.7,-2.6
424,12,9,4.8,-2.4
424,12,10,4.7,-2.4
424,12,11,4.7,-2.6
424,12,12,4.5,-2.8
424,12,13,4.0,-3.2
424,12,14,3.5,-3.6
424,12,15,3.3,-4.0
424,12,16,3.0,-4.2
424,12,17,3.1,-4.2
424,12,18,3.4,-4.3
424,12,19,3.8,-4.0
424,12,20,4.3,-3.6
424,12,21,4.8,-3.3
424,12,22,4.9,-3.1
424,12,23,4.6,-3.2
424,12,24,4.0,-3.7
424,12,25,3.0,-4.5
424,12,26,2.3,-5.1
424,12,27,2.0,-5.5
424,12,28,1.7,-5.8
424,12,29,1.6,-5.8
424,12,30,1.7,-5.6
424,12,31,1.8,-5.4
434,1,1,1.9,-4.9
434,1,2,2.1,-4.6
434,1,3,2.6,-4.4
434,1,4,2.8,-4.2
434,1,5,2.9,-4.4
434,1,6,2.8,-4.5
434,1,7,2.5,-4.8
434,1,8,2.1,-4.9
434,1,9,1.7,-5.2
434,1,10,1.3,-5.5
434,1,11,0.8,-5.8
434,1,12,0.9,-5.9
434,1,13,1.2,-5.8
434,1,14,1.5,-5.6
434,1,15,2.0,-5.2
434,1,16,2.5,-4.8
434,1,17,2.9,-4.3
434,1,18,3.1,-3.9
434,1,19,3.1,-3.9
434,1,20,2.9,-4.0
434,1,21,2.5,-4.4
434,1,22,2.0,-5.1
434,1,23,1.4,-5.7
434,1,24,1.2,-6.0
434,1,25,1.3,-6.1
434,1,26,1.9,-5.7
434,1,27,2.6,-4.9
434,1,28,3.2,-4.2
434,1,29,3.5,-3.9
434,1,30,3.6,-3.7
434,1,31,3.5,-3.8
434,2,1,3.0,-4.3
434,2,2,2.7,-4.6
434,2,3,2.5,-4.7
434,2,4,2.6,-4.6
434,2,5,2.7,-4.6
434,2,6,2.9,-4.5
434,2,7,2.9,-4.4
434,2,8,3.1,-4.2
434,2,9,3.2,-4.1
434,2,10,3.3,-3.6
434,2,11,3.9,-3.2
434,2,12,4.7,-2.7
434,2,13,5.0,-2.4
434,2,14,5.1,-2.4
434,2,15,5.2,-2.5
434,2,16,5.0,-2.6
434,2,17,5.0,-2.7
434,2,18,5.3,-2.7
434,2,19,5.8,-2.2
434,2,20,6.7,-1.7
434,2,21,7.2,-1.3
434,2,22,7.7,-0.9
434,2,23,7.9,-0.4
434,2,24,8.1,-0.2
434,2,25,8.0,-0.1
434,2,26,8.5,0.2
434,2,27,8.4,0.4
434,2,28,8.0,0.2
434,2,29,8.1,0.2
434,3,1,8.1,0.2
434,3,2,8.2,0.4
434,3,3,8.0,0.5
434,3,4,7.9,0.4
434,3,5,8.2,0.5
434,3,6,8.3,0.5
434,3,7,8.7,0.4
434,3,8,8.9,0.5
434,3,9,9.1,0.5
434,3,10,9.4,0.6
434,3,11,9.4,0.8
434,3,12,9.2,1.1
434,3,13,9.7,1.1
434,3,14,10.3,1.8
434,3,15,11.1,2.2
434,3,16,11.9,2.8
434,3,17,12.5,3.4
434,3,18,12.7,3.7
434,3,19,13.0,3.8
434,3,20,12.7,4.0
434,3,21,12.4,3.7
434,3,22,12.1,3.4
434,3,23,11.7,3.4
434,3,24,11.6,3.3
434,3,25,11.9,3.5
434,3,26,12.1,3.7
434,3,27,12.6,4.1
434,3,28,13.2,4.5
434,3,29,13.5,4.9
434,3,30,13.8,5.1
434,3,31,14.0,5.5
434,4,1,14.1,5.4
434,4,2,14.3,5.5
434,4,3,14.5,5.7
434,4,4,14.5,5.6
434,4,5,14.6,5.8
434,4,6,15.2,6.0
434,4,7,15.5,6.4
434,4,8,16.0,6.8
434,4,9,16.6,7.4
434,4,10,17.0,7.7
434,4,11,17.1,8.1
434,4,12,17.0,8.1
434,4,13,17.1,7.9
434,4,14,17.3,7.7
434,4,15,17.5,7.7
434,4,16,17.9,7.9
434,4,17,18.5,8.3
434,4,18,18.5,8.9
434,4,19,18.5,9.2
434,4,20,18.4,9.5
434,4,21,18.0,9.5
434,4,22,17.9,9.3
434,4,23,18.1,9.1
434,4,24,18.0,9.0
434,4,25,18.0,9.0
434,4,26,18.4,9.1
434,4,27,18.7,9.4
434,4,28,19.4,10.1
434,4,29,20.3,10.8
434,4,30,21.4,11.7
434,5,1,22.0,12.3
434,5,2,22.4,12.7
434,5,3,22.6,12.7
434,5,4,22.3,12.5
434,5,5,22.3,12.1
434,5,6,22.6,12.1
434,5,7,22.7,12.4
434,5,8,22.3,12.5
434,5,9,22.4,12.8
434,5,10,21.8,13.1
434,5,11,21.5,13.0
434,5,12,21.6,12.9
434,5,13,22.0,13.0
434,5,14,22.2,13.1
434,5,15,22.8,13.2
434,5,16,23.0,13.4
434,5,17,22.9,13.6
434,5,18,23.0,13.6
434,5,19,23.2,13.7
434,5,20,23.6,13.9
434,5,21,23.8,14.2
434,5,22,24.3,14.4
434,5,23,24.5,14.8
434,5,24,24.8,15.2
434,5,25,25.0,15.4
434,5,26,25.3,15.5
434,5,27,25.5,15.9
434,5,28,25.6,16.1
434,5,29,25.8,16.2
434,5,30,25.8,16.3
434,5,31,26.1,16.4
434,6,1,26.1,16.5
434,6,2,26.3,16.7
434,6,3,26.5,17.1
434,6,4,26.6,17.5
434,6,5,26.5,17.7
434,6,6,26.5,17.9
434,6,7,26.7,18.0
434,6,8,26.7,18.1
434,6,9,26.8,18.3
434,6,10,27.0,18.3
434,6,11,27.2,18.4
434,6,12,27.2,18.5
434,6,13,27.2,18.6
434,6,14,27.3,18.5
434,6,15,27.5,18.7
434,6,16,27.6,19.0
434,6,17,27.8,19.3
434,6,18,27.9,19.6
434,6,19,27.9,19.9
434,6,20,28.1,20.0
434,6,21,28.2,20.1
434,6,22,28.2,20.0
434,6,23,28.3,20.1
434,6,24,28.2,20.1
434,6,25,28.0,20.2
434,6,26,27.9,20.4
434,6,27,27.9,20.6
434,6,28,27.8,20.8
434,6,29,27.7,21.0
434,6,30,27.6,21.1
434,7,1,27.4,21.1
434,7,2,27.4,21.1
434,7,3,27.5,21.1
434,7,4,27.9,21.2
434,7,5,28.2,21.2
434,7,6,28.5,21.4
434,7,7,28.7,21.6
434,7,8,28.7,21.7
434,7,9,28.6,21.9
434,7,10,28.4,21.9
434,7,11,28.2,22.0
434,7,12,28.1,22.1
434,7,13,28.1,22.1
434,7,14,28.0,22.1
434,7,15,28.1,22.0
434,7,16,28.4,22.1
434,7,17,28.5,22.2
434,7,18,28.9,22.6
434,7,19,29.3,22.9
434,7,20,29.9,23.3
434,7,21,29.9,23.5
434,7,22,29.7,23.5
434,7,23,29.6,23.5
434,7,24,29.5,23.4
434,7,25,29.3,23.4
434,7,26,29.2,23.5
434,7,27,29.4,23.7
434,7,28,29.8,23.9
434,7,29,30.1,24.1
434,7,30,30.5,24.4
434,7,31,31.1,24.7
434,8,1,31.4,24.8
434,8,2,31.5,24.8
434,8,3,31.9,24.9
434,8,4,31.9,24.9
434,8,5,31.9,24.9
434,8,6,31.9,24.9
434,8,7,31.8,24.9
434,8,8,31.5,24.8
434,8,9,31.4,24.7
434,8,10,31.2,24.5
434,8,11,31.1,24.5
434,8,12,30.9,24.4
434,8,13,30.7,24.3
434,8,14,30.5,24.2
434,8,15,30.5,24.1
434,8,16,30.2,23.8
434,8,17,30.0,23.5
434,8,18,29.8,23.3
434,8,19,29.7,23.2
434,8,20,29.5,23.0
434,8,21,29.4,22.8
434,8,22,29.3,22.5
434,8,23,29.2,22.4
434,8,24,29.0,22.2
434,8,25,28.8,22.0
434,8,26,28.6,22.0
434,8,27,28.5,21.9
434,8,28,28.3,21.7
434,8,29,28.2,21.4
434,8,30,28.2,21.2
434,8,31,28.1,20.8
434,9,1,28.1,20.6
434,9,2,28.1,20.4
434,9,3,27.8,20.3
434,9,4,27.4,20.0
434,9,5,27.2,19.7
434,9,6,27.1,19.6
434,9,7,26.8,19.4
434,9,8,26.7,19.1
434,9,9,26.4,19.0
434,9,10,26.1,18.9
434,9,11,26.1,18.7
434,9,12,26.1,18.7
434,9,13,26.2,18.6
434,9,14,26.5,18.7
434,9,15,26.7,18.6
434,9,16,26.6,18.6
434,9,17,26.4,18.4
434,9,18,25.9,18.1
434,9,19,25.5,17.8
434,9,20,25.1,17.3
434,9,21,24.9,17.0
434,9,22,24.8,16.8
434,9,23,25.0,16.7
434,9,24,25.2,16.7
434,9,25,25.2,16.7
434,9,26,24.9,16.6
434,9,27,24.3,16.3
434,9,28,23.9,16.1
434,9,29,23.4,15.8
434,9,30,23.0,15.3
434,10,1,22.8,15.0
434,10,2,22.9,14.6
434,10,3,22.7,14.3
434,10,4,22.6,14.1
434,10,5,22.7,14.0
434,10,6,22.6,13.9
434,10,7,22.4,13.7
434,10,8,22.3,13.6
434,10,9,21.9,13.3
434,10,10,21.4,12.8
434,10,11,21.1,12.2
434,10,12,20.7,11.8
434,10,13,20.3,11.3
434,10,14,20.2,11.1
434,10,15,20.2,11.0
434,10,16,20.2,11.0
434,10,17,20.3,11.1
434,10,18,20.4,11.3
434,10,19,20.4,11.3
434,10,20,20.3,11.5
434,10,21,19.9,11.4
434,10,22,19.5,11.2
434,10,23,19.1,10.9
434,10,24,18.5,10.4
434,10,25,18.1,9.9
434,10,26,17.9,9.4
434,10,27,17.3,8.9
434,10,28,16.8,8.3
434,10,29,16.6,7.8
434,10,30,16.4,7.6
434,10,31,15.8,7.4
434,11,1,15.8,7.2
434,11,2,15.9,7.3
434,11,3,16.1,7.6
434,11,4,16.1,7.8
434,11,5,16.4,7.9
434,11,6,16.2,8.0
434,11,7,15.8,7.9
434,11,8,15.3,7.7
434,11,9,14.8,7.3
434,11,10,14.4,6.7
434,11,11,14.0,6.3
434,11,12,13.3,5.8
434,11,13,12.5,5.0
434,11,14,11.9,4.2
434,11,15,11.4,4.0
434,11,16,10.8,3.3
434,11,17,10.3,2.6
434,11,18,10.1,2.3
434,11,19,10.0,2.2
434,11,20,9.8,1.9
434,11,21,9.9,2.1
434,11,22,10.0,2.3
434,11,23,10.1,2.5
434,11,24,10.0,2.5
434,11,25,9.7,2.5
434,11,26,9.3,2.4
434,11,27,9.0,2.0
434,11,28,8.6,1.8
434,11,29,8.4,1.4
434,11,30,8.1,1.1
434,12,1,7.8,0.7
434,12,2,7.4,0.2
434,12,3,6.7,-0.5
434,12,4,5.8,-1.3
434,12,5,5.3,-1.9
434,12,6,4.7,-2.3
434,12,7,4.6,-2.4
434,12,8,5.0,-2.0
434,12,9,5.2,-1.7
434,12,10,5.2,-1.7
434,12,11,5.1,-1.9
434,12,12,4.7,-2.1
434,12,13,4.1,-2.7
434,12,14,3.5,-3.2
434,12,15,3.1,-3.7
434,12,16,2.9,-4.0
434,12,17,3.0,-4.1
434,12,18,3.3,-4.1
434,12,19,3.8,-3.7
434,12,20,4.2,-3.3
434,12,21,4.5,-2.9
434,12,22,4.5,-2.9
434,12,23,4.2,-3.1
434,12,24,3.7,-3.5
434,12,25,2.9,-4.3
434,12,26,2.3,-4.8
434,12,27,2.0,-5.0
434,12,28,1.7,-5.4
434,12,29,1.3,-5.6
434,12,30,1.4,-5.4
434,12,31,1.6,-5.1
441,1,1,1.4,-7.5
441,1,2,1.6,-7.3
441,1,3,2.0,-7.2
441,1,4,2.1,-7.2
441,1,5,1.8,-7.4
441,1,6,1.7,-7.6
441,1,7,1.3,-7.9
441,1,8,1.0,-8.2
441,1,9,0.8,-8.4
441,1,10,0.6,-8.6
441,1,11,0.1,-8.8
441,1,12,0.2,-8.7
441,1,13,0.5,-8.5
441,1,14,0.5,-8.3
441,1,15,0.9,-8.0
441,1,16,1.6,-7.7
441,1,17,2.1,-7.2
441,1,18,2.3,-6.7
441,1,19,2.4,-6.5
441,1,20,2.3,-6.4
441,1,21,1.8,-6.7
441,1,22,1.2,-7.4
441,1,23,0.6,-8.2
441,1,24,0.3,-8.7
441,1,25,0.5,-9.1
441,1,26,1.1,-8.8
441,1,27,1.8,-8.0
441,1,28,2.5,-7.1
441,1,29,2.9,-6.7
441,1,30,2.9,-6.3
441,1,31,2.7,-6.4
441,2,1,2.3,-6.8
441,2,2,2.0,-7.3
441,2,3,1.8,-7.4
441,2,4,2.0,-7.3
441,2,5,2.3,-7.3
441,2,6,2.4,-7.1
441,2,7,2.4,-6.9
441,2,8,2.6,-6.7
441,2,9,2.6,-6.7
441,2,10,2.6,-6.4
441,2,11,3.4,-6.0
441,2,12,4.0,-5.5
441,2,13,4.3,-5.3
441,2,14,4.4,-5.2
441,2,15,4.7,-5.0
441,2,16,4.5,-4.8
441,2,17,4.6,-4.9
441,2,18,5.0,-5.0
441,2,19,5.4,-4.6
441,2,20,6.1,-4.1
441,2,21,6.5,-3.9
441,2,22,6.9,-3.6
441,2,23,7.1,-3.1
441,2,24,7.4,-2.8
441,2,25,7.4,-2.7
441,2,26,7.8,-2.3
441,2,27,7.8,-2.0
441,2,28,7.5,-2.0
441,2,29,7.6,-1.9
441,3,1,7.6,-1.8
441,3,2,7.9,-1.5
441,3,3,7.8,-1.4
441,3,4,7.7,-1.4
441,3,5,8.0,-1.4
441,3,6,8.0,-1.5
441,3,7,8.0,-1.7
441,3,8,8.1,-1.8
441,3,9,8.4,-1.8
441,3,10,8.7,-1.7
441,3,11,9.0,-1.2
441,3,12,9.1,-0.9
441,3,13,9.8,-0.8
441,3,14,10.4,-0.1
441,3,15,11.1,0.2
441,3,16,11.7,0.7
441,3,17,12.3,1.1
441,3,18,12.5,1.5
441,3,19,12.6,1.5
441,3,20,12.3,1.8
441,3,21,12.1,1.5
441,3,22,11.6,1.4
441,3,23,11.3,1.3
441,3,24,11.3,1.2
441,3,25,11.5,1.3
441,3,26,11.9,1.4
441,3,27,12.1,1.8
441,3,28,12.8,2.1
441,3,29,13.0,2.6
441,3,30,13.5,2.9
441,3,31,13.7,3.3
441,4,1,13.9,3.3
441,4,2,14.2,3.5
441,4,3,14.4,3.7
441,4,4,14.2,3.9
441,4,5,14.3,4.2
441,4,6,14.8,4.4
441,4,7,15.0,4.7
441,4,8,15.4,5.1
441,4,9,16.2,5.6
441,4,10,16.9,5.8
441,4,11,17.0,6.2
441,4,12,16.8,6.3
441,4,13,16.7,6.0
441,4,14,16.6,5.8
441,4,15,16.6,5.8
441,4,16,16.9,5.9
441,4,17,17.5,6.4
441,4,18,17.9,7.2
441,4,19,18.0,7.8
441,4,20,17.9,8.3
441,4,21,17.7,8.3
441,4,22,17.5,8.1
441,4,23,17.4,7.8
441,4,24,17.3,7.5
441,4,25,17.4,7.2
441,4,26,17.7,7.3
441,4,27,17.9,7.5
441,4,28,18.6,8.2
441,4,29,19.4,8.9
441,4,30,20.3,9.7
441,5,1,20.8,10.3
441,5,2,21.4,10.8
441,5,3,21.9,10.8
441,5,4,21.6,10.8
441,5,5,21.7,10.5
441,5,6,22.1,10.7
441,5,7,22.0,11.0
441,5,8,21.5,11.1
441,5,9,21.8,11.3
441,5,10,21.3,11.8
441,5,11,20.9,11.7
441,5,12,21.1,11.6
441,5,13,21.6,11.8
441,5,14,21.8,11.9
441,5,15,22.5,12.0
441,5,16,22.7,12.2
441,5,17,22.6,12.5
441,5,18,22.5,12.5
441,5,19,22.6,12.6
441,5,20,22.6,12.7
441,5,21,22.9,13.0
441,5,22,23.4,13.0
441,5,23,23.9,13.3
441,5,24,24.2,13.8
441,5,25,24.6,14.0
441,5,26,24.9,14.2
441,5,27,25.1,14.7
441,5,28,25.1,14.9
441,5,29,25.3,14.8
441,5,30,25.4,14.9
441,5,31,25.5,15.0
441,6,1,25.7,15.1
441,6,2,25.9,15.2
441,6,3,26.0,15.7
441,6,4,26.1,16.1
441,6,5,25.9,16.4
441,6,6,25.7,16.6
441,6,7,25.9,16.8
441,6,8,26.0,17.0
441,6,9,26.3,17.1
441,6,10,26.5,17.0
441,6,11,26.8,17.1
441,6,12,26.8,17.3
441,6,13,26.9,17.4
441,6,14,27.1,17.4
441,6,15,27.1,17.7
441,6,16,27.2,18.0
441,6,17,27.2,18.3
441,6,18,27.2,18.5
441,6,19,27.2,18.8
441,6,20,27.5,18.9
441,6,21,27.7,18.9
441,6,22,27.9,18.9
441,6,23,28.0,19.0
441,6,24,28.0,19.1
441,6,25,27.7,19.2
441,6,26,27.6,19.5
441,6,27,27.6,19.7
441,6,28,27.5,19.8
441,6,29,27.4,20.0
441,6,30,27.3,20.2
441,7,1,27.1,20.2
441,7,2,27.1,20.3
441,7,3,27.2,20.3
441,7,4,27.5,20.3
441,7,5,27.9,20.3
441,7,6,28.5,20.5
441,7,7,28.9,20.8
441,7,8,29.1,21.1
441,7,9,29.0,21.4
441,7,10,28.8,21.5
441,7,11,28.5,21.7
441,7,12,28.3,21.7
441,7,13,28.0,21.6
441,7,14,27.9,21.4
441,7,15,27.9,21.3
441,7,16,28.1,21.3
441,7,17,28.2,21.4
441,7,18,28.5,21.6
441,7,19,28.9,21.9
441,7,20,29.3,22.2
441,7,21,29.3,22.4
441,7,22,29.1,22.4
441,7,23,29.0,22.4
441,7,24,28.9,22.4
441,7,25,28.7,22.4
441,7,26,28.7,22.5
441,7,27,29.1,22.6
441,7,28,29.5,22.8
441,7,29,29.8,23.0
441,7,30,30.2,23.3
441,7,31,30.7,23.6
441,8,1,31.0,23.8
441,8,2,31.2,23.9
441,8,3,31.5,24.0
441,8,4,31.5,24.1
441,8,5,31.5,24.0
441,8,6,31.5,23.9
441,8,7,31.5,23.9
441,8,8,31.2,23.9
441,8,9,31.3,23.7
441,8,10,31.2,23.5
441,8,11,31.1,23.5
441,8,12,30.8,23.5
441,8,13,30.6,23.4
441,8,14,30.3,23.3
441,8,15,30.3,23.1
441,8,16,30.0,22.9
441,8,17,29.8,22.6
441,8,18,29.6,22.4
441,8,19,29.5,22.3
441,8,20,29.3,22.1
441,8,21,29.3,21.8
441,8,22,29.2,21.4
441,8,23,29.0,21.2
441,8,24,29.0,20.9
441,8,25,28.8,20.7
441,8,26,28.6,20.7
441,8,27,28.3,20.6
441,8,28,28.2,20.3
441,8,29,28.0,20.0
441,8,30,27.9,19.7
441,8,31,27.7,19.5
441,9,1,27.7,19.3
441,9,2,27.6,19.1
441,9,3,27.4,19.1
441,9,4,27.0,18.8
441,9,5,26.9,18.6
441,9,6,26.8,18.4
441,9,7,26.6,18.2
441,9,8,26.5,18.0
441,9,9,26.3,17.9
441,9,10,26.1,17.8
441,9,11,25.9,17.5
441,9,12,26.0,17.5
441,9,13,26.1,17.5
441,9,14,26.4,17.5
441,9,15,26.4,17.4
441,9,16,26.4,17.3
441,9,17,26.2,17.0
441,9,18,25.7,16.6
441,9,19,25.3,16.2
441,9,20,24.9,15.8
441,9,21,24.8,15.6
441,9,22,24.7,15.3
441,9,23,24.9,15.1
441,9,24,25.0,15.0
441,9,25,25.1,14.9
441,9,26,24.6,14.8
441,9,27,24.1,14.6
441,9,28,23.7,14.5
441,9,29,23.3,14.2
441,9,30,22.8,13.8
441,10,1,22.7,13.4
441,10,2,22.7,13.0
441,10,3,22.6,12.6
441,10,4,22.6,12.5
441,10,5,22.6,12.4
441,10,6,22.5,12.2
441,10,7,22.2,12.0
441,10,8,22.0,11.8
441,10,9,21.6,11.4
441,10,10,21.1,10.8
441,10,11,20.8,10.2
441,10,12,20.4,9.8
441,10,13,20.0,9.2
441,10,14,19.9,9.0
441,10,15,19.8,8.9
441,10,16,19.7,8.9
441,10,17,19.8,8.9
441,10,18,19.9,9.1
441,10,19,19.9,9.1
441,10,20,19.9,9.3
441,10,21,19.5,9.3
441,10,22,19.2,9.1
441,10,23,18.8,8.8
441,10,24,18.2,8.4
441,10,25,17.7,7.8
441,10,26,17.5,7.3
441,10,27,17.0,6.8
441,10,28,16.4,6.1
441,10,29,16.3,5.5
441,10,30,16.1,5.3
441,10,31,15.5,5.1
441,11,1,15.5,4.9
441,11,2,15.6,5.1
441,11,3,15.7,5.3
441,11,4,15.6,5.5
441,11,5,15.9,5.7
441,11,6,15.7,5.8
441,11,7,15.3,5.7
441,11,8,14.7,5.5
441,11,9,14.3,5.0
441,11,10,13.8,4.4
441,11,11,13.4,4.2
441,11,12,12.8,3.8
441,11,13,12.0,3.0
441,11,14,11.3,2.2
441,11,15,10.8,1.9
441,11,16,10.2,1.4
441,11,17,9.9,0.7
441,11,18,9.6,0.2
441,11,19,9.5,0.1
441,11,20,9.3,-0.2
441,11,21,9.3,-0.4
441,11,22,9.2,-0.2
441,11,23,9.3,0.0
441,11,24,9.2,0.0
441,11,25,8.9,0.1
441,11,26,8.5,0.1
441,11,27,8.2,-0.1
441,11,28,7.8,-0.3
441,11,29,7.6,-0.5
441,11,30,7.4,-0.9
441,12,1,7.3,-1.2
441,12,2,6.9,-1.7
441,12,3,6.2,-2.3
441,12,4,5.3,-3.2
441,12,5,4.6,-3.7
441,12,6,3.9,-4.3
441,12,7,3.7,-4.5
441,12,8,4.0,-4.2
441,12,9,4.2,-3.9
441,12,10,4.2,-4.0
441,12,11,4.2,-4.2
441,12,12,3.7,-4.6
441,12,13,3.1,-5.2
441,12,14,2.3,-5.8
441,12,15,1.9,-6.3
441,12,16,1.7,-6.6
441,12,17,2.0,-6.6
441,12,18,2.4,-6.5
441,12,19,3.0,-6.1
441,12,20,3.5,-5.7
441,12,21,3.8,-5.3
441,12,22,3.6,-5.2
441,12,23,3.2,-5.3
441,12,24,2.7,-5.8
441,12,25,1.9,-6.5
441,12,26,1.3,-7.1
441,12,27,0.9,-7.5
441,12,28,0.6,-7.8
441,12,29,0.4,-8.1
441,12,30,0.6,-7.9
441,12,31,1.0,-7.7
445,1,1,1.6,-6.9
445,1,2,1.8,-6.6
445,1,3,2.2,-6.4
445,1,4,2.4,-6.4
445,1,5,2.3,-6.7
445,1,6,2.2,-6.9
445,1,7,1.9,-7.1
445,1,8,1.6,-7.2
445,1,9,1.3,-7.4
445,1,10,0.9,-7.6
445,1,11,0.4,-7.8
445,1,12,0.5,-8.0
445,1,13,0.8,-8.0
445,1,14,1.1,-7.8
445,1,15,1.6,-7.5
445,1,16,2.1,-7.1
445,1,17,2.5,-6.6
445,1,18,2.8,-6.0
445,1,19,2.8,-5.9
445,1,20,2.6,-5.9
445,1,21,2.2,-6.3
445,1,22,1.6,-7.0
445,1,23,1.1,-7.8
445,1,24,0.9,-8.1
445,1,25,1.0,-8.4
445,1,26,1.5,-8.1
445,1,27,2.3,-7.3
445,1,28,2.9,-6.6
445,1,29,3.2,-6.2
445,1,30,3.3,-5.9
445,1,31,3.0,-5.9
445,2,1,2.5,-6.4
445,2,2,2.2,-6.7
445,2,3,2.0,-6.8
445,2,4,2.1,-6.8
445,2,5,2.3,-6.9
445,2,6,2.4,-6.8
445,2,7,2.4,-6.6
445,2,8,2.6,-6.3
445,2,9,2.8,-6.1
445,2,10,2.9,-5.6
445,2,11,3.5,-5.3
445,2,12,4.3,-4.8
445,2,13,4.6,-4.5
445,2,14,4.7,-4.5
445,2,15,4.7,-4.6
445,2,16,4.5,-4.5
445,2,17,4.5,-4.7
445,2,18,4.9,-4.8
445,2,19,5.4,-4.5
445,2,20,6.4,-3.9
445,2,21,6.9,-3.5
445,2,22,7.4,-3.2
445,2,23,7.7,-2.6
445,2,24,7.9,-2.3
445,2,25,7.7,-2.3
445,2,26,8.1,-2.0
445,2,27,8.0,-1.7
445,2,28,7.7,-1.8
445,2,29,7.7,-1.8
445,3,1,7.7,-1.8
445,3,2,7.9,-1.5
445,3,3,7.7,-1.4
445,3,4,7.7,-1.5
445,3,5,8.0,-1.4
445,3,6,8.1,-1.4
445,3,7,8.5,-1.5
445,3,8,8.7,-1.5
445,3,9,8.9,-1.5
445,3,10,9.3,-1.3
445,3,11,9.3,-0.9
445,3,12,9.2,-0.8
445,3,13,9.8,-0.8
445,3,14,10.4,-0.2
445,3,15,11.2,0.2
445,3,16,11.9,0.9
445,3,17,12.4,1.3
445,3,18,12.7,1.7
445,3,19,12.8,1.7
445,3,20,12.5,1.9
445,3,21,12.3,1.5
445,3,22,12.0,1.2
445,3,23,11.8,1.2
445,3,24,11.7,1.2
445,3,25,12.0,1.1
445,3,26,12.2,1.3
445,3,27,12.7,1.9
445,3,28,13.2,2.2
445,3,29,13.4,2.6
445,3,30,13.6,2.9
445,3,31,13.8,3.2
445,4,1,13.8,3.2
445,4,2,14.0,3.1
445,4,3,14.3,3.3
445,4,4,14.3,3.3
445,4,5,14.4,3.5
445,4,6,15.0,3.5
445,4,7,15.4,4.1
445,4,8,15.9,4.6
445,4,9,16.5,5.1
445,4,10,17.0,5.4
445,4,11,17.1,5.9
445,4,12,16.9,5.8
445,4,13,16.9,5.5
445,4,14,17.0,5.2
445,4,15,17.2,5.1
445,4,16,17.7,5.3
445,4,17,18.3,5.8
445,4,18,18.4,6.5
445,4,19,18.4,7.1
445,4,20,18.3,7.5
445,4,21,17.9,7.5
445,4,22,17.8,7.3
445,4,23,18.1,7.0
445,4,24,18.1,6.7
445,4,25,18.2,6.5
445,4,26,18.5,6.5
445,4,27,18.8,6.8
445,4,28,19.5,7.4
445,4,29,20.4,8.4
445,4,30,21.6,9.3
445,5,1,22.0,10.0
445,5,2,22.5,10.4
445,5,3,22.6,10.4
445,5,4,22.2,10.0
445,5,5,22.2,9.5
445,5,6,22.5,9.4
445,5,7,22.5,9.7
445,5,8,22.1,9.8
445,5,9,22.2,10.2
445,5,10,21.5,10.6
445,5,11,21.3,10.6
445,5,12,21.5,10.5
445,5,13,21.8,10.7
445,5,14,22.0,10.9
445,5,15,22.7,11.1
445,5,16,22.7,11.4
445,5,17,22.4,11.6
445,5,18,22.6,11.4
445,5,19,22.8,11.3
445,5,20,23.1,11.4
445,5,21,23.5,11.7
445,5,22,23.9,11.8
445,5,23,24.1,12.4
445,5,24,24.5,12.9
445,5,25,24.6,13.1
445,5,26,24.8,13.4
445,5,27,25.1,13.8
445,5,28,25.2,13.9
445,5,29,25.3,13.8
445,5,30,25.4,13.8
445,5,31,25.8,13.8
445,6,1,25.9,13.8
445,6,2,26.1,14.2
445,6,3,26.3,14.7
445,6,4,26.3,15.2
445,6,5,26.1,15.6
445,6,6,26.2,15.8
445,6,7,26.4,15.9
445,6,8,26.5,16.0
445,6,9,26.6,16.1
445,6,10,26.7,16.1
445,6,11,27.0,16.2
445,6,12,26.9,16.5
445,6,13,26.8,16.6
445,6,14,27.0,16.6
445,6,15,27.2,16.8
445,6,16,27.2,17.1
445,6,17,27.3,17.3
445,6,18,27.4,17.6
445,6,19,27.4,18.0
445,6,20,27.7,18.1
445,6,21,27.8,18.1
445,6,22,28.0,18.1
445,6,23,28.2,18.2
445,6,24,28.2,18.3
445,6,25,28.0,18.5
445,6,26,27.9,18.8
445,6,27,27.8,19.0
445,6,28,27.6,19.3
445,6,29,27.5,19.4
445,6,30,27.3,19.7
445,7,1,27.1,19.7
445,7,2,27.1,19.8
445,7,3,27.2,19.8
445,7,4,27.5,19.9
445,7,5,27.9,19.9
445,7,6,28.2,20.1
445,7,7,28.4,20.2
445,7,8,28.4,20.4
445,7,9,28.3,20.6
445,7,10,28.1,20.7
445,7,11,27.9,20.8
445,7,12,27.9,20.9
445,7,13,27.9,21.0
445,7,14,27.8,20.9
445,7,15,27.8,20.9
445,7,16,28.1,21.0
445,7,17,28.1,21.1
445,7,18,28.5,21.4
445,7,19,28.9,21.7
445,7,20,29.5,22.0
445,7,21,29.5,22.2
445,7,22,29.3,22.2
445,7,23,29.2,22.2
445,7,24,29.1,22.2
445,7,25,29.0,22.2
445,7,26,28.9,22.3
445,7,27,29.1,22.5
445,7,28,29.4,22.7
445,7,29,29.7,22.8
445,7,30,30.1,23.0
445,7,31,30.7,23.3
445,8,1,31.0,23.4
445,8,2,31.1,23.4
445,8,3,31.5,23.5
445,8,4,31.5,23.5
445,8,5,31.5,23.4
445,8,6,31.6,23.3
445,8,7,31.5,23.3
445,8,8,31.1,23.3
445,8,9,31.0,23.2
445,8,10,30.8,23.1
445,8,11,30.6,23.1
445,8,12,30.4,23.1
445,8,13,30.3,23.0
445,8,14,29.9,22.8
445,8,15,29.9,22.6
445,8,16,29.7,22.4
445,8,17,29.6,22.1
445,8,18,29.4,21.9
445,8,19,29.4,21.7
445,8,20,29.3,21.6
445,8,21,29.1,21.2
445,8,22,29.0,20.9
445,8,23,28.9,20.7
445,8,24,28.7,20.5
445,8,25,28.5,20.3
445,8,26,28.3,20.2
445,8,27,28.1,20.2
445,8,28,27.8,20.0
445,8,29,27.7,19.6
445,8,30,27.7,19.3
445,8,31,27.6,19.0
445,9,1,27.5,18.7
445,9,2,27.6,18.5
445,9,3,27.3,18.4
445,9,4,26.9,18.2
445,9,5,26.8,17.9
445,9,6,26.6,17.7
445,9,7,26.3,17.4
445,9,8,26.2,17.2
445,9,9,26.0,17.0
445,9,10,25.7,17.0
445,9,11,25.6,16.8
445,9,12,25.6,16.9
445,9,13,25.7,17.0
445,9,14,26.0,16.9
445,9,15,26.1,16.8
445,9,16,26.0,16.7
445,9,17,25.9,16.3
445,9,18,25.4,15.9
445,9,19,24.9,15.5
445,9,20,24.5,15.0
445,9,21,24.3,14.8
445,9,22,24.3,14.6
445,9,23,24.4,14.4
445,9,24,24.5,14.4
445,9,25,24.6,14.4
445,9,26,24.2,14.2
445,9,27,23.7,14.0
445,9,28,23.3,13.8
445,9,29,22.9,13.6
445,9,30,22.5,13.2
445,10,1,22.3,12.8
445,10,2,22.4,12.4
445,10,3,22.3,12.0
445,10,4,22.2,11.7
445,10,5,22.2,11.5
445,10,6,22.1,11.5
445,10,7,21.9,11.3
445,10,8,21.7,11.2
445,10,9,21.3,10.8
445,10,10,20.8,10.2
445,10,11,20.5,9.4
445,10,12,20.0,9.0
445,10,13,19.6,8.5
445,10,14,19.6,8.3
445,10,15,19.5,8.3
445,10,16,19.5,8.3
445,10,17,19.6,8.3
445,10,18,19.7,8.6
445,10,19,19.7,8.7
445,10,20,19.6,8.8
445,10,21,19.2,8.8
445,10,22,18.8,8.6
445,10,23,18.3,8.3
445,10,24,17.7,7.8
445,10,25,17.4,7.2
445,10,26,17.2,6.8
445,10,27,16.8,6.4
445,10,28,16.3,5.6
445,10,29,16.1,5.1
445,10,30,15.8,5.0
445,10,31,15.2,4.8
445,11,1,15.2,4.5
445,11,2,15.3,4.8
445,11,3,15.5,5.1
445,11,4,15.6,5.2
445,11,5,15.8,5.5
445,11,6,15.7,5.7
445,11,7,15.3,5.6
445,11,8,14.7,5.5
445,11,9,14.2,5.1
445,11,10,13.8,4.4
445,11,11,13.4,4.0
445,11,12,12.8,3.7
445,11,13,12.0,2.9
445,11,14,11.4,2.0
445,11,15,10.9,1.7
445,11,16,10.3,1.2
445,11,17,9.8,0.5
445,11,18,9.6,0.2
445,11,19,9.4,0.0
445,11,20,9.3,-0.3
445,11,21,9.3,-0.3
445,11,22,9.4,-0.1
445,11,23,9.5,0.1
445,11,24,9.5,0.2
445,11,25,9.2,0.4
445,11,26,8.9,0.2
445,11,27,8.4,0.0
445,11,28,8.1,-0.3
445,11,29,7.8,-0.6
445,11,30,7.6,-1.0
445,12,1,7.2,-1.3
445,12,2,6.8,-1.9
445,12,3,6.1,-2.4
445,12,4,5.2,-3.2
445,12,5,4.6,-3.7
445,12,6,4.1,-4.2
445,12,7,4.0,-4.4
445,12,8,4.4,-4.1
445,12,9,4.7,-3.8
445,12,10,4.7,-3.8
445,12,11,4.6,-4.0
445,12,12,4.1,-4.3
445,12,13,3.5,-4.9
445,12,14,2.9,-5.5
445,12,15,2.5,-5.8
445,12,16,2.3,-6.1
445,12,17,2.5,-6.2
445,12,18,2.8,-6.2
445,12,19,3.2,-5.8
445,12,20,3.7,-5.5
445,12,21,4.0,-5.1
445,12,22,4.1,-4.9
445,12,23,4.0,-5.0
445,12,24,3.6,-5.3
445,12,25,2.7,-6.0
445,12,26,2.0,-6.6
445,12,27,1.6,-7.0
445,12,28,1.2,-7.4
445,12,29,0.8,-7.8
445,12,30,0.9,-7.5
445,12,31,1.3,-7.0
510,1,1,2.5,-4.3
510,1,2,2.5,-4.3
510,1,3,2.6,-4.3
510,1,4,2.6,-4.3
510,1,5,2.5,-4.4
510,1,6,2.4,-4.5
510,1,7,2.2,-4.6
510,1,8,2.1,-4.7
510,1,9,2.0,-4.9
510,1,10,1.9,-4.9
510,1,11,1.7,-5.0
510,1,12,1.8,-4.9
510,1,13,1.9,-4.8
510,1,14,2.1,-4.7
510,1,15,2.5,-4.4
510,1,16,2.9,-4.1
510,1,17,3.2,-3.9
510,1,18,3.5,-3.6
510,1,19,3.3,-3.7
510,1,20,3.2,-3.9
510,1,21,2.9,-4.4
510,1,22,2.4,-4.9
510,1,23,1.9,-5.4
510,1,24,2.0,-5.4
510,1,25,2.1,-5.3
510,1,26,2.2,-5.1
510,1,27,2.7,-4.6
510,1,28,3.1,-4.2
510,1,29,3.2,-4.0
510,1,30,3.2,-4.0
510,1,31,3.2,-4.1
510,2,1,3.1,-4.3
510,2,2,3.0,-4.3
510,2,3,3.2,-4.3
510,2,4,3.4,-4.0
510,2,5,3.7,-3.8
510,2,6,3.7,-3.7
510,2,7,3.7,-3.7
510,2,8,3.9,-3.5
510,2,9,3.9,-3.6
510,2,10,3.8,-3.3
510,2,11,4.4,-2.9
510,2,12,4.9,-2.4
510,2,13,5.2,-2.1
510,2,14,5.3,-2.1
510,2,15,5.5,-2.0
510,2,16,5.5,-2.0
510,2,17,5.6,-2.0
510,2,18,6.0,-1.8
510,2,19,6.4,-1.4
510,2,20,7.2,-0.8
510,2,21,7.6,-0.5
510,2,22,8.0,-0.1
510,2,23,8.2,0.3
510,2,24,8.6,0.5
510,2,25,8.6,0.6
510,2,26,8.9,0.9
510,2,27,8.9,1.0
510,2,28,8.8,0.9
510,2,29,8.9,0.9
510,3,1,8.9,0.9
510,3,2,9.0,1.1
510,3,3,9.0,1.2
510,3,4,8.9,1.2
510,3,5,9.0,1.2
510,3,6,8.9,1.2
510,3,7,9.2,1.2
510,3,8,9.3,1.3
510,3,9,9.6,1.3
510,3,10,10.1,1.5
510,3,11,10.5,1.9
510,3,12,10.5,2.2
510,3,13,11.0,2.3
510,3,14,11.5,2.9
510,3,15,12.1,3.3
510,3,16,12.6,3.9
510,3,17,13.1,4.2
510,3,18,13.4,4.5
510,3,19,13.7,4.7
510,3,20,13.5,4.6
510,3,21,13.1,4.3
510,3,22,12.8,4.2
510,3,23,12.6,4.1
510,3,24,12.6,4.1
510,3,25,12.9,4.4
510,3,26,13.2,4.6
510,3,27,13.5,4.9
510,3,28,13.9,5.2
510,3,29,14.2,5.6
510,3,30,14.5,5.8
510,3,31,14.8,6.3
510,4,1,15.1,6.4
510,4,2,15.6,6.7
510,4,3,15.8,7.0
510,4,4,15.8,7.0
510,4,5,15.9,7.1
510,4,6,16.4,7.3
510,4,7,16.5,7.6
510,4,8,16.9,7.8
510,4,9,17.4,8.2
510,4,10,17.8,8.5
510,4,11,17.9,8.7
510,4,12,17.9,8.9
510,4,13,18.2,8.9
510,4,14,18.3,9.0
510,4,15,18.6,9.2
510,4,16,19.1,9.5
510,4,17,19.6,9.8
510,4,18,19.7,10.2
510,4,19,19.9,10.5
510,4,20,19.9,10.7
510,4,21,19.6,10.7
510,4,22,19.5,10.7
510,4,23,19.6,10.6
510,4,24,19.5,10.4
510,4,25,19.6,10.4
510,4,26,19.9,10.6
510,4,27,20.2,11.0
510,4,28,20.8,11.6
510,4,29,21.5,12.3
510,4,30,22.4,12.7
510,5,1,22.8,13.2
510,5,2,23.3,13.4
510,5,3,23.7,13.5
510,5,4,23.5,13.3
510,5,5,23.4,13.4
510,5,6,23.7,13.5
510,5,7,23.5,13.6
510,5,8,23.1,13.6
510,5,9,23.2,13.6
510,5,10,22.8,13.8
510,5,11,22.6,13.7
510,5,12,22.8,13.8
510,5,13,23.2,14.0
510,5,14,23.4,14.2
510,5,15,24.0,14.5
510,5,16,24.1,14.7
510,5,17,23.8,14.7
510,5,18,23.9,14.6
510,5,19,24.3,14.8
510,5,20,24.6,15.1
510,5,21,25.0,15.5
510,5,22,25.5,15.7
510,5,23,25.8,16.1
510,5,24,25.9,16.4
510,5,25,25.9,16.4
510,5,26,26.1,16.5
510,5,27,26.3,16.8
510,5,28,26.4,17.0
510,5,29,26.6,17.1
510,5,30,26.7,17.3
510,5,31,26.8,17.5
510,6,1,27.0,17.5
510,6,2,27.4,17.8
510,6,3,27.5,18.2
510,6,4,27.6,18.4
510,6,5,27.7,18.6
510,6,6,27.7,18.9
510,6,7,27.9,19.0
510,6,8,28.1,19.1
510,6,9,28.2,19.3
510,6,10,28.3,19.4
510,6,11,28.4,19.4
510,6,12,28.4,19.4
510,6,13,28.4,19.4
510,6,14,28.5,19.5
510,6,15,28.6,19.7
510,6,16,28.7,20.1
510,6,17,28.9,20.3
510,6,18,29.0,20.5
510,6,19,29.1,20.7
510,6,20,29.3,20.7
510,6,21,29.2,20.7
510,6,22,29.1,20.7
510,6,23,29.0,20.8
510,6,24,28.8,20.8
510,6,25,28.6,20.9
510,6,26,28.8,21.0
510,6,27,29.0,21.2
510,6,28,29.1,21.4
510,6,29,29.0,21.7
510,6,30,29.1,21.9
510,7,1,28.8,21.9
510,7,2,28.9,22.0
510,7,3,29.0,22.0
510,7,4,29.3,22.1
510,7,5,29.5,22.2
510,7,6,29.8,22.4
510,7,7,29.8,22.5
510,7,8,29.8,22.7
510,7,9,29.8,22.6
510,7,10,29.5,22.6
510,7,11,29.4,22.6
510,7,12,29.5,22.7
510,7,13,29.4,22.7
510,7,14,29.3,22.7
510,7,15,29.5,22.8
510,7,16,29.6,22.9
510,7,17,29.7,23.0
510,7,18,30.1,23.2
510,7,19,30.6,23.7
510,7,20,30.9,23.9
510,7,21,30.9,24.1
510,7,22,30.9,24.3
510,7,23,30.9,24.3
510,7,24,30.9,24.2
510,7,25,30.9,24.3
510,7,26,30.9,24.4
510,7,27,31.1,24.5
510,7,28,31.3,24.6
510,7,29,31.2,24.8
510,7,30,31.5,25.0
510,7,31,31.9,25.1
510,8,1,32.1,25.3
510,8,2,32.2,25.3
510,8,3,32.6,25.4
510,8,4,32.6,25.4
510,8,5,32.5,25.3
510,8,6,32.6,25.3
510,8,7,32.6,25.4
510,8,8,32.4,25.3
510,8,9,32.4,25.2
510,8,10,32.2,25.1
510,8,11,32.1,25.0
510,8,12,31.9,25.0
510,8,13,31.8,24.9
510,8,14,31.7,24.7
510,8,15,31.7,24.7
510,8,16,31.5,24.6
510,8,17,31.3,24.4
510,8,18,31.2,24.3
510,8,19,31.0,24.2
510,8,20,30.8,24.0
510,8,21,30.7,23.8
510,8,22,30.6,23.6
510,8,23,30.4,23.4
510,8,24,30.3,23.2
510,8,25,30.1,23.1
510,8,26,29.9,22.9
510,8,27,29.8,22.8
510,8,28,29.8,22.7
510,8,29,29.7,22.5
510,8,30,29.8,22.4
510,8,31,29.6,22.1
510,9,1,29.6,22.0
510,9,2,29.6,21.8
510,9,3,29.3,21.7
510,9,4,29.0,21.4
510,9,5,28.8,21.2
510,9,6,28.7,21.1
510,9,7,28.3,21.0
510,9,8,28.3,20.8
510,9,9,28.1,20.7
510,9,10,27.8,20.6
510,9,11,27.6,20.3
510,9,12,27.5,20.2
510,9,13,27.4,20.1
510,9,14,27.4,20.0
510,9,15,27.6,19.8
510,9,16,27.5,19.7
510,9,17,27.5,19.4
510,9,18,27.1,19.1
510,9,19,26.7,18.8
510,9,20,26.2,18.3
510,9,21,26.0,18.1
510,9,22,25.8,18.0
510,9,23,25.9,17.8
510,9,24,26.1,17.9
510,9,25,26.2,18.0
510,9,26,26.0,18.0
510,9,27,25.6,17.8
510,9,28,25.2,17.6
510,9,29,24.7,17.2
510,9,30,24.2,16.8
510,10,1,23.9,16.3
510,10,2,23.7,15.8
510,10,3,23.6,15.5
510,10,4,23.5,15.3
510,10,5,23.5,15.2
510,10,6,23.5,15.1
510,10,7,23.4,15.1
510,10,8,23.2,15.1
510,10,9,22.9,14.8
510,10,10,22.4,14.4
510,10,11,22.1,14.0
510,10,12,21.7,13.6
510,10,13,21.3,13.0
510,10,14,21.0,12.7
510,10,15,20.9,12.4
510,10,16,20.8,12.3
510,10,17,20.8,12.3
510,10,18,20.8,12.4
510,10,19,20.9,12.5
510,10,20,20.8,12.5
510,10,21,20.5,12.3
510,10,22,20.3,12.1
510,10,23,19.8,11.7
510,10,24,19.1,11.2
510,10,25,18.8,10.7
510,10,26,18.3,10.4
510,10,27,17.7,9.9
510,10,28,17.2,9.3
510,10,29,17.1,8.9
510,10,30,16.7,8.7
510,10,31,16.2,8.3
510,11,1,16.2,8.1
510,11,2,16.3,8.2
510,11,3,16.3,8.3
510,11,4,16.5,8.5
510,11,5,16.7,8.6
510,11,6,16.4,8.5
510,11,7,16.1,8.3
510,11,8,15.5,8.0
510,11,9,14.9,7.6
510,11,10,14.4,7.1
510,11,11,14.1,6.9
510,11,12,13.7,6.6
510,11,13,13.1,6.1
510,11,14,12.6,5.4
510,11,15,12.1,5.0
510,11,16,11.3,4.2
510,11,17,10.8,3.6
510,11,18,10.5,3.1
510,11,19,10.2,2.8
510,11,20,10.1,2.6
510,11,21,10.4,2.8
510,11,22,10.4,3.2
510,11,23,10.6,3.2
510,11,24,10.5,3.2
510,11,25,10.1,3.1
510,11,26,9.7,2.9
510,11,27,9.3,2.5
510,11,28,9.0,2.3
510,11,29,8.9,2.1
510,11,30,8.7,1.9
510,12,1,8.3,1.5
510,12,2,8.0,0.9
510,12,3,7.3,0.1
510,12,4,6.6,-0.5
510,12,5,6.0,-1.0
510,12,6,5.6,-1.3
510,12,7,5.2,-1.4
510,12,8,5.3,-1.4
510,12,9,5.3,-1.3
510,12,10,5.1,-1.5
510,12,11,5.0,-1.8
510,12,12,4.8,-2.0
510,12,13,4.4,-2.1
510,12,14,4.3,-2.4
510,12,15,4.1,-2.6
510,12,16,3.9,-2.7
510,12,17,4.0,-2.8
510,12,18,4.1,-3.0
510,12,19,4.3,-2.8
510,12,20,4.7,-2.4
510,12,21,5.1,-2.1
510,12,22,5.1,-1.9
510,12,23,4.9,-2.1
510,12,24,4.4,-2.6
510,12,25,3.6,-3.4
510,12,26,3.1,-3.9
510,12,27,2.8,-4.3
510,12,28,2.5,-4.5
510,12,29,2.3,-4.5
510,12,30,2.5,-4.3
510,12,31,2.4,-4.3
512,1,1,2.7,-5.5
512,1,2,2.7,-5.5
512,1,3,2.9,-5.4
512,1,4,2.8,-5.5
512,1,5,2.7,-5.8
512,1,6,2.6,-5.8
512,1,7,2.4,-5.9
512,1,8,2.2,-5.9
512,1,9,2.1,-6.1
512,1,10,2.0,-6.0
512,1,11,1.8,-6.1
512,1,12,1.9,-6.0
512,1,13,2.0,-6.0
512,1,14,2.2,-5.8
512,1,15,2.6,-5.6
512,1,16,3.0,-5.4
512,1,17,3.3,-5.2
512,1,18,3.5,-4.8
512,1,19,3.3,-5.0
512,1,20,3.0,-5.1
512,1,21,2.7,-5.4
512,1,22,2.2,-5.9
512,1,23,1.9,-6.4
512,1,24,2.0,-6.3
512,1,25,2.1,-6.4
512,1,26,2.3,-6.2
512,1,27,2.7,-5.8
512,1,28,3.1,-5.4
512,1,29,3.2,-5.4
512,1,30,3.2,-5.3
512,1,31,3.1,-5.5
512,2,1,3.0,-5.6
512,2,2,2.9,-5.7
512,2,3,2.9,-5.7
512,2,4,3.0,-5.5
512,2,5,3.3,-5.3
512,2,6,3.3,-5.2
512,2,7,3.3,-5.1
512,2,8,3.5,-4.9
512,2,9,3.6,-4.9
512,2,10,3.6,-4.6
512,2,11,4.1,-4.3
512,2,12,4.6,-3.9
512,2,13,4.8,-3.7
512,2,14,4.9,-3.6
512,2,15,5.1,-3.5
512,2,16,5.0,-3.4
512,2,17,5.1,-3.4
512,2,18,5.5,-3.4
512,2,19,5.9,-2.9
512,2,20,6.5,-2.6
512,2,21,6.9,-2.3
512,2,22,7.2,-2.0
512,2,23,7.4,-1.7
512,2,24,7.6,-1.5
512,2,25,7.7,-1.4
512,2,26,7.9,-1.1
512,2,27,7.9,-0.9
512,2,28,7.8,-0.9
512,2,29,7.9,-0.9
512,3,1,8.0,-0.9
512,3,2,8.3,-0.6
512,3,3,8.3,-0.5
512,3,4,8.2,-0.4
512,3,5,8.4,-0.4
512,3,6,8.3,-0.3
512,3,7,8.6,-0.4
512,3,8,8.7,-0.4
512,3,9,8.9,-0.4
512,3,10,9.3,-0.2
512,3,11,9.7,0.2
512,3,12,9.7,0.5
512,3,13,10.2,0.6
512,3,14,10.7,1.1
512,3,15,11.2,1.5
512,3,16,11.6,2.0
512,3,17,12.0,2.3
512,3,18,12.2,2.5
512,3,19,12.4,2.6
512,3,20,12.1,2.7
512,3,21,11.8,2.4
512,3,22,11.6,2.2
512,3,23,11.4,2.3
512,3,24,11.4,2.4
512,3,25,11.7,2.5
512,3,26,12.0,2.7
512,3,27,12.3,3.0
512,3,28,12.6,3.2
512,3,29,12.9,3.4
512,3,30,13.3,3.7
512,3,31,13.7,4.1
512,4,1,14.1,4.3
512,4,2,14.5,4.5
512,4,3,14.7,4.9
512,4,4,14.6,5.0
512,4,5,14.6,5.1
512,4,6,14.8,5.3
512,4,7,15.0,5.7
512,4,8,15.3,5.9
512,4,9,15.8,6.2
512,4,10,16.2,6.4
512,4,11,16.4,6.8
512,4,12,16.3,6.9
512,4,13,16.4,6.8
512,4,14,16.6,6.9
512,4,15,16.9,7.1
512,4,16,17.3,7.3
512,4,17,17.9,7.7
512,4,18,18.2,8.1
512,4,19,18.4,8.5
512,4,20,18.5,8.8
512,4,21,18.2,8.9
512,4,22,18.1,8.7
512,4,23,18.1,8.7
512,4,24,18.0,8.5
512,4,25,18.1,8.4
512,4,26,18.4,8.5
512,4,27,18.8,8.9
512,4,28,19.2,9.5
512,4,29,20.0,10.2
512,4,30,20.7,10.7
512,5,1,21.1,11.2
512,5,2,21.4,11.4
512,5,3,21.8,11.4
512,5,4,21.6,11.2
512,5,5,21.6,11.1
512,5,6,21.8,11.2
512,5,7,21.8,11.4
512,5,8,21.4,11.4
512,5,9,21.3,11.5
512,5,10,21.0,11.7
512,5,11,20.8,11.8
512,5,12,21.1,11.8
512,5,13,21.5,12.2
512,5,14,21.8,12.4
512,5,15,22.3,12.5
512,5,16,22.5,12.8
512,5,17,22.2,12.9
512,5,18,22.2,12.8
512,5,19,22.6,12.9
512,5,20,22.9,13.1
512,5,21,23.2,13.3
512,5,22,23.5,13.5
512,5,23,23.9,13.8
512,5,24,23.9,14.2
512,5,25,24.1,14.2
512,5,26,24.2,14.3
512,5,27,24.5,14.6
512,5,28,24.6,14.8
512,5,29,24.8,14.9
512,5,30,24.8,15.0
512,5,31,24.9,15.1
512,6,1,25.2,15.2
512,6,2,25.4,15.4
512,6,3,25.4,15.7
512,6,4,25.5,16.0
512,6,5,25.8,16.3
512,6,6,25.9,16.6
512,6,7,26.2,16.7
512,6,8,26.5,17.0
512,6,9,26.7,17.2
512,6,10,26.6,17.4
512,6,11,26.6,17.4
512,6,12,26.6,17.6
512,6,13,26.7,17.7
512,6,14,26.9,17.7
512,6,15,27.1,17.9
512,6,16,27.3,18.2
512,6,17,27.5,18.5
512,6,18,27.5,18.7
512,6,19,27.5,19.0
512,6,20,27.7,19.2
512,6,21,27.7,19.2
512,6,22,27.6,19.2
512,6,23,27.6,19.3
512,6,24,27.6,19.4
512,6,25,27.4,19.4
512,6,26,27.6,19.7
512,6,27,27.8,19.9
512,6,28,27.9,20.1
512,6,29,28.0,20.4
512,6,30,28.1,20.7
512,7,1,27.9,20.8
512,7,2,27.9,20.9
512,7,3,27.9,20.9
512,7,4,28.1,20.9
512,7,5,28.3,20.9
512,7,6,28.7,21.1
512,7,7,28.8,21.2
512,7,8,28.9,21.3
512,7,9,28.9,21.4
512,7,10,28.6,21.5
512,7,11,28.6,21.5
512,7,12,28.6,21.7
512,7,13,28.6,21.7
512,7,14,28.4,21.7
512,7,15,28.6,21.8
512,7,16,28.7,21.8
512,7,17,28.8,21.9
512,7,18,29.3,22.1
512,7,19,29.8,22.5
512,7,20,30.1,22.8
512,7,21,30.1,23.0
512,7,22,30.1,23.1
512,7,23,30.0,23.3
512,7,24,30.0,23.2
512,7,25,30.2,23.4
512,7,26,30.3,23.5
512,7,27,30.5,23.6
512,7,28,30.6,23.7
512,7,29,30.6,23.8
512,7,30,30.7,24.0
512,7,31,31.1,24.1
512,8,1,31.3,24.2
512,8,2,31.4,24.3
512,8,3,31.8,24.4
512,8,4,31.8,24.3
512,8,5,31.8,24.3
512,8,6,31.9,24.3
512,8,7,32.0,24.4
512,8,8,31.7,24.3
512,8,9,31.7,24.2
512,8,10,31.5,24.0
512,8,11,31.4,23.9
512,8,12,31.2,23.9
512,8,13,31.1,23.8
512,8,14,31.0,23.7
512,8,15,31.0,23.6
512,8,16,30.9,23.6
512,8,17,30.8,23.4
512,8,18,30.7,23.4
512,8,19,30.5,23.3
512,8,20,30.3,23.1
512,8,21,30.1,22.8
512,8,22,30.0,22.5
512,8,23,29.8,22.3
512,8,24,29.7,22.0
512,8,25,29.5,21.9
512,8,26,29.4,21.9
512,8,27,29.3,21.9
512,8,28,29.2,21.8
512,8,29,29.1,21.5
512,8,30,29.2,21.2
512,8,31,29.1,20.9
512,9,1,29.1,20.6
512,9,2,29.1,20.4
512,9,3,29.0,20.3
512,9,4,28.6,20.1
512,9,5,28.5,19.8
512,9,6,28.3,19.7
512,9,7,27.9,19.5
512,9,8,27.9,19.4
512,9,9,27.8,19.3
512,9,10,27.5,19.3
512,9,11,27.3,19.0
512,9,12,27.3,18.8
512,9,13,27.1,18.8
512,9,14,27.1,18.6
512,9,15,27.2,18.4
512,9,16,27.1,18.2
512,9,17,27.0,17.8
512,9,18,26.7,17.5
512,9,19,26.3,17.0
512,9,20,26.0,16.6
512,9,21,25.8,16.4
512,9,22,25.7,16.3
512,9,23,25.7,16.1
512,9,24,25.9,16.1
512,9,25,26.0,16.1
512,9,26,25.7,16.1
512,9,27,25.4,15.8
512,9,28,25.0,15.7
512,9,29,24.6,15.5
512,9,30,24.1,15.1
512,10,1,23.8,14.6
512,10,2,23.6,14.2
512,10,3,23.5,13.7
512,10,4,23.4,13.4
512,10,5,23.4,13.3
512,10,6,23.3,13.2
512,10,7,23.2,13.1
512,10,8,23.0,13.1
512,10,9,22.6,13.0
512,10,10,22.2,12.5
512,10,11,21.9,12.0
512,10,12,21.5,11.7
512,10,13,21.1,11.2
512,10,14,20.9,10.8
512,10,15,20.7,10.5
512,10,16,20.6,10.3
512,10,17,20.6,10.2
512,10,18,20.6,10.3
512,10,19,20.7,10.2
512,10,20,20.6,10.3
512,10,21,20.4,10.3
512,10,22,20.2,10.2
512,10,23,19.8,9.9
512,10,24,19.2,9.5
512,10,25,18.7,9.0
512,10,26,18.3,8.6
512,10,27,17.7,8.1
512,10,28,17.1,7.4
512,10,29,16.9,7.0
512,10,30,16.6,6.8
512,10,31,16.1,6.5
512,11,1,16.1,6.2
512,11,2,16.2,6.3
512,11,3,16.3,6.4
512,11,4,16.4,6.6
512,11,5,16.6,6.7
512,11,6,16.3,6.8
512,11,7,16.0,6.7
512,11,8,15.5,6.5
512,11,9,14.9,6.1
512,11,10,14.4,5.5
512,11,11,14.2,5.2
512,11,12,13.8,4.9
512,11,13,13.2,4.4
512,11,14,12.6,3.8
512,11,15,12.2,3.4
512,11,16,11.5,2.8
512,11,17,11.0,2.1
512,11,18,10.7,1.7
512,11,19,10.5,1.4
512,11,20,10.4,1.2
512,11,21,10.6,1.3
512,11,22,10.6,1.6
512,11,23,10.7,1.7
512,11,24,10.6,1.7
512,11,25,10.2,1.7
512,11,26,9.8,1.6
512,11,27,9.4,1.3
512,11,28,9.2,1.0
512,11,29,9.0,0.8
512,11,30,8.9,0.4
512,12,1,8.6,0.0
512,12,2,8.2,-0.6
512,12,3,7.6,-1.1
512,12,4,6.8,-1.7
512,12,5,6.3,-2.1
512,12,6,5.8,-2.4
512,12,7,5.5,-2.5
512,12,8,5.6,-2.5
512,12,9,5.6,-2.5
512,12,10,5.4,-2.7
512,12,11,5.2,-3.0
512,12,12,5.0,-3.3
512,12,13,4.7,-3.5
512,12,14,4.4,-3.7
512,12,15,4.3,-3.9
512,12,16,4.1,-4.0
512,12,17,4.2,-3.9
512,12,18,4.2,-4.1
512,12,19,4.5,-4.0
512,12,20,4.9,-3.7
512,12,21,5.3,-3.4
512,12,22,5.3,-3.4
512,12,23,5.2,-3.5
512,12,24,4.6,-3.8
512,12,25,3.7,-4.6
512,12,26,3.1,-5.0
512,12,27,2.8,-5.4
512,12,28,2.5,-5.6
512,12,29,2.4,-5.8
512,12,30,2.6,-5.6
512,12,31,2.6,-5.5
517,1,1,4.3,-4.6
517,1,2,4.2,-4.6
517,1,3,4.3,-4.7
517,1,4,4.3,-4.7
517,1,5,4.3,-5.0
517,1,6,4.0,-5.1
517,1,7,4.0,-5.2
517,1,8,4.0,-5.1
517,1,9,3.8,-5.2
517,1,10,3.6,-5.2
517,1,11,3.5,-5.3
517,1,12,3.4,-5.5
517,1,13,3.4,-5.7
517,1,14,3.5,-5.7
517,1,15,3.8,-5.6
517,1,16,4.1,-5.3
517,1,17,4.4,-5.0
517,1,18,4.3,-4.6
517,1,19,4.0,-4.7
517,1,20,3.7,-4.9
517,1,21,3.5,-5.3
517,1,22,3.1,-5.8
517,1,23,3.0,-6.3
517,1,24,3.2,-6.3
517,1,25,3.5,-6.2
517,1,26,3.5,-5.9
517,1,27,3.8,-5.6
517,1,28,3.9,-5.2
517,1,29,4.1,-5.3
517,1,30,3.9,-5.4
517,1,31,4.1,-5.5
517,2,1,4.1,-5.6
517,2,2,4.3,-5.7
517,2,3,4.4,-5.5
517,2,4,4.7,-5.3
517,2,5,4.6,-5.0
517,2,6,4.7,-4.8
517,2,7,4.8,-4.6
517,2,8,4.8,-4.5
517,2,9,4.7,-4.4
517,2,10,4.5,-4.5
517,2,11,4.8,-4.5
517,2,12,5.1,-4.1
517,2,13,5.3,-4.1
517,2,14,5.5,-4.0
517,2,15,5.6,-3.7
517,2,16,5.6,-3.5
517,2,17,5.7,-3.6
517,2,18,5.9,-3.2
517,2,19,6.2,-3.1
517,2,20,6.9,-2.7
517,2,21,7.3,-2.5
517,2,22,7.4,-2.3
517,2,23,7.4,-2.3
517,2,24,7.4,-2.0
517,2,25,7.2,-1.9
517,2,26,7.2,-2.0
517,2,27,7.3,-1.8
517,2,28,7.5,-1.6
517,2,29,7.7,-1.5
517,3,1,7.9,-1.5
517,3,2,7.9,-1.3
517,3,3,8.0,-1.4
517,3,4,8.1,-1.4
517,3,5,7.9,-1.6
517,3,6,7.9,-1.6
517,3,7,8.1,-1.4
517,3,8,8.2,-1.1
517,3,9,8.4,-1.0
517,3,10,9.0,-0.8
517,3,11,9.3,-0.7
517,3,12,9.6,-0.7
517,3,13,10.1,-0.7
517,3,14,10.5,-0.4
517,3,15,11.0,-0.1
517,3,16,11.7,0.4
517,3,17,12.1,0.9
517,3,18,12.2,1.2
517,3,19,12.4,1.2
517,3,20,12.1,1.3
517,3,21,11.5,1.1
517,3,22,11.4,0.9
517,3,23,11.7,1.2
517,3,24,11.8,1.6
517,3,25,12.5,1.8
517,3,26,13.0,2.4
517,3,27,13.2,2.7
517,3,28,13.4,2.8
517,3,29,13.6,2.8
517,3,30,13.5,3.0
517,3,31,13.4,3.0
517,4,1,13.6,3.1
517,4,2,13.8,3.0
517,4,3,14.0,3.3
517,4,4,14.0,3.5
517,4,5,14.5,3.9
517,4,6,14.8,4.1
517,4,7,15.1,4.5
517,4,8,15.5,4.8
517,4,9,15.4,4.6
517,4,10,15.4,4.7
517,4,11,15.6,5.3
517,4,12,15.7,5.6
517,4,13,16.1,5.8
517,4,14,16.9,6.2
517,4,15,17.1,6.3
517,4,16,17.4,6.2
517,4,17,17.3,6.2
517,4,18,16.9,6.5
517,4,19,17.1,6.7
517,4,20,17.3,6.8
517,4,21,17.4,7.1
517,4,22,17.7,7.3
517,4,23,18.1,7.3
517,4,24,18.0,7.3
517,4,25,18.0,7.3
517,4,26,18.6,7.4
517,4,27,19.0,7.9
517,4,28,19.6,8.4
517,4,29,20.0,8.7
517,4,30,20.5,9.4
517,5,1,20.6,9.7
517,5,2,20.8,10.0
517,5,3,20.9,10.1
517,5,4,21.0,10.4
517,5,5,21.0,10.2
517,5,6,20.8,10.2
517,5,7,20.2,9.9
517,5,8,19.5,9.7
517,5,9,19.2,9.5
517,5,10,19.0,9.7
517,5,11,19.2,10.0
517,5,12,19.8,10.5
517,5,13,20.3,11.0
517,5,14,20.8,11.4
517,5,15,21.3,11.7
517,5,16,21.4,11.9
517,5,17,21.5,12.2
517,5,18,21.8,12.2
517,5,19,22.2,12.4
517,5,20,22.6,12.6
517,5,21,22.8,12.7
517,5,22,22.7,12.7
517,5,23,22.9,12.7
517,5,24,22.9,12.8
517,5,25,22.5,12.8
517,5,26,22.4,12.7
517,5,27,22.7,13.1
517,5,28,22.6,13.5
517,5,29,22.7,13.4
517,5,30,23.3,13.6
517,5,31,23.5,13.7
517,6,1,23.5,13.6
517,6,2,23.9,13.6
517,6,3,23.7,14.0
517,6,4,23.6,14.2
517,6,5,23.8,14.8
517,6,6,23.7,14.9
517,6,7,23.3,15.0
517,6,8,23.3,15.0
517,6,9,23.4,15.0
517,6,10,23.2,14.8
517,6,11,23.3,14.9
517,6,12,23.3,15.2
517,6,13,23.4,15.4
517,6,14,23.5,15.4
517,6,15,23.6,15.7
517,6,16,23.9,15.9
517,6,17,24.1,16.1
517,6,18,24.4,16.3
517,6,19,24.7,16.8
517,6,20,24.9,17.1
517,6,21,24.9,17.2
517,6,22,25.1,17.3
517,6,23,24.9,17.4
517,6,24,24.8,17.5
517,6,25,25.0,17.7
517,6,26,25.1,17.9
517,6,27,25.2,17.9
517,6,28,25.3,18.1
517,6,29,25.4,18.2
517,6,30,25.5,18.5
517,7,1,25.6,18.7
517,7,2,25.7,19.0
517,7,3,26.1,19.1
517,7,4,26.2,19.2
517,7,5,25.9,19.0
517,7,6,25.8,18.8
517,7,7,25.8,18.7
517,7,8,25.5,18.8
517,7,9,25.5,18.8
517,7,10,25.8,19.1
517,7,11,26.1,19.4
517,7,12,26.3,19.5
517,7,13,26.5,19.7
517,7,14,26.7,19.9
517,7,15,27.0,20.0
517,7,16,27.1,20.0
517,7,17,27.0,20.3
517,7,18,27.4,20.4
517,7,19,27.7,20.6
517,7,20,27.7,20.9
517,7,21,27.8,21.1
517,7,22,28.0,21.3
517,7,23,27.7,21.3
517,7,24,27.5,21.2
517,7,25,27.4,21.1
517,7,26,27.4,21.1
517,7,27,27.7,21.1
517,7,28,28.2,21.3
517,7,29,28.5,21.6
517,7,30,28.9,21.9
517,7,31,28.8,22.0
517,8,1,28.6,22.0
517,8,2,28.7,22.0
517,8,3,28.8,21.9
517,8,4,28.7,21.9
517,8,5,28.9,21.8
517,8,6,29.1,21.9
517,8,7,29.0,21.8
517,8,8,28.7,21.8
517,8,9,28.8,21.7
517,8,10,28.8,21.6
517,8,11,28.8,21.5
517,8,12,28.8,21.4
517,8,13,28.9,21.4
517,8,14,28.5,21.3
517,8,15,28.2,21.1
517,8,16,27.8,21.0
517,8,17,27.4,20.7
517,8,18,26.9,20.4
517,8,19,26.9,20.3
517,8,20,27.1,20.2
517,8,21,27.3,20.1
517,8,22,27.4,20.0
517,8,23,27.5,19.8
517,8,24,27.2,19.4
517,8,25,26.9,19.2
517,8,26,26.6,19.0
517,8,27,26.5,18.9
517,8,28,26.4,18.8
517,8,29,26.4,18.8
517,8,30,26.3,18.6
517,8,31,26.0,18.4
517,9,1,25.7,18.1
517,9,2,25.5,17.7
517,9,3,25.4,17.5
517,9,4,25.3,17.3
517,9,5,25.1,17.1
517,9,6,25.1,16.9
517,9,7,25.1,16.9
517,9,8,24.9,16.8
517,9,9,24.7,16.6
517,9,10,24.5,16.4
517,9,11,24.2,16.2
517,9,12,24.1,15.9
517,9,13,23.8,15.7
517,9,14,23.9,15.6
517,9,15,24.1,15.4
517,9,16,24.1,15.4
517,9,17,24.0,15.1
517,9,18,23.9,14.8
517,9,19,23.5,14.5
517,9,20,23.0,14.1
517,9,21,22.6,13.6
517,9,22,22.4,13.4
517,9,23,22.2,13.1
517,9,24,22.3,13.0
517,9,25,22.6,13.0
517,9,26,22.6,13.0
517,9,27,22.5,12.9
517,9,28,22.3,12.8
517,9,29,22.0,12.7
517,9,30,21.9,12.5
517,10,1,21.8,12.3
517,10,2,21.6,11.9
517,10,3,21.6,11.6
517,10,4,21.5,11.3
517,10,5,21.3,11.2
517,10,6,21.0,11.2
517,10,7,21.0,11.2
517,10,8,20.9,11.2
517,10,9,20.9,10.9
517,10,10,20.7,10.4
517,10,11,20.5,10.0
517,10,12,20.4,9.7
517,10,13,20.2,9.4
517,10,14,20.0,9.2
517,10,15,19.9,9.0
517,10,16,19.7,8.8
517,10,17,19.3,8.5
517,10,18,19.2,8.5
517,10,19,19.1,8.5
517,10,20,18.9,8.6
517,10,21,18.6,8.4
517,10,22,18.5,8.2
517,10,23,18.4,8.0
517,10,24,17.9,7.7
517,10,25,17.6,7.2
517,10,26,17.7,7.0
517,10,27,17.2,6.6
517,10,28,16.7,5.8
517,10,29,16.7,5.6
517,10,30,16.5,5.5
517,10,31,16.1,5.3
517,11,1,16.2,5.1
517,11,2,16.4,5.2
517,11,3,16.6,5.2
517,11,4,16.6,5.4
517,11,5,16.6,5.5
517,11,6,16.2,5.8
517,11,7,15.5,5.8
517,11,8,14.8,5.6
517,11,9,14.3,5.2
517,11,10,13.9,4.6
517,11,11,13.6,4.1
517,11,12,13.6,3.9
517,11,13,13.4,3.5
517,11,14,12.9,2.9
517,11,15,12.5,2.6
517,11,16,11.9,1.9
517,11,17,11.4,1.4
517,11,18,11.0,1.0
517,11,19,10.9,0.8
517,11,20,10.9,0.8
517,11,21,11.1,1.1
517,11,22,11.3,1.2
517,11,23,11.3,1.2
517,11,24,10.9,1.1
517,11,25,10.6,1.0
517,11,26,10.2,1.0
517,11,27,9.9,0.9
517,11,28,9.6,0.8
517,11,29,9.5,0.5
517,11,30,9.1,0.0
517,12,1,9.1,-0.4
517,12,2,8.8,-0.9
517,12,3,8.5,-1.3
517,12,4,7.9,-1.6
517,12,5,7.5,-1.8
517,12,6,7.1,-2.0
517,12,7,6.7,-2.3
517,12,8,6.5,-2.5
517,12,9,6.4,-2.6
517,12,10,6.2,-2.8
517,12,11,6.1,-3.1
517,12,12,6.0,-3.2
517,12,13,5.8,-3.3
517,12,14,5.8,-3.4
517,12,15,5.7,-3.5
517,12,16,5.7,-3.6
517,12,17,5.7,-3.6
517,12,18,5.8,-3.7
517,12,19,5.9,-3.6
517,12,20,6.1,-3.2
517,12,21,6.3,-3.0
517,12,22,6.2,-2.9
517,12,23,5.9,-3.1
517,12,24,5.6,-3.4
517,12,25,5.3,-4.2
517,12,26,5.0,-4.4
517,12,27,4.9,-4.6
517,12,28,4.9,-4.7
517,12,29,4.7,-4.8
517,12,30,4.5,-4.7
517,12,31,4.4,-4.6
526,1,1,1.8,-10.8
526,1,2,1.8,-10.8
526,1,3,1.9,-10.7
526,1,4,2.0,-10.7
526,1,5,1.9,-11.0
526,1,6,1.8,-11.1
526,1,7,1.5,-11.3
526,1,8,1.3,-11.5
526,1,9,1.3,-11.5
526,1,10,1.3,-11.5
526,1,11,1.3,-11.5
526,1,12,1.4,-11.4
526,1,13,1.5,-11.2
526,1,14,1.6,-11.1
526,1,15,1.8,-10.8
526,1,16,2.1,-10.3
526,1,17,2.3,-10.0
526,1,18,2.4,-9.4
526,1,19,2.3,-9.3
526,1,20,2.1,-9.4
526,1,21,1.9,-9.8
526,1,22,1.6,-10.3
526,1,23,1.4,-11.1
526,1,24,1.4,-11.2
526,1,25,1.5,-11.2
526,1,26,1.6,-11.2
526,1,27,2.0,-10.8
526,1,28,2.3,-10.3
526,1,29,2.5,-10.2
526,1,30,2.6,-10.3
526,1,31,2.7,-10.5
526,2,1,2.6,-10.6
526,2,2,2.7,-10.7
526,2,3,2.8,-10.6
526,2,4,3.1,-10.3
526,2,5,3.3,-9.8
526,2,6,3.3,-9.5
526,2,7,3.2,-9.5
526,2,8,3.3,-9.2
526,2,9,3.2,-9.3
526,2,10,3.1,-9.3
526,2,11,3.6,-9.1
526,2,12,4.1,-8.6
526,2,13,4.5,-8.2
526,2,14,4.7,-7.9
526,2,15,4.8,-7.7
526,2,16,4.9,-7.5
526,2,17,5.1,-7.5
526,2,18,5.3,-7.4
526,2,19,5.6,-7.2
526,2,20,6.4,-6.8
526,2,21,6.9,-6.4
526,2,22,7.3,-6.0
526,2,23,7.5,-5.5
526,2,24,7.8,-5.1
526,2,25,7.8,-5.0
526,2,26,7.9,-4.7
526,2,27,8.0,-4.4
526,2,28,7.8,-4.4
526,2,29,7.9,-4.4
526,3,1,8.0,-4.4
526,3,2,8.1,-4.0
526,3,3,8.2,-3.9
526,3,4,8.1,-4.1
526,3,5,8.1,-4.2
526,3,6,8.1,-4.3
526,3,7,8.4,-4.3
526,3,8,8.6,-4.2
526,3,9,8.9,-4.2
526,3,10,9.5,-4.1
526,3,11,9.9,-3.8
526,3,12,10.0,-3.7
526,3,13,10.4,-3.7
526,3,14,10.8,-3.3
526,3,15,11.3,-2.7
526,3,16,11.8,-2.0
526,3,17,12.3,-1.5
526,3,18,12.6,-1.2
526,3,19,12.9,-1.2
526,3,20,12.9,-1.0
526,3,21,12.5,-1.4
526,3,22,12.2,-1.6
526,3,23,12.1,-1.7
526,3,24,11.9,-1.7
526,3,25,12.2,-1.7
526,3,26,12.6,-1.4
526,3,27,13.0,-1.0
526,3,28,13.5,-0.7
526,3,29,13.8,-0.3
526,3,30,14.0,0.0
526,3,31,14.1,0.4
526,4,1,14.4,0.5
526,4,2,14.7,0.5
526,4,3,15.1,0.6
526,4,4,15.1,0.8
526,4,5,15.4,1.1
526,4,6,15.9,1.4
526,4,7,16.2,1.8
526,4,8,16.4,2.2
526,4,9,16.7,2.5
526,4,10,17.0,2.7
526,4,11,16.8,2.9
526,4,12,16.9,3.1
526,4,13,17.2,3.1
526,4,14,17.8,3.2
526,4,15,18.1,3.2
526,4,16,18.8,3.6
526,4,17,19.1,3.9
526,4,18,19.1,4.3
526,4,19,19.1,4.8
526,4,20,19.3,5.2
526,4,21,18.9,5.4
526,4,22,19.0,5.4
526,4,23,19.1,5.3
526,4,24,18.9,5.2
526,4,25,18.8,5.0
526,4,26,19.2,4.9
526,4,27,19.4,5.1
526,4,28,20.0,5.6
526,4,29,20.8,6.1
526,4,30,21.7,6.7
526,5,1,22.0,7.3
526,5,2,22.6,7.8
526,5,3,23.0,8.0
526,5,4,22.7,8.0
526,5,5,22.6,8.0
526,5,6,22.7,7.9
526,5,7,22.5,8.0
526,5,8,21.9,8.2
526,5,9,21.8,8.3
526,5,10,21.5,8.6
526,5,11,21.6,8.9
526,5,12,21.9,8.9
526,5,13,22.2,9.1
526,5,14,22.4,9.4
526,5,15,22.9,9.3
526,5,16,23.0,9.6
526,5,17,22.7,9.9
526,5,18,23.0,9.8
526,5,19,23.4,9.7
526,5,20,23.8,9.9
526,5,21,24.1,10.1
526,5,22,24.5,10.3
526,5,23,24.8,10.6
526,5,24,24.8,11.1
526,5,25,24.7,11.2
526,5,26,24.8,11.2
526,5,27,24.9,11.3
526,5,28,24.9,11.4
526,5,29,25.1,11.3
526,5,30,25.4,11.3
526,5,31,25.7,11.5
526,6,1,25.8,11.6
526,6,2,26.2,11.8
526,6,3,26.2,12.3
526,6,4,26.4,12.9
526,6,5,26.4,13.2
526,6,6,26.4,13.5
526,6,7,26.5,13.7
526,6,8,26.7,13.9
526,6,9,26.7,13.9
526,6,10,26.7,14.0
526,6,11,26.8,14.1
526,6,12,26.6,14.4
526,6,13,26.6,14.4
526,6,14,26.8,14.4
526,6,15,27.1,14.5
526,6,16,27.3,14.8
526,6,17,27.5,14.9
526,6,18,27.7,15.3
526,6,19,27.7,15.8
526,6,20,27.8,16.1
526,6,21,27.6,16.2
526,6,22,27.5,16.3
526,6,23,27.1,16.3
526,6,24,26.9,16.4
526,6,25,26.6,16.6
526,6,26,26.8,16.8
526,6,27,27.1,17.1
526,6,28,27.4,17.5
526,6,29,27.4,17.8
526,6,30,27.5,18.1
526,7,1,27.2,18.3
526,7,2,27.2,18.4
526,7,3,27.2,18.4
526,7,4,27.5,18.3
526,7,5,27.5,18.2
526,7,6,27.7,18.2
526,7,7,27.7,18.3
526,7,8,27.6,18.4
526,7,9,27.5,18.5
526,7,10,27.3,18.7
526,7,11,27.3,18.9
526,7,12,27.3,18.8
526,7,13,27.1,18.8
526,7,14,27.0,18.8
526,7,15,27.4,18.9
526,7,16,27.6,18.8
526,7,17,27.8,19.0
526,7,18,28.2,19.2
526,7,19,28.7,19.5
526,7,20,29.0,19.8
526,7,21,28.9,20.1
526,7,22,28.9,20.3
526,7,23,28.8,20.4
526,7,24,28.8,20.4
526,7,25,28.7,20.3
526,7,26,28.7,20.3
526,7,27,28.8,20.4
526,7,28,29.0,20.3
526,7,29,29.2,20.5
526,7,30,29.6,20.7
526,7,31,29.9,20.9
526,8,1,30.1,21.0
526,8,2,30.2,21.0
526,8,3,30.4,21.0
526,8,4,30.3,21.0
526,8,5,30.2,20.8
526,8,6,30.3,20.7
526,8,7,30.2,20.7
526,8,8,29.8,20.6
526,8,9,29.7,20.4
526,8,10,29.6,20.3
526,8,11,29.5,20.1
526,8,12,29.3,20.1
526,8,13,29.2,20.0
526,8,14,29.1,19.9
526,8,15,29.2,19.8
526,8,16,28.8,19.7
526,8,17,28.6,19.6
526,8,18,28.4,19.4
526,8,19,28.3,19.4
526,8,20,28.1,19.3
526,8,21,28.0,19.1
526,8,22,28.0,18.9
526,8,23,27.9,18.7
526,8,24,27.6,18.4
526,8,25,27.4,18.1
526,8,26,27.4,18.0
526,8,27,27.4,17.9
526,8,28,27.2,17.8
526,8,29,27.1,17.6
526,8,30,27.2,17.3
526,8,31,27.0,17.1
526,9,1,26.8,16.9
526,9,2,26.8,16.5
526,9,3,26.7,16.3
526,9,4,26.3,16.2
526,9,5,26.1,16.0
526,9,6,26.1,15.9
526,9,7,25.8,15.8
526,9,8,25.7,15.7
526,9,9,25.5,15.5
526,9,10,25.2,15.4
526,9,11,25.0,15.2
526,9,12,24.8,15.0
526,9,13,24.7,14.9
526,9,14,24.7,14.7
526,9,15,24.8,14.4
526,9,16,24.8,14.1
526,9,17,24.8,13.7
526,9,18,24.5,13.2
526,9,19,24.1,12.8
526,9,20,23.6,12.4
526,9,21,23.3,11.9
526,9,22,23.1,11.7
526,9,23,23.1,11.6
526,9,24,23.4,11.5
526,9,25,23.6,11.5
526,9,26,23.5,11.4
526,9,27,23.2,11.4
526,9,28,22.9,11.3
526,9,29,22.4,11.2
526,9,30,22.1,11.0
526,10,1,21.9,10.7
526,10,2,21.8,10.2
526,10,3,21.6,9.6
526,10,4,21.6,9.2
526,10,5,21.5,8.9
526,10,6,21.4,8.7
526,10,7,21.3,8.5
526,10,8,21.3,8.5
526,10,9,21.0,8.3
526,10,10,20.7,8.0
526,10,11,20.3,7.5
526,10,12,19.9,7.3
526,10,13,19.6,6.6
526,10,14,19.4,6.2
526,10,15,19.3,5.6
526,10,16,19.3,5.4
526,10,17,19.3,5.2
526,10,18,19.3,5.2
526,10,19,19.4,5.2
526,10,20,19.2,5.3
526,10,21,18.8,5.3
526,10,22,18.5,5.1
526,10,23,18.2,4.8
526,10,24,17.7,4.4
526,10,25,17.4,4.0
526,10,26,17.2,3.5
526,10,27,16.5,3.0
526,10,28,16.0,2.6
526,10,29,15.7,2.3
526,10,30,15.3,2.1
526,10,31,14.9,1.9
526,11,1,14.8,1.7
526,11,2,14.9,1.4
526,11,3,15.1,1.3
526,11,4,15.1,1.3
526,11,5,15.3,1.5
526,11,6,15.1,1.8
526,11,7,14.7,1.9
526,11,8,14.1,1.9
526,11,9,13.7,1.6
526,11,10,13.2,1.1
526,11,11,12.8,0.5
526,11,12,12.4,0.3
526,11,13,11.9,-0.1
526,11,14,11.4,-0.7
526,11,15,11.0,-1.1
526,11,16,10.4,-1.6
526,11,17,9.7,-2.3
526,11,18,9.3,-2.8
526,11,19,9.0,-3.1
526,11,20,8.8,-3.3
526,11,21,9.0,-3.3
526,11,22,9.0,-3.1
526,11,23,9.1,-3.0
526,11,24,8.9,-2.8
526,11,25,8.6,-2.7
526,11,26,8.3,-2.7
526,11,27,8.0,-2.6
526,11,28,7.8,-2.8
526,11,29,7.7,-3.1
526,11,30,7.6,-3.4
526,12,1,7.1,-3.8
526,12,2,6.8,-4.5
526,12,3,6.2,-5.0
526,12,4,5.5,-5.5
526,12,5,4.8,-6.0
526,12,6,4.5,-6.3
526,12,7,4.1,-6.8
526,12,8,4.0,-7.0
526,12,9,3.9,-7.0
526,12,10,4.0,-7.5
526,12,11,3.9,-7.8
526,12,12,3.7,-8.1
526,12,13,3.4,-8.2
526,12,14,3.2,-8.6
526,12,15,2.9,-8.6
526,12,16,2.7,-8.8
526,12,17,2.6,-8.9
526,12,18,2.8,-9.2
526,12,19,3.0,-9.0
526,12,20,3.5,-8.9
526,12,21,3.9,-8.5
526,12,22,4.0,-8.1
526,12,23,3.9,-8.0
526,12,24,3.5,-8.3
526,12,25,2.9,-9.0
526,12,26,2.5,-9.7
526,12,27,2.2,-10.3
526,12,28,2.0,-10.9
526,12,29,1.8,-11.2
526,12,30,1.7,-11.1
526,12,31,1.8,-10.8
532,1,1,1.6,-8.8
532,1,2,1.7,-8.7
532,1,3,1.9,-8.7
532,1,4,1.9,-8.7
532,1,5,1.8,-8.9
532,1,6,1.6,-9.0
532,1,7,1.4,-9.1
532,1,8,1.3,-9.1
532,1,9,1.2,-9.2
532,1,10,1.2,-9.2
532,1,11,1.0,-9.3
532,1,12,1.2,-9.2
532,1,13,1.4,-9.2
532,1,14,1.5,-9.1
532,1,15,1.8,-8.7
532,1,16,2.2,-8.4
532,1,17,2.5,-8.1
532,1,18,2.6,-7.6
532,1,19,2.4,-7.7
532,1,20,2.3,-7.8
532,1,21,2.1,-8.2
532,1,22,1.7,-8.8
532,1,23,1.3,-9.5
532,1,24,1.4,-9.5
532,1,25,1.5,-9.6
532,1,26,1.7,-9.4
532,1,27,2.0,-8.9
532,1,28,2.4,-8.5
532,1,29,2.5,-8.3
532,1,30,2.6,-8.3
532,1,31,2.6,-8.4
532,2,1,2.4,-8.5
532,2,2,2.4,-8.5
532,2,3,2.5,-8.5
532,2,4,2.7,-8.2
532,2,5,3.0,-7.9
532,2,6,3.1,-7.6
532,2,7,3.1,-7.5
532,2,8,3.2,-7.3
532,2,9,3.2,-7.3
532,2,10,3.2,-7.1
532,2,11,3.8,-6.8
532,2,12,4.4,-6.3
532,2,13,4.6,-5.9
532,2,14,4.7,-5.8
532,2,15,4.9,-5.8
532,2,16,4.9,-5.7
532,2,17,5.1,-5.8
532,2,18,5.5,-5.8
532,2,19,5.9,-5.4
532,2,20,6.7,-4.8
532,2,21,7.2,-4.5
532,2,22,7.6,-4.2
532,2,23,7.8,-3.7
532,2,24,8.2,-3.4
532,2,25,8.2,-3.3
532,2,26,8.4,-3.0
532,2,27,8.4,-2.7
532,2,28,8.3,-2.8
532,2,29,8.4,-2.8
532,3,1,8.4,-2.8
532,3,2,8.6,-2.6
532,3,3,8.6,-2.5
532,3,4,8.5,-2.4
532,3,5,8.6,-2.5
532,3,6,8.5,-2.5
532,3,7,8.8,-2.5
532,3,8,9.0,-2.4
532,3,9,9.3,-2.5
532,3,10,9.8,-2.4
532,3,11,10.3,-2.0
532,3,12,10.3,-1.7
532,3,13,10.8,-1.6
532,3,14,11.3,-1.1
532,3,15,12.0,-0.7
532,3,16,12.5,-0.1
532,3,17,13.0,0.3
532,3,18,13.3,0.6
532,3,19,13.5,0.7
532,3,20,13.3,0.8
532,3,21,13.0,0.5
532,3,22,12.8,0.2
532,3,23,12.7,0.2
532,3,24,12.6,0.2
532,3,25,12.9,0.4
532,3,26,13.3,0.6
532,3,27,13.6,1.0
532,3,28,14.0,1.3
532,3,29,14.4,1.6
532,3,30,14.6,1.9
532,3,31,14.9,2.3
532,4,1,15.1,2.4
532,4,2,15.5,2.5
532,4,3,15.8,2.8
532,4,4,15.7,2.9
532,4,5,15.9,3.1
532,4,6,16.4,3.3
532,4,7,16.6,3.8
532,4,8,16.9,4.2
532,4,9,17.5,4.6
532,4,10,17.8,4.8
532,4,11,17.8,5.2
532,4,12,18.0,5.4
532,4,13,18.3,5.3
532,4,14,18.5,5.4
532,4,15,18.8,5.4
532,4,16,19.3,5.5
532,4,17,19.6,5.8
532,4,18,19.6,6.3
532,4,19,19.7,6.7
532,4,20,19.7,7.1
532,4,21,19.3,7.3
532,4,22,19.3,7.3
532,4,23,19.3,7.1
532,4,24,19.2,6.9
532,4,25,19.3,6.7
532,4,26,19.8,6.6
532,4,27,20.0,6.8
532,4,28,20.6,7.5
532,4,29,21.4,8.2
532,4,30,22.1,8.9
532,5,1,22.4,9.6
532,5,2,22.9,10.0
532,5,3,23.4,10.0
532,5,4,23.1,9.9
532,5,5,23.1,9.6
532,5,6,23.5,9.6
532,5,7,23.3,9.7
532,5,8,22.8,9.8
532,5,9,22.9,10.0
532,5,10,22.4,10.3
532,5,11,22.3,10.4
532,5,12,22.6,10.5
532,5,13,22.9,10.8
532,5,14,23.0,11.1
532,5,15,23.6,11.1
532,5,16,23.6,11.4
532,5,17,23.3,11.6
532,5,18,23.5,11.3
532,5,19,23.9,11.3
532,5,20,24.2,11.5
532,5,21,24.7,11.8
532,5,22,25.1,12.0
532,5,23,25.4,12.5
532,5,24,25.4,12.9
532,5,25,25.5,13.0
532,5,26,25.7,13.0
532,5,27,25.9,13.3
532,5,28,25.9,13.4
532,5,29,26.1,13.4
532,5,30,26.3,13.5
532,5,31,26.5,13.7
532,6,1,26.7,13.7
532,6,2,27.0,13.9
532,6,3,27.1,14.3
532,6,4,27.3,14.8
532,6,5,27.4,15.2
532,6,6,27.3,15.5
532,6,7,27.5,15.7
532,6,8,27.7,15.9
532,6,9,27.8,16.1
532,6,10,27.9,16.1
532,6,11,28.0,16.2
532,6,12,27.9,16.5
532,6,13,27.9,16.6
532,6,14,28.0,16.5
532,6,15,28.1,16.7
532,6,16,28.2,17.0
532,6,17,28.3,17.1
532,6,18,28.4,17.3
532,6,19,28.6,17.7
532,6,20,28.8,17.9
532,6,21,28.7,18.0
532,6,22,28.6,18.0
532,6,23,28.5,18.1
532,6,24,28.2,18.1
532,6,25,28.0,18.3
532,6,26,28.2,18.5
532,6,27,28.3,18.8
532,6,28,28.4,19.1
532,6,29,28.4,19.4
532,6,30,28.4,19.8
532,7,1,28.1,20.0
532,7,2,28.3,20.2
532,7,3,28.4,20.2
532,7,4,28.8,20.1
532,7,5,29.1,20.1
532,7,6,29.4,20.1
532,7,7,29.3,20.2
532,7,8,29.3,20.3
532,7,9,29.1,20.4
532,7,10,28.8,20.4
532,7,11,28.7,20.4
532,7,12,28.7,20.5
532,7,13,28.7,20.6
532,7,14,28.5,20.7
532,7,15,28.6,20.8
532,7,16,28.7,20.9
532,7,17,28.7,21.0
532,7,18,29.2,21.2
532,7,19,29.6,21.6
532,7,20,30.0,21.9
532,7,21,30.0,22.1
532,7,22,30.0,22.2
532,7,23,29.9,22.3
532,7,24,29.9,22.2
532,7,25,30.0,22.2
532,7,26,30.0,22.3
532,7,27,30.2,22.4
532,7,28,30.4,22.5
532,7,29,30.4,22.8
532,7,30,30.6,23.0
532,7,31,31.0,23.1
532,8,1,31.1,23.2
532,8,2,31.1,23.1
532,8,3,31.5,23.1
532,8,4,31.5,23.1
532,8,5,31.4,22.9
532,8,6,31.5,22.8
532,8,7,31.6,22.8
532,8,8,31.4,22.7
532,8,9,31.5,22.6
532,8,10,31.4,22.5
532,8,11,31.3,22.4
532,8,12,31.0,22.3
532,8,13,30.9,22.2
532,8,14,30.7,22.1
532,8,15,30.7,22.0
532,8,16,30.6,21.8
532,8,17,30.3,21.6
532,8,18,30.1,21.5
532,8,19,29.8,21.3
532,8,20,29.6,21.2
532,8,21,29.5,20.9
532,8,22,29.5,20.6
532,8,23,29.4,20.3
532,8,24,29.3,20.0
532,8,25,29.1,19.9
532,8,26,29.0,19.7
532,8,27,28.8,19.7
532,8,28,28.7,19.6
532,8,29,28.6,19.5
532,8,30,28.7,19.3
532,8,31,28.5,19.1
532,9,1,28.5,18.8
532,9,2,28.4,18.5
532,9,3,28.1,18.3
532,9,4,27.8,17.9
532,9,5,27.7,17.7
532,9,6,27.6,17.5
532,9,7,27.3,17.3
532,9,8,27.3,17.2
532,9,9,27.2,17.2
532,9,10,26.9,17.1
532,9,11,26.6,16.8
532,9,12,26.5,16.6
532,9,13,26.4,16.4
532,9,14,26.4,16.1
532,9,15,26.6,15.9
532,9,16,26.5,15.6
532,9,17,26.4,15.2
532,9,18,26.0,14.8
532,9,19,25.5,14.4
532,9,20,25.0,14.0
532,9,21,24.8,13.6
532,9,22,24.7,13.4
532,9,23,24.8,13.1
532,9,24,25.2,13.1
532,9,25,25.3,13.1
532,9,26,25.0,13.1
532,9,27,24.6,13.1
532,9,28,24.2,13.0
532,9,29,23.7,12.8
532,9,30,23.1,12.4
532,10,1,22.9,11.9
532,10,2,22.7,11.2
532,10,3,22.6,10.7
532,10,4,22.6,10.3
532,10,5,22.7,10.2
532,10,6,22.6,10.1
532,10,7,22.5,10.1
532,10,8,22.3,10.2
532,10,9,21.9,10.0
532,10,10,21.5,9.4
532,10,11,21.2,8.8
532,10,12,20.8,8.5
532,10,13,20.4,7.8
532,10,14,20.1,7.3
532,10,15,19.9,7.0
532,10,16,19.8,6.9
532,10,17,19.8,6.8
532,10,18,20.0,6.9
532,10,19,20.0,7.0
532,10,20,20.0,7.1
532,10,21,19.7,7.0
532,10,22,19.4,6.8
532,10,23,18.9,6.5
532,10,24,18.3,6.1
532,10,25,18.0,5.6
532,10,26,17.6,5.2
532,10,27,17.0,4.8
532,10,28,16.5,4.1
532,10,29,16.4,3.6
532,10,30,16.0,3.4
532,10,31,15.6,3.1
532,11,1,15.6,2.9
532,11,2,15.6,3.0
532,11,3,15.6,3.1
532,11,4,15.8,3.3
532,11,5,16.0,3.6
532,11,6,15.7,3.8
532,11,7,15.4,3.8
532,11,8,14.8,3.6
532,11,9,14.2,3.3
532,11,10,13.7,2.6
532,11,11,13.3,2.3
532,11,12,12.8,2.0
532,11,13,12.2,1.6
532,11,14,11.7,0.9
532,11,15,11.2,0.6
532,11,16,10.6,0.0
532,11,17,10.0,-0.8
532,11,18,9.6,-1.3
532,11,19,9.2,-1.6
532,11,20,9.2,-1.9
532,11,21,9.4,-1.8
532,11,22,9.6,-1.3
532,11,23,9.7,-1.3
532,11,24,9.6,-1.3
532,11,25,9.1,-1.2
532,11,26,8.7,-1.2
532,11,27,8.2,-1.4
532,11,28,7.9,-1.6
532,11,29,7.7,-1.9
532,11,30,7.5,-2.3
532,12,1,7.2,-2.8
532,12,2,6.9,-3.4
532,12,3,6.2,-3.9
532,12,4,5.5,-4.5
532,12,5,5.0,-4.8
532,12,6,4.5,-5.0
532,12,7,4.1,-5.3
532,12,8,4.2,-5.4
532,12,9,4.2,-5.3
532,12,10,4.0,-5.6
532,12,11,3.9,-6.1
532,12,12,3.6,-6.4
532,12,13,3.3,-6.6
532,12,14,3.0,-6.9
532,12,15,2.8,-6.9
532,12,16,2.7,-7.1
532,12,17,2.8,-7.0
532,12,18,3.0,-7.2
532,12,19,3.3,-7.0
532,12,20,3.8,-6.8
532,12,21,4.2,-6.5
532,12,22,4.1,-6.3
532,12,23,3.9,-6.4
532,12,24,3.4,-6.8
532,12,25,2.6,-7.6
532,12,26,2.1,-8.2
532,12,27,1.8,-8.6
532,12,28,1.5,-8.9
532,12,29,1.4,-9.0
532,12,30,1.5,-8.9
532,12,31,1.5,-8.7
540,1,1,2.0,-8.7
540,1,2,2.0,-8.7
540,1,3,2.3,-8.7
540,1,4,2.3,-8.7
540,1,5,2.1,-9.1
540,1,6,2.0,-9.1
540,1,7,1.8,-9.2
540,1,8,1.7,-9.2
540,1,9,1.6,-9.3
540,1,10,1.6,-9.2
540,1,11,1.4,-9.2
540,1,12,1.5,-9.2
540,1,13,1.6,-9.3
540,1,14,1.9,-9.1
540,1,15,2.2,-8.9
540,1,16,2.6,-8.6
540,1,17,2.9,-8.3
540,1,18,3.1,-7.8
540,1,19,2.9,-7.9
540,1,20,2.8,-8.0
540,1,21,2.6,-8.3
540,1,22,2.1,-8.9
540,1,23,1.8,-9.5
540,1,24,1.9,-9.4
540,1,25,1.9,-9.5
540,1,26,2.1,-9.4
540,1,27,2.5,-8.9
540,1,28,2.9,-8.4
540,1,29,3.0,-8.3
540,1,30,3.1,-8.3
540,1,31,3.0,-8.4
540,2,1,2.9,-8.5
540,2,2,2.9,-8.6
540,2,3,2.9,-8.6
540,2,4,3.1,-8.3
540,2,5,3.4,-8.0
540,2,6,3.5,-7.8
540,2,7,3.5,-7.8
540,2,8,3.7,-7.5
540,2,9,3.7,-7.5
540,2,10,3.7,-7.3
540,2,11,4.3,-7.0
540,2,12,4.8,-6.4
540,2,13,5.0,-6.0
540,2,14,5.1,-5.9
540,2,15,5.3,-5.9
540,2,16,5.2,-5.8
540,2,17,5.4,-5.8
540,2,18,5.8,-5.8
540,2,19,6.2,-5.5
540,2,20,7.0,-4.9
540,2,21,7.5,-4.5
540,2,22,8.0,-4.3
540,2,23,8.2,-3.8
540,2,24,8.6,-3.6
540,2,25,8.6,-3.6
540,2,26,8.8,-3.3
540,2,27,8.8,-2.9
540,2,28,8.7,-2.9
540,2,29,8.8,-2.8
540,3,1,8.8,-2.8
540,3,2,9.0,-2.5
540,3,3,9.0,-2.4
540,3,4,8.9,-2.3
540,3,5,9.0,-2.4
540,3,6,8.9,-2.4
540,3,7,9.1,-2.5
540,3,8,9.1,-2.5
540,3,9,9.4,-2.6
540,3,10,9.9,-2.4
540,3,11,10.4,-2.0
540,3,12,10.6,-1.7
540,3,13,11.2,-1.4
540,3,14,11.7,-0.9
540,3,15,12.2,-0.5
540,3,16,12.6,0.0
540,3,17,13.0,0.4
540,3,18,13.3,0.6
540,3,19,13.5,0.7
540,3,20,13.5,0.8
540,3,21,13.3,0.6
540,3,22,13.1,0.3
540,3,23,12.8,0.4
540,3,24,12.8,0.4
540,3,25,13.1,0.6
540,3,26,13.4,0.8
540,3,27,13.7,1.1
540,3,28,14.2,1.4
540,3,29,14.6,1.6
540,3,30,14.9,1.8
540,3,31,15.2,2.2
540,4,1,15.5,2.4
540,4,2,16.0,2.6
540,4,3,16.2,2.9
540,4,4,16.0,2.9
540,4,5,16.1,3.2
540,4,6,16.5,3.3
540,4,7,16.6,3.7
540,4,8,16.9,4.1
540,4,9,17.6,4.5
540,4,10,17.9,4.8
540,4,11,18.0,5.2
540,4,12,18.1,5.2
540,4,13,18.3,5.1
540,4,14,18.5,5.2
540,4,15,18.8,5.3
540,4,16,19.2,5.5
540,4,17,19.6,5.8
540,4,18,19.7,6.2
540,4,19,19.9,6.7
540,4,20,19.9,7.0
540,4,21,19.7,7.2
540,4,22,19.7,7.0
540,4,23,19.7,6.9
540,4,24,19.6,6.6
540,4,25,19.8,6.5
540,4,26,20.1,6.6
540,4,27,20.3,7.0
540,4,28,20.9,7.6
540,4,29,21.6,8.5
540,4,30,22.4,9.1
540,5,1,22.7,9.6
540,5,2,23.2,9.9
540,5,3,23.7,9.8
540,5,4,23.5,9.7
540,5,5,23.4,9.5
540,5,6,23.8,9.6
540,5,7,23.8,9.7
540,5,8,23.3,9.8
540,5,9,23.3,9.8
540,5,10,22.9,10.1
540,5,11,22.7,10.1
540,5,12,23.0,10.1
540,5,13,23.2,10.5
540,5,14,23.5,10.8
540,5,15,24.1,10.9
540,5,16,24.0,11.2
540,5,17,23.7,11.5
540,5,18,23.9,11.3
540,5,19,24.3,11.3
540,5,20,24.6,11.6
540,5,21,25.1,11.8
540,5,22,25.5,12.0
540,5,23,25.9,12.4
540,5,24,26.0,12.8
540,5,25,26.1,12.8
540,5,26,26.2,12.8
540,5,27,26.5,13.1
540,5,28,26.5,13.2
540,5,29,26.8,13.3
540,5,30,26.9,13.4
540,5,31,27.1,13.5
540,6,1,27.4,13.6
540,6,2,27.8,13.9
540,6,3,27.8,14.2
540,6,4,28.0,14.6
540,6,5,28.0,15.0
540,6,6,27.9,15.3
540,6,7,28.1,15.5
540,6,8,28.2,15.7
540,6,9,28.3,15.9
540,6,10,28.4,16.0
540,6,11,28.5,16.0
540,6,12,28.4,16.3
540,6,13,28.5,16.3
540,6,14,28.6,16.2
540,6,15,28.8,16.4
540,6,16,28.9,16.7
540,6,17,29.0,16.9
540,6,18,29.0,17.2
540,6,19,29.1,17.7
540,6,20,29.3,17.8
540,6,21,29.2,17.9
540,6,22,29.1,17.9
540,6,23,29.0,17.9
540,6,24,28.8,17.9
540,6,25,28.5,18.1
540,6,26,28.7,18.4
540,6,27,28.9,18.7
540,6,28,28.9,18.9
540,6,29,28.9,19.2
540,6,30,28.8,19.6
540,7,1,28.5,19.8
540,7,2,28.6,20.0
540,7,3,28.7,20.0
540,7,4,29.1,20.1
540,7,5,29.4,20.0
540,7,6,29.7,20.1
540,7,7,29.7,20.1
540,7,8,29.7,20.3
540,7,9,29.5,20.3
540,7,10,29.2,20.3
540,7,11,29.1,20.4
540,7,12,29.1,20.5
540,7,13,29.0,20.6
540,7,14,28.8,20.7
540,7,15,28.9,20.8
540,7,16,29.1,20.9
540,7,17,29.1,21.0
540,7,18,29.6,21.2
540,7,19,30.1,21.5
540,7,20,30.5,21.8
540,7,21,30.5,22.1
540,7,22,30.5,22.3
540,7,23,30.4,22.4
540,7,24,30.5,22.3
540,7,25,30.5,22.4
540,7,26,30.5,22.4
540,7,27,30.7,22.5
540,7,28,30.8,22.6
540,7,29,30.7,22.8
540,7,30,31.0,22.9
540,7,31,31.3,23.1
540,8,1,31.6,23.2
540,8,2,31.7,23.3
540,8,3,32.1,23.3
540,8,4,32.2,23.2
540,8,5,32.1,23.0
540,8,6,32.2,22.9
540,8,7,32.2,22.9
540,8,8,32.0,22.8
540,8,9,32.1,22.7
540,8,10,32.0,22.7
540,8,11,31.9,22.6
540,8,12,31.6,22.5
540,8,13,31.5,22.4
540,8,14,31.3,22.2
540,8,15,31.3,22.0
540,8,16,31.1,21.9
540,8,17,30.8,21.6
540,8,18,30.6,21.5
540,8,19,30.5,21.3
540,8,20,30.2,21.2
540,8,21,30.1,21.0
540,8,22,30.1,20.7
540,8,23,30.0,20.4
540,8,24,30.0,20.2
540,8,25,29.8,20.0
540,8,26,29.8,19.9
540,8,27,29.6,19.9
540,8,28,29.6,19.8
540,8,29,29.5,19.5
540,8,30,29.6,19.3
540,8,31,29.3,19.1
540,9,1,29.3,18.8
540,9,2,29.2,18.6
540,9,3,28.9,18.4
540,9,4,28.6,18.0
540,9,5,28.5,17.7
540,9,6,28.4,17.6
540,9,7,28.1,17.4
540,9,8,28.1,17.3
540,9,9,28.0,17.3
540,9,10,27.6,17.1
540,9,11,27.4,16.8
540,9,12,27.3,16.7
540,9,13,27.2,16.6
540,9,14,27.2,16.4
540,9,15,27.3,16.2
540,9,16,27.2,15.9
540,9,17,27.3,15.4
540,9,18,26.9,15.0
540,9,19,26.4,14.5
540,9,20,26.1,14.1
540,9,21,25.9,13.8
540,9,22,25.8,13.7
540,9,23,25.9,13.4
540,9,24,26.2,13.3
540,9,25,26.2,13.4
540,9,26,26.0,13.4
540,9,27,25.6,13.2
540,9,28,25.1,13.1
540,9,29,24.6,13.0
540,9,30,24.1,12.5
540,10,1,23.8,12.0
540,10,2,23.7,11.3
540,10,3,23.6,10.8
540,10,4,23.6,10.4
540,10,5,23.6,10.4
540,10,6,23.6,10.3
540,10,7,23.4,10.3
540,10,8,23.2,10.3
540,10,9,22.9,10.1
540,10,10,22.3,9.5
540,10,11,22.0,9.1
540,10,12,21.6,8.6
540,10,13,21.3,8.0
540,10,14,21.0,7.6
540,10,15,20.9,7.4
540,10,16,20.7,7.1
540,10,17,20.8,7.0
540,10,18,20.8,7.2
540,10,19,20.8,7.2
540,10,20,20.7,7.3
540,10,21,20.4,7.4
540,10,22,20.0,7.3
540,10,23,19.6,6.9
540,10,24,19.0,6.5
540,10,25,18.6,5.9
540,10,26,18.2,5.5
540,10,27,17.6,4.9
540,10,28,17.2,4.2
540,10,29,17.0,3.8
540,10,30,16.6,3.6
540,10,31,16.2,3.2
540,11,1,16.1,3.1
540,11,2,16.2,3.3
540,11,3,16.3,3.5
540,11,4,16.4,3.7
540,11,5,16.6,4.0
540,11,6,16.3,4.1
540,11,7,15.9,4.0
540,11,8,15.3,3.8
540,11,9,14.7,3.4
540,11,10,14.2,2.9
540,11,11,13.9,2.7
540,11,12,13.5,2.4
540,11,13,12.8,1.8
540,11,14,12.4,1.1
540,11,15,11.9,0.8
540,11,16,11.1,0.1
540,11,17,10.6,-0.6
540,11,18,10.2,-1.1
540,11,19,9.9,-1.2
540,11,20,9.9,-1.6
540,11,21,10.1,-1.4
540,11,22,10.2,-1.0
540,11,23,10.4,-0.9
540,11,24,10.2,-0.9
540,11,25,9.8,-0.7
540,11,26,9.4,-0.9
540,11,27,8.8,-1.2
540,11,28,8.5,-1.5
540,11,29,8.3,-1.8
540,11,30,8.2,-2.2
540,12,1,7.8,-2.6
540,12,2,7.5,-3.3
540,12,3,6.9,-3.7
540,12,4,6.2,-4.4
540,12,5,5.6,-4.7
540,12,6,5.1,-5.0
540,12,7,4.7,-5.2
540,12,8,4.8,-5.3
540,12,9,4.8,-5.2
540,12,10,4.7,-5.6
540,12,11,4.6,-6.0
540,12,12,4.3,-6.3
540,12,13,3.9,-6.4
540,12,14,3.7,-6.6
540,12,15,3.5,-6.6
540,12,16,3.3,-6.7
540,12,17,3.5,-6.7
540,12,18,3.6,-7.0
540,12,19,3.8,-6.9
540,12,20,4.3,-6.6
540,12,21,4.7,-6.3
540,12,22,4.6,-6.1
540,12,23,4.3,-6.3
540,12,24,3.8,-6.7
540,12,25,2.9,-7.5
540,12,26,2.4,-8.2
540,12,27,2.2,-8.6
540,12,28,1.9,-8.9
540,12,29,1.7,-9.0
540,12,30,1.9,-8.8
540,12,31,1.9,-8.7
545,1,1,2.4,-8.8
545,1,2,2.4,-8.7
545,1,3,2.5,-8.8
545,1,4,2.5,-8.9
545,1,5,2.4,-9.2
545,1,6,2.2,-9.2
545,1,7,2.0,-9.3
545,1,8,1.8,-9.2
545,1,9,1.7,-9.3
545,1,10,1.7,-9.3
545,1,11,1.6,-9.2
545,1,12,1.7,-9.3
545,1,13,1.8,-9.4
545,1,14,2.0,-9.1
545,1,15,2.3,-9.0
545,1,16,2.7,-8.9
545,1,17,3.0,-8.6
545,1,18,3.1,-8.1
545,1,19,2.9,-8.2
545,1,20,2.7,-8.1
545,1,21,2.4,-8.4
545,1,22,1.9,-8.9
545,1,23,1.6,-9.7
545,1,24,1.7,-9.7
545,1,25,1.8,-9.9
545,1,26,2.0,-9.7
545,1,27,2.5,-9.3
545,1,28,2.8,-8.7
545,1,29,3.0,-8.7
545,1,30,3.1,-8.6
545,1,31,3.0,-8.6
545,2,1,2.8,-8.7
545,2,2,2.7,-8.9
545,2,3,2.7,-8.9
545,2,4,2.9,-8.8
545,2,5,3.2,-8.5
545,2,6,3.3,-8.2
545,2,7,3.3,-8.0
545,2,8,3.5,-7.7
545,2,9,3.5,-7.7
545,2,10,3.4,-7.5
545,2,11,3.9,-7.5
545,2,12,4.4,-7.1
545,2,13,4.6,-6.7
545,2,14,4.7,-6.6
545,2,15,4.9,-6.5
545,2,16,4.9,-6.3
545,2,17,5.0,-6.3
545,2,18,5.5,-6.4
545,2,19,6.0,-6.0
545,2,20,6.7,-5.6
545,2,21,7.2,-5.2
545,2,22,7.7,-4.9
545,2,23,7.8,-4.5
545,2,24,8.0,-4.2
545,2,25,8.0,-4.1
545,2,26,8.3,-3.8
545,2,27,8.2,-3.5
545,2,28,8.1,-3.4
545,2,29,8.2,-3.4
545,3,1,8.3,-3.4
545,3,2,8.5,-3.1
545,3,3,8.5,-2.9
545,3,4,8.5,-2.9
545,3,5,8.5,-2.9
545,3,6,8.4,-2.9
545,3,7,8.7,-3.0
545,3,8,8.8,-2.9
545,3,9,9.1,-3.0
545,3,10,9.7,-3.0
545,3,11,10.2,-2.6
545,3,12,10.1,-2.4
545,3,13,10.6,-2.3
545,3,14,11.2,-1.9
545,3,15,11.8,-1.5
545,3,16,12.2,-1.0
545,3,17,12.6,-0.6
545,3,18,12.9,-0.4
545,3,19,13.1,-0.4
545,3,20,12.7,-0.2
545,3,21,12.4,-0.4
545,3,22,12.2,-0.7
545,3,23,12.0,-0.7
545,3,24,11.9,-0.5
545,3,25,12.3,-0.5
545,3,26,12.5,-0.4
545,3,27,12.8,0.1
545,3,28,13.2,0.3
545,3,29,13.5,0.6
545,3,30,13.8,0.9
545,3,31,14.3,1.3
545,4,1,14.6,1.5
545,4,2,15.1,1.6
545,4,3,15.4,1.8
545,4,4,15.3,2.0
545,4,5,15.4,2.3
545,4,6,15.7,2.4
545,4,7,15.9,3.0
545,4,8,16.2,3.4
545,4,9,16.7,3.7
545,4,10,17.1,3.8
545,4,11,17.2,4.2
545,4,12,17.1,4.3
545,4,13,17.3,4.1
545,4,14,17.7,4.1
545,4,15,18.0,4.2
545,4,16,18.4,4.4
545,4,17,18.9,4.8
545,4,18,19.1,5.3
545,4,19,19.2,5.9
545,4,20,19.1,6.4
545,4,21,18.9,6.6
545,4,22,18.8,6.5
545,4,23,18.8,6.2
545,4,24,18.7,5.9
545,4,25,18.8,5.7
545,4,26,19.2,5.7
545,4,27,19.5,6.2
545,4,28,20.2,6.9
545,4,29,20.9,7.7
545,4,30,21.8,8.3
545,5,1,22.1,9.0
545,5,2,22.5,9.3
545,5,3,22.8,9.1
545,5,4,22.6,9.0
545,5,5,22.4,8.9
545,5,6,22.6,8.8
545,5,7,22.6,8.8
545,5,8,22.0,9.0
545,5,9,21.9,9.1
545,5,10,21.6,9.5
545,5,11,21.5,9.6
545,5,12,21.8,9.6
545,5,13,22.2,10.1
545,5,14,22.5,10.3
545,5,15,23.1,10.4
545,5,16,23.2,10.8
545,5,17,22.9,11.1
545,5,18,23.0,10.9
545,5,19,23.4,10.8
545,5,20,23.7,10.9
545,5,21,24.1,11.1
545,5,22,24.3,11.3
545,5,23,24.6,11.6
545,5,24,24.7,12.0
545,5,25,24.8,12.1
545,5,26,24.8,12.2
545,5,27,25.2,12.4
545,5,28,25.3,12.5
545,5,29,25.5,12.5
545,5,30,25.6,12.6
545,5,31,25.8,12.7
545,6,1,25.9,12.8
545,6,2,26.1,13.1
545,6,3,26.1,13.5
545,6,4,26.2,13.8
545,6,5,26.4,14.2
545,6,6,26.4,14.5
545,6,7,26.7,14.7
545,6,8,26.9,15.0
545,6,9,27.2,15.2
545,6,10,27.2,15.3
545,6,11,27.2,15.4
545,6,12,27.1,15.6
545,6,13,27.2,15.6
545,6,14,27.3,15.6
545,6,15,27.6,15.9
545,6,16,27.8,16.2
545,6,17,28.0,16.5
545,6,18,28.1,16.8
545,6,19,28.1,17.2
545,6,20,28.2,17.5
545,6,21,28.1,17.6
545,6,22,28.0,17.6
545,6,23,27.9,17.6
545,6,24,27.9,17.7
545,6,25,27.6,17.8
545,6,26,27.9,18.0
545,6,27,28.1,18.3
545,6,28,28.2,18.7
545,6,29,28.2,19.0
545,6,30,28.3,19.4
545,7,1,28.1,19.7
545,7,2,28.2,19.9
545,7,3,28.2,19.8
545,7,4,28.5,19.8
545,7,5,28.6,19.6
545,7,6,28.9,19.7
545,7,7,29.0,19.8
545,7,8,29.0,20.0
545,7,9,29.0,20.2
545,7,10,28.8,20.3
545,7,11,28.8,20.4
545,7,12,28.8,20.5
545,7,13,28.8,20.6
545,7,14,28.8,20.7
545,7,15,28.9,20.7
545,7,16,29.1,20.8
545,7,17,29.1,20.9
545,7,18,29.5,21.1
545,7,19,29.9,21.4
545,7,20,30.2,21.7
545,7,21,30.2,21.9
545,7,22,30.2,22.0
545,7,23,30.2,22.2
545,7,24,30.2,22.1
545,7,25,30.3,22.2
545,7,26,30.4,22.4
545,7,27,30.6,22.6
545,7,28,30.7,22.6
545,7,29,30.6,22.8
545,7,30,30.8,22.9
545,7,31,31.2,23.0
545,8,1,31.4,23.0
545,8,2,31.5,22.9
545,8,3,31.9,23.0
545,8,4,31.9,22.9
545,8,5,31.8,22.9
545,8,6,31.9,22.9
545,8,7,32.0,22.9
545,8,8,31.6,22.8
545,8,9,31.6,22.8
545,8,10,31.4,22.6
545,8,11,31.2,22.6
545,8,12,31.0,22.5
545,8,13,30.9,22.4
545,8,14,30.8,22.3
545,8,15,30.9,22.2
545,8,16,30.8,22.0
545,8,17,30.6,21.8
545,8,18,30.5,21.6
545,8,19,30.4,21.5
545,8,20,30.1,21.3
545,8,21,29.9,21.1
545,8,22,29.9,20.8
545,8,23,29.7,20.5
545,8,24,29.6,20.3
545,8,25,29.4,20.1
545,8,26,29.3,20.0
545,8,27,29.3,19.9
545,8,28,29.1,19.8
545,8,29,29.0,19.6
545,8,30,29.0,19.3
545,8,31,28.8,19.0
545,9,1,28.8,18.8
545,9,2,28.8,18.5
545,9,3,28.6,18.3
545,9,4,28.3,18.1
545,9,5,28.2,17.8
545,9,6,28.0,17.7
545,9,7,27.7,17.5
545,9,8,27.7,17.4
545,9,9,27.5,17.2
545,9,10,27.2,17.2
545,9,11,27.0,16.9
545,9,12,26.9,16.7
545,9,13,26.7,16.6
545,9,14,26.6,16.2
545,9,15,26.8,15.9
545,9,16,26.7,15.6
545,9,17,26.7,15.1
545,9,18,26.4,14.7
545,9,19,26.0,14.3
545,9,20,25.6,13.9
545,9,21,25.3,13.6
545,9,22,25.2,13.5
545,9,23,25.2,13.2
545,9,24,25.4,13.1
545,9,25,25.6,13.1
545,9,26,25.4,13.1
545,9,27,25.0,12.9
545,9,28,24.7,12.8
545,9,29,24.2,12.7
545,9,30,23.7,12.3
545,10,1,23.4,11.8
545,10,2,23.2,11.2
545,10,3,23.0,10.6
545,10,4,23.0,10.1
545,10,5,23.0,9.9
545,10,6,22.9,9.8
545,10,7,22.8,9.8
545,10,8,22.7,9.8
545,10,9,22.4,9.7
545,10,10,21.9,9.2
545,10,11,21.6,8.6
545,10,12,21.1,8.3
545,10,13,20.7,7.6
545,10,14,20.5,7.2
545,10,15,20.4,7.0
545,10,16,20.3,6.7
545,10,17,20.3,6.5
545,10,18,20.4,6.5
545,10,19,20.4,6.6
545,10,20,20.4,6.7
545,10,21,20.1,6.8
545,10,22,19.9,6.8
545,10,23,19.5,6.5
545,10,24,18.8,6.1
545,10,25,18.4,5.5
545,10,26,18.1,5.1
545,10,27,17.4,4.6
545,10,28,16.9,3.9
545,10,29,16.7,3.4
545,10,30,16.3,3.2
545,10,31,15.9,2.9
545,11,1,15.8,2.6
545,11,2,16.0,2.7
545,11,3,16.1,2.7
545,11,4,16.3,2.9
545,11,5,16.5,3.1
545,11,6,16.3,3.3
545,11,7,15.9,3.3
545,11,8,15.4,3.2
545,11,9,14.9,2.9
545,11,10,14.3,2.3
545,11,11,14.0,2.0
545,11,12,13.5,1.8
545,11,13,12.9,1.3
545,11,14,12.3,0.6
545,11,15,11.9,0.4
545,11,16,11.2,-0.2
545,11,17,10.7,-0.9
545,11,18,10.4,-1.3
545,11,19,10.1,-1.6
545,11,20,10.0,-2.0
545,11,21,10.3,-2.0
545,11,22,10.4,-1.7
545,11,23,10.5,-1.6
545,11,24,10.5,-1.4
545,11,25,10.0,-1.1
545,11,26,9.6,-1.1
545,11,27,9.2,-1.2
545,11,28,8.9,-1.5
545,11,29,8.7,-1.8
545,11,30,8.6,-2.3
545,12,1,8.2,-2.8
545,12,2,7.8,-3.4
545,12,3,7.1,-3.7
545,12,4,6.4,-4.4
545,12,5,5.8,-4.7
545,12,6,5.5,-4.9
545,12,7,5.2,-5.2
545,12,8,5.2,-5.4
545,12,9,5.2,-5.2
545,12,10,5.1,-5.6
545,12,11,4.9,-6.0
545,12,12,4.7,-6.3
545,12,13,4.4,-6.4
545,12,14,4.2,-6.7
545,12,15,4.0,-6.6
545,12,16,3.8,-6.8
545,12,17,3.8,-6.7
545,12,18,3.9,-7.0
545,12,19,4.1,-7.0
545,12,20,4.5,-6.8
545,12,21,4.9,-6.6
545,12,22,4.9,-6.5
545,12,23,4.8,-6.6
545,12,24,4.2,-6.9
545,12,25,3.4,-7.7
545,12,26,2.9,-8.2
545,12,27,2.5,-8.6
545,12,28,2.3,-8.9
545,12,29,2.2,-9.1
545,12,30,2.3,-8.9
545,12,31,2.3,-8.6
550,1,1,2.5,-7.5
550,1,2,2.5,-7.5
550,1,3,2.6,-7.5
550,1,4,2.5,-7.6
550,1,5,2.4,-7.8
550,1,6,2.4,-7.7
550,1,7,2.2,-7.7
550,1,8,2.1,-7.7
550,1,9,2.0,-7.8
550,1,10,2.0,-7.7
550,1,11,1.9,-7.7
550,1,12,2.1,-7.7
550,1,13,2.2,-7.7
550,1,14,2.4,-7.5
550,1,15,2.7,-7.3
550,1,16,3.0,-7.1
550,1,17,3.3,-6.8
550,1,18,3.4,-6.3
550,1,19,3.3,-6.5
550,1,20,3.0,-6.6
550,1,21,2.8,-6.9
550,1,22,2.3,-7.4
550,1,23,2.0,-8.1
550,1,24,2.0,-8.1
550,1,25,2.2,-8.2
550,1,26,2.3,-8.2
550,1,27,2.7,-7.8
550,1,28,3.0,-7.3
550,1,29,3.2,-7.2
550,1,30,3.3,-7.2
550,1,31,3.3,-7.2
550,2,1,3.1,-7.4
550,2,2,3.2,-7.6
550,2,3,3.2,-7.6
550,2,4,3.4,-7.3
550,2,5,3.7,-7.1
550,2,6,3.7,-6.8
550,2,7,3.7,-6.6
550,2,8,3.9,-6.4
550,2,9,3.8,-6.4
550,2,10,3.8,-6.2
550,2,11,4.3,-6.0
550,2,12,4.8,-5.6
550,2,13,5.1,-5.3
550,2,14,5.2,-5.2
550,2,15,5.4,-5.2
550,2,16,5.4,-5.1
550,2,17,5.6,-5.2
550,2,18,6.0,-5.1
550,2,19,6.4,-4.7
550,2,20,7.2,-4.3
550,2,21,7.7,-3.9
550,2,22,8.2,-3.5
550,2,23,8.3,-3.0
550,2,24,8.6,-2.8
550,2,25,8.5,-2.7
550,2,26,8.7,-2.5
550,2,27,8.7,-2.2
550,2,28,8.6,-2.2
550,2,29,8.7,-2.1
550,3,1,8.8,-2.1
550,3,2,9.1,-1.9
550,3,3,9.0,-1.7
550,3,4,8.9,-1.8
550,3,5,9.0,-1.8
550,3,6,8.9,-2.0
550,3,7,9.2,-2.1
550,3,8,9.4,-1.9
550,3,9,9.6,-1.9
550,3,10,10.2,-1.8
550,3,11,10.6,-1.4
550,3,12,10.6,-1.1
550,3,13,11.1,-1.2
550,3,14,11.7,-0.7
550,3,15,12.3,-0.2
550,3,16,12.9,0.3
550,3,17,13.4,0.7
550,3,18,13.7,1.0
550,3,19,14.0,1.0
550,3,20,13.6,1.1
550,3,21,13.4,0.9
550,3,22,13.1,0.7
550,3,23,12.9,0.7
550,3,24,12.8,0.8
550,3,25,13.2,0.8
550,3,26,13.5,1.0
550,3,27,13.9,1.3
550,3,28,14.3,1.5
550,3,29,14.6,1.8
550,3,30,14.9,2.1
550,3,31,15.1,2.5
550,4,1,15.4,2.8
550,4,2,15.8,2.9
550,4,3,16.2,3.2
550,4,4,16.2,3.4
550,4,5,16.4,3.6
550,4,6,16.8,3.8
550,4,7,17.0,4.2
550,4,8,17.3,4.6
550,4,9,17.8,4.9
550,4,10,18.1,5.1
550,4,11,18.1,5.4
550,4,12,18.2,5.4
550,4,13,18.4,5.3
550,4,14,18.8,5.3
550,4,15,19.0,5.4
550,4,16,19.5,5.6
550,4,17,19.9,5.9
550,4,18,19.9,6.4
550,4,19,20.0,6.9
550,4,20,20.0,7.3
550,4,21,19.7,7.4
550,4,22,19.7,7.3
550,4,23,19.8,7.1
550,4,24,19.7,6.9
550,4,25,19.8,6.6
550,4,26,20.2,6.6
550,4,27,20.5,7.0
550,4,28,21.1,7.7
550,4,29,21.8,8.5
550,4,30,22.7,9.3
550,5,1,23.1,10.0
550,5,2,23.7,10.3
550,5,3,24.0,10.3
550,5,4,23.8,10.2
550,5,5,23.7,10.1
550,5,6,23.9,10.1
550,5,7,23.8,10.2
550,5,8,23.2,10.3
550,5,9,23.2,10.4
550,5,10,22.8,10.6
550,5,11,22.7,10.6
550,5,12,23.0,10.8
550,5,13,23.4,11.1
550,5,14,23.6,11.4
550,5,15,24.1,11.5
550,5,16,24.1,11.9
550,5,17,23.8,12.2
550,5,18,23.9,12.0
550,5,19,24.4,11.9
550,5,20,24.7,12.2
550,5,21,25.2,12.4
550,5,22,25.5,12.6
550,5,23,25.8,13.0
550,5,24,25.8,13.4
550,5,25,25.9,13.4
550,5,26,25.9,13.5
550,5,27,26.4,13.7
550,5,28,26.4,13.8
550,5,29,26.7,13.8
550,5,30,26.8,13.9
550,5,31,27.0,14.0
550,6,1,26.9,14.1
550,6,2,27.3,14.4
550,6,3,27.3,14.8
550,6,4,27.5,15.2
550,6,5,27.6,15.5
550,6,6,27.6,15.8
550,6,7,27.8,15.8
550,6,8,28.0,16.1
550,6,9,28.1,16.3
550,6,10,28.2,16.4
550,6,11,28.2,16.5
550,6,12,27.9,16.8
550,6,13,27.9,16.8
550,6,14,28.1,16.7
550,6,15,28.3,16.9
550,6,16,28.6,17.2
550,6,17,28.9,17.5
550,6,18,29.0,17.9
550,6,19,29.0,18.3
550,6,20,29.2,18.6
550,6,21,29.1,18.7
550,6,22,28.9,18.7
550,6,23,28.8,18.7
550,6,24,28.6,18.7
550,6,25,28.3,18.8
550,6,26,28.6,19.0
550,6,27,28.7,19.2
550,6,28,28.9,19.6
550,6,29,28.9,19.9
550,6,30,29.0,20.2
550,7,1,28.7,20.4
550,7,2,28.8,20.6
550,7,3,28.8,20.6
550,7,4,29.2,20.5
550,7,5,29.3,20.5
550,7,6,29.6,20.4
550,7,7,29.6,20.5
550,7,8,29.6,20.6
550,7,9,29.5,20.8
550,7,10,29.3,20.8
550,7,11,29.2,21.0
550,7,12,29.3,21.1
550,7,13,29.3,21.3
550,7,14,29.2,21.3
550,7,15,29.3,21.4
550,7,16,29.5,21.4
550,7,17,29.5,21.5
550,7,18,30.0,21.7
550,7,19,30.4,22.0
550,7,20,30.8,22.2
550,7,21,30.7,22.4
550,7,22,30.7,22.5
550,7,23,30.6,22.7
550,7,24,30.6,22.6
550,7,25,30.8,22.7
550,7,26,30.8,22.9
550,7,27,31.0,23.0
550,7,28,31.1,23.1
550,7,29,31.1,23.3
550,7,30,31.3,23.4
550,7,31,31.8,23.5
550,8,1,32.0,23.5
550,8,2,32.1,23.5
550,8,3,32.5,23.6
550,8,4,32.4,23.5
550,8,5,32.3,23.4
550,8,6,32.5,23.4
550,8,7,32.4,23.4
550,8,8,32.1,23.3
550,8,9,32.0,23.2
550,8,10,31.8,23.1
550,8,11,31.6,23.0
550,8,12,31.4,22.9
550,8,13,31.4,22.9
550,8,14,31.3,22.7
550,8,15,31.5,22.6
550,8,16,31.3,22.5
550,8,17,31.1,22.4
550,8,18,30.9,22.2
550,8,19,30.7,22.1
550,8,20,30.4,21.9
550,8,21,30.3,21.7
550,8,22,30.2,21.4
550,8,23,30.0,21.2
550,8,24,29.8,21.0
550,8,25,29.6,20.8
550,8,26,29.6,20.6
550,8,27,29.6,20.5
550,8,28,29.5,20.4
550,8,29,29.4,20.2
550,8,30,29.5,20.0
550,8,31,29.3,19.7
550,9,1,29.2,19.4
550,9,2,29.2,19.2
550,9,3,29.0,19.0
550,9,4,28.6,18.8
550,9,5,28.5,18.6
550,9,6,28.3,18.5
550,9,7,27.9,18.3
550,9,8,28.0,18.1
550,9,9,27.8,18.0
550,9,10,27.5,18.0
550,9,11,27.3,17.8
550,9,12,27.2,17.6
550,9,13,27.1,17.5
550,9,14,27.0,17.3
550,9,15,27.1,17.0
550,9,16,27.0,16.7
550,9,17,27.0,16.3
550,9,18,26.7,15.9
550,9,19,26.3,15.5
550,9,20,25.9,15.0
550,9,21,25.6,14.7
550,9,22,25.4,14.6
550,9,23,25.5,14.4
550,9,24,25.7,14.4
550,9,25,25.8,14.4
550,9,26,25.6,14.4
550,9,27,25.2,14.2
550,9,28,24.8,14.1
550,9,29,24.4,13.8
550,9,30,23.8,13.5
550,10,1,23.6,13.0
550,10,2,23.5,12.4
550,10,3,23.3,11.9
550,10,4,23.3,11.5
550,10,5,23.4,11.4
550,10,6,23.3,11.3
550,10,7,23.3,11.3
550,10,8,23.1,11.4
550,10,9,22.8,11.2
550,10,10,22.3,10.7
550,10,11,21.9,10.1
550,10,12,21.5,9.7
550,10,13,21.1,9.0
550,10,14,20.9,8.6
550,10,15,20.7,8.3
550,10,16,20.6,8.2
550,10,17,20.6,8.0
550,10,18,20.7,8.2
550,10,19,20.7,8.2
550,10,20,20.6,8.3
550,10,21,20.3,8.3
550,10,22,20.0,8.2
550,10,23,19.6,7.9
550,10,24,19.1,7.5
550,10,25,18.7,7.0
550,10,26,18.4,6.7
550,10,27,17.7,6.1
550,10,28,17.2,5.5
550,10,29,17.0,5.0
550,10,30,16.6,4.8
550,10,31,16.2,4.4
550,11,1,16.1,4.1
550,11,2,16.2,4.2
550,11,3,16.2,4.2
550,11,4,16.5,4.3
550,11,5,16.7,4.5
550,11,6,16.5,4.7
550,11,7,16.1,4.7
550,11,8,15.7,4.7
550,11,9,15.2,4.4
550,11,10,14.6,3.9
550,11,11,14.3,3.5
550,11,12,13.8,3.2
550,11,13,13.2,2.7
550,11,14,12.6,2.0
550,11,15,12.2,1.7
550,11,16,11.5,1.1
550,11,17,11.0,0.4
550,11,18,10.6,0.0
550,11,19,10.2,-0.4
550,11,20,10.2,-0.7
550,11,21,10.4,-0.6
550,11,22,10.5,-0.2
550,11,23,10.6,-0.1
550,11,24,10.6,0.1
550,11,25,10.1,0.3
550,11,26,9.8,0.4
550,11,27,9.3,0.2
550,11,28,9.0,0.0
550,11,29,8.9,-0.4
550,11,30,8.8,-0.8
550,12,1,8.3,-1.4
550,12,2,8.0,-2.0
550,12,3,7.4,-2.5
550,12,4,6.6,-3.1
550,12,5,6.1,-3.5
550,12,6,5.7,-3.7
550,12,7,5.3,-3.9
550,12,8,5.3,-4.0
550,12,9,5.3,-3.9
550,12,10,5.2,-4.3
550,12,11,5.0,-4.6
550,12,12,4.8,-4.8
550,12,13,4.5,-4.9
550,12,14,4.3,-5.2
550,12,15,4.2,-5.2
550,12,16,4.0,-5.4
550,12,17,4.1,-5.4
550,12,18,4.1,-5.6
550,12,19,4.3,-5.4
550,12,20,4.7,-5.3
550,12,21,5.1,-5.0
550,12,22,5.1,-4.9
550,12,23,4.9,-5.0
550,12,24,4.4,-5.3
550,12,25,3.6,-6.0
550,12,26,3.1,-6.6
550,12,27,2.8,-7.0
550,12,28,2.5,-7.5
550,12,29,2.5,-7.7
550,12,30,2.6,-7.5
550,12,31,2.5,-7.3
555,1,1,1.7,-11.2
555,1,2,1.8,-11.3
555,1,3,1.9,-11.3
555,1,4,1.9,-11.3
555,1,5,1.6,-11.5
555,1,6,1.5,-11.6
555,1,7,1.3,-11.8
555,1,8,1.2,-12.0
555,1,9,1.2,-12.1
555,1,10,1.3,-12.2
555,1,11,1.1,-12.2
555,1,12,1.2,-12.1
555,1,13,1.3,-12.0
555,1,14,1.5,-11.9
555,1,15,1.8,-11.5
555,1,16,2.2,-11.1
555,1,17,2.4,-10.7
555,1,18,2.5,-10.2
555,1,19,2.4,-10.1
555,1,20,2.1,-10.1
555,1,21,2.0,-10.4
555,1,22,1.7,-10.9
555,1,23,1.6,-11.7
555,1,24,1.6,-11.8
555,1,25,1.9,-12.0
555,1,26,2.0,-12.0
555,1,27,2.2,-11.6
555,1,28,2.6,-11.2
555,1,29,2.8,-10.9
555,1,30,2.8,-11.0
555,1,31,2.9,-11.0
555,2,1,2.9,-11.1
555,2,2,3.0,-11.3
555,2,3,3.1,-11.3
555,2,4,3.5,-11.0
555,2,5,3.7,-10.6
555,2,6,3.7,-10.1
555,2,7,3.7,-9.9
555,2,8,3.8,-9.5
555,2,9,3.7,-9.4
555,2,10,3.6,-9.3
555,2,11,4.2,-9.2
555,2,12,4.6,-8.7
555,2,13,5.0,-8.4
555,2,14,5.1,-8.3
555,2,15,5.2,-8.1
555,2,16,5.3,-7.9
555,2,17,5.6,-8.0
555,2,18,6.0,-7.9
555,2,19,6.3,-7.5
555,2,20,7.1,-6.9
555,2,21,7.5,-6.5
555,2,22,7.9,-6.1
555,2,23,7.9,-5.7
555,2,24,8.4,-5.3
555,2,25,8.4,-5.2
555,2,26,8.4,-4.9
555,2,27,8.4,-4.5
555,2,28,8.4,-4.4
555,2,29,8.5,-4.3
555,3,1,8.6,-4.3
555,3,2,8.7,-4.1
555,3,3,8.9,-3.9
555,3,4,8.7,-3.9
555,3,5,8.8,-3.9
555,3,6,8.8,-4.0
555,3,7,9.1,-4.1
555,3,8,9.2,-4.1
555,3,9,9.6,-4.1
555,3,10,10.1,-4.1
555,3,11,10.6,-3.8
555,3,12,10.7,-3.7
555,3,13,11.2,-3.6
555,3,14,11.6,-3.2
555,3,15,12.2,-2.8
555,3,16,12.8,-2.1
555,3,17,13.2,-1.6
555,3,18,13.4,-1.4
555,3,19,13.8,-1.2
555,3,20,13.9,-1.0
555,3,21,13.4,-1.3
555,3,22,13.2,-1.5
555,3,23,13.2,-1.5
555,3,24,13.2,-1.5
555,3,25,13.4,-1.6
555,3,26,13.9,-1.4
555,3,27,14.3,-1.0
555,3,28,14.8,-0.6
555,3,29,15.1,-0.3
555,3,30,15.3,-0.1
555,3,31,15.4,0.3
555,4,1,15.6,0.5
555,4,2,15.9,0.4
555,4,3,16.2,0.5
555,4,4,16.3,0.9
555,4,5,16.6,1.1
555,4,6,17.2,1.4
555,4,7,17.5,1.8
555,4,8,17.7,2.2
555,4,9,18.2,2.5
555,4,10,18.4,2.6
555,4,11,18.4,2.9
555,4,12,18.5,3.2
555,4,13,18.9,3.2
555,4,14,19.2,3.2
555,4,15,19.6,3.3
555,4,16,20.2,3.5
555,4,17,20.4,3.8
555,4,18,20.4,4.4
555,4,19,20.4,5.0
555,4,20,20.5,5.4
555,4,21,20.1,5.5
555,4,22,20.2,5.5
555,4,23,20.3,5.2
555,4,24,20.1,5.0
555,4,25,20.1,4.8
555,4,26,20.4,4.9
555,4,27,20.6,5.2
555,4,28,21.1,5.8
555,4,29,21.8,6.4
555,4,30,22.5,6.9
555,5,1,23.0,7.5
555,5,2,23.6,8.0
555,5,3,24.2,8.1
555,5,4,24.1,8.1
555,5,5,24.2,8.1
555,5,6,24.5,8.1
555,5,7,24.2,8.1
555,5,8,23.5,8.4
555,5,9,23.5,8.5
555,5,10,23.0,9.0
555,5,11,22.9,9.2
555,5,12,23.1,9.3
555,5,13,23.4,9.6
555,5,14,23.7,9.8
555,5,15,24.3,9.8
555,5,16,24.2,10.1
555,5,17,24.0,10.3
555,5,18,24.3,10.2
555,5,19,24.7,10.2
555,5,20,25.0,10.4
555,5,21,25.4,10.6
555,5,22,25.7,10.9
555,5,23,26.0,11.2
555,5,24,26.0,11.6
555,5,25,25.9,11.7
555,5,26,26.2,11.5
555,5,27,26.5,11.7
555,5,28,26.5,11.7
555,5,29,26.7,11.8
555,5,30,27.0,11.8
555,5,31,27.1,12.1
555,6,1,27.3,12.2
555,6,2,27.7,12.4
555,6,3,27.8,12.8
555,6,4,27.9,13.5
555,6,5,28.0,13.9
555,6,6,27.9,14.3
555,6,7,28.0,14.6
555,6,8,28.2,14.8
555,6,9,28.3,14.9
555,6,10,28.3,14.8
555,6,11,28.4,14.8
555,6,12,28.2,15.0
555,6,13,28.1,15.0
555,6,14,28.1,15.0
555,6,15,28.4,15.2
555,6,16,28.5,15.5
555,6,17,28.8,15.7
555,6,18,29.0,16.1
555,6,19,29.2,16.7
555,6,20,29.2,16.9
555,6,21,29.2,17.0
555,6,22,29.2,17.1
555,6,23,28.9,17.2
555,6,24,28.6,17.1
555,6,25,28.5,17.4
555,6,26,28.8,17.7
555,6,27,28.9,18.0
555,6,28,29.0,18.3
555,6,29,29.1,18.7
555,6,30,29.0,18.9
555,7,1,28.7,19.2
555,7,2,28.9,19.3
555,7,3,29.0,19.2
555,7,4,29.3,19.2
555,7,5,29.5,19.0
555,7,6,29.6,18.9
555,7,7,29.5,18.9
555,7,8,29.4,19.1
555,7,9,29.2,19.1
555,7,10,28.9,19.3
555,7,11,28.8,19.4
555,7,12,28.7,19.5
555,7,13,28.7,19.5
555,7,14,28.6,19.6
555,7,15,28.8,19.8
555,7,16,29.0,19.9
555,7,17,29.0,20.1
555,7,18,29.6,20.2
555,7,19,30.0,20.5
555,7,20,30.3,20.7
555,7,21,30.3,20.9
555,7,22,30.4,21.0
555,7,23,30.2,21.2
555,7,24,30.2,21.2
555,7,25,30.2,21.2
555,7,26,30.2,21.3
555,7,27,30.4,21.4
555,7,28,30.6,21.4
555,7,29,30.7,21.6
555,7,30,31.0,21.8
555,7,31,31.3,21.9
555,8,1,31.5,21.9
555,8,2,31.5,22.0
555,8,3,31.8,22.0
555,8,4,31.9,21.9
555,8,5,31.7,21.8
555,8,6,31.8,21.8
555,8,7,31.8,21.5
555,8,8,31.5,21.3
555,8,9,31.5,21.1
555,8,10,31.5,20.9
555,8,11,31.4,20.6
555,8,12,31.1,20.8
555,8,13,31.0,20.6
555,8,14,30.8,20.6
555,8,15,30.8,20.5
555,8,16,30.5,20.5
555,8,17,30.2,20.3
555,8,18,30.0,20.2
555,8,19,29.7,20.0
555,8,20,29.6,19.9
555,8,21,29.6,19.6
555,8,22,29.6,19.3
555,8,23,29.5,19.1
555,8,24,29.5,18.9
555,8,25,29.2,18.6
555,8,26,29.1,18.6
555,8,27,28.9,18.6
555,8,28,28.9,18.6
555,8,29,28.8,18.3
555,8,30,28.8,18.1
555,8,31,28.5,17.9
555,9,1,28.5,17.6
555,9,2,28.4,17.3
555,9,3,28.1,17.1
555,9,4,27.8,16.9
555,9,5,27.6,16.7
555,9,6,27.4,16.4
555,9,7,27.1,16.2
555,9,8,27.1,16.0
555,9,9,26.9,15.9
555,9,10,26.7,15.7
555,9,11,26.5,15.6
555,9,12,26.3,15.5
555,9,13,26.4,15.4
555,9,14,26.5,15.1
555,9,15,26.6,14.8
555,9,16,26.6,14.5
555,9,17,26.4,14.0
555,9,18,26.0,13.6
555,9,19,25.4,13.3
555,9,20,24.9,12.9
555,9,21,24.8,12.4
555,9,22,24.7,12.3
555,9,23,24.7,12.1
555,9,24,25.1,11.9
555,9,25,25.2,11.9
555,9,26,24.8,11.9
555,9,27,24.4,11.8
555,9,28,24.0,11.7
555,9,29,23.3,11.6
555,9,30,22.8,11.3
555,10,1,22.6,10.9
555,10,2,22.6,10.4
555,10,3,22.5,9.9
555,10,4,22.7,9.5
555,10,5,22.6,9.4
555,10,6,22.6,9.3
555,10,7,22.5,9.2
555,10,8,22.3,9.2
555,10,9,22.0,8.9
555,10,10,21.6,8.4
555,10,11,21.2,7.8
555,10,12,20.8,7.5
555,10,13,20.5,6.8
555,10,14,20.2,6.4
555,10,15,20.0,6.0
555,10,16,20.0,5.8
555,10,17,20.0,5.7
555,10,18,20.1,5.7
555,10,19,20.2,5.7
555,10,20,20.0,5.7
555,10,21,19.5,5.5
555,10,22,19.3,5.2
555,10,23,18.9,4.9
555,10,24,18.3,4.5
555,10,25,18.1,4.0
555,10,26,17.8,3.6
555,10,27,17.3,3.1
555,10,28,16.8,2.4
555,10,29,16.7,1.9
555,10,30,16.3,1.8
555,10,31,16.0,1.5
555,11,1,15.8,1.4
555,11,2,15.7,1.5
555,11,3,15.8,1.5
555,11,4,15.8,1.6
555,11,5,15.9,1.8
555,11,6,15.6,2.0
555,11,7,15.2,2.1
555,11,8,14.6,1.9
555,11,9,13.9,1.6
555,11,10,13.5,1.1
555,11,11,13.0,0.7
555,11,12,12.6,0.5
555,11,13,12.1,0.1
555,11,14,11.7,-0.5
555,11,15,11.1,-0.8
555,11,16,10.5,-1.6
555,11,17,9.9,-2.3
555,11,18,9.5,-2.9
555,11,19,9.1,-3.2
555,11,20,9.0,-3.6
555,11,21,9.2,-3.5
555,11,22,9.1,-3.2
555,11,23,9.1,-3.0
555,11,24,8.7,-2.8
555,11,25,8.2,-2.4
555,11,26,7.9,-2.4
555,11,27,7.6,-2.5
555,11,28,7.5,-2.7
555,11,29,7.5,-3.1
555,11,30,7.5,-3.4
555,12,1,7.1,-4.0
555,12,2,6.8,-4.7
555,12,3,6.0,-5.2
555,12,4,5.4,-5.7
555,12,5,4.8,-6.2
555,12,6,4.3,-6.3
555,12,7,3.9,-6.6
555,12,8,3.8,-6.9
555,12,9,3.7,-7.0
555,12,10,3.6,-7.5
555,12,11,3.6,-8.0
555,12,12,3.4,-8.3
555,12,13,3.3,-8.5
555,12,14,3.1,-8.9
555,12,15,2.9,-8.8
555,12,16,2.7,-9.0
555,12,17,2.8,-9.1
555,12,18,2.8,-9.4
555,12,19,2.9,-9.3
555,12,20,3.4,-9.2
555,12,21,3.7,-8.8
555,12,22,3.7,-8.5
555,12,23,3.6,-8.4
555,12,24,3.4,-8.8
555,12,25,2.7,-9.6
555,12,26,2.2,-10.0
555,12,27,1.9,-10.5
555,12,28,1.7,-10.9
555,12,29,1.5,-11.1
555,12,30,1.6,-11.0
555,12,31,1.6,-11.0
565,1,1,2.6,-6.2
565,1,2,2.6,-6.2
565,1,3,2.7,-6.2
565,1,4,2.7,-6.2
565,1,5,2.6,-6.4
565,1,6,2.5,-6.4
565,1,7,2.3,-6.5
565,1,8,2.1,-6.5
565,1,9,1.9,-6.6
565,1,10,1.9,-6.5
565,1,11,1.8,-6.6
565,1,12,1.9,-6.5
565,1,13,2.0,-6.5
565,1,14,2.2,-6.4
565,1,15,2.6,-6.2
565,1,16,2.9,-6.0
565,1,17,3.2,-5.8
565,1,18,3.4,-5.5
565,1,19,3.2,-5.6
565,1,20,3.0,-5.7
565,1,21,2.6,-6.1
565,1,22,2.1,-6.5
565,1,23,1.7,-7.1
565,1,24,1.7,-6.9
565,1,25,1.9,-6.9
565,1,26,2.1,-6.8
565,1,27,2.6,-6.3
565,1,28,3.0,-5.9
565,1,29,3.1,-5.9
565,1,30,3.2,-5.9
565,1,31,3.1,-6.0
565,2,1,2.9,-6.1
565,2,2,2.8,-6.2
565,2,3,2.8,-6.2
565,2,4,2.9,-6.0
565,2,5,3.2,-5.7
565,2,6,3.2,-5.6
565,2,7,3.2,-5.5
565,2,8,3.4,-5.3
565,2,9,3.5,-5.3
565,2,10,3.4,-5.0
565,2,11,3.9,-4.8
565,2,12,4.4,-4.4
565,2,13,4.6,-4.1
565,2,14,4.7,-4.0
565,2,15,4.9,-3.9
565,2,16,4.9,-3.8
565,2,17,5.0,-3.8
565,2,18,5.4,-3.7
565,2,19,5.8,-3.3
565,2,20,6.6,-2.9
565,2,21,7.0,-2.6
565,2,22,7.4,-2.3
565,2,23,7.6,-1.9
565,2,24,8.0,-1.7
565,2,25,8.0,-1.6
565,2,26,8.2,-1.3
565,2,27,8.2,-1.1
565,2,28,8.1,-1.1
565,2,29,8.2,-1.1
565,3,1,8.2,-1.1
565,3,2,8.4,-0.8
565,3,3,8.3,-0.6
565,3,4,8.3,-0.6
565,3,5,8.4,-0.6
565,3,6,8.2,-0.7
565,3,7,8.5,-0.7
565,3,8,8.6,-0.7
565,3,9,8.8,-0.8
565,3,10,9.3,-0.6
565,3,11,9.9,-0.2
565,3,12,9.8,0.0
565,3,13,10.3,0.1
565,3,14,10.8,0.7
565,3,15,11.3,1.0
565,3,16,11.7,1.5
565,3,17,12.2,1.9
565,3,18,12.5,2.1
565,3,19,12.6,2.1
565,3,20,12.3,2.2
565,3,21,11.9,1.9
565,3,22,11.7,1.6
565,3,23,11.4,1.5
565,3,24,11.4,1.6
565,3,25,11.7,1.8
565,3,26,12.0,2.1
565,3,27,12.4,2.6
565,3,28,12.7,2.9
565,3,29,13.1,3.2
565,3,30,13.4,3.5
565,3,31,13.8,3.8
565,4,1,14.1,4.0
565,4,2,14.5,4.3
565,4,3,14.8,4.6
565,4,4,14.7,4.8
565,4,5,14.8,5.0
565,4,6,15.2,5.2
565,4,7,15.3,5.6
565,4,8,15.7,5.9
565,4,9,16.1,6.2
565,4,10,16.5,6.3
565,4,11,16.7,6.7
565,4,12,16.6,6.7
565,4,13,16.7,6.6
565,4,14,17.0,6.6
565,4,15,17.3,6.8
565,4,16,17.7,7.1
565,4,17,18.3,7.4
565,4,18,18.6,7.8
565,4,19,18.7,8.4
565,4,20,18.7,8.7
565,4,21,18.5,8.8
565,4,22,18.3,8.7
565,4,23,18.3,8.5
565,4,24,18.2,8.2
565,4,25,18.3,8.1
565,4,26,18.6,8.2
565,4,27,18.9,8.7
565,4,28,19.6,9.3
565,4,29,20.3,10.1
565,4,30,21.2,10.7
565,5,1,21.6,11.2
565,5,2,22.0,11.5
565,5,3,22.3,11.5
565,5,4,22.2,11.4
565,5,5,21.9,11.2
565,5,6,22.2,11.2
565,5,7,22.2,11.3
565,5,8,21.7,11.3
565,5,9,21.7,11.5
565,5,10,21.3,11.7
565,5,11,21.2,11.8
565,5,12,21.5,11.9
565,5,13,21.8,12.3
565,5,14,22.0,12.5
565,5,15,22.6,12.6
565,5,16,22.7,12.9
565,5,17,22.5,13.0
565,5,18,22.5,12.8
565,5,19,23.0,12.7
565,5,20,23.3,12.9
565,5,21,23.6,13.2
565,5,22,24.0,13.3
565,5,23,24.3,13.7
565,5,24,24.3,14.1
565,5,25,24.4,14.2
565,5,26,24.5,14.3
565,5,27,24.8,14.5
565,5,28,24.9,14.6
565,5,29,25.0,14.7
565,5,30,25.1,14.9
565,5,31,25.2,15.0
565,6,1,25.4,15.1
565,6,2,25.7,15.3
565,6,3,25.7,15.7
565,6,4,25.9,16.0
565,6,5,26.0,16.3
565,6,6,26.0,16.7
565,6,7,26.3,17.0
565,6,8,26.5,17.2
565,6,9,26.8,17.4
565,6,10,26.7,17.5
565,6,11,26.8,17.6
565,6,12,26.7,17.6
565,6,13,26.7,17.6
565,6,14,26.8,17.6
565,6,15,27.1,17.8
565,6,16,27.3,18.1
565,6,17,27.5,18.5
565,6,18,27.6,18.6
565,6,19,27.7,18.9
565,6,20,27.9,19.1
565,6,21,27.8,19.1
565,6,22,27.7,19.1
565,6,23,27.7,19.2
565,6,24,27.7,19.3
565,6,25,27.4,19.4
565,6,26,27.6,19.7
565,6,27,27.8,20.0
565,6,28,27.9,20.2
565,6,29,27.9,20.4
565,6,30,28.0,20.8
565,7,1,27.8,20.9
565,7,2,27.8,21.0
565,7,3,27.9,21.0
565,7,4,28.2,20.9
565,7,5,28.4,20.9
565,7,6,28.7,21.0
565,7,7,28.8,21.1
565,7,8,28.8,21.3
565,7,9,28.9,21.4
565,7,10,28.6,21.5
565,7,11,28.5,21.5
565,7,12,28.6,21.6
565,7,13,28.5,21.7
565,7,14,28.4,21.7
565,7,15,28.6,21.8
565,7,16,28.9,21.8
565,7,17,28.9,21.9
565,7,18,29.4,22.1
565,7,19,29.8,22.5
565,7,20,30.1,22.8
565,7,21,30.0,23.0
565,7,22,30.0,23.1
565,7,23,30.0,23.2
565,7,24,30.1,23.2
565,7,25,30.2,23.3
565,7,26,30.3,23.5
565,7,27,30.5,23.7
565,7,28,30.6,23.8
565,7,29,30.6,23.9
565,7,30,30.8,24.1
565,7,31,31.1,24.2
565,8,1,31.3,24.3
565,8,2,31.4,24.3
565,8,3,31.8,24.4
565,8,4,31.8,24.3
565,8,5,31.7,24.2
565,8,6,31.8,24.2
565,8,7,31.9,24.3
565,8,8,31.6,24.2
565,8,9,31.6,24.1
565,8,10,31.3,23.9
565,8,11,31.2,23.8
565,8,12,31.0,23.7
565,8,13,30.9,23.6
565,8,14,30.8,23.5
565,8,15,30.8,23.5
565,8,16,30.7,23.4
565,8,17,30.5,23.2
565,8,18,30.4,23.0
565,8,19,30.2,22.9
565,8,20,30.0,22.7
565,8,21,29.8,22.4
565,8,22,29.8,22.2
565,8,23,29.6,22.0
565,8,24,29.5,21.7
565,8,25,29.3,21.6
565,8,26,29.3,21.6
565,8,27,29.2,21.5
565,8,28,29.1,21.5
565,8,29,28.9,21.2
565,8,30,29.0,21.0
565,8,31,28.9,20.6
565,9,1,29.0,20.4
565,9,2,29.0,20.2
565,9,3,28.8,20.1
565,9,4,28.4,19.9
565,9,5,28.2,19.6
565,9,6,28.0,19.4
565,9,7,27.6,19.2
565,9,8,27.6,19.0
565,9,9,27.5,19.0
565,9,10,27.2,18.9
565,9,11,27.0,18.6
565,9,12,27.0,18.5
565,9,13,26.8,18.3
565,9,14,26.9,18.1
565,9,15,27.0,17.9
565,9,16,26.8,17.6
565,9,17,26.8,17.2
565,9,18,26.5,16.9
565,9,19,26.1,16.5
565,9,20,25.7,16.0
565,9,21,25.5,15.7
565,9,22,25.4,15.6
565,9,23,25.4,15.4
565,9,24,25.6,15.4
565,9,25,25.7,15.5
565,9,26,25.5,15.6
565,9,27,25.1,15.4
565,9,28,24.7,15.3
565,9,29,24.3,15.0
565,9,30,23.8,14.6
565,10,1,23.5,14.1
565,10,2,23.3,13.5
565,10,3,23.1,13.0
565,10,4,23.0,12.7
565,10,5,23.0,12.5
565,10,6,22.9,12.5
565,10,7,22.8,12.5
565,10,8,22.7,12.5
565,10,9,22.3,12.3
565,10,10,21.9,11.8
565,10,11,21.6,11.3
565,10,12,21.1,10.9
565,10,13,20.7,10.3
565,10,14,20.5,9.8
565,10,15,20.4,9.6
565,10,16,20.2,9.4
565,10,17,20.3,9.3
565,10,18,20.4,9.4
565,10,19,20.5,9.4
565,10,20,20.5,9.5
565,10,21,20.3,9.6
565,10,22,20.0,9.5
565,10,23,19.6,9.1
565,10,24,18.9,8.8
565,10,25,18.5,8.2
565,10,26,18.1,7.8
565,10,27,17.5,7.3
565,10,28,16.9,6.7
565,10,29,16.8,6.3
565,10,30,16.5,6.1
565,10,31,16.0,5.7
565,11,1,15.9,5.4
565,11,2,16.0,5.6
565,11,3,16.1,5.6
565,11,4,16.2,5.7
565,11,5,16.4,5.9
565,11,6,16.3,6.1
565,11,7,16.0,6.0
565,11,8,15.5,5.9
565,11,9,15.0,5.5
565,11,10,14.4,4.9
565,11,11,14.0,4.6
565,11,12,13.6,4.3
565,11,13,13.0,3.8
565,11,14,12.4,3.1
565,11,15,12.0,2.8
565,11,16,11.3,2.2
565,11,17,10.8,1.5
565,11,18,10.5,1.0
565,11,19,10.2,0.8
565,11,20,10.1,0.6
565,11,21,10.4,0.7
565,11,22,10.4,1.1
565,11,23,10.6,1.2
565,11,24,10.5,1.3
565,11,25,10.2,1.3
565,11,26,9.8,1.2
565,11,27,9.4,0.8
565,11,28,9.1,0.6
565,11,29,8.9,0.3
565,11,30,8.7,0.0
565,12,1,8.4,-0.4
565,12,2,8.0,-1.0
565,12,3,7.4,-1.4
565,12,4,6.7,-2.1
565,12,5,6.2,-2.5
565,12,6,5.7,-2.8
565,12,7,5.5,-3.0
565,12,8,5.5,-3.1
565,12,9,5.5,-3.0
565,12,10,5.4,-3.3
565,12,11,5.3,-3.6
565,12,12,5.0,-3.9
565,12,13,4.7,-4.0
565,12,14,4.4,-4.2
565,12,15,4.2,-4.4
565,12,16,4.0,-4.6
565,12,17,4.0,-4.5
565,12,18,4.1,-4.8
565,12,19,4.4,-4.7
565,12,20,4.8,-4.4
565,12,21,5.2,-4.1
565,12,22,5.2,-4.0
565,12,23,5.0,-4.1
565,12,24,4.4,-4.4
565,12,25,3.6,-5.2
565,12,26,3.0,-5.6
565,12,27,2.7,-6.0
565,12,28,2.5,-6.3
565,12,29,2.4,-6.4
565,12,30,2.5,-6.3
565,12,31,2.5,-6.2
571,1,1,2.5,-6.4
571,1,2,2.6,-6.2
571,1,3,2.8,-6.1
571,1,4,2.9,-6.1
571,1,5,2.7,-6.4
571,1,6,2.5,-6.5
571,1,7,2.2,-6.7
571,1,8,2.0,-6.8
571,1,9,1.8,-6.9
571,1,10,1.7,-6.9
571,1,11,1.5,-6.8
571,1,12,1.7,-6.8
571,1,13,1.8,-6.8
571,1,14,2.0,-6.6
571,1,15,2.3,-6.4
571,1,16,2.7,-6.1
571,1,17,3.0,-5.8
571,1,18,3.2,-5.4
571,1,19,3.1,-5.5
571,1,20,2.9,-5.6
571,1,21,2.6,-5.9
571,1,22,2.1,-6.4
571,1,23,1.7,-6.9
571,1,24,1.7,-6.9
571,1,25,1.8,-7.0
571,1,26,1.9,-7.0
571,1,27,2.4,-6.6
571,1,28,2.8,-6.1
571,1,29,3.0,-6.1
571,1,30,3.1,-6.0
571,1,31,3.0,-6.1
571,2,1,2.8,-6.3
571,2,2,2.8,-6.5
571,2,3,2.7,-6.4
571,2,4,2.9,-6.3
571,2,5,3.1,-6.0
571,2,6,3.1,-5.9
571,2,7,3.0,-5.8
571,2,8,3.2,-5.6
571,2,9,3.3,-5.5
571,2,10,3.2,-5.3
571,2,11,3.8,-5.0
571,2,12,4.4,-4.5
571,2,13,4.6,-4.2
571,2,14,4.6,-4.2
571,2,15,4.8,-4.1
571,2,16,4.8,-4.0
571,2,17,4.9,-4.0
571,2,18,5.3,-4.0
571,2,19,5.8,-3.6
571,2,20,6.6,-3.1
571,2,21,7.1,-2.8
571,2,22,7.5,-2.6
571,2,23,7.6,-2.1
571,2,24,7.9,-1.9
571,2,25,7.8,-1.9
571,2,26,8.1,-1.7
571,2,27,8.1,-1.5
571,2,28,8.0,-1.5
571,2,29,8.1,-1.5
571,3,1,8.2,-1.5
571,3,2,8.4,-1.2
571,3,3,8.3,-1.1
571,3,4,8.2,-1.1
571,3,5,8.3,-1.1
571,3,6,8.1,-1.2
571,3,7,8.3,-1.3
571,3,8,8.4,-1.3
571,3,9,8.6,-1.3
571,3,10,9.1,-1.1
571,3,11,9.5,-0.7
571,3,12,9.5,-0.4
571,3,13,10.1,-0.4
571,3,14,10.7,0.2
571,3,15,11.3,0.5
571,3,16,11.8,1.0
571,3,17,12.3,1.4
571,3,18,12.6,1.7
571,3,19,12.8,1.7
571,3,20,12.4,1.8
571,3,21,12.1,1.5
571,3,22,11.8,1.3
571,3,23,11.6,1.3
571,3,24,11.6,1.4
571,3,25,11.9,1.5
571,3,26,12.2,1.7
571,3,27,12.5,2.1
571,3,28,12.9,2.3
571,3,29,13.2,2.6
571,3,30,13.6,3.0
571,3,31,14.0,3.4
571,4,1,14.2,3.6
571,4,2,14.7,3.8
571,4,3,14.9,4.0
571,4,4,14.9,4.0
571,4,5,15.0,4.2
571,4,6,15.4,4.3
571,4,7,15.5,4.7
571,4,8,15.8,5.1
571,4,9,16.2,5.5
571,4,10,16.6,5.6
571,4,11,16.7,5.9
571,4,12,16.7,6.0
571,4,13,16.8,5.8
571,4,14,17.1,5.9
571,4,15,17.5,6.1
571,4,16,18.0,6.3
571,4,17,18.5,6.7
571,4,18,18.7,7.2
571,4,19,18.8,7.7
571,4,20,18.7,8.0
571,4,21,18.4,8.2
571,4,22,18.3,8.0
571,4,23,18.4,7.8
571,4,24,18.3,7.6
571,4,25,18.4,7.4
571,4,26,18.7,7.4
571,4,27,19.1,7.9
571,4,28,19.6,8.6
571,4,29,20.3,9.4
571,4,30,21.2,10.1
571,5,1,21.6,10.6
571,5,2,22.0,10.8
571,5,3,22.4,10.8
571,5,4,22.2,10.5
571,5,5,22.1,10.3
571,5,6,22.4,10.3
571,5,7,22.3,10.5
571,5,8,21.7,10.5
571,5,9,21.7,10.7
571,5,10,21.3,10.9
571,5,11,21.2,10.9
571,5,12,21.5,10.9
571,5,13,21.9,11.3
571,5,14,22.2,11.5
571,5,15,22.8,11.7
571,5,16,22.8,12.1
571,5,17,22.6,12.2
571,5,18,22.7,12.1
571,5,19,23.1,12.1
571,5,20,23.3,12.4
571,5,21,23.8,12.6
571,5,22,24.0,12.8
571,5,23,24.4,13.2
571,5,24,24.4,13.5
571,5,25,24.5,13.5
571,5,26,24.6,13.6
571,5,27,24.9,13.8
571,5,28,25.0,13.9
571,5,29,25.2,13.9
571,5,30,25.3,14.0
571,5,31,25.5,14.2
571,6,1,25.6,14.4
571,6,2,25.8,14.7
571,6,3,25.9,15.0
571,6,4,26.1,15.3
571,6,5,26.2,15.6
571,6,6,26.2,15.8
571,6,7,26.5,15.9
571,6,8,26.6,16.2
571,6,9,26.8,16.4
571,6,10,26.8,16.6
571,6,11,26.8,16.7
571,6,12,26.7,16.9
571,6,13,26.6,16.9
571,6,14,26.8,16.9
571,6,15,27.0,17.1
571,6,16,27.2,17.4
571,6,17,27.4,17.6
571,6,18,27.5,17.8
571,6,19,27.5,18.2
571,6,20,27.7,18.4
571,6,21,27.7,18.5
571,6,22,27.5,18.5
571,6,23,27.5,18.6
571,6,24,27.5,18.7
571,6,25,27.2,18.8
571,6,26,27.4,18.9
571,6,27,27.7,19.2
571,6,28,27.7,19.5
571,6,29,27.7,19.7
571,6,30,27.7,20.1
571,7,1,27.6,20.3
571,7,2,27.7,20.4
571,7,3,27.8,20.4
571,7,4,28.1,20.4
571,7,5,28.3,20.3
571,7,6,28.5,20.4
571,7,7,28.7,20.6
571,7,8,28.6,20.7
571,7,9,28.5,20.9
571,7,10,28.3,20.9
571,7,11,28.2,21.1
571,7,12,28.3,21.1
571,7,13,28.4,21.2
571,7,14,28.3,21.2
571,7,15,28.4,21.2
571,7,16,28.6,21.3
571,7,17,28.6,21.4
571,7,18,29.0,21.6
571,7,19,29.4,22.0
571,7,20,29.6,22.3
571,7,21,29.5,22.4
571,7,22,29.5,22.5
571,7,23,29.5,22.6
571,7,24,29.5,22.6
571,7,25,29.7,22.7
571,7,26,29.8,22.9
571,7,27,30.0,23.1
571,7,28,30.1,23.2
571,7,29,30.1,23.3
571,7,30,30.2,23.4
571,7,31,30.6,23.5
571,8,1,30.9,23.6
571,8,2,31.0,23.6
571,8,3,31.4,23.7
571,8,4,31.5,23.7
571,8,5,31.4,23.6
571,8,6,31.5,23.6
571,8,7,31.4,23.7
571,8,8,31.2,23.5
571,8,9,31.1,23.4
571,8,10,30.9,23.4
571,8,11,30.9,23.3
571,8,12,30.6,23.3
571,8,13,30.5,23.2
571,8,14,30.4,23.1
571,8,15,30.5,23.0
571,8,16,30.3,22.9
571,8,17,30.2,22.7
571,8,18,30.0,22.5
571,8,19,29.8,22.4
571,8,20,29.7,22.2
571,8,21,29.5,22.0
571,8,22,29.4,21.7
571,8,23,29.3,21.5
571,8,24,29.1,21.3
571,8,25,28.9,21.2
571,8,26,28.8,21.1
571,8,27,28.7,21.0
571,8,28,28.6,20.9
571,8,29,28.4,20.5
571,8,30,28.6,20.3
571,8,31,28.4,20.0
571,9,1,28.4,19.8
571,9,2,28.4,19.6
571,9,3,28.2,19.6
571,9,4,27.9,19.4
571,9,5,27.7,19.1
571,9,6,27.5,19.1
571,9,7,27.1,18.8
571,9,8,27.2,18.6
571,9,9,27.1,18.5
571,9,10,26.9,18.6
571,9,11,26.7,18.3
571,9,12,26.7,18.3
571,9,13,26.6,18.3
571,9,14,26.6,18.1
571,9,15,26.7,17.9
571,9,16,26.6,17.7
571,9,17,26.6,17.3
571,9,18,26.3,16.9
571,9,19,25.9,16.5
571,9,20,25.5,16.1
571,9,21,25.2,15.9
571,9,22,25.0,15.7
571,9,23,25.1,15.5
571,9,24,25.4,15.5
571,9,25,25.5,15.5
571,9,26,25.3,15.5
571,9,27,25.0,15.3
571,9,28,24.5,15.2
571,9,29,24.0,14.9
571,9,30,23.3,14.5
571,10,1,23.0,13.9
571,10,2,22.9,13.2
571,10,3,22.7,12.8
571,10,4,22.7,12.5
571,10,5,22.8,12.5
571,10,6,22.8,12.5
571,10,7,22.8,12.6
571,10,8,22.7,12.5
571,10,9,22.4,12.3
571,10,10,22.0,11.8
571,10,11,21.6,11.3
571,10,12,21.1,10.9
571,10,13,20.8,10.4
571,10,14,20.5,9.9
571,10,15,20.3,9.6
571,10,16,20.2,9.4
571,10,17,20.2,9.2
571,10,18,20.2,9.2
571,10,19,20.3,9.3
571,10,20,20.2,9.5
571,10,21,19.9,9.6
571,10,22,19.7,9.5
571,10,23,19.4,9.2
571,10,24,18.8,8.9
571,10,25,18.4,8.3
571,10,26,18.2,7.9
571,10,27,17.5,7.4
571,10,28,17.0,6.7
571,10,29,16.8,6.3
571,10,30,16.4,6.1
571,10,31,15.9,5.7
571,11,1,15.9,5.4
571,11,2,16.0,5.5
571,11,3,16.0,5.5
571,11,4,16.3,5.8
571,11,5,16.5,6.0
571,11,6,16.2,6.2
571,11,7,15.8,6.1
571,11,8,15.2,6.0
571,11,9,14.6,5.6
571,11,10,14.1,4.9
571,11,11,13.8,4.6
571,11,12,13.3,4.2
571,11,13,12.8,3.7
571,11,14,12.3,3.0
571,11,15,11.9,2.7
571,11,16,11.3,2.2
571,11,17,10.8,1.5
571,11,18,10.4,1.0
571,11,19,10.1,0.8
571,11,20,9.9,0.4
571,11,21,10.1,0.5
571,11,22,10.2,0.9
571,11,23,10.5,0.9
571,11,24,10.4,1.0
571,11,25,10.1,1.2
571,11,26,9.7,1.0
571,11,27,9.3,0.7
571,11,28,8.9,0.6
571,11,29,8.8,0.3
571,11,30,8.7,0.0
571,12,1,8.4,-0.4
571,12,2,8.0,-1.0
571,12,3,7.4,-1.5
571,12,4,6.5,-2.2
571,12,5,5.9,-2.8
571,12,6,5.4,-3.2
571,12,7,5.2,-3.3
571,12,8,5.3,-3.3
571,12,9,5.4,-3.1
571,12,10,5.4,-3.3
571,12,11,5.2,-3.6
571,12,12,4.9,-3.8
571,12,13,4.5,-4.1
571,12,14,4.2,-4.4
571,12,15,4.0,-4.5
571,12,16,3.8,-4.8
571,12,17,3.8,-4.8
571,12,18,3.7,-5.0
571,12,19,4.0,-4.9
571,12,20,4.4,-4.6
571,12,21,4.7,-4.3
571,12,22,4.8,-4.2
571,12,23,4.6,-4.3
571,12,24,4.0,-4.6
571,12,25,3.1,-5.4
571,12,26,2.6,-6.0
571,12,27,2.4,-6.2
571,12,28,2.2,-6.6
571,12,29,2.1,-6.7
571,12,30,2.3,-6.5
571,12,31,2.4,-6.3
572,1,1,2.4,-6.0
572,1,2,2.5,-6.0
572,1,3,2.6,-6.0
572,1,4,2.6,-5.9
572,1,5,2.6,-6.2
572,1,6,2.4,-6.3
572,1,7,2.2,-6.4
572,1,8,2.1,-6.3
572,1,9,2.0,-6.4
572,1,10,1.9,-6.4
572,1,11,1.8,-6.4
572,1,12,2.0,-6.4
572,1,13,2.1,-6.3
572,1,14,2.2,-6.3
572,1,15,2.6,-6.0
572,1,16,2.9,-5.7
572,1,17,3.2,-5.4
572,1,18,3.4,-5.1
572,1,19,3.2,-5.1
572,1,20,3.1,-5.3
572,1,21,2.8,-5.6
572,1,22,2.3,-6.1
572,1,23,2.0,-6.7
572,1,24,2.0,-6.6
572,1,25,2.1,-6.7
572,1,26,2.3,-6.5
572,1,27,2.7,-6.1
572,1,28,3.2,-5.7
572,1,29,3.3,-5.6
572,1,30,3.4,-5.5
572,1,31,3.4,-5.6
572,2,1,3.2,-5.8
572,2,2,3.2,-5.9
572,2,3,3.3,-5.8
572,2,4,3.4,-5.5
572,2,5,3.7,-5.3
572,2,6,3.8,-5.1
572,2,7,3.7,-4.9
572,2,8,3.9,-4.8
572,2,9,4.0,-4.8
572,2,10,3.9,-4.5
572,2,11,4.4,-4.3
572,2,12,4.9,-3.9
572,2,13,5.2,-3.6
572,2,14,5.3,-3.6
572,2,15,5.5,-3.6
572,2,16,5.5,-3.5
572,2,17,5.7,-3.5
572,2,18,6.1,-3.5
572,2,19,6.5,-3.1
572,2,20,7.3,-2.6
572,2,21,7.8,-2.3
572,2,22,8.3,-2.0
572,2,23,8.4,-1.5
572,2,24,8.8,-1.2
572,2,25,8.8,-1.0
572,2,26,9.0,-0.8
572,2,27,9.0,-0.5
572,2,28,9.0,-0.6
572,2,29,9.1,-0.5
572,3,1,9.1,-0.5
572,3,2,9.3,-0.4
572,3,3,9.3,-0.3
572,3,4,9.2,-0.3
572,3,5,9.2,-0.3
572,3,6,9.1,-0.3
572,3,7,9.4,-0.3
572,3,8,9.6,-0.2
572,3,9,9.8,-0.2
572,3,10,10.4,-0.1
572,3,11,10.9,0.2
572,3,12,10.9,0.5
572,3,13,11.3,0.5
572,3,14,11.8,1.1
572,3,15,12.5,1.5
572,3,16,13.1,2.1
572,3,17,13.6,2.6
572,3,18,13.9,2.8
572,3,19,14.2,2.9
572,3,20,13.9,3.0
572,3,21,13.5,2.6
572,3,22,13.2,2.3
572,3,23,13.0,2.3
572,3,24,13.0,2.3
572,3,25,13.3,2.5
572,3,26,13.7,2.7
572,3,27,14.1,3.2
572,3,28,14.5,3.6
572,3,29,14.8,3.9
572,3,30,15.1,4.1
572,3,31,15.3,4.4
572,4,1,15.6,4.6
572,4,2,16.0,4.7
572,4,3,16.3,5.1
572,4,4,16.3,5.3
572,4,5,16.5,5.6
572,4,6,17.0,5.8
572,4,7,17.2,6.2
572,4,8,17.5,6.5
572,4,9,18.0,6.8
572,4,10,18.4,7.0
572,4,11,18.4,7.3
572,4,12,18.4,7.4
572,4,13,18.7,7.3
572,4,14,19.0,7.3
572,4,15,19.2,7.4
572,4,16,19.7,7.7
572,4,17,20.1,7.9
572,4,18,20.1,8.4
572,4,19,20.2,8.8
572,4,20,20.2,9.1
572,4,21,19.9,9.2
572,4,22,19.8,9.0
572,4,23,19.9,8.7
572,4,24,19.7,8.4
572,4,25,19.7,8.3
572,4,26,20.2,8.2
572,4,27,20.5,8.6
572,4,28,21.1,9.3
572,4,29,21.9,10.1
572,4,30,22.8,10.7
572,5,1,23.0,11.4
572,5,2,23.6,11.8
572,5,3,24.0,11.8
572,5,4,23.8,11.7
572,5,5,23.6,11.5
572,5,6,23.8,11.4
572,5,7,23.6,11.4
572,5,8,23.1,11.4
572,5,9,23.1,11.5
572,5,10,22.8,11.8
572,5,11,22.7,12.0
572,5,12,23.0,12.1
572,5,13,23.4,12.6
572,5,14,23.6,12.9
572,5,15,24.2,13.0
572,5,16,24.3,13.2
572,5,17,24.0,13.3
572,5,18,24.1,13.0
572,5,19,24.5,12.9
572,5,20,24.9,13.2
572,5,21,25.3,13.6
572,5,22,25.7,13.8
572,5,23,26.0,14.2
572,5,24,26.1,14.6
572,5,25,26.1,14.7
572,5,26,26.2,14.7
572,5,27,26.4,15.0
572,5,28,26.4,15.2
572,5,29,26.6,15.2
572,5,30,26.7,15.4
572,5,31,26.9,15.5
572,6,1,27.1,15.7
572,6,2,27.5,15.9
572,6,3,27.6,16.3
572,6,4,27.8,16.7
572,6,5,27.9,17.1
572,6,6,27.9,17.3
572,6,7,28.0,17.5
572,6,8,28.2,17.6
572,6,9,28.3,17.8
572,6,10,28.4,17.9
572,6,11,28.5,18.0
572,6,12,28.3,18.2
572,6,13,28.3,18.2
572,6,14,28.4,18.1
572,6,15,28.6,18.3
572,6,16,28.8,18.6
572,6,17,29.0,18.8
572,6,18,29.1,19.0
572,6,19,29.2,19.3
572,6,20,29.4,19.5
572,6,21,29.3,19.5
572,6,22,29.2,19.4
572,6,23,29.0,19.5
572,6,24,28.8,19.5
572,6,25,28.6,19.6
572,6,26,28.8,19.8
572,6,27,28.9,20.1
572,6,28,29.0,20.5
572,6,29,29.0,20.7
572,6,30,28.9,21.1
572,7,1,28.7,21.2
572,7,2,28.8,21.3
572,7,3,28.9,21.2
572,7,4,29.3,21.3
572,7,5,29.6,21.2
572,7,6,29.8,21.3
572,7,7,29.8,21.4
572,7,8,29.8,21.5
572,7,9,29.7,21.6
572,7,10,29.4,21.7
572,7,11,29.3,21.7
572,7,12,29.3,21.9
572,7,13,29.2,21.9
572,7,14,29.1,22.0
572,7,15,29.2,22.0
572,7,16,29.5,22.1
572,7,17,29.5,22.1
572,7,18,30.0,22.3
572,7,19,30.4,22.7
572,7,20,30.8,23.0
572,7,21,30.7,23.2
572,7,22,30.8,23.4
572,7,23,30.7,23.5
572,7,24,30.7,23.4
572,7,25,30.7,23.4
572,7,26,30.7,23.5
572,7,27,30.9,23.7
572,7,28,31.0,23.8
572,7,29,31.1,24.0
572,7,30,31.3,24.2
572,7,31,31.7,24.3
572,8,1,31.9,24.4
572,8,2,31.9,24.3
572,8,3,32.3,24.3
572,8,4,32.3,24.3
572,8,5,32.2,24.2
572,8,6,32.4,24.0
572,8,7,32.4,24.1
572,8,8,32.1,24.0
572,8,9,32.0,24.0
572,8,10,31.7,23.8
572,8,11,31.6,23.8
572,8,12,31.4,23.7
572,8,13,31.3,23.7
572,8,14,31.3,23.6
572,8,15,31.4,23.5
572,8,16,31.1,23.4
572,8,17,30.9,23.2
572,8,18,30.7,23.0
572,8,19,30.4,22.8
572,8,20,30.2,22.7
572,8,21,30.1,22.4
572,8,22,30.1,22.2
572,8,23,29.9,22.0
572,8,24,29.8,21.7
572,8,25,29.6,21.5
572,8,26,29.5,21.4
572,8,27,29.4,21.3
572,8,28,29.3,21.2
572,8,29,29.2,21.0
572,8,30,29.3,20.8
572,8,31,29.2,20.6
572,9,1,29.1,20.4
572,9,2,29.1,20.2
572,9,3,28.8,20.1
572,9,4,28.5,19.9
572,9,5,28.4,19.6
572,9,6,28.2,19.4
572,9,7,27.9,19.2
572,9,8,27.9,19.0
572,9,9,27.7,18.9
572,9,10,27.4,18.9
572,9,11,27.1,18.6
572,9,12,27.0,18.5
572,9,13,26.9,18.4
572,9,14,26.9,18.1
572,9,15,27.0,17.8
572,9,16,26.9,17.6
572,9,17,26.9,17.2
572,9,18,26.6,16.9
572,9,19,26.1,16.5
572,9,20,25.6,16.0
572,9,21,25.4,15.6
572,9,22,25.2,15.5
572,9,23,25.2,15.3
572,9,24,25.4,15.3
572,9,25,25.6,15.4
572,9,26,25.4,15.4
572,9,27,25.0,15.2
572,9,28,24.6,15.1
572,9,29,24.1,14.9
572,9,30,23.6,14.5
572,10,1,23.4,14.1
572,10,2,23.2,13.6
572,10,3,23.0,13.2
572,10,4,23.1,12.8
572,10,5,23.2,12.7
572,10,6,23.1,12.6
572,10,7,23.0,12.5
572,10,8,22.8,12.5
572,10,9,22.4,12.3
572,10,10,22.0,11.8
572,10,11,21.7,11.3
572,10,12,21.3,10.9
572,10,13,20.9,10.4
572,10,14,20.7,9.9
572,10,15,20.5,9.6
572,10,16,20.4,9.5
572,10,17,20.4,9.3
572,10,18,20.5,9.4
572,10,19,20.5,9.5
572,10,20,20.4,9.5
572,10,21,20.1,9.5
572,10,22,19.8,9.4
572,10,23,19.3,9.1
572,10,24,18.7,8.7
572,10,25,18.4,8.2
572,10,26,18.1,7.8
572,10,27,17.5,7.3
572,10,28,17.0,6.6
572,10,29,16.8,6.2
572,10,30,16.4,6.0
572,10,31,15.9,5.8
572,11,1,15.9,5.5
572,11,2,16.0,5.6
572,11,3,16.1,5.7
572,11,4,16.4,5.8
572,11,5,16.6,6.0
572,11,6,16.4,6.1
572,11,7,16.0,6.2
572,11,8,15.5,6.0
572,11,9,14.9,5.7
572,11,10,14.4,5.1
572,11,11,14.0,4.8
572,11,12,13.6,4.5
572,11,13,13.0,4.1
572,11,14,12.4,3.4
572,11,15,11.9,3.1
572,11,16,11.2,2.4
572,11,17,10.7,1.7
572,11,18,10.3,1.2
572,11,19,10.0,0.9
572,11,20,10.0,0.6
572,11,21,10.3,0.8
572,11,22,10.3,1.1
572,11,23,10.5,1.3
572,11,24,10.4,1.3
572,11,25,10.0,1.3
572,11,26,9.6,1.2
572,11,27,9.2,1.0
572,11,28,8.9,0.8
572,11,29,8.7,0.6
572,11,30,8.6,0.3
572,12,1,8.2,-0.2
572,12,2,7.9,-0.8
572,12,3,7.2,-1.3
572,12,4,6.4,-1.9
572,12,5,5.9,-2.3
572,12,6,5.4,-2.6
572,12,7,5.0,-2.8
572,12,8,5.1,-3.0
572,12,9,5.1,-2.9
572,12,10,4.9,-3.2
572,12,11,4.8,-3.5
572,12,12,4.6,-3.7
572,12,13,4.3,-3.8
572,12,14,4.0,-4.1
572,12,15,3.9,-4.1
572,12,16,3.7,-4.2
572,12,17,3.8,-4.2
572,12,18,3.9,-4.5
572,12,19,4.2,-4.4
572,12,20,4.6,-4.1
572,12,21,5.0,-3.9
572,12,22,5.0,-3.7
572,12,23,4.9,-3.8
572,12,24,4.3,-4.1
572,12,25,3.5,-4.8
572,12,26,3.0,-5.2
572,12,27,2.7,-5.7
572,12,28,2.4,-6.0
572,12,29,2.3,-6.1
572,12,30,2.3,-6.1
572,12,31,2.3,-6.0
590,1,1,2.6,-7.0
590,1,2,2.7,-7.0
590,1,3,2.8,-7.0
590,1,4,2.8,-7.0
590,1,5,2.7,-7.3
590,1,6,2.6,-7.3
590,1,7,2.3,-7.4
590,1,8,2.2,-7.3
590,1,9,2.1,-7.3
590,1,10,2.1,-7.3
590,1,11,1.9,-7.3
590,1,12,2.1,-7.3
590,1,13,2.2,-7.4
590,1,14,2.4,-7.2
590,1,15,2.7,-7.0
590,1,16,3.2,-6.8
590,1,17,3.4,-6.5
590,1,18,3.6,-6.0
590,1,19,3.4,-6.2
590,1,20,3.3,-6.3
590,1,21,2.9,-6.7
590,1,22,2.4,-7.2
590,1,23,2.1,-7.8
590,1,24,2.1,-7.7
590,1,25,2.2,-7.8
590,1,26,2.4,-7.7
590,1,27,2.7,-7.3
590,1,28,3.1,-6.9
590,1,29,3.3,-6.8
590,1,30,3.4,-6.8
590,1,31,3.3,-6.9
590,2,1,3.2,-6.9
590,2,2,3.2,-7.1
590,2,3,3.2,-7.0
590,2,4,3.4,-6.7
590,2,5,3.8,-6.5
590,2,6,3.8,-6.3
590,2,7,3.8,-6.1
590,2,8,3.9,-5.9
590,2,9,4.0,-5.9
590,2,10,3.8,-5.7
590,2,11,4.2,-5.4
590,2,12,4.8,-5.1
590,2,13,5.0,-4.8
590,2,14,5.2,-4.7
590,2,15,5.3,-4.6
590,2,16,5.3,-4.6
590,2,17,5.4,-4.6
590,2,18,5.9,-4.6
590,2,19,6.3,-4.1
590,2,20,7.0,-3.7
590,2,21,7.6,-3.2
590,2,22,8.1,-2.9
590,2,23,8.2,-2.4
590,2,24,8.6,-2.1
590,2,25,8.6,-2.0
590,2,26,8.8,-1.8
590,2,27,8.9,-1.5
590,2,28,8.8,-1.6
590,2,29,8.9,-1.5
590,3,1,8.9,-1.5
590,3,2,9.1,-1.3
590,3,3,9.0,-1.2
590,3,4,8.9,-1.2
590,3,5,9.0,-1.2
590,3,6,8.9,-1.2
590,3,7,9.2,-1.2
590,3,8,9.3,-1.2
590,3,9,9.5,-1.2
590,3,10,10.0,-1.1
590,3,11,10.5,-0.7
590,3,12,10.6,-0.5
590,3,13,11.0,-0.4
590,3,14,11.6,0.2
590,3,15,12.3,0.6
590,3,16,12.8,1.1
590,3,17,13.2,1.5
590,3,18,13.5,1.8
590,3,19,13.7,1.9
590,3,20,13.4,2.0
590,3,21,13.1,1.7
590,3,22,12.8,1.4
590,3,23,12.6,1.4
590,3,24,12.6,1.5
590,3,25,12.9,1.6
590,3,26,13.2,1.9
590,3,27,13.6,2.3
590,3,28,14.0,2.6
590,3,29,14.4,2.9
590,3,30,14.7,3.1
590,3,31,14.9,3.5
590,4,1,15.2,3.7
590,4,2,15.6,3.8
590,4,3,15.8,4.1
590,4,4,15.7,4.3
590,4,5,15.9,4.5
590,4,6,16.5,4.6
590,4,7,16.6,5.1
590,4,8,17.0,5.4
590,4,9,17.5,5.8
590,4,10,17.8,6.0
590,4,11,17.9,6.3
590,4,12,18.1,6.2
590,4,13,18.4,6.1
590,4,14,18.6,6.0
590,4,15,18.9,6.0
590,4,16,19.4,6.2
590,4,17,19.6,6.7
590,4,18,19.6,7.2
590,4,19,19.7,7.7
590,4,20,19.7,8.0
590,4,21,19.4,8.2
590,4,22,19.4,8.0
590,4,23,19.5,7.8
590,4,24,19.4,7.5
590,4,25,19.4,7.4
590,4,26,19.8,7.4
590,4,27,20.0,7.7
590,4,28,20.6,8.4
590,4,29,21.3,9.2
590,4,30,22.3,9.8
590,5,1,22.6,10.4
590,5,2,23.2,10.8
590,5,3,23.6,10.8
590,5,4,23.3,10.7
590,5,5,23.2,10.6
590,5,6,23.5,10.5
590,5,7,23.4,10.6
590,5,8,22.8,10.7
590,5,9,22.9,10.7
590,5,10,22.5,11.0
590,5,11,22.4,11.1
590,5,12,22.7,11.3
590,5,13,23.0,11.6
590,5,14,23.3,11.9
590,5,15,23.9,12.0
590,5,16,23.9,12.1
590,5,17,23.6,12.3
590,5,18,23.7,12.0
590,5,19,24.1,12.0
590,5,20,24.4,12.1
590,5,21,24.9,12.4
590,5,22,25.3,12.6
590,5,23,25.5,13.0
590,5,24,25.6,13.4
590,5,25,25.6,13.5
590,5,26,25.7,13.6
590,5,27,26.0,13.8
590,5,28,26.0,14.0
590,5,29,26.2,14.0
590,5,30,26.3,14.2
590,5,31,26.5,14.3
590,6,1,26.7,14.4
590,6,2,27.1,14.7
590,6,3,27.1,15.0
590,6,4,27.3,15.4
590,6,5,27.4,15.8
590,6,6,27.4,16.1
590,6,7,27.6,16.3
590,6,8,27.8,16.5
590,6,9,27.9,16.7
590,6,10,27.9,16.8
590,6,11,28.0,16.9
590,6,12,27.8,17.1
590,6,13,27.9,17.2
590,6,14,28.0,17.1
590,6,15,28.3,17.3
590,6,16,28.4,17.5
590,6,17,28.6,17.7
590,6,18,28.7,17.9
590,6,19,28.8,18.4
590,6,20,29.0,18.6
590,6,21,28.9,18.6
590,6,22,28.7,18.6
590,6,23,28.6,18.7
590,6,24,28.4,18.7
590,6,25,28.1,18.8
590,6,26,28.3,19.0
590,6,27,28.5,19.3
590,6,28,28.6,19.6
590,6,29,28.6,19.9
590,6,30,28.6,20.2
590,7,1,28.3,20.3
590,7,2,28.4,20.5
590,7,3,28.5,20.4
590,7,4,28.8,20.4
590,7,5,29.1,20.4
590,7,6,29.4,20.5
590,7,7,29.4,20.5
590,7,8,29.3,20.7
590,7,9,29.3,20.9
590,7,10,29.0,21.0
590,7,11,28.9,21.1
590,7,12,29.0,21.2
590,7,13,28.9,21.3
590,7,14,28.8,21.3
590,7,15,28.9,21.3
590,7,16,29.2,21.3
590,7,17,29.2,21.4
590,7,18,29.6,21.6
590,7,19,30.1,21.9
590,7,20,30.5,22.2
590,7,21,30.4,22.4
590,7,22,30.4,22.6
590,7,23,30.3,22.8
590,7,24,30.3,22.7
590,7,25,30.4,22.8
590,7,26,30.4,22.9
590,7,27,30.7,23.0
590,7,28,30.8,23.1
590,7,29,30.9,23.3
590,7,30,31.1,23.4
590,7,31,31.5,23.5
590,8,1,31.6,23.6
590,8,2,31.7,23.6
590,8,3,32.1,23.6
590,8,4,32.1,23.5
590,8,5,32.1,23.4
590,8,6,32.1,23.3
590,8,7,32.2,23.4
590,8,8,31.9,23.3
590,8,9,31.8,23.2
590,8,10,31.6,23.1
590,8,11,31.5,23.1
590,8,12,31.3,23.0
590,8,13,31.2,23.0
590,8,14,31.1,22.9
590,8,15,31.1,22.8
590,8,16,30.9,22.7
590,8,17,30.7,22.5
590,8,18,30.5,22.2
590,8,19,30.3,22.1
590,8,20,30.1,21.9
590,8,21,30.0,21.7
590,8,22,29.9,21.4
590,8,23,29.8,21.2
590,8,24,29.7,20.9
590,8,25,29.4,20.7
590,8,26,29.4,20.6
590,8,27,29.3,20.6
590,8,28,29.2,20.5
590,8,29,29.1,20.3
590,8,30,29.2,20.1
590,8,31,29.0,19.8
590,9,1,28.9,19.6
590,9,2,29.0,19.3
590,9,3,28.7,19.2
590,9,4,28.4,18.9
590,9,5,28.2,18.7
590,9,6,28.1,18.5
590,9,7,27.7,18.3
590,9,8,27.8,18.1
590,9,9,27.6,18.1
590,9,10,27.3,18.1
590,9,11,27.0,17.8
590,9,12,26.9,17.7
590,9,13,26.8,17.6
590,9,14,26.9,17.3
590,9,15,27.0,16.9
590,9,16,26.9,16.6
590,9,17,26.9,16.2
590,9,18,26.5,15.8
590,9,19,26.0,15.4
590,9,20,25.6,15.0
590,9,21,25.4,14.7
590,9,22,25.2,14.5
590,9,23,25.3,14.3
590,9,24,25.5,14.3
590,9,25,25.7,14.3
590,9,26,25.4,14.3
590,9,27,25.0,14.2
590,9,28,24.6,14.1
590,9,29,24.2,13.9
590,9,30,23.7,13.6
590,10,1,23.4,13.0
590,10,2,23.2,12.5
590,10,3,23.0,11.9
590,10,4,23.0,11.6
590,10,5,23.0,11.5
590,10,6,22.9,11.5
590,10,7,22.9,11.5
590,10,8,22.8,11.5
590,10,9,22.4,11.3
590,10,10,22.0,10.7
590,10,11,21.7,10.1
590,10,12,21.3,9.7
590,10,13,20.9,9.1
590,10,14,20.7,8.6
590,10,15,20.5,8.4
590,10,16,20.4,8.3
590,10,17,20.5,8.2
590,10,18,20.5,8.4
590,10,19,20.6,8.4
590,10,20,20.5,8.5
590,10,21,20.2,8.5
590,10,22,19.9,8.4
590,10,23,19.5,8.1
590,10,24,18.8,7.8
590,10,25,18.5,7.2
590,10,26,18.2,6.8
590,10,27,17.6,6.2
590,10,28,17.1,5.5
590,10,29,16.9,5.1
590,10,30,16.5,4.9
590,10,31,16.0,4.5
590,11,1,16.0,4.3
590,11,2,16.1,4.4
590,11,3,16.2,4.5
590,11,4,16.4,4.7
590,11,5,16.6,5.0
590,11,6,16.3,5.2
590,11,7,16.0,5.2
590,11,8,15.4,5.1
590,11,9,14.8,4.8
590,11,10,14.3,4.1
590,11,11,13.9,3.8
590,11,12,13.5,3.4
590,11,13,12.9,2.9
590,11,14,12.5,2.2
590,11,15,12.0,1.9
590,11,16,11.3,1.3
590,11,17,10.8,0.6
590,11,18,10.4,0.2
590,11,19,10.1,0.0
590,11,20,10.0,-0.3
590,11,21,10.3,-0.1
590,11,22,10.3,0.2
590,11,23,10.5,0.3
590,11,24,10.4,0.3
590,11,25,10.0,0.4
590,11,26,9.6,0.3
590,11,27,9.1,0.2
590,11,28,8.9,-0.1
590,11,29,8.7,-0.4
590,11,30,8.6,-0.7
590,12,1,8.2,-1.2
590,12,2,7.9,-1.9
590,12,3,7.3,-2.3
590,12,4,6.5,-2.9
590,12,5,5.9,-3.3
590,12,6,5.5,-3.5
590,12,7,5.2,-3.8
590,12,8,5.2,-3.9
590,12,9,5.1,-3.8
590,12,10,5.0,-4.1
590,12,11,5.0,-4.5
590,12,12,4.7,-4.7
590,12,13,4.4,-4.8
590,12,14,4.2,-5.2
590,12,15,3.9,-5.3
590,12,16,3.6,-5.4
590,12,17,3.7,-5.5
590,12,18,3.8,-5.7
590,12,19,4.0,-5.5
590,12,20,4.7,-5.3
590,12,21,5.1,-5.0
590,12,22,5.1,-4.7
590,12,23,5.0,-4.8
590,12,24,4.5,-5.1
590,12,25,3.6,-5.8
590,12,26,3.1,-6.4
590,12,27,2.8,-6.8
590,12,28,2.5,-7.1
590,12,29,2.4,-7.3
590,12,30,2.5,-7.1
590,12,31,2.5,-6.9
601,1,1,2.1,-8.3
601,1,2,2.2,-8.2
601,1,3,2.5,-8.1
601,1,4,2.6,-8.2
601,1,5,2.4,-8.6
601,1,6,2.1,-8.7
601,1,7,1.8,-9.0
601,1,8,1.6,-9.0
601,1,9,1.5,-9.0
601,1,10,1.5,-8.8
601,1,11,1.3,-8.7
601,1,12,1.5,-8.7
601,1,13,1.7,-8.6
601,1,14,1.7,-8.6
601,1,15,2.0,-8.4
601,1,16,2.4,-8.2
601,1,17,2.7,-7.7
601,1,18,2.7,-7.3
601,1,19,2.7,-7.1
601,1,20,2.7,-7.1
601,1,21,2.6,-7.3
601,1,22,2.1,-7.9
601,1,23,1.9,-8.7
601,1,24,1.8,-8.8
601,1,25,1.8,-9.0
601,1,26,1.9,-9.0
601,1,27,2.4,-8.6
601,1,28,2.7,-8.0
601,1,29,3.1,-7.9
601,1,30,3.2,-7.9
601,1,31,3.2,-8.1
601,2,1,3.2,-8.2
601,2,2,3.3,-8.4
601,2,3,3.3,-8.4
601,2,4,3.6,-8.1
601,2,5,3.8,-7.8
601,2,6,3.8,-7.5
601,2,7,3.6,-7.3
601,2,8,3.6,-7.0
601,2,9,3.6,-7.0
601,2,10,3.5,-6.8
601,2,11,4.2,-6.6
601,2,12,4.9,-6.2
601,2,13,5.2,-6.0
601,2,14,5.5,-6.0
601,2,15,5.6,-5.8
601,2,16,5.5,-5.8
601,2,17,5.7,-5.8
601,2,18,6.1,-5.8
601,2,19,6.4,-5.6
601,2,20,7.2,-5.3
601,2,21,7.6,-4.7
601,2,22,8.0,-4.4
601,2,23,8.2,-3.8
601,2,24,8.4,-3.3
601,2,25,8.4,-3.1
601,2,26,8.7,-2.9
601,2,27,8.8,-2.7
601,2,28,8.6,-2.6
601,2,29,8.8,-2.5
601,3,1,8.9,-2.5
601,3,2,9.2,-2.3
601,3,3,9.2,-2.1
601,3,4,9.1,-2.2
601,3,5,9.1,-2.3
601,3,6,9.0,-2.4
601,3,7,9.2,-2.5
601,3,8,9.5,-2.5
601,3,9,9.7,-2.5
601,3,10,10.3,-2.5
601,3,11,10.7,-2.2
601,3,12,10.7,-2.0
601,3,13,11.1,-1.9
601,3,14,11.7,-1.4
601,3,15,12.3,-0.8
601,3,16,12.9,-0.2
601,3,17,13.4,0.3
601,3,18,13.7,0.5
601,3,19,13.9,0.6
601,3,20,13.7,0.7
601,3,21,13.4,0.5
601,3,22,13.1,0.4
601,3,23,12.9,0.4
601,3,24,12.8,0.5
601,3,25,13.1,0.5
601,3,26,13.5,0.7
601,3,27,14.0,1.1
601,3,28,14.6,1.4
601,3,29,14.9,1.8
601,3,30,15.1,2.1
601,3,31,15.3,2.4
601,4,1,15.6,2.5
601,4,2,15.9,2.4
601,4,3,16.4,2.4
601,4,4,16.5,2.6
601,4,5,16.7,2.9
601,4,6,17.2,3.2
601,4,7,17.4,3.7
601,4,8,17.6,4.2
601,4,9,18.0,4.7
601,4,10,18.3,4.9
601,4,11,18.1,5.1
601,4,12,18.2,5.3
601,4,13,18.5,5.3
601,4,14,19.0,5.3
601,4,15,19.5,5.4
601,4,16,20.2,5.6
601,4,17,20.5,5.9
601,4,18,20.5,6.2
601,4,19,20.5,6.7
601,4,20,20.6,7.1
601,4,21,20.1,7.3
601,4,22,20.3,7.4
601,4,23,20.5,7.4
601,4,24,20.3,7.2
601,4,25,20.1,7.0
601,4,26,20.5,6.8
601,4,27,20.7,7.0
601,4,28,21.3,7.5
601,4,29,22.1,8.1
601,4,30,23.0,8.7
601,5,1,23.3,9.3
601,5,2,24.0,9.6
601,5,3,24.3,9.7
601,5,4,24.1,9.6
601,5,5,24.0,9.5
601,5,6,24.3,9.6
601,5,7,24.1,9.7
601,5,8,23.5,9.8
601,5,9,23.4,9.9
601,5,10,23.1,10.1
601,5,11,23.1,10.3
601,5,12,23.4,10.2
601,5,13,23.7,10.5
601,5,14,24.0,10.8
601,5,15,24.6,10.9
601,5,16,24.6,11.2
601,5,17,24.3,11.6
601,5,18,24.6,11.5
601,5,19,25.1,11.3
601,5,20,25.5,11.5
601,5,21,25.8,11.7
601,5,22,26.2,11.9
601,5,23,26.5,12.3
601,5,24,26.4,12.8
601,5,25,26.3,13.0
601,5,26,26.4,12.9
601,5,27,26.6,13.0
601,5,28,26.5,13.0
601,5,29,26.7,13.0
601,5,30,26.9,13.0
601,5,31,27.3,13.3
601,6,1,27.4,13.4
601,6,2,27.8,13.8
601,6,3,28.0,14.2
601,6,4,28.2,14.7
601,6,5,28.3,15.1
601,6,6,28.2,15.4
601,6,7,28.3,15.5
601,6,8,28.5,15.7
601,6,9,28.5,15.8
601,6,10,28.4,15.7
601,6,11,28.5,15.8
601,6,12,28.2,15.9
601,6,13,28.1,15.8
601,6,14,28.3,15.8
601,6,15,28.5,16.0
601,6,16,28.7,16.3
601,6,17,28.9,16.6
601,6,18,29.1,17.1
601,6,19,29.2,17.6
601,6,20,29.3,17.9
601,6,21,29.1,18.0
601,6,22,28.9,18.1
601,6,23,28.6,18.1
601,6,24,28.3,18.0
601,6,25,28.0,18.2
601,6,26,28.4,18.3
601,6,27,28.8,18.6
601,6,28,29.1,19.1
601,6,29,29.1,19.4
601,6,30,29.2,19.6
601,7,1,28.9,19.8
601,7,2,28.9,19.8
601,7,3,29.0,19.7
601,7,4,29.4,19.7
601,7,5,29.3,19.6
601,7,6,29.5,19.6
601,7,7,29.4,19.8
601,7,8,29.3,19.9
601,7,9,29.2,20.0
601,7,10,29.1,20.1
601,7,11,29.1,20.3
601,7,12,29.1,20.4
601,7,13,29.2,20.4
601,7,14,28.9,20.4
601,7,15,29.1,20.4
601,7,16,29.3,20.4
601,7,17,29.4,20.5
601,7,18,29.7,20.8
601,7,19,30.2,21.1
601,7,20,30.6,21.4
601,7,21,30.6,21.7
601,7,22,30.6,21.9
601,7,23,30.5,22.0
601,7,24,30.5,21.9
601,7,25,30.6,21.9
601,7,26,30.5,21.9
601,7,27,30.7,21.9
601,7,28,31.0,21.9
601,7,29,31.1,22.1
601,7,30,31.5,22.3
601,7,31,32.0,22.4
601,8,1,32.2,22.6
601,8,2,32.4,22.7
601,8,3,32.7,22.7
601,8,4,32.4,22.6
601,8,5,32.3,22.5
601,8,6,32.4,22.4
601,8,7,32.1,22.3
601,8,8,31.8,22.2
601,8,9,31.6,22.1
601,8,10,31.4,22.0
601,8,11,31.1,21.9
601,8,12,31.0,21.9
601,8,13,30.9,21.9
601,8,14,30.8,21.8
601,8,15,30.9,21.6
601,8,16,30.6,21.5
601,8,17,30.3,21.3
601,8,18,30.0,21.0
601,8,19,30.0,20.9
601,8,20,29.8,20.8
601,8,21,29.6,20.7
601,8,22,29.6,20.4
601,8,23,29.6,20.3
601,8,24,29.1,20.0
601,8,25,28.8,19.7
601,8,26,28.9,19.5
601,8,27,28.8,19.4
601,8,28,28.4,19.2
601,8,29,28.4,19.0
601,8,30,28.5,18.8
601,8,31,28.3,18.6
601,9,1,28.0,18.3
601,9,2,28.1,18.1
601,9,3,28.1,17.9
601,9,4,27.7,17.8
601,9,5,27.5,17.7
601,9,6,27.4,17.5
601,9,7,27.0,17.4
601,9,8,26.9,17.3
601,9,9,26.7,17.1
601,9,10,26.5,17.0
601,9,11,26.2,16.8
601,9,12,26.1,16.6
601,9,13,26.1,16.5
601,9,14,26.2,16.3
601,9,15,26.3,16.0
601,9,16,26.2,15.7
601,9,17,26.2,15.5
601,9,18,25.8,15.0
601,9,19,25.4,14.6
601,9,20,24.9,14.2
601,9,21,24.6,13.7
601,9,22,24.4,13.5
601,9,23,24.4,13.4
601,9,24,24.6,13.3
601,9,25,24.8,13.2
601,9,26,24.7,13.2
601,9,27,24.3,13.1
601,9,28,23.9,13.0
601,9,29,23.4,13.0
601,9,30,23.0,12.9
601,10,1,22.8,12.6
601,10,2,22.7,12.1
601,10,3,22.6,11.6
601,10,4,22.4,11.1
601,10,5,22.4,10.8
601,10,6,22.3,10.6
601,10,7,22.2,10.5
601,10,8,22.3,10.5
601,10,9,22.1,10.4
601,10,10,21.7,10.2
601,10,11,21.4,9.8
601,10,12,21.0,9.4
601,10,13,20.6,8.8
601,10,14,20.3,8.3
601,10,15,20.1,7.8
601,10,16,20.0,7.5
601,10,17,20.0,7.3
601,10,18,20.0,7.2
601,10,19,20.0,7.3
601,10,20,19.8,7.4
601,10,21,19.4,7.3
601,10,22,19.1,7.2
601,10,23,18.8,6.9
601,10,24,18.4,6.5
601,10,25,18.2,6.1
601,10,26,18.1,5.8
601,10,27,17.5,5.4
601,10,28,17.0,5.0
601,10,29,16.8,4.6
601,10,30,16.3,4.5
601,10,31,15.8,4.1
601,11,1,15.6,3.9
601,11,2,15.5,3.8
601,11,3,15.6,3.6
601,11,4,15.7,3.6
601,11,5,16.0,3.8
601,11,6,15.9,4.0
601,11,7,15.5,4.2
601,11,8,15.0,4.0
601,11,9,14.4,3.8
601,11,10,13.8,3.2
601,11,11,13.4,2.5
601,11,12,13.1,2.2
601,11,13,12.5,1.9
601,11,14,12.1,1.3
601,11,15,11.7,0.9
601,11,16,11.2,0.5
601,11,17,10.5,-0.2
601,11,18,10.1,-0.7
601,11,19,9.8,-1.2
601,11,20,9.5,-1.5
601,11,21,9.5,-1.5
601,11,22,9.5,-1.3
601,11,23,9.6,-1.3
601,11,24,9.3,-1.2
601,11,25,8.9,-1.1
601,11,26,8.6,-1.2
601,11,27,8.3,-1.2
601,11,28,8.1,-1.4
601,11,29,8.1,-1.6
601,11,30,8.3,-1.8
601,12,1,8.0,-2.1
601,12,2,7.6,-2.5
601,12,3,6.9,-3.0
601,12,4,6.1,-3.5
601,12,5,5.3,-4.0
601,12,6,4.8,-4.3
601,12,7,4.5,-4.9
601,12,8,4.6,-5.1
601,12,9,4.6,-5.1
601,12,10,4.7,-5.3
601,12,11,4.7,-5.7
601,12,12,4.4,-5.8
601,12,13,4.0,-5.9
601,12,14,3.8,-6.3
601,12,15,3.4,-6.4
601,12,16,3.1,-6.6
601,12,17,3.0,-6.8
601,12,18,3.1,-7.1
601,12,19,3.2,-7.0
601,12,20,3.7,-6.9
601,12,21,4.0,-6.5
601,12,22,4.1,-6.1
601,12,23,4.0,-5.9
601,12,24,3.6,-6.2
601,12,25,2.8,-6.9
601,12,26,2.3,-7.7
601,12,27,2.1,-8.2
601,12,28,1.9,-8.7
601,12,29,1.8,-8.9
601,12,30,1.8,-8.7
601,12,31,2.0,-8.3
602,1,1,3.3,-7.9
602,1,2,3.3,-7.7
602,1,3,3.4,-7.6
602,1,4,3.4,-7.7
602,1,5,3.1,-8.1
602,1,6,3.0,-8.2
602,1,7,2.7,-8.4
602,1,8,2.6,-8.5
602,1,9,2.5,-8.5
602,1,10,2.6,-8.4
602,1,11,2.4,-8.4
602,1,12,2.6,-8.4
602,1,13,2.6,-8.4
602,1,14,2.7,-8.3
602,1,15,3.0,-8.1
602,1,16,3.3,-7.9
602,1,17,3.6,-7.5
602,1,18,3.7,-7.0
602,1,19,3.7,-6.9
602,1,20,3.7,-6.9
602,1,21,3.5,-7.1
602,1,22,3.1,-7.6
602,1,23,2.8,-8.3
602,1,24,2.9,-8.3
602,1,25,2.9,-8.5
602,1,26,3.1,-8.4
602,1,27,3.4,-8.0
602,1,28,3.9,-7.6
602,1,29,4.1,-7.6
602,1,30,4.3,-7.6
602,1,31,4.3,-7.7
602,2,1,4.2,-7.8
602,2,2,4.1,-7.9
602,2,3,4.1,-7.9
602,2,4,4.3,-7.6
602,2,5,4.4,-7.3
602,2,6,4.4,-7.1
602,2,7,4.3,-6.9
602,2,8,4.5,-6.6
602,2,9,4.6,-6.6
602,2,10,4.5,-6.5
602,2,11,5.1,-6.3
602,2,12,5.7,-5.9
602,2,13,6.0,-5.7
602,2,14,6.0,-5.6
602,2,15,6.1,-5.5
602,2,16,6.1,-5.5
602,2,17,6.2,-5.5
602,2,18,6.6,-5.5
602,2,19,7.1,-5.3
602,2,20,7.8,-5.0
602,2,21,8.3,-4.5
602,2,22,8.7,-4.1
602,2,23,8.8,-3.6
602,2,24,9.1,-3.2
602,2,25,9.2,-3.0
602,2,26,9.4,-2.8
602,2,27,9.5,-2.6
602,2,28,9.4,-2.6
602,2,29,9.6,-2.6
602,3,1,9.7,-2.6
602,3,2,9.9,-2.4
602,3,3,10.0,-2.2
602,3,4,9.9,-2.2
602,3,5,10.0,-2.3
602,3,6,10.0,-2.4
602,3,7,10.3,-2.5
602,3,8,10.4,-2.4
602,3,9,10.6,-2.5
602,3,10,11.2,-2.4
602,3,11,11.5,-2.2
602,3,12,11.5,-2.0
602,3,13,11.9,-2.0
602,3,14,12.5,-1.5
602,3,15,13.0,-1.1
602,3,16,13.5,-0.5
602,3,17,14.0,0.0
602,3,18,14.3,0.3
602,3,19,14.6,0.4
602,3,20,14.3,0.6
602,3,21,14.1,0.3
602,3,22,13.8,0.0
602,3,23,13.6,-0.1
602,3,24,13.5,-0.1
602,3,25,14.0,0.1
602,3,26,14.5,0.3
602,3,27,14.9,0.8
602,3,28,15.4,1.1
602,3,29,15.7,1.5
602,3,30,15.8,1.6
602,3,31,16.0,2.0
602,4,1,16.2,2.2
602,4,2,16.5,2.2
602,4,3,16.8,2.3
602,4,4,16.9,2.5
602,4,5,17.1,2.8
602,4,6,17.6,2.9
602,4,7,17.7,3.5
602,4,8,18.0,3.8
602,4,9,18.4,4.2
602,4,10,18.7,4.5
602,4,11,18.5,4.7
602,4,12,18.6,4.8
602,4,13,18.7,4.8
602,4,14,19.2,4.7
602,4,15,19.4,4.7
602,4,16,20.0,4.8
602,4,17,20.4,5.1
602,4,18,20.5,5.5
602,4,19,20.5,6.1
602,4,20,20.5,6.6
602,4,21,20.2,6.8
602,4,22,20.1,6.7
602,4,23,20.3,6.6
602,4,24,20.1,6.4
602,4,25,20.1,6.1
602,4,26,20.5,6.1
602,4,27,20.8,6.4
602,4,28,21.4,6.8
602,4,29,22.2,7.5
602,4,30,23.1,8.3
602,5,1,23.3,9.1
602,5,2,23.7,9.5
602,5,3,24.0,9.5
602,5,4,23.8,9.3
602,5,5,23.6,9.2
602,5,6,23.8,9.1
602,5,7,23.7,9.1
602,5,8,23.2,9.3
602,5,9,23.2,9.4
602,5,10,22.9,9.8
602,5,11,22.9,10.0
602,5,12,23.1,10.1
602,5,13,23.4,10.5
602,5,14,23.5,10.8
602,5,15,24.0,10.8
602,5,16,24.1,11.1
602,5,17,23.9,11.4
602,5,18,24.1,11.2
602,5,19,24.5,11.1
602,5,20,24.8,11.3
602,5,21,25.1,11.5
602,5,22,25.5,11.6
602,5,23,25.8,11.9
602,5,24,25.8,12.3
602,5,25,25.8,12.4
602,5,26,25.8,12.4
602,5,27,26.1,12.6
602,5,28,26.1,12.7
602,5,29,26.3,12.6
602,5,30,26.5,12.7
602,5,31,26.7,12.8
602,6,1,26.7,12.9
602,6,2,27.0,13.3
602,6,3,27.0,13.7
602,6,4,27.2,14.2
602,6,5,27.3,14.6
602,6,6,27.2,14.9
602,6,7,27.4,15.0
602,6,8,27.6,15.3
602,6,9,27.7,15.4
602,6,10,27.7,15.5
602,6,11,27.8,15.5
602,6,12,27.6,15.7
602,6,13,27.6,15.7
602,6,14,27.8,15.6
602,6,15,28.0,15.7
602,6,16,28.2,16.0
602,6,17,28.4,16.2
602,6,18,28.5,16.6
602,6,19,28.5,17.2
602,6,20,28.5,17.5
602,6,21,28.5,17.6
602,6,22,28.3,17.6
602,6,23,28.1,17.6
602,6,24,27.9,17.6
602,6,25,27.6,17.7
602,6,26,27.9,17.9
602,6,27,28.1,18.2
602,6,28,28.3,18.7
602,6,29,28.2,19.1
602,6,30,28.3,19.4
602,7,1,28.1,19.6
602,7,2,28.1,19.8
602,7,3,28.3,19.6
602,7,4,28.6,19.6
602,7,5,28.6,19.4
602,7,6,28.7,19.4
602,7,7,28.6,19.4
602,7,8,28.5,19.5
602,7,9,28.4,19.7
602,7,10,28.4,19.9
602,7,11,28.3,20.1
602,7,12,28.4,20.2
602,7,13,28.5,20.3
602,7,14,28.5,20.3
602,7,15,28.6,20.3
602,7,16,28.9,20.3
602,7,17,28.9,20.4
602,7,18,29.2,20.6
602,7,19,29.6,20.9
602,7,20,30.1,21.2
602,7,21,30.1,21.4
602,7,22,30.0,21.5
602,7,23,30.0,21.6
602,7,24,30.0,21.6
602,7,25,30.0,21.5
602,7,26,30.1,21.6
602,7,27,30.3,21.7
602,7,28,30.5,21.7
602,7,29,30.7,21.9
602,7,30,30.9,22.1
602,7,31,31.4,22.2
602,8,1,31.6,22.2
602,8,2,31.7,22.2
602,8,3,31.9,22.3
602,8,4,31.7,22.2
602,8,5,31.5,22.1
602,8,6,31.5,22.1
602,8,7,31.4,22.1
602,8,8,31.1,22.0
602,8,9,30.9,21.9
602,8,10,30.7,21.7
602,8,11,30.6,21.6
602,8,12,30.4,21.5
602,8,13,30.4,21.4
602,8,14,30.3,21.4
602,8,15,30.4,21.3
602,8,16,30.2,21.2
602,8,17,30.0,21.0
602,8,18,29.7,20.7
602,8,19,29.7,20.5
602,8,20,29.5,20.4
602,8,21,29.3,20.2
602,8,22,29.3,20.0
602,8,23,29.2,19.9
602,8,24,28.9,19.7
602,8,25,28.7,19.6
602,8,26,28.7,19.4
602,8,27,28.6,19.3
602,8,28,28.4,19.1
602,8,29,28.3,18.8
602,8,30,28.4,18.6
602,8,31,28.1,18.3
602,9,1,28.0,18.0
602,9,2,28.1,17.7
602,9,3,28.0,17.5
602,9,4,27.6,17.4
602,9,5,27.5,17.2
602,9,6,27.4,17.0
602,9,7,27.1,16.8
602,9,8,27.0,16.7
602,9,9,26.9,16.5
602,9,10,26.6,16.5
602,9,11,26.4,16.3
602,9,12,26.4,16.1
602,9,13,26.2,16.0
602,9,14,26.1,15.8
602,9,15,26.3,15.5
602,9,16,26.3,15.2
602,9,17,26.3,14.8
602,9,18,26.1,14.4
602,9,19,25.8,14.0
602,9,20,25.3,13.6
602,9,21,25.0,13.2
602,9,22,24.8,13.1
602,9,23,24.7,12.9
602,9,24,24.9,12.7
602,9,25,25.0,12.7
602,9,26,24.9,12.6
602,9,27,24.5,12.4
602,9,28,24.2,12.3
602,9,29,23.8,12.2
602,9,30,23.4,11.9
602,10,1,23.2,11.6
602,10,2,23.1,11.1
602,10,3,22.9,10.6
602,10,4,22.8,10.1
602,10,5,22.9,10.0
602,10,6,22.8,9.8
602,10,7,22.8,9.7
602,10,8,22.9,9.7
602,10,9,22.6,9.4
602,10,10,22.3,9.1
602,10,11,21.9,8.5
602,10,12,21.5,8.2
602,10,13,21.1,7.6
602,10,14,20.8,7.2
602,10,15,20.6,6.9
602,10,16,20.5,6.8
602,10,17,20.6,6.6
602,10,18,20.6,6.7
602,10,19,20.7,6.7
602,10,20,20.5,6.8
602,10,21,20.2,6.8
602,10,22,19.9,6.7
602,10,23,19.6,6.3
602,10,24,19.0,5.9
602,10,25,18.6,5.4
602,10,26,18.3,5.0
602,10,27,17.7,4.6
602,10,28,17.3,4.0
602,10,29,17.0,3.6
602,10,30,16.7,3.4
602,10,31,16.3,3.1
602,11,1,16.2,2.9
602,11,2,16.3,2.8
602,11,3,16.4,2.9
602,11,4,16.6,3.0
602,11,5,16.7,3.2
602,11,6,16.5,3.5
602,11,7,16.2,3.7
602,11,8,15.8,3.5
602,11,9,15.3,3.2
602,11,10,14.8,2.6
602,11,11,14.5,2.1
602,11,12,14.1,1.9
602,11,13,13.5,1.5
602,11,14,12.9,0.9
602,11,15,12.4,0.5
602,11,16,11.8,0.1
602,11,17,11.2,-0.6
602,11,18,10.7,-1.1
602,11,19,10.4,-1.4
602,11,20,10.2,-1.6
602,11,21,10.3,-1.5
602,11,22,10.4,-1.3
602,11,23,10.5,-1.2
602,11,24,10.3,-1.1
602,11,25,10.0,-0.8
602,11,26,9.7,-0.8
602,11,27,9.3,-0.9
602,11,28,9.1,-1.1
602,11,29,9.0,-1.4
602,11,30,8.9,-1.9
602,12,1,8.5,-2.4
602,12,2,8.1,-3.1
602,12,3,7.4,-3.5
602,12,4,6.7,-4.0
602,12,5,6.1,-4.3
602,12,6,5.7,-4.5
602,12,7,5.4,-4.8
602,12,8,5.4,-4.9
602,12,9,5.4,-4.8
602,12,10,5.4,-5.2
602,12,11,5.3,-5.5
602,12,12,5.1,-5.6
602,12,13,4.8,-5.8
602,12,14,4.6,-6.0
602,12,15,4.4,-5.9
602,12,16,4.2,-6.1
602,12,17,4.3,-6.2
602,12,18,4.3,-6.3
602,12,19,4.5,-6.2
602,12,20,5.0,-6.2
602,12,21,5.3,-5.9
602,12,22,5.2,-5.7
602,12,23,5.0,-5.7
602,12,24,4.6,-6.0
602,12,25,3.9,-6.6
602,12,26,3.3,-7.3
602,12,27,3.1,-7.7
602,12,28,3.0,-8.0
602,12,29,2.9,-8.3
602,12,30,3.0,-8.1
602,12,31,3.2,-7.8
604,1,1,3.8,-7.4
604,1,2,3.8,-7.4
604,1,3,4.0,-7.4
604,1,4,4.0,-7.6
604,1,5,3.7,-7.8
604,1,6,3.5,-7.8
604,1,7,3.3,-7.9
604,1,8,3.2,-7.8
604,1,9,3.1,-7.7
604,1,10,3.1,-7.6
604,1,11,3.0,-7.5
604,1,12,3.1,-7.5
604,1,13,3.2,-7.6
604,1,14,3.3,-7.5
604,1,15,3.4,-7.5
604,1,16,3.8,-7.6
604,1,17,4.0,-7.3
604,1,18,4.2,-6.7
604,1,19,4.1,-6.5
604,1,20,4.0,-6.5
604,1,21,3.7,-6.4
604,1,22,3.2,-6.9
604,1,23,3.0,-7.7
604,1,24,2.9,-7.7
604,1,25,3.0,-7.9
604,1,26,3.3,-7.8
604,1,27,3.6,-7.5
604,1,28,3.9,-7.1
604,1,29,4.3,-7.2
604,1,30,4.5,-7.2
604,1,31,4.4,-7.3
604,2,1,4.4,-7.4
604,2,2,4.4,-7.7
604,2,3,4.4,-7.6
604,2,4,4.5,-7.3
604,2,5,4.8,-7.1
604,2,6,4.7,-6.8
604,2,7,4.6,-6.4
604,2,8,4.8,-6.2
604,2,9,4.8,-6.0
604,2,10,4.7,-5.8
604,2,11,5.3,-5.8
604,2,12,5.9,-5.5
604,2,13,6.1,-5.4
604,2,14,6.3,-5.4
604,2,15,6.4,-5.3
604,2,16,6.3,-5.2
604,2,17,6.4,-5.1
604,2,18,6.9,-5.2
604,2,19,7.1,-5.0
604,2,20,7.9,-4.7
604,2,21,8.4,-4.3
604,2,22,8.9,-4.2
604,2,23,9.0,-3.6
604,2,24,9.3,-3.1
604,2,25,9.3,-2.8
604,2,26,9.4,-2.5
604,2,27,9.4,-2.1
604,2,28,9.4,-2.2
604,2,29,9.5,-2.2
604,3,1,9.6,-2.3
604,3,2,9.9,-2.3
604,3,3,10.0,-2.2
604,3,4,10.0,-2.2
604,3,5,9.9,-2.2
604,3,6,9.9,-2.2
604,3,7,10.2,-2.3
604,3,8,10.3,-2.2
604,3,9,10.4,-2.2
604,3,10,11.2,-2.4
604,3,11,11.6,-2.1
604,3,12,11.7,-1.9
604,3,13,12.1,-1.8
604,3,14,12.6,-1.3
604,3,15,13.1,-0.9
604,3,16,13.5,-0.3
604,3,17,14.0,0.1
604,3,18,14.3,0.4
604,3,19,14.6,0.4
604,3,20,14.3,0.7
604,3,21,14.1,0.5
604,3,22,13.7,0.2
604,3,23,13.5,0.2
604,3,24,13.4,0.4
604,3,25,13.8,0.3
604,3,26,14.4,0.5
604,3,27,15.0,0.9
604,3,28,15.4,1.3
604,3,29,15.8,1.6
604,3,30,16.0,1.9
604,3,31,16.1,2.2
604,4,1,16.3,2.5
604,4,2,16.5,2.5
604,4,3,16.8,2.5
604,4,4,16.9,2.6
604,4,5,17.1,3.0
604,4,6,17.6,3.0
604,4,7,17.9,3.6
604,4,8,18.1,4.2
604,4,9,18.4,4.7
604,4,10,18.6,4.8
604,4,11,18.4,5.1
604,4,12,18.6,5.0
604,4,13,19.0,4.9
604,4,14,19.5,4.8
604,4,15,19.9,5.0
604,4,16,20.6,5.2
604,4,17,20.9,5.5
604,4,18,20.7,5.9
604,4,19,20.6,6.7
604,4,20,20.7,7.1
604,4,21,20.3,7.3
604,4,22,20.3,7.3
604,4,23,20.4,7.2
604,4,24,20.4,6.8
604,4,25,20.3,6.5
604,4,26,20.7,6.3
604,4,27,20.9,6.6
604,4,28,21.5,7.2
604,4,29,22.3,7.7
604,4,30,23.2,8.4
604,5,1,23.5,9.1
604,5,2,24.1,9.5
604,5,3,24.5,9.4
604,5,4,24.3,9.5
604,5,5,24.1,9.5
604,5,6,24.1,9.4
604,5,7,23.9,9.4
604,5,8,23.3,9.6
604,5,9,23.4,9.7
604,5,10,23.1,9.9
604,5,11,23.1,10.1
604,5,12,23.4,10.2
604,5,13,23.7,10.7
604,5,14,23.8,11.0
604,5,15,24.4,11.0
604,5,16,24.5,11.4
604,5,17,24.3,11.7
604,5,18,24.5,11.5
604,5,19,24.9,11.4
604,5,20,25.1,11.5
604,5,21,25.4,11.7
604,5,22,25.6,11.7
604,5,23,25.9,12.1
604,5,24,26.0,12.5
604,5,25,25.9,12.7
604,5,26,26.0,12.7
604,5,27,26.4,12.9
604,5,28,26.3,13.0
604,5,29,26.5,13.0
604,5,30,26.7,13.1
604,5,31,26.8,13.1
604,6,1,26.9,13.4
604,6,2,27.3,13.7
604,6,3,27.3,14.3
604,6,4,27.5,14.8
604,6,5,27.6,15.3
604,6,6,27.6,15.6
604,6,7,27.7,15.8
604,6,8,28.0,16.0
604,6,9,28.0,16.1
604,6,10,28.0,16.1
604,6,11,28.2,16.0
604,6,12,27.9,16.1
604,6,13,27.9,16.0
604,6,14,28.0,16.0
604,6,15,28.2,16.2
604,6,16,28.4,16.6
604,6,17,28.7,16.9
604,6,18,29.0,17.3
604,6,19,29.0,17.9
604,6,20,29.1,18.1
604,6,21,29.0,18.2
604,6,22,28.7,18.3
604,6,23,28.3,18.3
604,6,24,28.1,18.2
604,6,25,27.9,18.4
604,6,26,28.1,18.6
604,6,27,28.5,18.9
604,6,28,28.8,19.4
604,6,29,28.7,19.7
604,6,30,28.8,19.9
604,7,1,28.6,20.2
604,7,2,28.5,20.4
604,7,3,28.6,20.3
604,7,4,28.9,20.3
604,7,5,28.9,20.2
604,7,6,29.0,20.1
604,7,7,28.8,20.0
604,7,8,28.8,20.1
604,7,9,28.8,20.3
604,7,10,28.8,20.4
604,7,11,28.8,20.6
604,7,12,29.0,20.7
604,7,13,29.1,20.8
604,7,14,29.2,20.8
604,7,15,29.2,20.9
604,7,16,29.4,20.8
604,7,17,29.6,21.0
604,7,18,29.9,21.2
604,7,19,30.3,21.5
604,7,20,30.8,21.8
604,7,21,30.9,22.1
604,7,22,31.0,22.3
604,7,23,30.9,22.4
604,7,24,30.9,22.4
604,7,25,31.0,22.4
604,7,26,31.1,22.4
604,7,27,31.3,22.5
604,7,28,31.6,22.5
604,7,29,31.9,22.6
604,7,30,32.2,22.8
604,7,31,32.5,22.9
604,8,1,32.5,23.0
604,8,2,32.5,22.9
604,8,3,32.6,22.9
604,8,4,32.4,22.8
604,8,5,32.2,22.6
604,8,6,32.3,22.6
604,8,7,32.1,22.6
604,8,8,31.8,22.6
604,8,9,31.5,22.6
604,8,10,31.2,22.5
604,8,11,31.0,22.4
604,8,12,30.8,22.3
604,8,13,30.8,22.2
604,8,14,30.7,22.0
604,8,15,30.8,21.9
604,8,16,30.6,21.8
604,8,17,30.5,21.7
604,8,18,30.2,21.6
604,8,19,30.3,21.4
604,8,20,30.1,21.2
604,8,21,29.9,21.1
604,8,22,29.8,20.9
604,8,23,29.7,20.7
604,8,24,29.3,20.4
604,8,25,29.1,20.2
604,8,26,29.2,20.1
604,8,27,29.2,20.0
604,8,28,28.8,19.8
604,8,29,28.7,19.6
604,8,30,28.8,19.4
604,8,31,28.5,19.1
604,9,1,28.3,18.9
604,9,2,28.5,18.5
604,9,3,28.4,18.4
604,9,4,28.0,18.3
604,9,5,27.9,18.0
604,9,6,27.7,17.8
604,9,7,27.4,17.6
604,9,8,27.3,17.4
604,9,9,27.3,17.3
604,9,10,27.0,17.2
604,9,11,26.8,17.1
604,9,12,26.7,17.0
604,9,13,26.4,16.9
604,9,14,26.3,16.7
604,9,15,26.4,16.4
604,9,16,26.3,16.1
604,9,17,26.5,15.7
604,9,18,26.3,15.3
604,9,19,26.0,14.8
604,9,20,25.5,14.4
604,9,21,25.2,13.9
604,9,22,24.8,13.8
604,9,23,24.7,13.5
604,9,24,24.8,13.3
604,9,25,24.9,13.1
604,9,26,24.8,13.0
604,9,27,24.5,13.0
604,9,28,24.2,13.0
604,9,29,23.9,12.9
604,9,30,23.6,12.8
604,10,1,23.4,12.4
604,10,2,23.3,11.9
604,10,3,23.1,11.3
604,10,4,22.9,10.7
604,10,5,22.9,10.3
604,10,6,22.7,10.2
604,10,7,22.5,9.9
604,10,8,22.5,9.9
604,10,9,22.3,9.7
604,10,10,21.9,9.5
604,10,11,21.5,9.0
604,10,12,21.2,8.7
604,10,13,20.8,8.0
604,10,14,20.6,7.6
604,10,15,20.5,7.2
604,10,16,20.4,7.1
604,10,17,20.4,6.7
604,10,18,20.5,6.9
604,10,19,20.6,7.0
604,10,20,20.4,7.1
604,10,21,20.2,7.0
604,10,22,19.9,7.1
604,10,23,19.5,6.6
604,10,24,19.0,6.2
604,10,25,18.7,5.7
604,10,26,18.4,5.3
604,10,27,17.8,5.0
604,10,28,17.4,4.5
604,10,29,17.2,4.0
604,10,30,16.8,3.8
604,10,31,16.4,3.4
604,11,1,16.4,3.1
604,11,2,16.5,2.9
604,11,3,16.6,2.9
604,11,4,16.9,2.9
604,11,5,17.2,3.1
604,11,6,17.0,3.4
604,11,7,16.6,3.7
604,11,8,16.1,3.7
604,11,9,15.6,3.5
604,11,10,14.9,3.1
604,11,11,14.6,2.5
604,11,12,14.4,2.0
604,11,13,14.0,1.5
604,11,14,13.5,0.9
604,11,15,13.0,0.5
604,11,16,12.3,0.1
604,11,17,11.5,-0.4
604,11,18,11.0,-0.8
604,11,19,10.8,-1.2
604,11,20,10.7,-1.5
604,11,21,11.0,-1.5
604,11,22,11.2,-1.2
604,11,23,11.3,-1.1
604,11,24,11.2,-0.8
604,11,25,10.8,-0.6
604,11,26,10.4,-0.6
604,11,27,10.0,-0.6
604,11,28,9.7,-0.9
604,11,29,9.6,-1.2
604,11,30,9.6,-1.5
604,12,1,9.2,-2.0
604,12,2,8.9,-2.5
604,12,3,8.1,-2.9
604,12,4,7.3,-3.3
604,12,5,6.7,-3.7
604,12,6,6.3,-3.9
604,12,7,6.0,-4.4
604,12,8,5.9,-4.6
604,12,9,6.0,-4.5
604,12,10,6.0,-4.8
604,12,11,5.9,-5.0
604,12,12,5.7,-5.1
604,12,13,5.6,-5.2
604,12,14,5.5,-5.5
604,12,15,5.3,-5.4
604,12,16,5.1,-5.6
604,12,17,5.1,-5.6
604,12,18,5.1,-5.8
604,12,19,5.2,-5.7
604,12,20,5.6,-5.7
604,12,21,5.9,-5.3
604,12,22,5.9,-5.1
604,12,23,5.7,-5.2
604,12,24,5.4,-5.4
604,12,25,4.7,-5.9
604,12,26,4.2,-6.7
604,12,27,3.9,-7.0
604,12,28,3.7,-7.3
604,12,29,3.5,-7.7
604,12,30,3.5,-7.6
604,12,31,3.6,-7.4
611,1,1,3.9,-7.9
611,1,2,4.0,-7.8
611,1,3,4.0,-7.7
611,1,4,4.0,-7.8
611,1,5,3.7,-8.1
611,1,6,3.6,-8.2
611,1,7,3.4,-8.3
611,1,8,3.3,-8.3
611,1,9,3.2,-8.3
611,1,10,3.2,-8.2
611,1,11,3.0,-8.1
611,1,12,3.1,-8.1
611,1,13,3.2,-8.1
611,1,14,3.3,-7.9
611,1,15,3.5,-7.8
611,1,16,3.9,-7.7
611,1,17,4.2,-7.4
611,1,18,4.4,-6.8
611,1,19,4.3,-6.9
611,1,20,4.2,-6.8
611,1,21,3.9,-6.9
611,1,22,3.5,-7.5
611,1,23,3.3,-8.4
611,1,24,3.3,-8.4
611,1,25,3.4,-8.6
611,1,26,3.6,-8.5
611,1,27,3.9,-8.1
611,1,28,4.3,-7.6
611,1,29,4.5,-7.6
611,1,30,4.7,-7.6
611,1,31,4.7,-7.7
611,2,1,4.6,-7.8
611,2,2,4.6,-7.9
611,2,3,4.5,-7.8
611,2,4,4.7,-7.6
611,2,5,4.9,-7.3
611,2,6,4.9,-7.1
611,2,7,4.8,-6.8
611,2,8,5.0,-6.5
611,2,9,5.1,-6.5
611,2,10,5.1,-6.4
611,2,11,5.7,-6.3
611,2,12,6.3,-5.9
611,2,13,6.6,-5.7
611,2,14,6.6,-5.5
611,2,15,6.7,-5.4
611,2,16,6.7,-5.3
611,2,17,6.8,-5.4
611,2,18,7.2,-5.4
611,2,19,7.6,-5.2
611,2,20,8.3,-4.8
611,2,21,8.8,-4.4
611,2,22,9.3,-4.0
611,2,23,9.3,-3.4
611,2,24,9.6,-3.0
611,2,25,9.7,-2.9
611,2,26,9.8,-2.7
611,2,27,9.8,-2.5
611,2,28,9.8,-2.6
611,2,29,10.0,-2.6
611,3,1,10.1,-2.7
611,3,2,10.3,-2.5
611,3,3,10.4,-2.3
611,3,4,10.5,-2.3
611,3,5,10.5,-2.3
611,3,6,10.4,-2.4
611,3,7,10.7,-2.6
611,3,8,10.7,-2.6
611,3,9,10.9,-2.7
611,3,10,11.5,-2.7
611,3,11,11.9,-2.3
611,3,12,12.0,-2.1
611,3,13,12.5,-1.9
611,3,14,12.9,-1.5
611,3,15,13.5,-1.0
611,3,16,13.8,-0.4
611,3,17,14.3,0.1
611,3,18,14.6,0.4
611,3,19,14.9,0.4
611,3,20,14.7,0.6
611,3,21,14.5,0.3
611,3,22,14.2,0.0
611,3,23,14.1,-0.1
611,3,24,14.0,0.0
611,3,25,14.5,0.1
611,3,26,14.9,0.3
611,3,27,15.4,0.8
611,3,28,15.8,1.1
611,3,29,16.1,1.4
611,3,30,16.3,1.5
611,3,31,16.4,1.8
611,4,1,16.6,2.0
611,4,2,16.9,2.1
611,4,3,17.2,2.3
611,4,4,17.3,2.4
611,4,5,17.5,2.9
611,4,6,17.9,3.0
611,4,7,18.2,3.4
611,4,8,18.5,3.7
611,4,9,18.8,4.1
611,4,10,19.1,4.2
611,4,11,18.9,4.5
611,4,12,18.9,4.6
611,4,13,19.1,4.8
611,4,14,19.5,4.7
611,4,15,19.7,4.7
611,4,16,20.3,4.8
611,4,17,20.6,5.2
611,4,18,20.5,5.6
611,4,19,20.6,6.4
611,4,20,20.6,6.9
611,4,21,20.3,7.1
611,4,22,20.3,7.0
611,4,23,20.5,6.8
611,4,24,20.3,6.6
611,4,25,20.4,6.3
611,4,26,20.8,6.1
611,4,27,21.1,6.5
611,4,28,21.6,7.1
611,4,29,22.4,7.7
611,4,30,23.3,8.4
611,5,1,23.5,9.2
611,5,2,24.0,9.5
611,5,3,24.4,9.5
611,5,4,24.2,9.5
611,5,5,23.9,9.4
611,5,6,24.1,9.3
611,5,7,23.9,9.4
611,5,8,23.3,9.6
611,5,9,23.4,9.8
611,5,10,23.0,10.1
611,5,11,23.0,10.2
611,5,12,23.2,10.4
611,5,13,23.5,10.8
611,5,14,23.5,11.1
611,5,15,24.1,11.1
611,5,16,24.2,11.5
611,5,17,24.0,11.9
611,5,18,24.3,11.6
611,5,19,24.6,11.5
611,5,20,24.9,11.8
611,5,21,25.2,11.9
611,5,22,25.5,11.9
611,5,23,25.8,12.3
611,5,24,25.9,12.7
611,5,25,25.8,12.7
611,5,26,25.8,12.8
611,5,27,26.2,13.0
611,5,28,26.1,13.1
611,5,29,26.3,13.0
611,5,30,26.5,13.1
611,5,31,26.7,13.2
611,6,1,26.8,13.3
611,6,2,27.1,13.6
611,6,3,27.1,14.1
611,6,4,27.3,14.5
611,6,5,27.3,15.0
611,6,6,27.3,15.3
611,6,7,27.4,15.5
611,6,8,27.7,15.7
611,6,9,27.8,16.0
611,6,10,27.9,16.0
611,6,11,28.1,16.1
611,6,12,27.8,16.2
611,6,13,27.8,16.2
611,6,14,27.9,16.1
611,6,15,28.0,16.3
611,6,16,28.2,16.6
611,6,17,28.4,16.9
611,6,18,28.5,17.3
611,6,19,28.5,17.8
611,6,20,28.7,18.1
611,6,21,28.6,18.2
611,6,22,28.4,18.2
611,6,23,28.2,18.1
611,6,24,28.0,18.1
611,6,25,27.8,18.2
611,6,26,28.0,18.4
611,6,27,28.3,18.7
611,6,28,28.5,19.0
611,6,29,28.4,19.2
611,6,30,28.5,19.5
611,7,1,28.3,19.8
611,7,2,28.3,20.0
611,7,3,28.4,20.1
611,7,4,28.7,20.1
611,7,5,28.7,20.1
611,7,6,28.9,20.0
611,7,7,28.8,20.0
611,7,8,28.8,20.1
611,7,9,28.7,20.3
611,7,10,28.7,20.5
611,7,11,28.5,20.7
611,7,12,28.6,20.8
611,7,13,28.7,20.9
611,7,14,28.7,21.0
611,7,15,28.7,21.0
611,7,16,29.0,20.9
611,7,17,29.2,21.0
611,7,18,29.5,21.2
611,7,19,29.9,21.4
611,7,20,30.4,21.7
611,7,21,30.3,21.9
611,7,22,30.2,21.9
611,7,23,30.1,21.9
611,7,24,30.1,21.7
611,7,25,30.2,21.5
611,7,26,30.3,21.4
611,7,27,30.5,21.5
611,7,28,30.7,21.6
611,7,29,30.8,21.7
611,7,30,31.1,21.8
611,7,31,31.4,21.9
611,8,1,31.6,21.9
611,8,2,31.5,21.9
611,8,3,31.7,21.8
611,8,4,31.5,21.9
611,8,5,31.4,21.9
611,8,6,31.5,22.0
611,8,7,31.4,22.1
611,8,8,31.2,22.2
611,8,9,31.0,22.2
611,8,10,30.8,22.3
611,8,11,30.6,22.1
611,8,12,30.4,22.1
611,8,13,30.4,22.0
611,8,14,30.4,21.9
611,8,15,30.6,21.8
611,8,16,30.4,21.7
611,8,17,30.3,21.5
611,8,18,30.1,21.4
611,8,19,30.1,21.2
611,8,20,29.8,21.0
611,8,21,29.7,20.8
611,8,22,29.5,20.6
611,8,23,29.3,20.4
611,8,24,29.0,20.2
611,8,25,28.8,20.1
611,8,26,28.8,19.9
611,8,27,28.8,19.8
611,8,28,28.6,19.6
611,8,29,28.5,19.3
611,8,30,28.6,19.1
611,8,31,28.3,18.9
611,9,1,28.2,18.7
611,9,2,28.3,18.3
611,9,3,28.2,18.2
611,9,4,27.9,18.1
611,9,5,27.7,17.8
611,9,6,27.7,17.6
611,9,7,27.3,17.4
611,9,8,27.2,17.2
611,9,9,27.1,17.1
611,9,10,27.0,17.0
611,9,11,26.8,16.9
611,9,12,26.7,16.8
611,9,13,26.5,16.7
611,9,14,26.3,16.5
611,9,15,26.4,16.1
611,9,16,26.2,15.7
611,9,17,26.3,15.2
611,9,18,26.1,14.8
611,9,19,25.9,14.4
611,9,20,25.5,14.0
611,9,21,25.3,13.6
611,9,22,25.0,13.5
611,9,23,25.0,13.2
611,9,24,25.1,13.0
611,9,25,25.2,12.9
611,9,26,25.1,12.8
611,9,27,24.8,12.7
611,9,28,24.4,12.6
611,9,29,24.1,12.5
611,9,30,23.7,12.3
611,10,1,23.5,12.0
611,10,2,23.4,11.3
611,10,3,23.1,10.8
611,10,4,23.0,10.2
611,10,5,22.9,10.0
611,10,6,22.8,9.7
611,10,7,22.7,9.6
611,10,8,22.8,9.6
611,10,9,22.6,9.4
611,10,10,22.3,9.0
611,10,11,21.9,8.5
611,10,12,21.5,8.1
611,10,13,21.1,7.4
611,10,14,20.8,7.0
611,10,15,20.7,6.6
611,10,16,20.7,6.5
611,10,17,20.7,6.3
611,10,18,20.7,6.5
611,10,19,20.8,6.6
611,10,20,20.6,6.7
611,10,21,20.4,6.7
611,10,22,20.2,6.6
611,10,23,19.8,6.3
611,10,24,19.3,5.9
611,10,25,19.0,5.4
611,10,26,18.6,5.1
611,10,27,18.1,4.7
611,10,28,17.7,4.1
611,10,29,17.5,3.7
611,10,30,17.1,3.5
611,10,31,16.7,3.1
611,11,1,16.6,2.8
611,11,2,16.7,2.7
611,11,3,16.8,2.7
611,11,4,17.0,2.8
611,11,5,17.2,3.0
611,11,6,17.0,3.4
611,11,7,16.7,3.6
611,11,8,16.3,3.6
611,11,9,15.9,3.3
611,11,10,15.4,2.8
611,11,11,15.0,2.2
611,11,12,14.6,1.9
611,11,13,14.0,1.6
611,11,14,13.3,1.0
611,11,15,12.9,0.7
611,11,16,12.2,0.2
611,11,17,11.6,-0.5
611,11,18,11.2,-0.9
611,11,19,11.0,-1.3
611,11,20,10.7,-1.7
611,11,21,11.0,-1.6
611,11,22,11.1,-1.4
611,11,23,11.1,-1.2
611,11,24,10.9,-1.0
611,11,25,10.7,-0.7
611,11,26,10.4,-0.7
611,11,27,10.1,-0.7
611,11,28,9.9,-1.0
611,11,29,9.8,-1.3
611,11,30,9.7,-1.8
611,12,1,9.3,-2.3
611,12,2,8.8,-2.9
611,12,3,8.1,-3.3
611,12,4,7.3,-3.8
611,12,5,6.8,-4.1
611,12,6,6.3,-4.2
611,12,7,6.2,-4.5
611,12,8,6.1,-4.7
611,12,9,6.1,-4.6
611,12,10,6.0,-4.9
611,12,11,5.9,-5.2
611,12,12,5.6,-5.5
611,12,13,5.4,-5.6
611,12,14,5.2,-5.9
611,12,15,5.1,-5.8
611,12,16,4.9,-6.0
611,12,17,4.9,-5.9
611,12,18,4.9,-6.1
611,12,19,5.1,-6.1
611,12,20,5.6,-6.1
611,12,21,5.9,-5.8
611,12,22,6.0,-5.7
611,12,23,5.8,-5.7
611,12,24,5.3,-5.9
611,12,25,4.7,-6.5
611,12,26,4.1,-7.1
611,12,27,3.8,-7.5
611,12,28,3.6,-7.9
611,12,29,3.5,-8.3
611,12,30,3.5,-8.1
611,12,31,3.7,-7.8
612,1,1,3.8,-7.3
612,1,2,3.8,-7.3
612,1,3,3.9,-7.2
612,1,4,3.9,-7.3
612,1,5,3.7,-7.4
612,1,6,3.5,-7.5
612,1,7,3.2,-7.6
612,1,8,3.1,-7.5
612,1,9,3.0,-7.6
612,1,10,3.0,-7.5
612,1,11,2.8,-7.4
612,1,12,3.0,-7.4
612,1,13,3.1,-7.4
612,1,14,3.3,-7.2
612,1,15,3.6,-7.1
612,1,16,4.0,-7.1
612,1,17,4.2,-6.9
612,1,18,4.3,-6.4
612,1,19,4.1,-6.4
612,1,20,3.9,-6.4
612,1,21,3.7,-6.6
612,1,22,3.4,-7.1
612,1,23,3.1,-7.9
612,1,24,3.2,-7.9
612,1,25,3.3,-8.0
612,1,26,3.5,-7.9
612,1,27,3.7,-7.5
612,1,28,4.1,-7.0
612,1,29,4.4,-7.0
612,1,30,4.5,-7.0
612,1,31,4.5,-7.1
612,2,1,4.4,-7.2
612,2,2,4.3,-7.4
612,2,3,4.3,-7.4
612,2,4,4.5,-7.2
612,2,5,4.7,-6.9
612,2,6,4.6,-6.6
612,2,7,4.6,-6.3
612,2,8,4.7,-6.0
612,2,9,4.7,-6.0
612,2,10,4.7,-5.9
612,2,11,5.3,-5.9
612,2,12,5.9,-5.6
612,2,13,6.3,-5.4
612,2,14,6.5,-5.2
612,2,15,6.6,-5.1
612,2,16,6.5,-5.0
612,2,17,6.6,-5.1
612,2,18,7.1,-5.1
612,2,19,7.4,-4.9
612,2,20,8.1,-4.5
612,2,21,8.6,-4.1
612,2,22,9.1,-3.8
612,2,23,9.3,-3.1
612,2,24,9.5,-2.8
612,2,25,9.7,-2.6
612,2,26,9.9,-2.3
612,2,27,9.9,-2.1
612,2,28,9.8,-2.3
612,2,29,9.9,-2.3
612,3,1,10.0,-2.4
612,3,2,10.2,-2.3
612,3,3,10.3,-2.2
612,3,4,10.2,-2.2
612,3,5,10.1,-2.1
612,3,6,10.1,-2.1
612,3,7,10.4,-2.3
612,3,8,10.4,-2.2
612,3,9,10.7,-2.3
612,3,10,11.3,-2.3
612,3,11,11.7,-2.0
612,3,12,11.8,-1.8
612,3,13,12.2,-1.7
612,3,14,12.7,-1.1
612,3,15,13.2,-0.7
612,3,16,13.6,0.0
612,3,17,14.1,0.6
612,3,18,14.4,0.9
612,3,19,14.7,0.9
612,3,20,14.4,1.2
612,3,21,14.3,0.9
612,3,22,13.9,0.4
612,3,23,13.8,0.3
612,3,24,13.8,0.4
612,3,25,14.1,0.5
612,3,26,14.6,0.7
612,3,27,15.1,1.2
612,3,28,15.5,1.5
612,3,29,15.9,1.9
612,3,30,16.1,2.1
612,3,31,16.1,2.5
612,4,1,16.3,2.8
612,4,2,16.6,2.9
612,4,3,16.8,3.2
612,4,4,16.7,3.4
612,4,5,17.1,3.7
612,4,6,17.6,3.8
612,4,7,18.0,4.3
612,4,8,18.3,4.6
612,4,9,18.7,5.0
612,4,10,18.9,5.2
612,4,11,18.7,5.4
612,4,12,18.7,5.4
612,4,13,18.9,5.4
612,4,14,19.3,5.4
612,4,15,19.6,5.4
612,4,16,20.2,5.7
612,4,17,20.4,6.1
612,4,18,20.3,6.5
612,4,19,20.4,7.1
612,4,20,20.5,7.4
612,4,21,20.2,7.4
612,4,22,20.3,7.3
612,4,23,20.5,7.0
612,4,24,20.3,6.8
612,4,25,20.3,6.7
612,4,26,20.8,6.6
612,4,27,21.1,7.0
612,4,28,21.7,7.7
612,4,29,22.4,8.4
612,4,30,23.4,9.1
612,5,1,23.7,9.9
612,5,2,24.3,10.3
612,5,3,24.7,10.3
612,5,4,24.6,10.4
612,5,5,24.3,10.2
612,5,6,24.4,10.1
612,5,7,24.2,10.2
612,5,8,23.7,10.4
612,5,9,23.8,10.5
612,5,10,23.4,10.8
612,5,11,23.4,10.9
612,5,12,23.7,11.1
612,5,13,24.0,11.4
612,5,14,24.0,11.7
612,5,15,24.6,11.7
612,5,16,24.7,12.1
612,5,17,24.5,12.4
612,5,18,24.8,12.3
612,5,19,25.2,12.2
612,5,20,25.5,12.4
612,5,21,25.8,12.6
612,5,22,26.1,12.6
612,5,23,26.3,12.9
612,5,24,26.3,13.3
612,5,25,26.3,13.5
612,5,26,26.4,13.6
612,5,27,26.7,13.9
612,5,28,26.7,14.0
612,5,29,26.9,14.0
612,5,30,27.0,14.0
612,5,31,27.3,14.0
612,6,1,27.3,14.1
612,6,2,27.7,14.4
612,6,3,27.7,14.8
612,6,4,27.9,15.2
612,6,5,28.0,15.7
612,6,6,27.9,15.9
612,6,7,28.1,16.1
612,6,8,28.4,16.4
612,6,9,28.4,16.6
612,6,10,28.4,16.6
612,6,11,28.6,16.7
612,6,12,28.3,16.9
612,6,13,28.2,16.9
612,6,14,28.4,16.9
612,6,15,28.6,17.0
612,6,16,28.8,17.3
612,6,17,29.1,17.6
612,6,18,29.3,17.9
612,6,19,29.3,18.3
612,6,20,29.4,18.6
612,6,21,29.2,18.7
612,6,22,28.9,18.8
612,6,23,28.7,18.8
612,6,24,28.4,18.8
612,6,25,28.2,18.8
612,6,26,28.4,19.0
612,6,27,28.8,19.3
612,6,28,28.9,19.7
612,6,29,28.8,20.0
612,6,30,28.9,20.3
612,7,1,28.6,20.5
612,7,2,28.6,20.7
612,7,3,28.7,20.6
612,7,4,29.1,20.6
612,7,5,29.0,20.5
612,7,6,29.2,20.5
612,7,7,29.2,20.5
612,7,8,29.2,20.7
612,7,9,29.1,20.9
612,7,10,29.1,21.0
612,7,11,28.9,21.2
612,7,12,29.1,21.3
612,7,13,29.2,21.4
612,7,14,29.3,21.5
612,7,15,29.4,21.5
612,7,16,29.7,21.5
612,7,17,29.8,21.6
612,7,18,30.2,21.8
612,7,19,30.5,22.0
612,7,20,31.1,22.4
612,7,21,31.1,22.6
612,7,22,31.1,22.7
612,7,23,31.1,22.9
612,7,24,31.1,22.9
612,7,25,31.1,22.8
612,7,26,31.2,22.9
612,7,27,31.5,23.0
612,7,28,31.7,23.1
612,7,29,32.0,23.3
612,7,30,32.2,23.4
612,7,31,32.5,23.6
612,8,1,32.5,23.6
612,8,2,32.5,23.6
612,8,3,32.7,23.6
612,8,4,32.6,23.5
612,8,5,32.5,23.3
612,8,6,32.6,23.3
612,8,7,32.5,23.3
612,8,8,32.2,23.2
612,8,9,31.9,23.1
612,8,10,31.7,23.0
612,8,11,31.4,22.9
612,8,12,31.2,22.8
612,8,13,31.2,22.7
612,8,14,31.1,22.6
612,8,15,31.3,22.6
612,8,16,31.2,22.5
612,8,17,31.0,22.3
612,8,18,30.8,22.2
612,8,19,30.8,22.0
612,8,20,30.5,21.8
612,8,21,30.2,21.6
612,8,22,30.1,21.4
612,8,23,30.0,21.2
612,8,24,29.7,20.9
612,8,25,29.5,20.8
612,8,26,29.6,20.7
612,8,27,29.6,20.5
612,8,28,29.3,20.4
612,8,29,29.2,20.1
612,8,30,29.3,19.9
612,8,31,28.9,19.6
612,9,1,28.8,19.4
612,9,2,29.0,19.1
612,9,3,28.9,19.0
612,9,4,28.5,18.8
612,9,5,28.3,18.5
612,9,6,28.2,18.3
612,9,7,27.8,18.1
612,9,8,27.7,17.8
612,9,9,27.7,17.7
612,9,10,27.5,17.6
612,9,11,27.3,17.5
612,9,12,27.2,17.4
612,9,13,27.0,17.3
612,9,14,26.8,17.1
612,9,15,26.9,16.8
612,9,16,26.8,16.4
612,9,17,27.0,15.9
612,9,18,26.8,15.6
612,9,19,26.5,15.1
612,9,20,26.0,14.7
612,9,21,25.7,14.4
612,9,22,25.4,14.2
612,9,23,25.3,14.0
612,9,24,25.5,13.9
612,9,25,25.6,13.8
612,9,26,25.5,13.7
612,9,27,25.2,13.6
612,9,28,24.9,13.5
612,9,29,24.5,13.4
612,9,30,24.1,13.1
612,10,1,23.9,12.7
612,10,2,23.7,12.1
612,10,3,23.5,11.7
612,10,4,23.4,11.1
612,10,5,23.4,10.8
612,10,6,23.2,10.7
612,10,7,23.2,10.6
612,10,8,23.3,10.5
612,10,9,23.0,10.4
612,10,10,22.6,10.0
612,10,11,22.2,9.5
612,10,12,21.8,9.1
612,10,13,21.4,8.4
612,10,14,21.2,7.9
612,10,15,21.1,7.5
612,10,16,21.0,7.2
612,10,17,21.0,7.1
612,10,18,21.1,7.4
612,10,19,21.1,7.5
612,10,20,20.9,7.6
612,10,21,20.6,7.6
612,10,22,20.4,7.5
612,10,23,19.9,7.1
612,10,24,19.3,6.7
612,10,25,19.0,6.2
612,10,26,18.6,5.9
612,10,27,18.1,5.5
612,10,28,17.8,4.9
612,10,29,17.6,4.4
612,10,30,17.2,4.3
612,10,31,16.9,4.0
612,11,1,16.6,3.7
612,11,2,16.7,3.6
612,11,3,16.8,3.6
612,11,4,17.0,3.5
612,11,5,17.2,3.8
612,11,6,17.1,3.9
612,11,7,16.7,4.1
612,11,8,16.2,4.2
612,11,9,15.7,3.9
612,11,10,15.1,3.4
612,11,11,14.7,2.9
612,11,12,14.4,2.6
612,11,13,13.9,2.2
612,11,14,13.4,1.5
612,11,15,12.9,1.2
612,11,16,12.3,0.7
612,11,17,11.7,0.0
612,11,18,11.2,-0.4
612,11,19,10.9,-0.8
612,11,20,10.8,-1.1
612,11,21,11.0,-1.0
612,11,22,11.2,-0.7
612,11,23,11.3,-0.5
612,11,24,11.1,-0.3
612,11,25,10.8,-0.1
612,11,26,10.4,-0.2
612,11,27,10.0,-0.3
612,11,28,9.7,-0.6
612,11,29,9.6,-0.9
612,11,30,9.5,-1.3
612,12,1,9.1,-1.7
612,12,2,8.7,-2.3
612,12,3,8.0,-2.7
612,12,4,7.3,-3.2
612,12,5,6.7,-3.6
612,12,6,6.3,-3.7
612,12,7,6.0,-4.1
612,12,8,6.0,-4.3
612,12,9,6.0,-4.1
612,12,10,5.9,-4.5
612,12,11,5.8,-4.7
612,12,12,5.6,-5.0
612,12,13,5.4,-5.1
612,12,14,5.2,-5.3
612,12,15,5.0,-5.2
612,12,16,4.8,-5.4
612,12,17,4.9,-5.4
612,12,18,5.0,-5.5
612,12,19,5.2,-5.5
612,12,20,5.6,-5.4
612,12,21,5.9,-5.2
612,12,22,5.9,-5.1
612,12,23,5.6,-5.1
612,12,24,5.2,-5.3
612,12,25,4.6,-5.9
612,12,26,4.0,-6.5
612,12,27,3.8,-6.9
612,12,28,3.6,-7.2
612,12,29,3.4,-7.6
612,12,30,3.5,-7.4
612,12,31,3.6,-7.2
614,1,1,4.4,-5.3
614,1,2,4.4,-5.5
614,1,3,4.5,-5.5
614,1,4,4.5,-5.6
614,1,5,4.3,-5.9
614,1,6,4.0,-6.0
614,1,7,3.7,-6.2
614,1,8,3.6,-6.1
614,1,9,3.5,-6.0
614,1,10,3.5,-5.9
614,1,11,3.5,-5.8
614,1,12,3.7,-5.7
614,1,13,3.7,-5.8
614,1,14,3.9,-5.6
614,1,15,4.0,-5.5
614,1,16,4.3,-5.6
614,1,17,4.5,-5.2
614,1,18,4.6,-4.9
614,1,19,4.4,-5.0
614,1,20,4.1,-5.1
614,1,21,3.8,-5.2
614,1,22,3.5,-5.7
614,1,23,3.1,-6.3
614,1,24,3.1,-6.3
614,1,25,3.3,-6.5
614,1,26,3.5,-6.4
614,1,27,3.9,-6.1
614,1,28,4.2,-5.7
614,1,29,4.5,-5.6
614,1,30,4.6,-5.4
614,1,31,4.5,-5.4
614,2,1,4.3,-5.5
614,2,2,4.3,-5.6
614,2,3,4.2,-5.5
614,2,4,4.3,-5.4
614,2,5,4.5,-5.3
614,2,6,4.6,-5.1
614,2,7,4.6,-5.0
614,2,8,4.7,-4.7
614,2,9,4.9,-4.6
614,2,10,4.8,-4.5
614,2,11,5.3,-4.6
614,2,12,5.8,-4.2
614,2,13,6.0,-4.1
614,2,14,6.1,-4.0
614,2,15,6.2,-3.9
614,2,16,6.1,-3.8
614,2,17,6.1,-3.8
614,2,18,6.5,-3.9
614,2,19,6.9,-3.8
614,2,20,7.4,-3.5
614,2,21,7.8,-3.1
614,2,22,8.3,-3.0
614,2,23,8.4,-2.6
614,2,24,8.6,-2.2
614,2,25,8.7,-2.1
614,2,26,8.9,-1.8
614,2,27,8.8,-1.5
614,2,28,8.7,-1.6
614,2,29,8.8,-1.7
614,3,1,8.8,-1.8
614,3,2,9.1,-1.6
614,3,3,9.0,-1.5
614,3,4,9.0,-1.5
614,3,5,8.9,-1.4
614,3,6,8.9,-1.5
614,3,7,9.1,-1.6
614,3,8,9.2,-1.7
614,3,9,9.4,-1.8
614,3,10,9.9,-1.8
614,3,11,10.4,-1.5
614,3,12,10.3,-1.3
614,3,13,10.7,-1.2
614,3,14,11.1,-0.8
614,3,15,11.7,-0.4
614,3,16,11.9,0.1
614,3,17,12.3,0.4
614,3,18,12.7,0.7
614,3,19,12.9,0.8
614,3,20,12.5,1.0
614,3,21,12.2,0.8
614,3,22,11.8,0.5
614,3,23,11.6,0.5
614,3,24,11.6,0.6
614,3,25,12.0,0.5
614,3,26,12.4,0.7
614,3,27,12.9,1.1
614,3,28,13.4,1.3
614,3,29,13.6,1.6
614,3,30,14.0,1.9
614,3,31,14.2,2.2
614,4,1,14.4,2.5
614,4,2,14.6,2.6
614,4,3,14.9,2.7
614,4,4,14.8,2.9
614,4,5,15.0,3.1
614,4,6,15.3,3.1
614,4,7,15.6,3.7
614,4,8,15.9,4.1
614,4,9,16.2,4.4
614,4,10,16.6,4.5
614,4,11,16.6,4.9
614,4,12,16.5,4.8
614,4,13,16.6,4.7
614,4,14,17.0,4.6
614,4,15,17.2,4.7
614,4,16,17.7,4.9
614,4,17,18.2,5.3
614,4,18,18.4,5.8
614,4,19,18.5,6.6
614,4,20,18.5,7.1
614,4,21,18.2,7.3
614,4,22,18.1,7.0
614,4,23,18.2,6.8
614,4,24,18.1,6.5
614,4,25,18.0,6.3
614,4,26,18.4,6.3
614,4,27,18.8,6.9
614,4,28,19.5,7.6
614,4,29,20.1,8.2
614,4,30,21.1,8.9
614,5,1,21.4,9.6
614,5,2,21.8,9.9
614,5,3,22.0,9.8
614,5,4,22.0,9.8
614,5,5,21.8,9.8
614,5,6,22.0,9.7
614,5,7,22.0,9.8
614,5,8,21.4,10.0
614,5,9,21.4,10.3
614,5,10,21.1,10.6
614,5,11,21.0,10.8
614,5,12,21.1,11.0
614,5,13,21.6,11.4
614,5,14,21.8,11.6
614,5,15,22.3,11.7
614,5,16,22.5,12.1
614,5,17,22.5,12.3
614,5,18,22.5,12.3
614,5,19,22.8,12.3
614,5,20,23.1,12.5
614,5,21,23.3,12.7
614,5,22,23.5,12.8
614,5,23,23.8,13.1
614,5,24,23.9,13.6
614,5,25,23.9,13.7
614,5,26,24.1,13.9
614,5,27,24.5,14.2
614,5,28,24.5,14.4
614,5,29,24.6,14.4
614,5,30,24.7,14.5
614,5,31,24.8,14.6
614,6,1,25.0,14.8
614,6,2,25.3,15.0
614,6,3,25.4,15.4
614,6,4,25.6,15.9
614,6,5,25.7,16.2
614,6,6,25.8,16.4
614,6,7,26.1,16.7
614,6,8,26.4,17.0
614,6,9,26.4,17.2
614,6,10,26.5,17.3
614,6,11,26.6,17.4
614,6,12,26.4,17.5
614,6,13,26.2,17.5
614,6,14,26.3,17.5
614,6,15,26.5,17.7
614,6,16,26.6,18.0
614,6,17,26.9,18.2
614,6,18,27.1,18.4
614,6,19,27.2,18.9
614,6,20,27.3,19.2
614,6,21,27.2,19.3
614,6,22,27.0,19.4
614,6,23,26.9,19.5
614,6,24,26.7,19.5
614,6,25,26.6,19.5
614,6,26,26.9,19.7
614,6,27,27.2,19.9
614,6,28,27.4,20.2
614,6,29,27.5,20.3
614,6,30,27.6,20.7
614,7,1,27.4,20.9
614,7,2,27.3,21.0
614,7,3,27.4,21.0
614,7,4,27.6,21.1
614,7,5,27.7,21.1
614,7,6,28.0,21.1
614,7,7,28.1,21.2
614,7,8,28.2,21.2
614,7,9,28.2,21.4
614,7,10,28.2,21.5
614,7,11,28.0,21.6
614,7,12,28.1,21.8
614,7,13,28.3,21.9
614,7,14,28.4,22.0
614,7,15,28.5,22.1
614,7,16,28.9,22.1
614,7,17,29.1,22.2
614,7,18,29.4,22.3
614,7,19,29.7,22.5
614,7,20,30.0,22.8
614,7,21,30.0,22.9
614,7,22,30.0,23.0
614,7,23,30.0,23.2
614,7,24,30.2,23.2
614,7,25,30.4,23.1
614,7,26,30.5,23.3
614,7,27,30.6,23.5
614,7,28,30.8,23.6
614,7,29,31.0,23.8
614,7,30,31.1,23.9
614,7,31,31.5,24.1
614,8,1,31.7,24.1
614,8,2,31.8,24.0
614,8,3,31.9,24.0
614,8,4,32.0,23.9
614,8,5,31.8,23.9
614,8,6,31.9,23.9
614,8,7,31.8,23.9
614,8,8,31.6,23.7
614,8,9,31.3,23.6
614,8,10,31.2,23.5
614,8,11,30.9,23.3
614,8,12,30.8,23.3
614,8,13,30.6,23.3
614,8,14,30.6,23.2
614,8,15,30.6,23.1
614,8,16,30.7,23.0
614,8,17,30.6,22.8
614,8,18,30.5,22.6
614,8,19,30.4,22.5
614,8,20,30.1,22.3
614,8,21,29.8,22.0
614,8,22,29.6,21.8
614,8,23,29.5,21.6
614,8,24,29.2,21.3
614,8,25,29.2,21.2
614,8,26,29.2,21.0
614,8,27,29.2,20.8
614,8,28,28.9,20.7
614,8,29,28.7,20.4
614,8,30,28.7,20.1
614,8,31,28.5,19.8
614,9,1,28.4,19.6
614,9,2,28.6,19.4
614,9,3,28.5,19.3
614,9,4,28.1,19.2
614,9,5,27.9,18.9
614,9,6,27.7,18.8
614,9,7,27.3,18.5
614,9,8,27.3,18.3
614,9,9,27.3,18.1
614,9,10,27.1,18.1
614,9,11,27.1,18.0
614,9,12,27.0,17.9
614,9,13,26.9,17.8
614,9,14,26.7,17.6
614,9,15,26.8,17.3
614,9,16,26.7,17.0
614,9,17,26.8,16.6
614,9,18,26.6,16.2
614,9,19,26.4,15.7
614,9,20,26.0,15.3
614,9,21,25.7,14.9
614,9,22,25.4,14.7
614,9,23,25.3,14.4
614,9,24,25.4,14.3
614,9,25,25.5,14.2
614,9,26,25.5,14.1
614,9,27,25.2,14.0
614,9,28,24.9,13.9
614,9,29,24.6,13.8
614,9,30,24.0,13.4
614,10,1,23.6,13.0
614,10,2,23.5,12.3
614,10,3,23.3,11.9
614,10,4,23.2,11.3
614,10,5,23.2,11.1
614,10,6,23.2,11.0
614,10,7,23.1,11.0
614,10,8,23.1,10.8
614,10,9,22.8,10.7
614,10,10,22.4,10.3
614,10,11,22.1,9.7
614,10,12,21.7,9.1
614,10,13,21.3,8.5
614,10,14,21.0,8.1
614,10,15,21.0,7.8
614,10,16,20.9,7.6
614,10,17,21.0,7.6
614,10,18,21.0,7.8
614,10,19,21.1,7.9
614,10,20,20.9,8.2
614,10,21,20.7,8.3
614,10,22,20.4,8.3
614,10,23,20.0,7.9
614,10,24,19.5,7.6
614,10,25,19.1,6.9
614,10,26,18.7,6.6
614,10,27,18.2,6.1
614,10,28,17.7,5.7
614,10,29,17.5,5.2
614,10,30,17.2,5.0
614,10,31,16.8,4.7
614,11,1,16.7,4.5
614,11,2,16.7,4.3
614,11,3,16.8,4.3
614,11,4,17.1,4.5
614,11,5,17.3,4.7
614,11,6,17.1,4.8
614,11,7,16.9,4.9
614,11,8,16.5,5.0
614,11,9,16.0,4.7
614,11,10,15.5,4.3
614,11,11,15.2,3.9
614,11,12,14.7,3.7
614,11,13,14.2,3.2
614,11,14,13.7,2.6
614,11,15,13.3,2.4
614,11,16,12.7,2.1
614,11,17,12.2,1.5
614,11,18,11.9,1.2
614,11,19,11.6,0.9
614,11,20,11.5,0.5
614,11,21,11.7,0.4
614,11,22,11.9,0.5
614,11,23,11.9,0.7
614,11,24,11.9,0.9
614,11,25,11.4,1.0
614,11,26,11.1,1.0
614,11,27,10.7,1.0
614,11,28,10.4,0.7
614,11,29,10.3,0.3
614,11,30,10.3,0.0
614,12,1,10.0,-0.4
614,12,2,9.5,-0.9
614,12,3,8.8,-1.4
614,12,4,7.9,-1.8
614,12,5,7.4,-2.2
614,12,6,6.9,-2.3
614,12,7,6.7,-2.6
614,12,8,6.7,-2.6
614,12,9,6.9,-2.5
614,12,10,6.7,-2.7
614,12,11,6.7,-2.8
614,12,12,6.4,-2.9
614,12,13,6.3,-3.0
614,12,14,6.1,-3.3
614,12,15,5.9,-3.2
614,12,16,5.6,-3.5
614,12,17,5.8,-3.6
614,12,18,5.7,-3.8
614,12,19,5.9,-3.8
614,12,20,6.3,-3.8
614,12,21,6.7,-3.6
614,12,22,6.6,-3.5
614,12,23,6.6,-3.5
614,12,24,6.2,-3.6
614,12,25,5.6,-4.0
614,12,26,5.1,-4.5
614,12,27,4.7,-4.8
614,12,28,4.4,-5.0
614,12,29,4.2,-5.4
614,12,30,4.2,-5.3
614,12,31,4.3,-5.2
615,1,1,4.3,-7.3
615,1,2,4.4,-7.3
615,1,3,4.5,-7.3
615,1,4,4.6,-7.3
615,1,5,4.4,-7.4
615,1,6,4.2,-7.4
615,1,7,3.9,-7.4
615,1,8,3.7,-7.3
615,1,9,3.5,-7.4
615,1,10,3.5,-7.3
615,1,11,3.5,-7.2
615,1,12,3.6,-7.1
615,1,13,3.7,-7.0
615,1,14,3.9,-6.8
615,1,15,4.0,-6.7
615,1,16,4.3,-6.7
615,1,17,4.5,-6.5
615,1,18,4.6,-6.1
615,1,19,4.4,-6.2
615,1,20,4.2,-6.2
615,1,21,4.0,-6.3
615,1,22,3.7,-6.8
615,1,23,3.3,-7.5
615,1,24,3.4,-7.5
615,1,25,3.6,-7.6
615,1,26,3.7,-7.5
615,1,27,4.0,-7.2
615,1,28,4.4,-6.7
615,1,29,4.6,-6.7
615,1,30,4.8,-6.6
615,1,31,4.8,-6.7
615,2,1,4.8,-6.8
615,2,2,4.8,-7.0
615,2,3,4.8,-7.1
615,2,4,4.9,-7.0
615,2,5,5.2,-6.8
615,2,6,5.3,-6.6
615,2,7,5.2,-6.4
615,2,8,5.4,-6.1
615,2,9,5.5,-6.0
615,2,10,5.4,-5.9
615,2,11,6.0,-5.9
615,2,12,6.5,-5.6
615,2,13,6.9,-5.3
615,2,14,7.0,-5.2
615,2,15,7.1,-5.1
615,2,16,7.0,-4.9
615,2,17,7.1,-4.9
615,2,18,7.5,-5.1
615,2,19,7.8,-4.9
615,2,20,8.5,-4.6
615,2,21,9.0,-4.2
615,2,22,9.4,-3.9
615,2,23,9.5,-3.3
615,2,24,9.7,-2.8
615,2,25,9.6,-2.6
615,2,26,9.9,-2.3
615,2,27,9.8,-2.0
615,2,28,9.8,-2.2
615,2,29,10.0,-2.2
615,3,1,10.1,-2.3
615,3,2,10.4,-2.2
615,3,3,10.3,-2.2
615,3,4,10.3,-2.3
615,3,5,10.3,-2.3
615,3,6,10.3,-2.4
615,3,7,10.6,-2.5
615,3,8,10.6,-2.5
615,3,9,10.8,-2.5
615,3,10,11.4,-2.6
615,3,11,11.8,-2.4
615,3,12,11.9,-2.2
615,3,13,12.4,-2.1
615,3,14,12.8,-1.7
615,3,15,13.4,-1.2
615,3,16,13.7,-0.5
615,3,17,14.2,0.0
615,3,18,14.5,0.3
615,3,19,14.8,0.4
615,3,20,14.5,0.6
615,3,21,14.3,0.3
615,3,22,13.9,-0.1
615,3,23,13.7,-0.2
615,3,24,13.7,-0.2
615,3,25,14.0,-0.2
615,3,26,14.5,0.0
615,3,27,15.1,0.4
615,3,28,15.5,0.8
615,3,29,15.8,1.0
615,3,30,16.1,1.3
615,3,31,16.3,1.6
615,4,1,16.5,2.0
615,4,2,16.7,2.1
615,4,3,17.0,2.3
615,4,4,17.0,2.5
615,4,5,17.2,2.8
615,4,6,17.7,2.9
615,4,7,18.0,3.4
615,4,8,18.2,3.9
615,4,9,18.5,4.3
615,4,10,18.8,4.5
615,4,11,18.6,4.8
615,4,12,18.6,4.7
615,4,13,18.9,4.7
615,4,14,19.3,4.6
615,4,15,19.6,4.7
615,4,16,20.3,4.9
615,4,17,20.5,5.4
615,4,18,20.5,5.7
615,4,19,20.5,6.5
615,4,20,20.6,6.9
615,4,21,20.3,7.1
615,4,22,20.3,7.0
615,4,23,20.3,6.9
615,4,24,20.2,6.6
615,4,25,20.1,6.3
615,4,26,20.6,6.2
615,4,27,20.8,6.6
615,4,28,21.4,7.3
615,4,29,22.1,7.9
615,4,30,23.1,8.7
615,5,1,23.3,9.5
615,5,2,24.0,9.9
615,5,3,24.3,9.9
615,5,4,24.3,10.0
615,5,5,24.0,10.0
615,5,6,24.2,9.9
615,5,7,24.1,10.0
615,5,8,23.5,10.3
615,5,9,23.5,10.5
615,5,10,23.2,10.8
615,5,11,23.2,10.9
615,5,12,23.4,11.0
615,5,13,23.7,11.4
615,5,14,23.8,11.7
615,5,15,24.4,11.8
615,5,16,24.5,12.2
615,5,17,24.4,12.6
615,5,18,24.5,12.4
615,5,19,24.9,12.3
615,5,20,25.2,12.4
615,5,21,25.4,12.6
615,5,22,25.7,12.7
615,5,23,25.9,13.0
615,5,24,26.0,13.4
615,5,25,26.0,13.6
615,5,26,26.1,13.8
615,5,27,26.5,14.0
615,5,28,26.4,14.1
615,5,29,26.5,14.1
615,5,30,26.6,14.2
615,5,31,26.8,14.2
615,6,1,26.9,14.5
615,6,2,27.3,14.8
615,6,3,27.4,15.3
615,6,4,27.6,15.8
615,6,5,27.7,16.2
615,6,6,27.7,16.4
615,6,7,27.9,16.6
615,6,8,28.2,16.9
615,6,9,28.2,17.0
615,6,10,28.2,17.1
615,6,11,28.4,17.3
615,6,12,28.1,17.4
615,6,13,28.0,17.4
615,6,14,28.1,17.3
615,6,15,28.3,17.4
615,6,16,28.4,17.7
615,6,17,28.8,17.9
615,6,18,29.0,18.3
615,6,19,29.1,18.9
615,6,20,29.1,19.2
615,6,21,28.9,19.4
615,6,22,28.6,19.4
615,6,23,28.3,19.4
615,6,24,28.0,19.4
615,6,25,27.8,19.3
615,6,26,28.0,19.4
615,6,27,28.4,19.6
615,6,28,28.6,20.0
615,6,29,28.6,20.3
615,6,30,28.7,20.6
615,7,1,28.5,20.9
615,7,2,28.4,21.0
615,7,3,28.5,21.0
615,7,4,28.7,20.9
615,7,5,28.7,20.9
615,7,6,29.0,20.9
615,7,7,29.1,20.9
615,7,8,29.1,20.9
615,7,9,29.0,21.0
615,7,10,29.0,21.1
615,7,11,28.8,21.2
615,7,12,29.0,21.4
615,7,13,29.1,21.6
615,7,14,29.3,21.6
615,7,15,29.4,21.7
615,7,16,29.7,21.6
615,7,17,29.8,21.7
615,7,18,30.1,21.8
615,7,19,30.4,22.1
615,7,20,30.9,22.4
615,7,21,30.9,22.6
615,7,22,31.0,22.8
615,7,23,31.0,22.9
615,7,24,30.9,22.9
615,7,25,31.0,22.9
615,7,26,31.1,22.9
615,7,27,31.3,23.1
615,7,28,31.5,23.1
615,7,29,31.8,23.3
615,7,30,32.0,23.4
615,7,31,32.4,23.5
615,8,1,32.5,23.5
615,8,2,32.5,23.4
615,8,3,32.7,23.4
615,8,4,32.6,23.3
615,8,5,32.3,23.2
615,8,6,32.4,23.2
615,8,7,32.3,23.3
615,8,8,32.1,23.2
615,8,9,31.8,23.3
615,8,10,31.7,23.2
615,8,11,31.4,23.0
615,8,12,31.3,22.9
615,8,13,31.2,22.8
615,8,14,31.0,22.7
615,8,15,31.1,22.7
615,8,16,31.0,22.6
615,8,17,31.0,22.5
615,8,18,30.8,22.3
615,8,19,30.9,22.1
615,8,20,30.7,21.8
615,8,21,30.5,21.6
615,8,22,30.2,21.5
615,8,23,30.1,21.3
615,8,24,29.8,21.0
615,8,25,29.6,20.9
615,8,26,29.7,20.7
615,8,27,29.7,20.4
615,8,28,29.3,20.3
615,8,29,29.2,20.0
615,8,30,29.3,19.7
615,8,31,29.0,19.5
615,9,1,28.9,19.3
615,9,2,29.1,19.0
615,9,3,29.0,18.9
615,9,4,28.6,18.8
615,9,5,28.4,18.5
615,9,6,28.3,18.4
615,9,7,27.9,18.1
615,9,8,27.9,17.9
615,9,9,27.8,17.7
615,9,10,27.7,17.7
615,9,11,27.6,17.5
615,9,12,27.4,17.4
615,9,13,27.2,17.4
615,9,14,27.1,17.2
615,9,15,27.1,16.9
615,9,16,27.0,16.5
615,9,17,27.1,16.1
615,9,18,26.9,15.7
615,9,19,26.7,15.2
615,9,20,26.2,14.9
615,9,21,25.9,14.6
615,9,22,25.6,14.4
615,9,23,25.5,14.0
615,9,24,25.6,13.8
615,9,25,25.8,13.6
615,9,26,25.7,13.4
615,9,27,25.5,13.3
615,9,28,25.2,13.2
615,9,29,24.9,13.0
615,9,30,24.4,12.7
615,10,1,24.1,12.3
615,10,2,24.0,11.6
615,10,3,23.8,11.2
615,10,4,23.6,10.7
615,10,5,23.6,10.4
615,10,6,23.7,10.3
615,10,7,23.6,10.2
615,10,8,23.6,10.0
615,10,9,23.4,9.9
615,10,10,22.9,9.5
615,10,11,22.4,9.0
615,10,12,22.0,8.5
615,10,13,21.7,7.9
615,10,14,21.4,7.3
615,10,15,21.4,6.9
615,10,16,21.5,6.7
615,10,17,21.4,6.5
615,10,18,21.5,6.7
615,10,19,21.5,6.9
615,10,20,21.3,7.1
615,10,21,21.0,7.2
615,10,22,20.8,7.1
615,10,23,20.4,6.6
615,10,24,19.9,6.2
615,10,25,19.5,5.6
615,10,26,19.2,5.2
615,10,27,18.7,4.9
615,10,28,18.2,4.4
615,10,29,18.0,4.0
615,10,30,17.5,3.8
615,10,31,17.1,3.5
615,11,1,17.0,3.1
615,11,2,17.1,3.0
615,11,3,17.2,3.0
615,11,4,17.5,3.2
615,11,5,17.8,3.4
615,11,6,17.5,3.7
615,11,7,17.1,3.9
615,11,8,16.7,4.0
615,11,9,16.2,3.9
615,11,10,15.6,3.3
615,11,11,15.3,2.9
615,11,12,14.9,2.6
615,11,13,14.4,2.0
615,11,14,13.9,1.4
615,11,15,13.5,1.0
615,11,16,13.0,0.6
615,11,17,12.4,-0.1
615,11,18,12.1,-0.4
615,11,19,11.7,-0.8
615,11,20,11.6,-1.1
615,11,21,11.7,-1.1
615,11,22,11.9,-0.9
615,11,23,12.0,-0.7
615,11,24,11.8,-0.5
615,11,25,11.4,-0.3
615,11,26,11.1,-0.3
615,11,27,10.7,-0.3
615,11,28,10.4,-0.6
615,11,29,10.4,-1.0
615,11,30,10.4,-1.2
615,12,1,10.0,-1.6
615,12,2,9.5,-2.2
615,12,3,8.7,-2.6
615,12,4,7.7,-3.1
615,12,5,7.1,-3.5
615,12,6,6.8,-3.7
615,12,7,6.5,-4.0
615,12,8,6.5,-4.2
615,12,9,6.6,-4.1
615,12,10,6.5,-4.4
615,12,11,6.3,-4.6
615,12,12,6.1,-4.8
615,12,13,5.9,-4.8
615,12,14,5.8,-5.1
615,12,15,5.6,-5.0
615,12,16,5.4,-5.2
615,12,17,5.5,-5.1
615,12,18,5.5,-5.3
615,12,19,5.7,-5.2
615,12,20,6.2,-5.1
615,12,21,6.4,-4.7
615,12,22,6.4,-4.6
615,12,23,6.2,-4.7
615,12,24,5.8,-5.0
615,12,25,5.1,-5.6
615,12,26,4.7,-6.3
615,12,27,4.3,-6.7
615,12,28,4.1,-7.0
615,12,29,4.0,-7.4
615,12,30,4.0,-7.4
615,12,31,4.1,-7.3
616,1,1,3.1,-5.9
616,1,2,3.1,-5.9
616,1,3,3.2,-5.9
616,1,4,3.1,-6.1
616,1,5,2.9,-6.4
616,1,6,2.7,-6.5
616,1,7,2.5,-6.6
616,1,8,2.3,-6.6
616,1,9,2.2,-6.7
616,1,10,2.1,-6.6
616,1,11,2.0,-6.5
616,1,12,2.1,-6.4
616,1,13,2.1,-6.5
616,1,14,2.2,-6.4
616,1,15,2.5,-6.4
616,1,16,2.9,-6.3
616,1,17,3.2,-6.1
616,1,18,3.4,-5.7
616,1,19,3.3,-5.7
616,1,20,3.0,-5.7
616,1,21,2.7,-5.9
616,1,22,2.2,-6.4
616,1,23,1.8,-7.1
616,1,24,1.8,-7.1
616,1,25,2.0,-7.3
616,1,26,2.2,-7.3
616,1,27,2.5,-6.9
616,1,28,3.0,-6.5
616,1,29,3.2,-6.6
616,1,30,3.2,-6.4
616,1,31,3.1,-6.5
616,2,1,2.9,-6.6
616,2,2,2.9,-6.7
616,2,3,2.8,-6.7
616,2,4,2.9,-6.5
616,2,5,3.2,-6.4
616,2,6,3.2,-6.2
616,2,7,3.2,-6.2
616,2,8,3.4,-5.9
616,2,9,3.5,-5.8
616,2,10,3.4,-5.5
616,2,11,3.9,-5.4
616,2,12,4.5,-5.0
616,2,13,4.8,-4.7
616,2,14,4.8,-4.7
616,2,15,4.9,-4.7
616,2,16,4.8,-4.5
616,2,17,4.9,-4.6
616,2,18,5.4,-4.6
616,2,19,5.9,-4.2
616,2,20,6.7,-3.8
616,2,21,7.1,-3.5
616,2,22,7.6,-3.3
616,2,23,7.7,-2.9
616,2,24,7.9,-2.7
616,2,25,7.8,-2.6
616,2,26,8.1,-2.4
616,2,27,8.1,-2.2
616,2,28,7.9,-2.2
616,2,29,8.1,-2.2
616,3,1,8.2,-2.2
616,3,2,8.4,-1.9
616,3,3,8.4,-1.8
616,3,4,8.3,-1.7
616,3,5,8.4,-1.7
616,3,6,8.3,-1.8
616,3,7,8.6,-1.9
616,3,8,8.7,-1.8
616,3,9,8.9,-1.8
616,3,10,9.5,-1.8
616,3,11,9.9,-1.4
616,3,12,9.9,-1.1
616,3,13,10.3,-1.1
616,3,14,10.8,-0.7
616,3,15,11.4,-0.2
616,3,16,11.8,0.3
616,3,17,12.2,0.6
616,3,18,12.5,0.8
616,3,19,12.7,0.9
616,3,20,12.3,1.0
616,3,21,12.1,0.7
616,3,22,11.9,0.5
616,3,23,11.7,0.5
616,3,24,11.7,0.6
616,3,25,12.0,0.7
616,3,26,12.4,0.7
616,3,27,12.7,1.1
616,3,28,13.1,1.3
616,3,29,13.4,1.6
616,3,30,13.7,1.9
616,3,31,14.0,2.4
616,4,1,14.4,2.7
616,4,2,14.7,2.8
616,4,3,15.0,3.0
616,4,4,15.0,3.1
616,4,5,15.1,3.3
616,4,6,15.5,3.3
616,4,7,15.7,3.8
616,4,8,16.0,4.1
616,4,9,16.4,4.5
616,4,10,16.8,4.7
616,4,11,16.9,5.1
616,4,12,16.9,5.3
616,4,13,17.0,5.1
616,4,14,17.3,5.2
616,4,15,17.5,5.2
616,4,16,17.9,5.4
616,4,17,18.4,5.6
616,4,18,18.6,6.1
616,4,19,18.8,6.6
616,4,20,18.7,7.0
616,4,21,18.5,7.2
616,4,22,18.4,7.2
616,4,23,18.5,7.0
616,4,24,18.4,6.8
616,4,25,18.5,6.6
616,4,26,18.8,6.7
616,4,27,19.2,7.0
616,4,28,19.7,7.7
616,4,29,20.4,8.5
616,4,30,21.3,9.1
616,5,1,21.7,9.6
616,5,2,22.1,9.9
616,5,3,22.5,10.0
616,5,4,22.3,9.9
616,5,5,22.1,9.9
616,5,6,22.2,10.0
616,5,7,22.1,10.1
616,5,8,21.5,10.1
616,5,9,21.6,10.2
616,5,10,21.2,10.3
616,5,11,21.2,10.2
616,5,12,21.5,10.4
616,5,13,21.8,10.7
616,5,14,22.1,11.0
616,5,15,22.6,11.2
616,5,16,22.7,11.6
616,5,17,22.4,11.9
616,5,18,22.5,11.8
616,5,19,22.9,11.8
616,5,20,23.2,12.1
616,5,21,23.6,12.2
616,5,22,23.9,12.3
616,5,23,24.2,12.6
616,5,24,24.3,13.0
616,5,25,24.4,13.1
616,5,26,24.5,13.2
616,5,27,24.9,13.4
616,5,28,24.9,13.5
616,5,29,25.1,13.4
616,5,30,25.1,13.5
616,5,31,25.3,13.6
616,6,1,25.4,13.6
616,6,2,25.6,13.9
616,6,3,25.7,14.2
616,6,4,25.8,14.5
616,6,5,26.0,14.9
616,6,6,26.1,15.1
616,6,7,26.3,15.3
616,6,8,26.5,15.6
616,6,9,26.7,15.9
616,6,10,26.6,16.0
616,6,11,26.6,16.1
616,6,12,26.5,16.3
616,6,13,26.6,16.4
616,6,14,26.7,16.4
616,6,15,27.0,16.5
616,6,16,27.2,16.9
616,6,17,27.4,17.1
616,6,18,27.4,17.3
616,6,19,27.5,17.7
616,6,20,27.6,18.1
616,6,21,27.5,18.2
616,6,22,27.4,18.2
616,6,23,27.3,18.2
616,6,24,27.2,18.3
616,6,25,27.0,18.4
616,6,26,27.3,18.5
616,6,27,27.5,18.8
616,6,28,27.6,19.2
616,6,29,27.6,19.4
616,6,30,27.6,19.8
616,7,1,27.4,20.0
616,7,2,27.5,20.2
616,7,3,27.6,20.2
616,7,4,27.9,20.1
616,7,5,27.9,20.0
616,7,6,28.2,20.0
616,7,7,28.3,20.1
616,7,8,28.3,20.2
616,7,9,28.3,20.4
616,7,10,28.2,20.5
616,7,11,28.0,20.6
616,7,12,28.1,20.8
616,7,13,28.2,20.9
616,7,14,28.1,21.0
616,7,15,28.2,21.0
616,7,16,28.5,21.0
616,7,17,28.5,21.1
616,7,18,28.9,21.3
616,7,19,29.3,21.6
616,7,20,29.6,22.0
616,7,21,29.6,22.1
616,7,22,29.7,22.3
616,7,23,29.7,22.4
616,7,24,29.8,22.4
616,7,25,29.9,22.4
616,7,26,30.0,22.6
616,7,27,30.1,22.8
616,7,28,30.2,22.9
616,7,29,30.2,23.1
616,7,30,30.4,23.2
616,7,31,30.7,23.3
616,8,1,30.9,23.3
616,8,2,30.9,23.2
616,8,3,31.1,23.2
616,8,4,31.3,23.0
616,8,5,31.3,23.0
616,8,6,31.3,23.0
616,8,7,31.3,23.0
616,8,8,31.2,22.9
616,8,9,31.0,22.9
616,8,10,30.7,22.8
616,8,11,30.6,22.8
616,8,12,30.4,22.7
616,8,13,30.3,22.6
616,8,14,30.3,22.5
616,8,15,30.3,22.4
616,8,16,30.2,22.3
616,8,17,30.1,22.2
616,8,18,29.9,22.1
616,8,19,29.7,21.9
616,8,20,29.5,21.6
616,8,21,29.3,21.3
616,8,22,29.2,21.0
616,8,23,29.1,20.7
616,8,24,28.9,20.6
616,8,25,28.7,20.5
616,8,26,28.7,20.4
616,8,27,28.7,20.3
616,8,28,28.5,20.2
616,8,29,28.4,20.0
616,8,30,28.4,19.7
616,8,31,28.1,19.4
616,9,1,28.1,19.1
616,9,2,28.2,18.9
616,9,3,28.0,18.8
616,9,4,27.6,18.6
616,9,5,27.5,18.4
616,9,6,27.3,18.3
616,9,7,27.0,18.1
616,9,8,27.0,18.0
616,9,9,26.9,17.9
616,9,10,26.7,17.8
616,9,11,26.5,17.6
616,9,12,26.4,17.4
616,9,13,26.2,17.3
616,9,14,26.1,17.1
616,9,15,26.1,16.7
616,9,16,26.0,16.4
616,9,17,26.1,16.0
616,9,18,25.8,15.6
616,9,19,25.5,15.2
616,9,20,25.1,14.8
616,9,21,24.8,14.5
616,9,22,24.6,14.4
616,9,23,24.6,14.1
616,9,24,24.8,14.1
616,9,25,24.9,14.1
616,9,26,24.8,14.0
616,9,27,24.4,13.9
616,9,28,24.1,13.8
616,9,29,23.6,13.5
616,9,30,23.2,13.2
616,10,1,22.9,12.8
616,10,2,22.7,12.2
616,10,3,22.4,11.6
616,10,4,22.3,11.1
616,10,5,22.4,10.9
616,10,6,22.4,10.8
616,10,7,22.4,10.8
616,10,8,22.3,10.9
616,10,9,22.0,10.8
616,10,10,21.5,10.4
616,10,11,21.2,9.9
616,10,12,20.7,9.5
616,10,13,20.4,9.0
616,10,14,20.2,8.5
616,10,15,20.1,8.2
616,10,16,20.0,7.9
616,10,17,20.1,7.8
616,10,18,20.1,7.8
616,10,19,20.1,7.9
616,10,20,19.9,8.0
616,10,21,19.7,8.3
616,10,22,19.5,8.2
616,10,23,19.1,8.0
616,10,24,18.6,7.6
616,10,25,18.3,7.1
616,10,26,18.0,6.7
616,10,27,17.3,6.2
616,10,28,16.8,5.6
616,10,29,16.7,5.1
616,10,30,16.2,4.9
616,10,31,15.8,4.5
616,11,1,15.7,4.3
616,11,2,15.9,4.3
616,11,3,15.9,4.3
616,11,4,16.2,4.4
616,11,5,16.4,4.6
616,11,6,16.1,4.7
616,11,7,15.8,4.9
616,11,8,15.4,4.8
616,11,9,14.9,4.5
616,11,10,14.4,4.0
616,11,11,14.1,3.6
616,11,12,13.8,3.3
616,11,13,13.0,3.0
616,11,14,12.4,2.3
616,11,15,11.9,2.0
616,11,16,11.2,1.5
616,11,17,10.7,0.7
616,11,18,10.3,0.3
616,11,19,10.0,0.0
616,11,20,10.0,-0.3
616,11,21,10.3,-0.3
616,11,22,10.4,0.0
616,11,23,10.6,0.1
616,11,24,10.6,0.3
616,11,25,10.2,0.5
616,11,26,9.8,0.5
616,11,27,9.4,0.4
616,11,28,9.0,0.1
616,11,29,8.8,-0.3
616,11,30,8.7,-0.7
616,12,1,8.3,-1.2
616,12,2,8.0,-1.7
616,12,3,7.4,-2.0
616,12,4,6.6,-2.4
616,12,5,6.1,-2.7
616,12,6,5.7,-2.9
616,12,7,5.4,-3.2
616,12,8,5.4,-3.3
616,12,9,5.4,-3.1
616,12,10,5.3,-3.4
616,12,11,5.2,-3.7
616,12,12,5.0,-3.9
616,12,13,4.8,-4.0
616,12,14,4.7,-4.3
616,12,15,4.5,-4.2
616,12,16,4.4,-4.3
616,12,17,4.4,-4.3
616,12,18,4.4,-4.6
616,12,19,4.6,-4.7
616,12,20,5.0,-4.6
616,12,21,5.4,-4.4
616,12,22,5.3,-4.4
616,12,23,5.2,-4.3
616,12,24,4.7,-4.5
616,12,25,3.9,-5.3
616,12,26,3.3,-5.8
616,12,27,3.0,-6.2
616,12,28,2.8,-6.5
616,12,29,2.8,-6.6
616,12,30,3.0,-6.3
616,12,31,3.0,-5.9
618,1,1,3.7,-7.9
618,1,2,3.8,-8.0
618,1,3,3.9,-7.9
618,1,4,3.8,-8.0
618,1,5,3.7,-8.3
618,1,6,3.4,-8.3
618,1,7,3.1,-8.3
618,1,8,3.0,-8.3
618,1,9,2.7,-8.4
618,1,10,2.6,-8.4
618,1,11,2.6,-8.3
618,1,12,2.7,-8.3
618,1,13,2.7,-8.3
618,1,14,2.9,-8.1
618,1,15,3.1,-8.0
618,1,16,3.4,-8.1
618,1,17,3.7,-7.8
618,1,18,3.8,-7.4
618,1,19,3.7,-7.4
618,1,20,3.4,-7.3
618,1,21,3.2,-7.4
618,1,22,2.9,-7.9
618,1,23,2.6,-8.6
618,1,24,2.6,-8.6
618,1,25,2.7,-8.9
618,1,26,2.8,-9.0
618,1,27,3.1,-8.7
618,1,28,3.5,-8.3
618,1,29,3.8,-8.3
618,1,30,3.9,-8.2
618,1,31,3.9,-8.3
618,2,1,3.8,-8.3
618,2,2,3.8,-8.4
618,2,3,3.8,-8.4
618,2,4,3.9,-8.2
618,2,5,4.2,-8.0
618,2,6,4.2,-7.7
618,2,7,4.1,-7.5
618,2,8,4.2,-7.2
618,2,9,4.2,-7.1
618,2,10,4.1,-6.9
618,2,11,4.6,-6.9
618,2,12,5.2,-6.5
618,2,13,5.5,-6.3
618,2,14,5.7,-6.1
618,2,15,5.8,-6.0
618,2,16,5.8,-5.8
618,2,17,5.9,-5.9
618,2,18,6.3,-6.0
618,2,19,6.7,-5.8
618,2,20,7.5,-5.5
618,2,21,8.0,-5.1
618,2,22,8.5,-4.8
618,2,23,8.6,-4.3
618,2,24,8.8,-3.9
618,2,25,8.8,-3.8
618,2,26,9.1,-3.6
618,2,27,9.0,-3.5
618,2,28,8.9,-3.6
618,2,29,9.0,-3.6
618,3,1,9.1,-3.7
618,3,2,9.3,-3.5
618,3,3,9.3,-3.3
618,3,4,9.3,-3.3
618,3,5,9.2,-3.2
618,3,6,9.1,-3.3
618,3,7,9.4,-3.4
618,3,8,9.4,-3.4
618,3,9,9.6,-3.4
618,3,10,10.2,-3.4
618,3,11,10.7,-3.2
618,3,12,10.7,-2.9
618,3,13,11.3,-3.0
618,3,14,11.8,-2.5
618,3,15,12.4,-2.1
618,3,16,12.7,-1.6
618,3,17,13.3,-1.1
618,3,18,13.5,-0.7
618,3,19,13.7,-0.6
618,3,20,13.4,-0.5
618,3,21,13.2,-0.8
618,3,22,12.8,-1.3
618,3,23,12.7,-1.4
618,3,24,12.6,-1.3
618,3,25,13.0,-1.2
618,3,26,13.5,-1.0
618,3,27,13.9,-0.6
618,3,28,14.2,-0.3
618,3,29,14.6,0.0
618,3,30,14.9,0.3
618,3,31,15.0,0.7
618,4,1,15.3,1.0
618,4,2,15.6,1.0
618,4,3,15.9,1.1
618,4,4,15.8,1.4
618,4,5,16.0,1.8
618,4,6,16.5,1.9
618,4,7,16.8,2.4
618,4,8,17.1,2.9
618,4,9,17.6,3.1
618,4,10,17.9,3.2
618,4,11,17.7,3.5
618,4,12,17.7,3.6
618,4,13,18.0,3.5
618,4,14,18.3,3.4
618,4,15,18.6,3.5
618,4,16,19.3,3.8
618,4,17,19.6,4.1
618,4,18,19.6,4.6
618,4,19,19.7,5.4
618,4,20,19.7,5.9
618,4,21,19.4,6.0
618,4,22,19.3,5.8
618,4,23,19.5,5.5
618,4,24,19.3,5.3
618,4,25,19.3,5.0
618,4,26,19.7,5.0
618,4,27,20.1,5.4
618,4,28,20.7,6.1
618,4,29,21.3,6.8
618,4,30,22.3,7.5
618,5,1,22.5,8.3
618,5,2,23.0,8.6
618,5,3,23.5,8.6
618,5,4,23.4,8.5
618,5,5,23.1,8.5
618,5,6,23.3,8.4
618,5,7,23.1,8.4
618,5,8,22.5,8.6
618,5,9,22.6,8.7
618,5,10,22.2,9.0
618,5,11,22.3,9.1
618,5,12,22.6,9.3
618,5,13,22.9,9.6
618,5,14,23.0,10.0
618,5,15,23.5,10.0
618,5,16,23.5,10.5
618,5,17,23.4,10.8
618,5,18,23.6,10.6
618,5,19,24.0,10.4
618,5,20,24.3,10.7
618,5,21,24.6,10.7
618,5,22,24.8,10.7
618,5,23,25.1,11.0
618,5,24,25.2,11.4
618,5,25,25.2,11.4
618,5,26,25.3,11.5
618,5,27,25.6,11.7
618,5,28,25.6,11.8
618,5,29,25.8,11.8
618,5,30,25.9,11.9
618,5,31,26.1,12.0
618,6,1,26.2,12.2
618,6,2,26.5,12.6
618,6,3,26.7,13.0
618,6,4,26.8,13.6
618,6,5,26.9,14.0
618,6,6,26.8,14.3
618,6,7,27.0,14.4
618,6,8,27.1,14.8
618,6,9,27.3,15.0
618,6,10,27.3,15.1
618,6,11,27.6,15.3
618,6,12,27.3,15.5
618,6,13,27.3,15.4
618,6,14,27.4,15.3
618,6,15,27.5,15.4
618,6,16,27.6,15.6
618,6,17,27.9,15.9
618,6,18,28.0,16.2
618,6,19,28.2,16.9
618,6,20,28.4,17.2
618,6,21,28.2,17.5
618,6,22,28.0,17.5
618,6,23,27.8,17.5
618,6,24,27.4,17.5
618,6,25,27.3,17.6
618,6,26,27.5,17.8
618,6,27,27.8,18.1
618,6,28,28.0,18.6
618,6,29,28.0,18.9
618,6,30,28.0,19.3
618,7,1,27.8,19.7
618,7,2,27.8,19.9
618,7,3,28.0,19.8
618,7,4,28.3,19.7
618,7,5,28.4,19.6
618,7,6,28.6,19.6
618,7,7,28.6,19.6
618,7,8,28.6,19.8
618,7,9,28.5,20.1
618,7,10,28.5,20.2
618,7,11,28.3,20.3
618,7,12,28.3,20.5
618,7,13,28.4,20.6
618,7,14,28.5,20.7
618,7,15,28.6,20.7
618,7,16,29.0,20.8
618,7,17,29.1,20.9
618,7,18,29.4,21.0
618,7,19,29.8,21.2
618,7,20,30.3,21.6
618,7,21,30.3,21.7
618,7,22,30.3,21.9
618,7,23,30.4,22.1
618,7,24,30.3,22.0
618,7,25,30.3,21.9
618,7,26,30.4,22.1
618,7,27,30.6,22.2
618,7,28,30.8,22.2
618,7,29,31.0,22.3
618,7,30,31.2,22.5
618,7,31,31.6,22.6
618,8,1,31.7,22.6
618,8,2,31.7,22.6
618,8,3,31.9,22.6
618,8,4,31.9,22.5
618,8,5,31.7,22.4
618,8,6,31.8,22.3
618,8,7,31.7,22.3
618,8,8,31.5,22.2
618,8,9,31.2,22.1
618,8,10,30.9,22.0
618,8,11,30.7,21.9
618,8,12,30.6,21.8
618,8,13,30.5,21.7
618,8,14,30.4,21.6
618,8,15,30.5,21.5
618,8,16,30.4,21.4
618,8,17,30.2,21.2
618,8,18,30.1,21.1
618,8,19,30.0,20.9
618,8,20,29.7,20.7
618,8,21,29.5,20.5
618,8,22,29.3,20.3
618,8,23,29.2,20.1
618,8,24,29.0,19.8
618,8,25,28.8,19.7
618,8,26,28.9,19.6
618,8,27,28.9,19.4
618,8,28,28.6,19.2
618,8,29,28.5,18.9
618,8,30,28.6,18.7
618,8,31,28.2,18.3
618,9,1,28.1,18.1
618,9,2,28.3,17.8
618,9,3,28.2,17.7
618,9,4,27.8,17.5
618,9,5,27.7,17.3
618,9,6,27.5,17.1
618,9,7,27.1,16.9
618,9,8,27.1,16.6
618,9,9,27.1,16.4
618,9,10,26.9,16.4
618,9,11,26.8,16.2
618,9,12,26.7,16.0
618,9,13,26.5,15.9
618,9,14,26.3,15.8
618,9,15,26.3,15.5
618,9,16,26.2,15.1
618,9,17,26.3,14.7
618,9,18,26.0,14.3
618,9,19,25.8,13.9
618,9,20,25.4,13.4
618,9,21,25.1,13.1
618,9,22,24.8,12.9
618,9,23,24.7,12.5
618,9,24,24.8,12.3
618,9,25,24.9,12.1
618,9,26,24.9,12.0
618,9,27,24.5,12.0
618,9,28,24.3,12.0
618,9,29,23.9,11.9
618,9,30,23.4,11.7
618,10,1,23.2,11.3
618,10,2,23.1,10.6
618,10,3,22.9,10.1
618,10,4,22.8,9.5
618,10,5,22.8,9.2
618,10,6,22.8,9.0
618,10,7,22.7,8.9
618,10,8,22.7,8.9
618,10,9,22.4,8.7
618,10,10,21.9,8.3
618,10,11,21.6,7.8
618,10,12,21.2,7.4
618,10,13,20.7,6.7
618,10,14,20.5,6.3
618,10,15,20.4,6.0
618,10,16,20.3,5.7
618,10,17,20.4,5.6
618,10,18,20.5,5.8
618,10,19,20.6,5.9
618,10,20,20.5,6.0
618,10,21,20.2,6.2
618,10,22,20.0,6.1
618,10,23,19.5,5.8
618,10,24,19.0,5.3
618,10,25,18.6,4.8
618,10,26,18.2,4.4
618,10,27,17.7,3.9
618,10,28,17.2,3.4
618,10,29,17.0,3.0
618,10,30,16.6,2.8
618,10,31,16.2,2.6
618,11,1,16.1,2.3
618,11,2,16.3,2.2
618,11,3,16.3,2.3
618,11,4,16.6,2.5
618,11,5,16.9,2.7
618,11,6,16.6,2.9
618,11,7,16.3,3.2
618,11,8,15.8,3.1
618,11,9,15.3,2.8
618,11,10,14.8,2.3
618,11,11,14.4,1.8
618,11,12,14.0,1.5
618,11,13,13.5,1.1
618,11,14,13.0,0.6
618,11,15,12.5,0.2
618,11,16,11.9,-0.2
618,11,17,11.3,-0.9
618,11,18,10.9,-1.2
618,11,19,10.5,-1.5
618,11,20,10.4,-1.8
618,11,21,10.7,-1.8
618,11,22,10.9,-1.5
618,11,23,11.0,-1.5
618,11,24,11.0,-1.4
618,11,25,10.7,-1.1
618,11,26,10.3,-1.1
618,11,27,9.8,-1.2
618,11,28,9.5,-1.4
618,11,29,9.4,-1.7
618,11,30,9.3,-2.1
618,12,1,8.9,-2.5
618,12,2,8.5,-3.1
618,12,3,7.8,-3.5
618,12,4,6.9,-4.0
618,12,5,6.4,-4.5
618,12,6,5.9,-4.6
618,12,7,5.6,-4.9
618,12,8,5.7,-5.0
618,12,9,5.7,-4.9
618,12,10,5.7,-5.2
618,12,11,5.7,-5.4
618,12,12,5.5,-5.6
618,12,13,5.2,-5.7
618,12,14,5.0,-5.9
618,12,15,4.8,-5.7
618,12,16,4.6,-6.0
618,12,17,4.7,-5.9
618,12,18,4.8,-6.2
618,12,19,5.0,-6.2
618,12,20,5.5,-6.3
618,12,21,5.8,-6.0
618,12,22,5.7,-5.9
618,12,23,5.5,-6.0
618,12,24,5.0,-6.1
618,12,25,4.4,-6.8
618,12,26,3.9,-7.3
618,12,27,3.6,-7.8
618,12,28,3.4,-8.0
618,12,29,3.3,-8.4
618,12,30,3.4,-8.1
618,12,31,3.6,-7.9
623,1,1,2.6,-8.5
623,1,2,2.7,-8.4
623,1,3,2.9,-8.3
623,1,4,2.9,-8.3
623,1,5,2.7,-8.6
623,1,6,2.6,-8.6
623,1,7,2.4,-8.7
623,1,8,2.2,-8.7
623,1,9,2.1,-8.7
623,1,10,2.1,-8.7
623,1,11,2.0,-8.7
623,1,12,2.1,-8.8
623,1,13,2.2,-8.8
623,1,14,2.4,-8.8
623,1,15,2.6,-8.6
623,1,16,2.9,-8.4
623,1,17,3.2,-8.0
623,1,18,3.3,-7.5
623,1,19,3.2,-7.4
623,1,20,3.0,-7.4
623,1,21,2.8,-7.6
623,1,22,2.3,-8.1
623,1,23,2.1,-8.9
623,1,24,2.2,-9.0
623,1,25,2.3,-9.1
623,1,26,2.4,-9.0
623,1,27,2.8,-8.6
623,1,28,3.1,-8.1
623,1,29,3.4,-8.0
623,1,30,3.6,-8.1
623,1,31,3.6,-8.2
623,2,1,3.5,-8.4
623,2,2,3.4,-8.6
623,2,3,3.4,-8.5
623,2,4,3.6,-8.3
623,2,5,3.8,-8.0
623,2,6,3.9,-7.7
623,2,7,3.8,-7.5
623,2,8,4.0,-7.2
623,2,9,4.2,-7.1
623,2,10,4.1,-7.0
623,2,11,4.8,-6.9
623,2,12,5.4,-6.5
623,2,13,5.7,-6.3
623,2,14,5.7,-6.1
623,2,15,5.8,-6.1
623,2,16,5.7,-6.0
623,2,17,5.8,-6.1
623,2,18,6.2,-6.1
623,2,19,6.7,-5.8
623,2,20,7.4,-5.4
623,2,21,8.0,-4.9
623,2,22,8.5,-4.7
623,2,23,8.6,-4.1
623,2,24,8.9,-3.8
623,2,25,9.0,-3.7
623,2,26,9.1,-3.5
623,2,27,9.1,-3.2
623,2,28,9.1,-3.3
623,2,29,9.3,-3.2
623,3,1,9.4,-3.2
623,3,2,9.6,-2.9
623,3,3,9.7,-2.6
623,3,4,9.6,-2.6
623,3,5,9.6,-2.7
623,3,6,9.4,-2.8
623,3,7,9.8,-3.0
623,3,8,9.9,-3.0
623,3,9,10.1,-3.1
623,3,10,10.7,-3.1
623,3,11,11.2,-2.7
623,3,12,11.1,-2.4
623,3,13,11.5,-2.4
623,3,14,12.1,-1.9
623,3,15,12.8,-1.6
623,3,16,13.3,-1.0
623,3,17,13.8,-0.6
623,3,18,14.3,-0.3
623,3,19,14.6,-0.3
623,3,20,14.2,0.1
623,3,21,13.9,-0.3
623,3,22,13.5,-0.6
623,3,23,13.3,-0.6
623,3,24,13.2,-0.6
623,3,25,13.6,-0.6
623,3,26,14.1,-0.3
623,3,27,14.6,0.1
623,3,28,15.1,0.5
623,3,29,15.5,0.8
623,3,30,15.7,1.2
623,3,31,15.9,1.5
623,4,1,16.1,1.7
623,4,2,16.4,1.8
623,4,3,16.7,2.0
623,4,4,16.8,2.1
623,4,5,17.0,2.4
623,4,6,17.5,2.6
623,4,7,17.8,3.1
623,4,8,18.1,3.6
623,4,9,18.4,4.0
623,4,10,18.7,4.2
623,4,11,18.5,4.5
623,4,12,18.5,4.4
623,4,13,18.8,4.3
623,4,14,19.3,4.3
623,4,15,19.6,4.3
623,4,16,20.3,4.5
623,4,17,20.7,5.0
623,4,18,20.6,5.5
623,4,19,20.7,6.2
623,4,20,20.7,6.5
623,4,21,20.4,6.7
623,4,22,20.4,6.5
623,4,23,20.6,6.2
623,4,24,20.4,6.0
623,4,25,20.4,5.7
623,4,26,20.8,5.7
623,4,27,21.1,6.1
623,4,28,21.7,6.7
623,4,29,22.5,7.3
623,4,30,23.5,8.2
623,5,1,23.7,8.9
623,5,2,24.3,9.2
623,5,3,24.7,9.2
623,5,4,24.5,9.2
623,5,5,24.3,9.2
623,5,6,24.4,9.1
623,5,7,24.3,9.2
623,5,8,23.7,9.4
623,5,9,23.7,9.5
623,5,10,23.4,9.8
623,5,11,23.4,9.9
623,5,12,23.6,10.0
623,5,13,23.9,10.4
623,5,14,23.9,10.6
623,5,15,24.5,10.7
623,5,16,24.6,11.1
623,5,17,24.3,11.4
623,5,18,24.5,11.2
623,5,19,25.0,11.1
623,5,20,25.3,11.3
623,5,21,25.5,11.5
623,5,22,25.9,11.6
623,5,23,26.1,12.0
623,5,24,26.1,12.3
623,5,25,26.1,12.4
623,5,26,26.2,12.4
623,5,27,26.5,12.7
623,5,28,26.5,12.7
623,5,29,26.7,12.6
623,5,30,26.9,12.7
623,5,31,27.1,12.8
623,6,1,27.2,13.0
623,6,2,27.6,13.4
623,6,3,27.6,13.9
623,6,4,27.8,14.4
623,6,5,27.8,14.8
623,6,6,27.7,15.2
623,6,7,27.9,15.2
623,6,8,28.2,15.5
623,6,9,28.3,15.7
623,6,10,28.3,15.8
623,6,11,28.5,15.8
623,6,12,28.2,16.0
623,6,13,28.2,15.9
623,6,14,28.4,15.8
623,6,15,28.6,16.1
623,6,16,28.9,16.5
623,6,17,29.2,16.8
623,6,18,29.3,17.2
623,6,19,29.3,17.8
623,6,20,29.4,18.1
623,6,21,29.2,18.2
623,6,22,28.9,18.3
623,6,23,28.6,18.2
623,6,24,28.4,18.2
623,6,25,28.1,18.3
623,6,26,28.4,18.5
623,6,27,28.8,18.7
623,6,28,29.0,19.2
623,6,29,28.9,19.5
623,6,30,29.0,19.9
623,7,1,28.7,20.1
623,7,2,28.7,20.3
623,7,3,28.8,20.2
623,7,4,29.2,20.1
623,7,5,29.2,20.0
623,7,6,29.3,19.9
623,7,7,29.3,20.0
623,7,8,29.2,20.1
623,7,9,29.2,20.3
623,7,10,29.1,20.5
623,7,11,29.1,20.7
623,7,12,29.2,20.8
623,7,13,29.3,20.9
623,7,14,29.2,21.0
623,7,15,29.3,21.0
623,7,16,29.6,21.0
623,7,17,29.7,21.1
623,7,18,30.1,21.3
623,7,19,30.6,21.6
623,7,20,31.1,21.9
623,7,21,30.9,22.1
623,7,22,30.9,22.3
623,7,23,30.8,22.4
623,7,24,30.8,22.3
623,7,25,30.8,22.2
623,7,26,30.9,22.2
623,7,27,31.1,22.3
623,7,28,31.3,22.4
623,7,29,31.5,22.6
623,7,30,31.8,22.8
623,7,31,32.2,22.9
623,8,1,32.4,23.0
623,8,2,32.4,23.0
623,8,3,32.6,23.0
623,8,4,32.5,23.0
623,8,5,32.3,22.8
623,8,6,32.4,22.8
623,8,7,32.3,22.7
623,8,8,32.0,22.6
623,8,9,31.8,22.5
623,8,10,31.6,22.5
623,8,11,31.4,22.3
623,8,12,31.3,22.3
623,8,13,31.3,22.3
623,8,14,31.4,22.2
623,8,15,31.4,22.1
623,8,16,31.1,22.0
623,8,17,30.9,21.8
623,8,18,30.7,21.6
623,8,19,30.6,21.4
623,8,20,30.3,21.2
623,8,21,30.1,20.9
623,8,22,30.0,20.7
623,8,23,29.9,20.5
623,8,24,29.5,20.3
623,8,25,29.4,20.2
623,8,26,29.4,20.1
623,8,27,29.4,19.9
623,8,28,29.1,19.8
623,8,29,29.0,19.4
623,8,30,29.1,19.2
623,8,31,28.8,18.8
623,9,1,28.7,18.6
623,9,2,28.9,18.2
623,9,3,28.8,18.1
623,9,4,28.4,17.9
623,9,5,28.3,17.6
623,9,6,28.1,17.5
623,9,7,27.7,17.3
623,9,8,27.6,17.1
623,9,9,27.5,17.0
623,9,10,27.3,17.0
623,9,11,27.1,16.9
623,9,12,27.0,16.7
623,9,13,26.8,16.6
623,9,14,26.7,16.3
623,9,15,26.7,16.0
623,9,16,26.6,15.6
623,9,17,26.6,15.1
623,9,18,26.4,14.8
623,9,19,26.1,14.3
623,9,20,25.7,13.8
623,9,21,25.5,13.5
623,9,22,25.2,13.4
623,9,23,25.1,13.1
623,9,24,25.3,13.0
623,9,25,25.4,12.9
623,9,26,25.3,12.8
623,9,27,25.0,12.7
623,9,28,24.6,12.6
623,9,29,24.2,12.5
623,9,30,23.8,12.2
623,10,1,23.4,11.7
623,10,2,23.2,11.1
623,10,3,23.0,10.6
623,10,4,22.8,10.1
623,10,5,22.9,9.9
623,10,6,23.0,9.8
623,10,7,22.9,9.7
623,10,8,23.0,9.6
623,10,9,22.7,9.4
623,10,10,22.3,9.1
623,10,11,21.9,8.6
623,10,12,21.4,8.2
623,10,13,20.9,7.5
623,10,14,20.7,7.1
623,10,15,20.5,6.6
623,10,16,20.5,6.4
623,10,17,20.7,6.1
623,10,18,20.7,6.2
623,10,19,20.8,6.3
623,10,20,20.7,6.5
623,10,21,20.4,6.4
623,10,22,20.1,6.4
623,10,23,19.7,6.0
623,10,24,19.1,5.5
623,10,25,18.7,5.1
623,10,26,18.4,4.7
623,10,27,17.7,4.3
623,10,28,17.2,3.7
623,10,29,17.0,3.3
623,10,30,16.5,3.1
623,10,31,16.2,2.8
623,11,1,16.1,2.5
623,11,2,16.2,2.5
623,11,3,16.3,2.5
623,11,4,16.6,2.6
623,11,5,16.8,2.9
623,11,6,16.6,3.1
623,11,7,16.3,3.3
623,11,8,15.9,3.3
623,11,9,15.4,3.1
623,11,10,14.8,2.4
623,11,11,14.4,1.9
623,11,12,14.0,1.6
623,11,13,13.4,1.1
623,11,14,12.8,0.4
623,11,15,12.3,0.1
623,11,16,11.8,-0.5
623,11,17,11.1,-1.2
623,11,18,10.6,-1.6
623,11,19,10.2,-1.9
623,11,20,10.1,-2.2
623,11,21,10.3,-2.1
623,11,22,10.5,-1.8
623,11,23,10.6,-1.7
623,11,24,10.5,-1.5
623,11,25,10.1,-1.3
623,11,26,9.7,-1.2
623,11,27,9.3,-1.3
623,11,28,9.0,-1.5
623,11,29,8.9,-1.9
623,11,30,8.9,-2.2
623,12,1,8.4,-2.8
623,12,2,7.9,-3.4
623,12,3,7.2,-3.8
623,12,4,6.4,-4.4
623,12,5,5.8,-4.7
623,12,6,5.4,-4.9
623,12,7,5.2,-5.3
623,12,8,5.2,-5.4
623,12,9,5.2,-5.3
623,12,10,5.1,-5.7
623,12,11,5.1,-5.9
623,12,12,4.8,-6.1
623,12,13,4.5,-6.2
623,12,14,4.3,-6.5
623,12,15,4.1,-6.4
623,12,16,3.9,-6.6
623,12,17,3.9,-6.7
623,12,18,3.9,-6.9
623,12,19,4.2,-6.8
623,12,20,4.7,-6.8
623,12,21,5.0,-6.4
623,12,22,4.9,-6.1
623,12,23,4.7,-6.1
623,12,24,4.3,-6.4
623,12,25,3.5,-7.0
623,12,26,3.0,-7.8
623,12,27,2.7,-8.2
623,12,28,2.5,-8.6
623,12,29,2.3,-9.0
623,12,30,2.4,-8.8
623,12,31,2.5,-8.5
628,1,1,3.2,-6.1
628,1,2,3.2,-6.1
628,1,3,3.2,-6.1
628,1,4,3.2,-6.2
628,1,5,3.0,-6.5
628,1,6,2.8,-6.7
628,1,7,2.5,-6.8
628,1,8,2.3,-6.8
628,1,9,2.2,-6.9
628,1,10,2.1,-6.9
628,1,11,2.0,-6.8
628,1,12,2.1,-6.9
628,1,13,2.2,-6.9
628,1,14,2.3,-6.8
628,1,15,2.6,-6.7
628,1,16,3.0,-6.6
628,1,17,3.3,-6.3
628,1,18,3.4,-5.8
628,1,19,3.3,-5.9
628,1,20,3.0,-5.9
628,1,21,2.7,-6.1
628,1,22,2.2,-6.6
628,1,23,1.9,-7.4
628,1,24,1.9,-7.4
628,1,25,2.2,-7.5
628,1,26,2.3,-7.5
628,1,27,2.7,-7.1
628,1,28,3.1,-6.6
628,1,29,3.4,-6.6
628,1,30,3.4,-6.6
628,1,31,3.4,-6.6
628,2,1,3.3,-6.7
628,2,2,3.2,-6.7
628,2,3,3.2,-6.7
628,2,4,3.3,-6.5
628,2,5,3.5,-6.4
628,2,6,3.5,-6.2
628,2,7,3.5,-6.1
628,2,8,3.6,-5.8
628,2,9,3.8,-5.8
628,2,10,3.8,-5.6
628,2,11,4.5,-5.5
628,2,12,5.0,-5.0
628,2,13,5.4,-4.9
628,2,14,5.4,-4.8
628,2,15,5.5,-4.6
628,2,16,5.5,-4.5
628,2,17,5.6,-4.5
628,2,18,6.0,-4.5
628,2,19,6.5,-4.3
628,2,20,7.3,-3.9
628,2,21,7.7,-3.6
628,2,22,8.1,-3.4
628,2,23,8.3,-3.0
628,2,24,8.5,-2.7
628,2,25,8.4,-2.7
628,2,26,8.8,-2.5
628,2,27,8.8,-2.3
628,2,28,8.6,-2.4
628,2,29,8.8,-2.3
628,3,1,9.0,-2.3
628,3,2,9.3,-2.0
628,3,3,9.1,-1.9
628,3,4,9.1,-1.7
628,3,5,9.1,-1.7
628,3,6,9.0,-1.8
628,3,7,9.3,-1.9
628,3,8,9.4,-1.8
628,3,9,9.6,-1.9
628,3,10,10.3,-1.8
628,3,11,10.8,-1.4
628,3,12,10.7,-1.2
628,3,13,11.2,-1.2
628,3,14,11.7,-0.7
628,3,15,12.3,-0.3
628,3,16,12.7,0.2
628,3,17,13.2,0.7
628,3,18,13.5,0.9
628,3,19,13.8,0.9
628,3,20,13.5,1.0
628,3,21,13.3,0.7
628,3,22,13.0,0.4
628,3,23,12.9,0.4
628,3,24,12.8,0.5
628,3,25,13.1,0.6
628,3,26,13.6,0.8
628,3,27,14.0,1.2
628,3,28,14.3,1.4
628,3,29,14.7,1.7
628,3,30,15.0,2.0
628,3,31,15.2,2.4
628,4,1,15.5,2.7
628,4,2,15.9,2.9
628,4,3,16.2,3.1
628,4,4,16.2,3.3
628,4,5,16.4,3.6
628,4,6,16.8,3.7
628,4,7,17.1,4.1
628,4,8,17.4,4.6
628,4,9,17.9,4.9
628,4,10,18.2,5.0
628,4,11,18.1,5.4
628,4,12,18.1,5.5
628,4,13,18.3,5.4
628,4,14,18.6,5.5
628,4,15,18.8,5.6
628,4,16,19.4,5.8
628,4,17,19.8,6.0
628,4,18,19.8,6.5
628,4,19,20.0,7.0
628,4,20,19.9,7.4
628,4,21,19.7,7.4
628,4,22,19.6,7.4
628,4,23,19.7,7.2
628,4,24,19.6,7.0
628,4,25,19.7,6.9
628,4,26,20.1,6.9
628,4,27,20.5,7.4
628,4,28,21.0,8.1
628,4,29,21.7,8.8
628,4,30,22.6,9.5
628,5,1,22.9,10.2
628,5,2,23.5,10.5
628,5,3,23.9,10.5
628,5,4,23.7,10.4
628,5,5,23.6,10.5
628,5,6,23.7,10.6
628,5,7,23.5,10.7
628,5,8,22.9,10.8
628,5,9,22.9,10.9
628,5,10,22.6,11.0
628,5,11,22.6,11.0
628,5,12,22.9,11.2
628,5,13,23.3,11.6
628,5,14,23.4,11.9
628,5,15,24.0,12.1
628,5,16,24.1,12.4
628,5,17,24.0,12.6
628,5,18,24.1,12.5
628,5,19,24.5,12.5
628,5,20,24.9,12.7
628,5,21,25.2,12.9
628,5,22,25.5,13.0
628,5,23,25.8,13.3
628,5,24,25.8,13.7
628,5,25,25.8,13.8
628,5,26,25.9,13.9
628,5,27,26.3,14.1
628,5,28,26.3,14.3
628,5,29,26.5,14.2
628,5,30,26.6,14.4
628,5,31,26.7,14.4
628,6,1,26.8,14.5
628,6,2,27.1,14.8
628,6,3,27.2,15.2
628,6,4,27.4,15.5
628,6,5,27.6,15.9
628,6,6,27.5,16.1
628,6,7,27.7,16.3
628,6,8,27.9,16.5
628,6,9,28.0,16.8
628,6,10,28.0,16.8
628,6,11,28.2,16.9
628,6,12,28.0,17.1
628,6,13,28.1,17.1
628,6,14,28.2,17.1
628,6,15,28.4,17.3
628,6,16,28.6,17.6
628,6,17,28.8,17.9
628,6,18,28.9,18.2
628,6,19,29.0,18.6
628,6,20,29.1,18.9
628,6,21,29.0,19.0
628,6,22,28.8,19.0
628,6,23,28.6,18.9
628,6,24,28.4,18.9
628,6,25,28.2,19.0
628,6,26,28.4,19.1
628,6,27,28.7,19.4
628,6,28,28.8,19.8
628,6,29,28.8,20.1
628,6,30,28.9,20.5
628,7,1,28.7,20.8
628,7,2,28.7,20.9
628,7,3,28.8,20.9
628,7,4,29.2,20.8
628,7,5,29.2,20.7
628,7,6,29.5,20.7
628,7,7,29.5,20.7
628,7,8,29.5,20.8
628,7,9,29.4,21.0
628,7,10,29.3,21.1
628,7,11,29.2,21.3
628,7,12,29.2,21.4
628,7,13,29.3,21.6
628,7,14,29.3,21.6
628,7,15,29.4,21.6
628,7,16,29.7,21.6
628,7,17,29.8,21.7
628,7,18,30.2,21.9
628,7,19,30.6,22.2
628,7,20,31.1,22.6
628,7,21,31.1,22.8
628,7,22,31.0,22.9
628,7,23,31.0,23.0
628,7,24,31.0,23.0
628,7,25,31.1,23.0
628,7,26,31.2,23.1
628,7,27,31.5,23.3
628,7,28,31.6,23.5
628,7,29,31.8,23.7
628,7,30,31.9,23.8
628,7,31,32.3,23.9
628,8,1,32.4,23.9
628,8,2,32.3,23.9
628,8,3,32.6,23.9
628,8,4,32.6,23.8
628,8,5,32.5,23.7
628,8,6,32.6,23.6
628,8,7,32.5,23.6
628,8,8,32.3,23.5
628,8,9,32.1,23.4
628,8,10,31.9,23.3
628,8,11,31.7,23.2
628,8,12,31.6,23.2
628,8,13,31.5,23.1
628,8,14,31.4,23.0
628,8,15,31.5,23.0
628,8,16,31.3,22.8
628,8,17,31.2,22.7
628,8,18,31.0,22.5
628,8,19,30.9,22.3
628,8,20,30.7,22.1
628,8,21,30.6,21.9
628,8,22,30.4,21.7
628,8,23,30.3,21.5
628,8,24,30.0,21.3
628,8,25,29.9,21.2
628,8,26,29.8,21.1
628,8,27,29.7,20.9
628,8,28,29.5,20.8
628,8,29,29.4,20.4
628,8,30,29.3,20.1
628,8,31,29.0,19.8
628,9,1,29.0,19.5
628,9,2,29.1,19.3
628,9,3,28.9,19.2
628,9,4,28.5,19.0
628,9,5,28.4,18.8
628,9,6,28.2,18.7
628,9,7,27.9,18.4
628,9,8,27.9,18.3
628,9,9,27.8,18.1
628,9,10,27.7,18.1
628,9,11,27.5,17.8
628,9,12,27.4,17.7
628,9,13,27.2,17.6
628,9,14,27.0,17.4
628,9,15,27.0,17.2
628,9,16,27.0,16.8
628,9,17,27.0,16.4
628,9,18,26.8,16.1
628,9,19,26.4,15.6
628,9,20,26.0,15.1
628,9,21,25.7,14.8
628,9,22,25.4,14.6
628,9,23,25.3,14.2
628,9,24,25.6,14.1
628,9,25,25.7,14.1
628,9,26,25.5,14.0
628,9,27,25.2,13.9
628,9,28,24.9,13.9
628,9,29,24.5,13.7
628,9,30,24.0,13.4
628,10,1,23.7,13.0
628,10,2,23.6,12.4
628,10,3,23.4,11.9
628,10,4,23.3,11.4
628,10,5,23.4,11.2
628,10,6,23.3,11.0
628,10,7,23.3,11.0
628,10,8,23.3,11.0
628,10,9,23.0,10.9
628,10,10,22.5,10.5
628,10,11,22.1,10.0
628,10,12,21.7,9.6
628,10,13,21.3,9.0
628,10,14,21.1,8.5
628,10,15,21.0,8.2
628,10,16,20.9,7.9
628,10,17,21.0,7.8
628,10,18,21.0,7.8
628,10,19,21.0,7.8
628,10,20,20.9,7.9
628,10,21,20.7,8.0
628,10,22,20.4,8.0
628,10,23,20.0,7.7
628,10,24,19.4,7.4
628,10,25,19.0,6.9
628,10,26,18.6,6.5
628,10,27,18.0,6.1
628,10,28,17.5,5.6
628,10,29,17.3,5.1
628,10,30,16.9,4.9
628,10,31,16.5,4.6
628,11,1,16.4,4.3
628,11,2,16.5,4.3
628,11,3,16.6,4.4
628,11,4,16.9,4.5
628,11,5,17.1,4.6
628,11,6,16.8,4.8
628,11,7,16.4,4.8
628,11,8,15.9,4.7
628,11,9,15.4,4.5
628,11,10,14.9,3.9
628,11,11,14.5,3.5
628,11,12,14.2,3.3
628,11,13,13.6,2.9
628,11,14,13.0,2.2
628,11,15,12.5,1.9
628,11,16,11.8,1.4
628,11,17,11.2,0.7
628,11,18,10.8,0.2
628,11,19,10.5,0.0
628,11,20,10.4,-0.4
628,11,21,10.7,-0.3
628,11,22,10.8,0.0
628,11,23,10.9,0.1
628,11,24,10.9,0.1
628,11,25,10.6,0.3
628,11,26,10.2,0.3
628,11,27,9.7,0.2
628,11,28,9.3,-0.1
628,11,29,9.1,-0.3
628,11,30,9.0,-0.8
628,12,1,8.6,-1.2
628,12,2,8.3,-1.7
628,12,3,7.6,-2.1
628,12,4,6.8,-2.6
628,12,5,6.2,-3.0
628,12,6,5.8,-3.1
628,12,7,5.5,-3.3
628,12,8,5.5,-3.3
628,12,9,5.5,-3.2
628,12,10,5.4,-3.6
628,12,11,5.3,-3.9
628,12,12,5.1,-4.2
628,12,13,4.9,-4.4
628,12,14,4.8,-4.6
628,12,15,4.6,-4.5
628,12,16,4.4,-4.6
628,12,17,4.5,-4.5
628,12,18,4.4,-4.8
628,12,19,4.5,-4.8
628,12,20,5.0,-4.8
628,12,21,5.4,-4.5
628,12,22,5.3,-4.5
628,12,23,5.2,-4.5
628,12,24,4.8,-4.6
628,12,25,4.0,-5.3
628,12,26,3.4,-5.9
628,12,27,3.1,-6.3
628,12,28,2.9,-6.5
628,12,29,2.8,-6.7
628,12,30,2.9,-6.4
628,12,31,3.1,-6.2
636,1,1,3.7,-8.8
636,1,2,3.8,-8.8
636,1,3,4.0,-8.7
636,1,4,4.0,-8.8
636,1,5,3.8,-9.0
636,1,6,3.6,-8.9
636,1,7,3.3,-9.0
636,1,8,3.2,-9.0
636,1,9,3.0,-9.0
636,1,10,2.9,-8.9
636,1,11,2.9,-8.9
636,1,12,3.0,-8.9
636,1,13,3.1,-8.8
636,1,14,3.3,-8.6
636,1,15,3.5,-8.7
636,1,16,3.8,-8.8
636,1,17,4.0,-8.4
636,1,18,4.1,-7.9
636,1,19,3.9,-7.9
636,1,20,3.8,-7.8
636,1,21,3.5,-7.9
636,1,22,3.1,-8.4
636,1,23,2.8,-9.1
636,1,24,2.7,-9.2
636,1,25,2.8,-9.2
636,1,26,3.0,-9.2
636,1,27,3.4,-8.8
636,1,28,3.8,-8.4
636,1,29,4.1,-8.4
636,1,30,4.3,-8.6
636,1,31,4.3,-8.7
636,2,1,4.2,-8.9
636,2,2,4.2,-9.1
636,2,3,4.2,-9.1
636,2,4,4.3,-8.9
636,2,5,4.6,-8.6
636,2,6,4.6,-8.3
636,2,7,4.5,-7.9
636,2,8,4.6,-7.5
636,2,9,4.7,-7.4
636,2,10,4.6,-7.3
636,2,11,5.1,-7.3
636,2,12,5.7,-7.0
636,2,13,6.0,-6.8
636,2,14,6.1,-6.7
636,2,15,6.2,-6.6
636,2,16,6.1,-6.4
636,2,17,6.2,-6.5
636,2,18,6.6,-6.5
636,2,19,7.0,-6.4
636,2,20,7.7,-6.0
636,2,21,8.2,-5.6
636,2,22,8.7,-5.4
636,2,23,8.9,-4.9
636,2,24,9.1,-4.4
636,2,25,9.2,-4.2
636,2,26,9.2,-3.9
636,2,27,9.2,-3.7
636,2,28,9.2,-3.8
636,2,29,9.3,-3.8
636,3,1,9.4,-3.9
636,3,2,9.6,-3.7
636,3,3,9.7,-3.7
636,3,4,9.7,-3.6
636,3,5,9.6,-3.6
636,3,6,9.5,-3.7
636,3,7,9.7,-3.7
636,3,8,9.8,-3.7
636,3,9,10.0,-3.9
636,3,10,10.7,-4.0
636,3,11,11.1,-3.7
636,3,12,11.2,-3.6
636,3,13,11.6,-3.5
636,3,14,12.1,-2.9
636,3,15,12.6,-2.5
636,3,16,12.9,-1.8
636,3,17,13.5,-1.2
636,3,18,13.8,-0.8
636,3,19,14.1,-0.8
636,3,20,13.9,-0.6
636,3,21,13.7,-0.9
636,3,22,13.2,-1.4
636,3,23,13.1,-1.5
636,3,24,13.0,-1.4
636,3,25,13.3,-1.3
636,3,26,13.8,-1.1
636,3,27,14.3,-0.7
636,3,28,14.7,-0.4
636,3,29,15.1,-0.1
636,3,30,15.4,0.0
636,3,31,15.5,0.4
636,4,1,15.7,0.7
636,4,2,16.0,0.8
636,4,3,16.3,0.9
636,4,4,16.2,1.2
636,4,5,16.4,1.6
636,4,6,16.9,1.6
636,4,7,17.3,2.2
636,4,8,17.5,2.7
636,4,9,17.9,3.1
636,4,10,18.2,3.2
636,4,11,18.0,3.6
636,4,12,18.1,3.6
636,4,13,18.4,3.6
636,4,14,18.8,3.4
636,4,15,19.0,3.6
636,4,16,19.7,3.7
636,4,17,20.0,4.0
636,4,18,19.9,4.4
636,4,19,19.9,5.2
636,4,20,20.0,5.6
636,4,21,19.7,5.8
636,4,22,19.7,5.7
636,4,23,19.8,5.5
636,4,24,19.7,5.0
636,4,25,19.6,4.8
636,4,26,19.9,4.6
636,4,27,20.2,5.0
636,4,28,20.7,5.6
636,4,29,21.4,6.4
636,4,30,22.4,7.2
636,5,1,22.7,8.0
636,5,2,23.3,8.3
636,5,3,23.8,8.3
636,5,4,23.7,8.2
636,5,5,23.4,8.2
636,5,6,23.5,8.1
636,5,7,23.4,8.2
636,5,8,22.7,8.5
636,5,9,22.6,8.6
636,5,10,22.3,8.8
636,5,11,22.3,8.9
636,5,12,22.5,9.1
636,5,13,22.8,9.4
636,5,14,23.0,9.6
636,5,15,23.6,9.7
636,5,16,23.7,10.2
636,5,17,23.6,10.6
636,5,18,23.8,10.4
636,5,19,24.2,10.3
636,5,20,24.5,10.4
636,5,21,24.7,10.4
636,5,22,25.0,10.3
636,5,23,25.2,10.6
636,5,24,25.3,11.1
636,5,25,25.3,11.2
636,5,26,25.4,11.4
636,5,27,25.7,11.6
636,5,28,25.7,11.7
636,5,29,25.8,11.7
636,5,30,26.0,11.6
636,5,31,26.2,11.6
636,6,1,26.3,11.8
636,6,2,26.7,12.1
636,6,3,26.8,12.6
636,6,4,27.0,13.2
636,6,5,27.1,13.8
636,6,6,27.1,14.1
636,6,7,27.3,14.3
636,6,8,27.5,14.7
636,6,9,27.6,14.8
636,6,10,27.6,14.9
636,6,11,27.7,15.0
636,6,12,27.5,15.2
636,6,13,27.3,15.2
636,6,14,27.5,15.2
636,6,15,27.7,15.4
636,6,16,27.8,15.7
636,6,17,28.2,16.0
636,6,18,28.4,16.2
636,6,19,28.5,16.8
636,6,20,28.5,17.1
636,6,21,28.4,17.3
636,6,22,28.1,17.4
636,6,23,27.8,17.5
636,6,24,27.5,17.5
636,6,25,27.4,17.7
636,6,26,27.5,17.9
636,6,27,27.9,18.2
636,6,28,28.1,18.6
636,6,29,28.1,19.0
636,6,30,28.1,19.3
636,7,1,27.8,19.7
636,7,2,27.8,19.9
636,7,3,27.9,19.9
636,7,4,28.1,19.9
636,7,5,28.2,19.8
636,7,6,28.4,19.7
636,7,7,28.4,19.7
636,7,8,28.4,19.8
636,7,9,28.3,20.0
636,7,10,28.3,20.2
636,7,11,28.2,20.4
636,7,12,28.3,20.5
636,7,13,28.4,20.6
636,7,14,28.5,20.6
636,7,15,28.6,20.6
636,7,16,28.9,20.6
636,7,17,29.0,20.7
636,7,18,29.4,20.9
636,7,19,29.7,21.1
636,7,20,30.2,21.4
636,7,21,30.2,21.7
636,7,22,30.3,21.9
636,7,23,30.2,22.0
636,7,24,30.3,22.0
636,7,25,30.3,21.9
636,7,26,30.5,21.9
636,7,27,30.7,22.0
636,7,28,30.9,22.1
636,7,29,31.2,22.3
636,7,30,31.4,22.5
636,7,31,31.7,22.7
636,8,1,31.8,22.7
636,8,2,31.9,22.6
636,8,3,32.0,22.5
636,8,4,32.0,22.4
636,8,5,31.9,22.2
636,8,6,32.0,22.2
636,8,7,32.0,22.3
636,8,8,31.7,22.3
636,8,9,31.4,22.3
636,8,10,31.2,22.2
636,8,11,30.9,22.1
636,8,12,30.6,22.0
636,8,13,30.5,21.9
636,8,14,30.4,21.9
636,8,15,30.5,21.8
636,8,16,30.4,21.7
636,8,17,30.4,21.5
636,8,18,30.2,21.4
636,8,19,30.2,21.1
636,8,20,29.9,20.8
636,8,21,29.7,20.7
636,8,22,29.5,20.5
636,8,23,29.4,20.3
636,8,24,29.1,20.1
636,8,25,28.9,20.0
636,8,26,29.0,19.9
636,8,27,29.0,19.5
636,8,28,28.6,19.4
636,8,29,28.4,19.2
636,8,30,28.5,18.9
636,8,31,28.2,18.5
636,9,1,28.0,18.4
636,9,2,28.3,18.0
636,9,3,28.2,17.9
636,9,4,27.8,17.8
636,9,5,27.7,17.6
636,9,6,27.6,17.4
636,9,7,27.2,17.2
636,9,8,27.2,17.0
636,9,9,27.1,16.8
636,9,10,27.0,16.8
636,9,11,26.9,16.7
636,9,12,26.7,16.6
636,9,13,26.5,16.6
636,9,14,26.3,16.3
636,9,15,26.3,16.0
636,9,16,26.1,15.5
636,9,17,26.2,15.1
636,9,18,26.1,14.7
636,9,19,25.8,14.2
636,9,20,25.4,13.7
636,9,21,25.1,13.4
636,9,22,24.8,13.1
636,9,23,24.7,12.7
636,9,24,24.9,12.6
636,9,25,25.0,12.4
636,9,26,24.9,12.2
636,9,27,24.6,12.2
636,9,28,24.3,12.1
636,9,29,24.0,12.0
636,9,30,23.6,11.7
636,10,1,23.4,11.3
636,10,2,23.3,10.6
636,10,3,23.1,10.1
636,10,4,22.9,9.6
636,10,5,22.8,9.5
636,10,6,22.7,9.4
636,10,7,22.6,9.2
636,10,8,22.6,9.1
636,10,9,22.4,8.9
636,10,10,22.1,8.4
636,10,11,21.7,7.9
636,10,12,21.3,7.5
636,10,13,20.9,6.8
636,10,14,20.7,6.3
636,10,15,20.6,5.9
636,10,16,20.6,5.7
636,10,17,20.6,5.5
636,10,18,20.7,5.6
636,10,19,20.7,5.8
636,10,20,20.5,6.1
636,10,21,20.2,6.2
636,10,22,20.0,6.1
636,10,23,19.6,5.7
636,10,24,19.1,5.2
636,10,25,18.8,4.5
636,10,26,18.5,4.1
636,10,27,17.9,3.7
636,10,28,17.4,3.1
636,10,29,17.2,2.7
636,10,30,16.8,2.6
636,10,31,16.5,2.2
636,11,1,16.4,1.8
636,11,2,16.5,1.7
636,11,3,16.6,1.7
636,11,4,16.8,1.8
636,11,5,17.1,2.1
636,11,6,16.9,2.5
636,11,7,16.5,2.8
636,11,8,16.0,3.0
636,11,9,15.6,2.8
636,11,10,15.0,2.3
636,11,11,14.5,1.7
636,11,12,14.2,1.3
636,11,13,13.7,0.7
636,11,14,13.2,0.0
636,11,15,12.8,-0.4
636,11,16,12.3,-0.8
636,11,17,11.7,-1.5
636,11,18,11.3,-1.8
636,11,19,10.9,-2.2
636,11,20,10.8,-2.5
636,11,21,11.0,-2.6
636,11,22,11.2,-2.4
636,11,23,11.3,-2.1
636,11,24,11.3,-1.8
636,11,25,10.9,-1.6
636,11,26,10.5,-1.6
636,11,27,10.1,-1.5
636,11,28,9.9,-1.9
636,11,29,9.8,-2.3
636,11,30,9.7,-2.6
636,12,1,9.4,-3.2
636,12,2,9.0,-3.8
636,12,3,8.3,-4.2
636,12,4,7.4,-4.8
636,12,5,6.8,-5.2
636,12,6,6.3,-5.4
636,12,7,6.1,-5.8
636,12,8,6.0,-6.0
636,12,9,6.0,-5.7
636,12,10,6.0,-6.0
636,12,11,5.9,-6.3
636,12,12,5.7,-6.4
636,12,13,5.6,-6.5
636,12,14,5.5,-6.8
636,12,15,5.2,-6.6
636,12,16,5.0,-6.8
636,12,17,5.0,-6.7
636,12,18,5.1,-6.9
636,12,19,5.3,-6.9
636,12,20,5.7,-6.8
636,12,21,6.0,-6.4
636,12,22,5.9,-6.3
636,12,23,5.7,-6.3
636,12,24,5.3,-6.5
636,12,25,4.7,-7.2
636,12,26,4.2,-7.9
636,12,27,3.9,-8.4
636,12,28,3.7,-8.7
636,12,29,3.5,-9.2
636,12,30,3.5,-9.1
636,12,31,3.6,-8.8
642,1,1,4.6,-5.0
642,1,2,4.6,-4.9
642,1,3,4.8,-4.9
642,1,4,4.7,-4.9
642,1,5,4.4,-5.1
642,1,6,4.2,-5.2
642,1,7,3.9,-5.3
642,1,8,3.8,-5.2
642,1,9,3.7,-5.2
642,1,10,3.7,-5.1
642,1,11,3.6,-5.1
642,1,12,3.7,-5.0
642,1,13,3.8,-5.1
642,1,14,3.9,-5.0
642,1,15,4.0,-4.9
642,1,16,4.4,-4.9
642,1,17,4.6,-4.6
642,1,18,4.7,-4.2
642,1,19,4.6,-4.1
642,1,20,4.6,-4.1
642,1,21,4.3,-4.3
642,1,22,3.9,-4.8
642,1,23,3.7,-5.5
642,1,24,3.7,-5.5
642,1,25,3.7,-5.7
642,1,26,3.9,-5.6
642,1,27,4.2,-5.2
642,1,28,4.6,-4.8
642,1,29,4.9,-4.8
642,1,30,5.1,-4.8
642,1,31,5.1,-4.9
642,2,1,5.1,-5.0
642,2,2,5.0,-5.2
642,2,3,5.0,-5.2
642,2,4,5.1,-5.0
642,2,5,5.3,-4.8
642,2,6,5.3,-4.5
642,2,7,5.2,-4.3
642,2,8,5.3,-4.0
642,2,9,5.4,-4.0
642,2,10,5.3,-3.8
642,2,11,6.0,-3.7
642,2,12,6.5,-3.3
642,2,13,6.9,-3.1
642,2,14,7.0,-3.0
642,2,15,7.1,-3.0
642,2,16,7.0,-2.9
642,2,17,7.1,-3.0
642,2,18,7.5,-3.0
642,2,19,7.8,-2.7
642,2,20,8.5,-2.4
642,2,21,9.1,-1.9
642,2,22,9.6,-1.7
642,2,23,9.7,-1.1
642,2,24,9.9,-0.7
642,2,25,10.0,-0.4
642,2,26,10.1,-0.2
642,2,27,10.1,0.0
642,2,28,10.1,-0.2
642,2,29,10.2,-0.2
642,3,1,10.3,-0.3
642,3,2,10.6,-0.2
642,3,3,10.7,-0.2
642,3,4,10.6,-0.1
642,3,5,10.6,-0.1
642,3,6,10.5,-0.1
642,3,7,10.8,-0.1
642,3,8,10.8,-0.1
642,3,9,11.0,-0.1
642,3,10,11.7,-0.1
642,3,11,12.2,0.2
642,3,12,12.3,0.5
642,3,13,12.7,0.5
642,3,14,13.1,1.1
642,3,15,13.6,1.5
642,3,16,14.0,2.0
642,3,17,14.6,2.4
642,3,18,14.9,2.8
642,3,19,15.2,2.8
642,3,20,15.0,3.0
642,3,21,14.7,2.7
642,3,22,14.3,2.4
642,3,23,14.1,2.4
642,3,24,14.1,2.3
642,3,25,14.5,2.4
642,3,26,15.0,2.6
642,3,27,15.6,3.0
642,3,28,16.0,3.4
642,3,29,16.4,3.7
642,3,30,16.7,3.9
642,3,31,16.8,4.2
642,4,1,17.0,4.4
642,4,2,17.2,4.5
642,4,3,17.5,4.9
642,4,4,17.5,5.0
642,4,5,17.7,5.3
642,4,6,18.2,5.5
642,4,7,18.5,5.9
642,4,8,18.7,6.4
642,4,9,19.0,6.8
642,4,10,19.3,7.0
642,4,11,19.1,7.2
642,4,12,19.2,7.2
642,4,13,19.5,7.2
642,4,14,20.0,7.2
642,4,15,20.2,7.4
642,4,16,21.0,7.7
642,4,17,21.2,8.0
642,4,18,21.2,8.2
642,4,19,21.1,8.7
642,4,20,21.2,9.1
642,4,21,20.9,9.1
642,4,22,20.9,9.1
642,4,23,21.0,9.0
642,4,24,20.8,8.9
642,4,25,20.8,8.6
642,4,26,21.2,8.5
642,4,27,21.4,8.8
642,4,28,22.0,9.5
642,4,29,22.9,10.0
642,4,30,23.7,10.7
642,5,1,24.0,11.4
642,5,2,24.6,11.8
642,5,3,25.1,11.8
642,5,4,24.9,11.8
642,5,5,24.7,11.8
642,5,6,24.8,11.9
642,5,7,24.7,11.9
642,5,8,24.0,12.0
642,5,9,24.1,12.0
642,5,10,23.8,12.1
642,5,11,23.8,12.1
642,5,12,24.0,12.3
642,5,13,24.5,12.7
642,5,14,24.5,13.0
642,5,15,25.1,13.2
642,5,16,25.2,13.5
642,5,17,25.0,13.7
642,5,18,25.2,13.6
642,5,19,25.6,13.4
642,5,20,25.9,13.6
642,5,21,26.2,13.8
642,5,22,26.4,13.9
642,5,23,26.6,14.2
642,5,24,26.7,14.6
642,5,25,26.7,14.7
642,5,26,26.8,14.8
642,5,27,27.2,15.1
642,5,28,27.2,15.3
642,5,29,27.3,15.3
642,5,30,27.4,15.4
642,5,31,27.6,15.5
642,6,1,27.7,15.6
642,6,2,28.0,15.9
642,6,3,28.0,16.3
642,6,4,28.2,16.7
642,6,5,28.4,17.1
642,6,6,28.4,17.4
642,6,7,28.5,17.6
642,6,8,28.8,17.8
642,6,9,28.8,17.9
642,6,10,28.8,17.9
642,6,11,28.9,18.0
642,6,12,28.6,18.1
642,6,13,28.5,18.0
642,6,14,28.6,18.0
642,6,15,28.9,18.1
642,6,16,29.1,18.4
642,6,17,29.5,18.7
642,6,18,29.7,19.0
642,6,19,29.8,19.5
642,6,20,29.8,19.7
642,6,21,29.7,19.9
642,6,22,29.4,19.8
642,6,23,29.0,19.8
642,6,24,28.7,19.7
642,6,25,28.5,19.8
642,6,26,28.7,20.0
642,6,27,29.1,20.2
642,6,28,29.4,20.6
642,6,29,29.3,20.9
642,6,30,29.4,21.1
642,7,1,29.1,21.3
642,7,2,29.0,21.4
642,7,3,29.2,21.4
642,7,4,29.4,21.4
642,7,5,29.4,21.4
642,7,6,29.6,21.4
642,7,7,29.6,21.5
642,7,8,29.6,21.5
642,7,9,29.5,21.6
642,7,10,29.5,21.7
642,7,11,29.4,21.8
642,7,12,29.6,21.9
642,7,13,29.7,22.0
642,7,14,29.8,22.1
642,7,15,29.9,22.2
642,7,16,30.2,22.2
642,7,17,30.4,22.3
642,7,18,30.7,22.5
642,7,19,31.1,22.8
642,7,20,31.6,23.1
642,7,21,31.7,23.3
642,7,22,31.7,23.5
642,7,23,31.6,23.6
642,7,24,31.5,23.6
642,7,25,31.6,23.6
642,7,26,31.8,23.7
642,7,27,32.0,23.8
642,7,28,32.2,23.9
642,7,29,32.4,24.0
642,7,30,32.7,24.2
642,7,31,32.9,24.3
642,8,1,33.0,24.3
642,8,2,33.1,24.3
642,8,3,33.2,24.3
642,8,4,33.1,24.2
642,8,5,33.0,24.0
642,8,6,33.0,24.0
642,8,7,32.9,24.0
642,8,8,32.6,23.9
642,8,9,32.3,23.9
642,8,10,32.1,23.8
642,8,11,31.9,23.8
642,8,12,31.7,23.7
642,8,13,31.6,23.6
642,8,14,31.5,23.5
642,8,15,31.7,23.4
642,8,16,31.5,23.4
642,8,17,31.4,23.2
642,8,18,31.2,23.1
642,8,19,31.3,22.9
642,8,20,31.0,22.7
642,8,21,30.9,22.5
642,8,22,30.6,22.4
642,8,23,30.5,22.2
642,8,24,30.1,22.0
642,8,25,29.9,21.8
642,8,26,29.9,21.7
642,8,27,30.0,21.4
642,8,28,29.6,21.3
642,8,29,29.4,21.1
642,8,30,29.6,20.9
642,8,31,29.2,20.6
642,9,1,29.0,20.3
642,9,2,29.3,20.1
642,9,3,29.3,20.1
642,9,4,28.8,19.9
642,9,5,28.7,19.7
642,9,6,28.6,19.6
642,9,7,28.2,19.3
642,9,8,28.2,19.1
642,9,9,28.1,19.0
642,9,10,27.9,18.9
642,9,11,27.7,18.8
642,9,12,27.5,18.7
642,9,13,27.3,18.6
642,9,14,27.1,18.4
642,9,15,27.1,18.2
642,9,16,27.0,17.9
642,9,17,27.1,17.6
642,9,18,26.9,17.3
642,9,19,26.7,16.9
642,9,20,26.3,16.4
642,9,21,26.0,16.1
642,9,22,25.6,15.9
642,9,23,25.6,15.6
642,9,24,25.6,15.5
642,9,25,25.7,15.4
642,9,26,25.7,15.3
642,9,27,25.4,15.2
642,9,28,25.0,15.1
642,9,29,24.7,14.9
642,9,30,24.4,14.7
642,10,1,24.1,14.3
642,10,2,24.1,13.8
642,10,3,23.9,13.4
642,10,4,23.6,12.9
642,10,5,23.6,12.7
642,10,6,23.5,12.6
642,10,7,23.4,12.4
642,10,8,23.5,12.3
642,10,9,23.3,12.2
642,10,10,22.9,11.9
642,10,11,22.5,11.4
642,10,12,22.1,11.1
642,10,13,21.7,10.5
642,10,14,21.5,10.0
642,10,15,21.4,9.6
642,10,16,21.3,9.4
642,10,17,21.3,9.2
642,10,18,21.4,9.3
642,10,19,21.4,9.5
642,10,20,21.2,9.7
642,10,21,21.0,9.7
642,10,22,20.7,9.6
642,10,23,20.3,9.2
642,10,24,19.7,8.8
642,10,25,19.4,8.2
642,10,26,19.1,7.9
642,10,27,18.6,7.6
642,10,28,18.2,7.1
642,10,29,18.0,6.7
642,10,30,17.6,6.5
642,10,31,17.2,6.2
642,11,1,17.1,5.8
642,11,2,17.2,5.8
642,11,3,17.3,5.8
642,11,4,17.6,5.9
642,11,5,17.8,6.1
642,11,6,17.6,6.3
642,11,7,17.2,6.3
642,11,8,16.7,6.4
642,11,9,16.2,6.2
642,11,10,15.5,5.6
642,11,11,15.2,5.1
642,11,12,14.8,4.8
642,11,13,14.4,4.3
642,11,14,13.9,3.7
642,11,15,13.4,3.4
642,11,16,12.8,2.9
642,11,17,12.2,2.2
642,11,18,11.7,1.8
642,11,19,11.5,1.4
642,11,20,11.3,1.1
642,11,21,11.6,1.1
642,11,22,11.8,1.4
642,11,23,11.8,1.5
642,11,24,11.7,1.7
642,11,25,11.3,1.8
642,11,26,11.0,1.7
642,11,27,10.6,1.7
642,11,28,10.4,1.5
642,11,29,10.2,1.2
642,11,30,10.1,0.8
642,12,1,9.8,0.4
642,12,2,9.4,-0.1
642,12,3,8.7,-0.6
642,12,4,7.9,-1.2
642,12,5,7.4,-1.6
642,12,6,7.0,-1.8
642,12,7,6.7,-2.2
642,12,8,6.6,-2.3
642,12,9,6.6,-2.2
642,12,10,6.6,-2.4
642,12,11,6.5,-2.6
642,12,12,6.3,-2.7
642,12,13,6.1,-2.8
642,12,14,6.0,-3.1
642,12,15,5.7,-3.0
642,12,16,5.6,-3.2
642,12,17,5.6,-3.2
642,12,18,5.6,-3.3
642,12,19,5.7,-3.2
642,12,20,6.3,-3.1
642,12,21,6.5,-2.8
642,12,22,6.5,-2.7
642,12,23,6.3,-2.8
642,12,24,6.0,-3.1
642,12,25,5.3,-3.6
642,12,26,4.7,-4.3
642,12,27,4.5,-4.7
642,12,28,4.3,-5.0
642,12,29,4.1,-5.3
642,12,30,4.2,-5.2
642,12,31,4.4,-5.0
643,1,1,3.9,-7.3
643,1,2,3.9,-7.2
643,1,3,4.0,-7.1
643,1,4,4.0,-7.1
643,1,5,3.7,-7.3
643,1,6,3.5,-7.3
643,1,7,3.2,-7.4
643,1,8,3.1,-7.4
643,1,9,3.0,-7.4
643,1,10,3.0,-7.4
643,1,11,3.0,-7.4
643,1,12,3.0,-7.3
643,1,13,3.1,-7.3
643,1,14,3.2,-7.2
643,1,15,3.4,-7.0
643,1,16,3.7,-7.1
643,1,17,4.0,-6.8
643,1,18,4.1,-6.4
643,1,19,4.0,-6.2
643,1,20,3.9,-6.2
643,1,21,3.7,-6.3
643,1,22,3.3,-6.8
643,1,23,3.0,-7.5
643,1,24,3.0,-7.6
643,1,25,3.1,-7.7
643,1,26,3.2,-7.7
643,1,27,3.6,-7.3
643,1,28,3.9,-7.0
643,1,29,4.2,-7.0
643,1,30,4.4,-7.0
643,1,31,4.4,-7.1
643,2,1,4.3,-7.2
643,2,2,4.3,-7.4
643,2,3,4.3,-7.4
643,2,4,4.5,-7.2
643,2,5,4.7,-7.0
643,2,6,4.7,-6.8
643,2,7,4.6,-6.5
643,2,8,4.7,-6.1
643,2,9,4.8,-5.9
643,2,10,4.7,-5.8
643,2,11,5.4,-5.7
643,2,12,5.9,-5.4
643,2,13,6.2,-5.2
643,2,14,6.4,-5.2
643,2,15,6.4,-5.2
643,2,16,6.3,-5.1
643,2,17,6.4,-5.2
643,2,18,6.8,-5.2
643,2,19,7.1,-5.0
643,2,20,7.8,-4.5
643,2,21,8.4,-4.1
643,2,22,8.9,-3.9
643,2,23,9.0,-3.2
643,2,24,9.2,-2.8
643,2,25,9.3,-2.6
643,2,26,9.4,-2.3
643,2,27,9.4,-2.1
643,2,28,9.3,-2.3
643,2,29,9.5,-2.3
643,3,1,9.6,-2.4
643,3,2,9.8,-2.3
643,3,3,10.0,-2.2
643,3,4,9.9,-2.2
643,3,5,9.9,-2.1
643,3,6,9.8,-2.1
643,3,7,10.1,-2.2
643,3,8,10.1,-2.2
643,3,9,10.3,-2.4
643,3,10,10.9,-2.4
643,3,11,11.3,-2.3
643,3,12,11.4,-2.1
643,3,13,11.9,-1.9
643,3,14,12.5,-1.4
643,3,15,13.1,-0.9
643,3,16,13.5,-0.3
643,3,17,14.1,0.2
643,3,18,14.3,0.6
643,3,19,14.6,0.6
643,3,20,14.3,0.9
643,3,21,14.1,0.6
643,3,22,13.6,0.4
643,3,23,13.4,0.3
643,3,24,13.3,0.3
643,3,25,13.9,0.1
643,3,26,14.4,0.3
643,3,27,14.9,0.7
643,3,28,15.4,1.0
643,3,29,15.7,1.4
643,3,30,15.8,1.8
643,3,31,15.9,2.1
643,4,1,16.2,2.4
643,4,2,16.4,2.4
643,4,3,16.7,2.6
643,4,4,16.8,2.8
643,4,5,17.0,3.1
643,4,6,17.5,3.2
643,4,7,17.8,3.7
643,4,8,18.0,4.2
643,4,9,18.3,4.7
643,4,10,18.6,4.8
643,4,11,18.4,5.1
643,4,12,18.6,5.0
643,4,13,18.9,4.9
643,4,14,19.4,4.8
643,4,15,19.6,5.0
643,4,16,20.3,5.1
643,4,17,20.5,5.6
643,4,18,20.5,6.0
643,4,19,20.5,6.7
643,4,20,20.6,7.0
643,4,21,20.2,7.2
643,4,22,20.1,7.2
643,4,23,20.2,7.0
643,4,24,20.1,6.8
643,4,25,20.0,6.5
643,4,26,20.5,6.3
643,4,27,20.8,6.6
643,4,28,21.5,7.2
643,4,29,22.2,7.7
643,4,30,23.1,8.4
643,5,1,23.3,9.2
643,5,2,24.0,9.5
643,5,3,24.4,9.5
643,5,4,24.3,9.6
643,5,5,24.0,9.6
643,5,6,24.2,9.5
643,5,7,24.0,9.4
643,5,8,23.4,9.7
643,5,9,23.4,9.8
643,5,10,23.1,10.0
643,5,11,23.0,10.1
643,5,12,23.3,10.3
643,5,13,23.6,10.7
643,5,14,23.7,10.9
643,5,15,24.3,11.0
643,5,16,24.4,11.3
643,5,17,24.2,11.6
643,5,18,24.4,11.3
643,5,19,24.7,11.2
643,5,20,25.1,11.3
643,5,21,25.4,11.5
643,5,22,25.6,11.6
643,5,23,25.9,11.8
643,5,24,26.0,12.2
643,5,25,25.9,12.3
643,5,26,26.0,12.4
643,5,27,26.4,12.6
643,5,28,26.4,12.8
643,5,29,26.6,12.7
643,5,30,26.7,12.8
643,5,31,26.9,12.9
643,6,1,26.9,13.0
643,6,2,27.3,13.4
643,6,3,27.3,13.9
643,6,4,27.5,14.4
643,6,5,27.6,15.0
643,6,6,27.6,15.3
643,6,7,27.8,15.5
643,6,8,28.0,15.7
643,6,9,28.1,15.9
643,6,10,28.1,15.9
643,6,11,28.2,15.9
643,6,12,28.0,16.0
643,6,13,27.9,16.0
643,6,14,28.1,15.9
643,6,15,28.3,16.0
643,6,16,28.5,16.3
643,6,17,28.8,16.6
643,6,18,29.1,17.1
643,6,19,29.1,17.7
643,6,20,29.1,17.9
643,6,21,29.0,18.1
643,6,22,28.7,18.1
643,6,23,28.3,18.1
643,6,24,28.0,18.1
643,6,25,27.9,18.3
643,6,26,28.0,18.5
643,6,27,28.5,18.7
643,6,28,28.8,19.2
643,6,29,28.7,19.5
643,6,30,28.7,19.7
643,7,1,28.5,20.0
643,7,2,28.4,20.2
643,7,3,28.5,20.2
643,7,4,28.8,20.2
643,7,5,28.8,20.1
643,7,6,29.0,20.0
643,7,7,28.8,20.0
643,7,8,28.8,20.1
643,7,9,28.8,20.3
643,7,10,28.8,20.4
643,7,11,28.7,20.6
643,7,12,29.0,20.6
643,7,13,29.1,20.7
643,7,14,29.1,20.7
643,7,15,29.2,20.8
643,7,16,29.5,20.8
643,7,17,29.7,20.9
643,7,18,30.0,21.1
643,7,19,30.4,21.4
643,7,20,30.9,21.7
643,7,21,30.9,22.0
643,7,22,30.9,22.2
643,7,23,30.9,22.3
643,7,24,30.9,22.3
643,7,25,31.0,22.3
643,7,26,31.1,22.4
643,7,27,31.2,22.4
643,7,28,31.5,22.5
643,7,29,31.7,22.6
643,7,30,32.0,22.7
643,7,31,32.3,22.8
643,8,1,32.4,22.9
643,8,2,32.5,22.8
643,8,3,32.6,22.8
643,8,4,32.4,22.7
643,8,5,32.2,22.6
643,8,6,32.2,22.6
643,8,7,32.0,22.6
643,8,8,31.7,22.6
643,8,9,31.5,22.6
643,8,10,31.3,22.5
643,8,11,31.1,22.4
643,8,12,30.9,22.3
643,8,13,30.9,22.2
643,8,14,30.8,22.1
643,8,15,30.9,22.0
643,8,16,30.8,21.9
643,8,17,30.7,21.8
643,8,18,30.4,21.7
643,8,19,30.5,21.5
643,8,20,30.2,21.3
643,8,21,30.0,21.1
643,8,22,29.8,20.9
643,8,23,29.7,20.7
643,8,24,29.3,20.5
643,8,25,29.1,20.3
643,8,26,29.2,20.2
643,8,27,29.2,20.0
643,8,28,28.8,19.9
643,8,29,28.8,19.7
643,8,30,28.9,19.5
643,8,31,28.6,19.2
643,9,1,28.4,19.0
643,9,2,28.6,18.7
643,9,3,28.6,18.6
643,9,4,28.1,18.5
643,9,5,28.0,18.1
643,9,6,27.9,17.9
643,9,7,27.5,17.7
643,9,8,27.4,17.4
643,9,9,27.3,17.3
643,9,10,27.1,17.3
643,9,11,26.9,17.3
643,9,12,26.7,17.1
643,9,13,26.5,17.1
643,9,14,26.4,16.9
643,9,15,26.4,16.6
643,9,16,26.3,16.2
643,9,17,26.4,15.8
643,9,18,26.2,15.4
643,9,19,25.9,14.9
643,9,20,25.5,14.6
643,9,21,25.2,14.3
643,9,22,24.9,14.1
643,9,23,24.8,13.8
643,9,24,24.9,13.7
643,9,25,25.0,13.5
643,9,26,25.0,13.4
643,9,27,24.7,13.3
643,9,28,24.3,13.2
643,9,29,24.0,13.1
643,9,30,23.7,12.9
643,10,1,23.5,12.5
643,10,2,23.3,11.9
643,10,3,23.2,11.4
643,10,4,23.0,10.8
643,10,5,22.9,10.6
643,10,6,22.8,10.5
643,10,7,22.7,10.3
643,10,8,22.8,10.2
643,10,9,22.6,10.1
643,10,10,22.2,9.7
643,10,11,21.8,9.1
643,10,12,21.4,8.8
643,10,13,21.0,8.2
643,10,14,20.7,7.7
643,10,15,20.6,7.3
643,10,16,20.6,7.2
643,10,17,20.6,7.0
643,10,18,20.6,7.1
643,10,19,20.7,7.3
643,10,20,20.6,7.5
643,10,21,20.3,7.5
643,10,22,20.0,7.5
643,10,23,19.6,7.1
643,10,24,19.1,6.6
643,10,25,18.7,6.0
643,10,26,18.4,5.7
643,10,27,17.9,5.2
643,10,28,17.4,4.7
643,10,29,17.2,4.3
643,10,30,16.9,4.1
643,10,31,16.5,3.8
643,11,1,16.2,3.6
643,11,2,16.3,3.5
643,11,3,16.4,3.5
643,11,4,16.7,3.6
643,11,5,17.0,3.8
643,11,6,17.0,4.0
643,11,7,16.7,4.1
643,11,8,16.2,4.2
643,11,9,15.7,4.0
643,11,10,15.0,3.5
643,11,11,14.6,3.0
643,11,12,14.3,2.6
643,11,13,13.8,2.1
643,11,14,13.3,1.5
643,11,15,12.8,1.1
643,11,16,12.2,0.7
643,11,17,11.5,0.0
643,11,18,11.1,-0.4
643,11,19,10.8,-0.7
643,11,20,10.7,-1.1
643,11,21,11.0,-1.1
643,11,22,11.2,-0.8
643,11,23,11.3,-0.6
643,11,24,11.2,-0.5
643,11,25,10.8,-0.3
643,11,26,10.4,-0.3
643,11,27,10.1,-0.3
643,11,28,9.8,-0.6
643,11,29,9.6,-0.9
643,11,30,9.6,-1.3
643,12,1,9.2,-1.7
643,12,2,8.8,-2.3
643,12,3,8.1,-2.7
643,12,4,7.3,-3.2
643,12,5,6.7,-3.6
643,12,6,6.3,-3.8
643,12,7,6.0,-4.3
643,12,8,6.0,-4.4
643,12,9,6.0,-4.2
643,12,10,5.9,-4.5
643,12,11,5.8,-4.7
643,12,12,5.7,-4.9
643,12,13,5.5,-5.0
643,12,14,5.4,-5.2
643,12,15,5.1,-5.2
643,12,16,4.9,-5.4
643,12,17,4.9,-5.4
643,12,18,4.9,-5.6
643,12,19,5.0,-5.4
643,12,20,5.6,-5.4
643,12,21,5.9,-5.0
643,12,22,5.8,-4.8
643,12,23,5.7,-4.9
643,12,24,5.3,-5.2
643,12,25,4.6,-5.8
643,12,26,4.1,-6.5
643,12,27,3.8,-6.9
643,12,28,3.6,-7.2
643,12,29,3.4,-7.6
643,12,30,3.5,-7.5
643,12,31,3.7,-7.2
648,1,1,3.8,-6.9
648,1,2,3.8,-6.9
648,1,3,4.0,-6.8
648,1,4,4.0,-6.9
648,1,5,3.8,-7.0
648,1,6,3.6,-7.0
648,1,7,3.3,-7.1
648,1,8,3.2,-7.1
648,1,9,3.1,-7.2
648,1,10,3.1,-7.1
648,1,11,3.1,-7.1
648,1,12,3.1,-7.1
648,1,13,3.2,-7.1
648,1,14,3.4,-6.9
648,1,15,3.6,-6.7
648,1,16,3.9,-6.7
648,1,17,4.2,-6.4
648,1,18,4.4,-5.9
648,1,19,4.2,-5.9
648,1,20,4.1,-5.9
648,1,21,3.8,-6.0
648,1,22,3.4,-6.5
648,1,23,3.1,-7.3
648,1,24,3.2,-7.3
648,1,25,3.3,-7.5
648,1,26,3.4,-7.4
648,1,27,3.8,-7.0
648,1,28,4.2,-6.6
648,1,29,4.5,-6.6
648,1,30,4.6,-6.6
648,1,31,4.6,-6.7
648,2,1,4.5,-6.8
648,2,2,4.5,-6.9
648,2,3,4.5,-6.9
648,2,4,4.7,-6.7
648,2,5,4.9,-6.5
648,2,6,4.9,-6.2
648,2,7,4.8,-6.0
648,2,8,4.9,-5.7
648,2,9,4.9,-5.6
648,2,10,4.9,-5.4
648,2,11,5.5,-5.3
648,2,12,6.0,-5.0
648,2,13,6.4,-4.8
648,2,14,6.5,-4.7
648,2,15,6.6,-4.7
648,2,16,6.5,-4.7
648,2,17,6.6,-4.7
648,2,18,7.0,-4.7
648,2,19,7.3,-4.5
648,2,20,8.0,-4.0
648,2,21,8.6,-3.6
648,2,22,9.0,-3.4
648,2,23,9.1,-2.8
648,2,24,9.4,-2.5
648,2,25,9.5,-2.3
648,2,26,9.6,-2.0
648,2,27,9.6,-1.8
648,2,28,9.5,-1.8
648,2,29,9.7,-1.8
648,3,1,9.8,-1.8
648,3,2,10.0,-1.6
648,3,3,10.1,-1.4
648,3,4,10.0,-1.4
648,3,5,10.0,-1.4
648,3,6,9.9,-1.6
648,3,7,10.1,-1.8
648,3,8,10.2,-1.8
648,3,9,10.4,-1.9
648,3,10,11.1,-2.0
648,3,11,11.6,-1.7
648,3,12,11.7,-1.4
648,3,13,12.1,-1.3
648,3,14,12.6,-0.8
648,3,15,13.1,-0.3
648,3,16,13.5,0.3
648,3,17,14.0,0.8
648,3,18,14.3,1.2
648,3,19,14.6,1.2
648,3,20,14.3,1.4
648,3,21,14.2,1.1
648,3,22,13.7,0.7
648,3,23,13.6,0.6
648,3,24,13.5,0.6
648,3,25,13.9,0.6
648,3,26,14.4,0.9
648,3,27,14.9,1.3
648,3,28,15.3,1.6
648,3,29,15.7,1.9
648,3,30,15.9,2.1
648,3,31,16.0,2.5
648,4,1,16.2,2.7
648,4,2,16.5,2.8
648,4,3,16.8,3.0
648,4,4,16.9,3.2
648,4,5,17.1,3.6
648,4,6,17.6,3.7
648,4,7,17.9,4.2
648,4,8,18.2,4.6
648,4,9,18.6,5.0
648,4,10,18.8,5.1
648,4,11,18.6,5.3
648,4,12,18.7,5.3
648,4,13,19.1,5.2
648,4,14,19.5,5.2
648,4,15,19.8,5.4
648,4,16,20.5,5.7
648,4,17,20.8,6.1
648,4,18,20.6,6.5
648,4,19,20.6,7.2
648,4,20,20.7,7.5
648,4,21,20.3,7.6
648,4,22,20.3,7.5
648,4,23,20.4,7.4
648,4,24,20.4,7.1
648,4,25,20.3,6.9
648,4,26,20.7,6.8
648,4,27,21.0,7.2
648,4,28,21.6,7.9
648,4,29,22.3,8.4
648,4,30,23.2,9.1
648,5,1,23.4,9.8
648,5,2,24.1,10.1
648,5,3,24.5,10.1
648,5,4,24.4,10.1
648,5,5,24.2,10.1
648,5,6,24.3,10.0
648,5,7,24.1,10.1
648,5,8,23.5,10.2
648,5,9,23.5,10.3
648,5,10,23.2,10.6
648,5,11,23.1,10.7
648,5,12,23.4,10.9
648,5,13,23.7,11.2
648,5,14,23.8,11.6
648,5,15,24.4,11.6
648,5,16,24.4,12.0
648,5,17,24.2,12.2
648,5,18,24.4,12.0
648,5,19,24.8,11.8
648,5,20,25.1,12.1
648,5,21,25.4,12.3
648,5,22,25.6,12.3
648,5,23,25.9,12.6
648,5,24,25.9,13.0
648,5,25,25.9,13.0
648,5,26,26.0,13.1
648,5,27,26.5,13.4
648,5,28,26.4,13.5
648,5,29,26.5,13.5
648,5,30,26.7,13.6
648,5,31,26.9,13.7
648,6,1,27.0,13.8
648,6,2,27.3,14.1
648,6,3,27.5,14.6
648,6,4,27.7,15.1
648,6,5,27.8,15.6
648,6,6,27.7,15.8
648,6,7,27.9,16.0
648,6,8,28.1,16.3
648,6,9,28.1,16.4
648,6,10,28.1,16.5
648,6,11,28.3,16.5
648,6,12,28.0,16.6
648,6,13,27.9,16.6
648,6,14,28.0,16.5
648,6,15,28.2,16.6
648,6,16,28.4,16.9
648,6,17,28.8,17.2
648,6,18,28.9,17.5
648,6,19,28.9,18.1
648,6,20,29.0,18.4
648,6,21,28.8,18.5
648,6,22,28.5,18.5
648,6,23,28.2,18.5
648,6,24,28.0,18.5
648,6,25,27.7,18.6
648,6,26,28.0,18.8
648,6,27,28.4,19.0
648,6,28,28.7,19.5
648,6,29,28.6,19.8
648,6,30,28.7,20.1
648,7,1,28.4,20.3
648,7,2,28.3,20.6
648,7,3,28.4,20.5
648,7,4,28.8,20.5
648,7,5,28.8,20.4
648,7,6,28.9,20.4
648,7,7,28.9,20.4
648,7,8,28.8,20.4
648,7,9,28.8,20.6
648,7,10,28.8,20.7
648,7,11,28.7,20.9
648,7,12,28.9,21.0
648,7,13,29.0,21.1
648,7,14,29.1,21.1
648,7,15,29.1,21.1
648,7,16,29.4,21.1
648,7,17,29.5,21.2
648,7,18,29.9,21.4
648,7,19,30.3,21.6
648,7,20,30.7,22.0
648,7,21,30.8,22.2
648,7,22,30.8,22.4
648,7,23,30.8,22.6
648,7,24,30.8,22.6
648,7,25,30.9,22.5
648,7,26,31.0,22.5
648,7,27,31.1,22.6
648,7,28,31.3,22.6
648,7,29,31.4,22.7
648,7,30,31.7,22.8
648,7,31,32.1,23.0
648,8,1,32.3,23.1
648,8,2,32.3,23.0
648,8,3,32.5,23.0
648,8,4,32.4,23.0
648,8,5,32.1,22.9
648,8,6,32.2,22.9
648,8,7,32.1,22.9
648,8,8,31.8,22.8
648,8,9,31.5,22.8
648,8,10,31.3,22.7
648,8,11,31.0,22.6
648,8,12,30.8,22.5
648,8,13,30.8,22.4
648,8,14,30.8,22.3
648,8,15,30.9,22.2
648,8,16,30.9,22.2
648,8,17,30.8,22.0
648,8,18,30.5,21.9
648,8,19,30.5,21.7
648,8,20,30.2,21.5
648,8,21,29.9,21.2
648,8,22,29.7,21.0
648,8,23,29.7,20.9
648,8,24,29.3,20.7
648,8,25,29.1,20.6
648,8,26,29.2,20.5
648,8,27,29.2,20.3
648,8,28,28.9,20.2
648,8,29,28.8,19.9
648,8,30,29.0,19.6
648,8,31,28.7,19.3
648,9,1,28.5,19.1
648,9,2,28.7,18.8
648,9,3,28.6,18.7
648,9,4,28.2,18.5
648,9,5,28.1,18.2
648,9,6,27.9,18.0
648,9,7,27.5,17.8
648,9,8,27.4,17.6
648,9,9,27.3,17.5
648,9,10,27.1,17.5
648,9,11,26.9,17.4
648,9,12,26.8,17.3
648,9,13,26.6,17.2
648,9,14,26.4,17.0
648,9,15,26.4,16.7
648,9,16,26.4,16.3
648,9,17,26.5,15.9
648,9,18,26.2,15.6
648,9,19,26.0,15.1
648,9,20,25.6,14.8
648,9,21,25.3,14.5
648,9,22,25.0,14.3
648,9,23,24.9,14.0
648,9,24,25.0,13.8
648,9,25,25.2,13.7
648,9,26,25.0,13.6
648,9,27,24.7,13.5
648,9,28,24.4,13.5
648,9,29,24.1,13.4
648,9,30,23.7,13.1
648,10,1,23.5,12.7
648,10,2,23.4,12.1
648,10,3,23.3,11.5
648,10,4,23.1,11.1
648,10,5,23.0,10.9
648,10,6,22.9,10.8
648,10,7,22.9,10.7
648,10,8,22.9,10.6
648,10,9,22.7,10.4
648,10,10,22.4,10.0
648,10,11,22.0,9.5
648,10,12,21.6,9.2
648,10,13,21.2,8.5
648,10,14,20.8,8.1
648,10,15,20.7,7.8
648,10,16,20.6,7.7
648,10,17,20.6,7.5
648,10,18,20.7,7.6
648,10,19,20.9,7.8
648,10,20,20.7,7.9
648,10,21,20.5,7.9
648,10,22,20.2,7.9
648,10,23,19.8,7.5
648,10,24,19.2,7.1
648,10,25,18.9,6.5
648,10,26,18.5,6.2
648,10,27,18.0,5.7
648,10,28,17.6,5.2
648,10,29,17.4,4.8
648,10,30,17.1,4.5
648,10,31,16.7,4.2
648,11,1,16.6,3.9
648,11,2,16.6,3.8
648,11,3,16.7,3.8
648,11,4,16.9,3.9
648,11,5,17.2,4.2
648,11,6,16.9,4.5
648,11,7,16.5,4.6
648,11,8,16.1,4.7
648,11,9,15.6,4.5
648,11,10,15.0,3.9
648,11,11,14.6,3.5
648,11,12,14.2,3.2
648,11,13,13.8,2.6
648,11,14,13.2,2.0
648,11,15,12.8,1.6
648,11,16,12.2,1.1
648,11,17,11.6,0.4
648,11,18,11.1,0.1
648,11,19,10.9,-0.3
648,11,20,10.8,-0.6
648,11,21,11.1,-0.5
648,11,22,11.3,-0.2
648,11,23,11.4,-0.1
648,11,24,11.3,0.1
648,11,25,10.9,0.3
648,11,26,10.5,0.2
648,11,27,10.1,0.1
648,11,28,9.8,-0.2
648,11,29,9.7,-0.5
648,11,30,9.6,-0.8
648,12,1,9.2,-1.2
648,12,2,8.8,-1.8
648,12,3,8.2,-2.2
648,12,4,7.4,-2.8
648,12,5,6.8,-3.2
648,12,6,6.4,-3.4
648,12,7,6.1,-3.8
648,12,8,6.1,-3.9
648,12,9,6.1,-3.7
648,12,10,6.0,-4.0
648,12,11,6.0,-4.3
648,12,12,5.8,-4.5
648,12,13,5.6,-4.6
648,12,14,5.5,-4.8
648,12,15,5.2,-4.7
648,12,16,5.0,-5.0
648,12,17,5.0,-4.9
648,12,18,5.0,-5.1
648,12,19,5.1,-5.0
648,12,20,5.6,-5.0
648,12,21,5.9,-4.6
648,12,22,5.9,-4.5
648,12,23,5.7,-4.6
648,12,24,5.4,-4.9
648,12,25,4.7,-5.5
648,12,26,4.2,-6.1
648,12,27,4.0,-6.5
648,12,28,3.8,-6.8
648,12,29,3.6,-7.1
648,12,30,3.6,-7.0
648,12,31,3.7,-6.9
649,1,1,2.1,-8.3
649,1,2,2.1,-8.2
649,1,3,2.4,-8.1
649,1,4,2.5,-8.0
649,1,5,2.6,-8.0
649,1,6,2.8,-7.8
649,1,7,2.4,-7.9
649,1,8,2.0,-8.1
649,1,9,1.6,-8.3
649,1,10,1.2,-8.6
649,1,11,0.9,-8.9
649,1,12,1.2,-8.9
649,1,13,1.5,-8.7
649,1,14,1.8,-8.7
649,1,15,2.1,-8.4
649,1,16,2.4,-8.4
649,1,17,2.6,-8.1
649,1,18,2.7,-7.8
649,1,19,2.7,-7.7
649,1,20,2.7,-7.6
649,1,21,2.2,-7.5
649,1,22,1.6,-8.1
649,1,23,1.0,-8.7
649,1,24,0.7,-9.0
649,1,25,0.6,-9.3
649,1,26,1.0,-9.2
649,1,27,1.6,-8.5
649,1,28,2.3,-7.9
649,1,29,2.7,-7.7
649,1,30,2.9,-7.5
649,1,31,3.0,-7.5
649,2,1,2.8,-7.6
649,2,2,2.7,-7.8
649,2,3,2.5,-7.7
649,2,4,2.5,-7.6
649,2,5,2.4,-7.8
649,2,6,2.1,-8.1
649,2,7,1.9,-8.4
649,2,8,2.2,-8.3
649,2,9,2.5,-8.4
649,2,10,2.6,-7.7
649,2,11,3.6,-7.1
649,2,12,4.6,-6.4
649,2,13,5.0,-5.9
649,2,14,5.2,-5.6
649,2,15,5.3,-5.5
649,2,16,5.0,-5.5
649,2,17,4.7,-5.7
649,2,18,4.9,-5.8
649,2,19,5.3,-5.5
649,2,20,6.0,-5.2
649,2,21,6.8,-4.7
649,2,22,7.3,-4.5
649,2,23,7.7,-4.0
649,2,24,8.3,-3.8
649,2,25,8.4,-3.6
649,2,26,8.8,-3.3
649,2,27,8.8,-2.8
649,2,28,8.6,-2.9
649,2,29,8.7,-2.8
649,3,1,8.8,-2.7
649,3,2,9.2,-2.3
649,3,3,9.1,-2.0
649,3,4,9.3,-2.0
649,3,5,9.6,-1.8
649,3,6,9.5,-1.7
649,3,7,9.6,-1.9
649,3,8,9.4,-2.3
649,3,9,9.4,-2.4
649,3,10,9.8,-2.5
649,3,11,9.9,-2.1
649,3,12,9.9,-1.8
649,3,13,10.7,-1.6
649,3,14,11.3,-1.2
649,3,15,12.1,-0.7
649,3,16,12.9,-0.2
649,3,17,13.5,0.5
649,3,18,13.7,1.0
649,3,19,13.8,1.2
649,3,20,13.3,1.2
649,3,21,12.7,0.6
649,3,22,12.4,0.0
649,3,23,12.3,0.0
649,3,24,12.7,0.1
649,3,25,13.3,0.4
649,3,26,13.8,1.0
649,3,27,14.4,1.6
649,3,28,15.0,2.0
649,3,29,15.3,2.4
649,3,30,15.6,2.7
649,3,31,16.2,3.0
649,4,1,16.2,3.1
649,4,2,16.3,3.1
649,4,3,16.1,3.4
649,4,4,15.6,3.4
649,4,5,15.2,3.5
649,4,6,15.3,3.4
649,4,7,15.1,3.6
649,4,8,15.6,3.7
649,4,9,16.3,4.1
649,4,10,16.6,3.9
649,4,11,17.2,4.4
649,4,12,17.3,4.5
649,4,13,17.6,4.5
649,4,14,18.2,4.6
649,4,15,18.6,5.0
649,4,16,18.5,5.2
649,4,17,19.0,5.6
649,4,18,19.0,6.1
649,4,19,18.8,6.3
649,4,20,18.8,6.5
649,4,21,18.8,6.7
649,4,22,19.4,6.6
649,4,23,19.7,6.6
649,4,24,19.9,6.6
649,4,25,20.1,6.8
649,4,26,20.5,7.0
649,4,27,20.4,7.4
649,4,28,20.9,7.8
649,4,29,21.6,8.7
649,4,30,22.6,9.4
649,5,1,23.0,9.7
649,5,2,23.4,9.8
649,5,3,23.4,9.7
649,5,4,22.9,9.1
649,5,5,22.9,8.7
649,5,6,23.3,8.7
649,5,7,23.3,9.1
649,5,8,23.1,9.5
649,5,9,23.5,10.2
649,5,10,23.0,10.7
649,5,11,22.8,11.0
649,5,12,23.1,11.1
649,5,13,23.6,11.3
649,5,14,23.9,11.4
649,5,15,24.6,11.4
649,5,16,24.9,11.5
649,5,17,24.8,11.7
649,5,18,24.7,11.6
649,5,19,24.8,11.4
649,5,20,25.1,11.5
649,5,21,25.5,11.7
649,5,22,26.0,11.7
649,5,23,26.6,12.2
649,5,24,26.9,12.5
649,5,25,26.6,12.8
649,5,26,26.5,12.9
649,5,27,26.7,13.2
649,5,28,26.8,13.3
649,5,29,27.1,13.6
649,5,30,27.4,13.8
649,5,31,27.5,14.0
649,6,1,27.6,14.2
649,6,2,27.7,14.3
649,6,3,27.8,14.7
649,6,4,27.9,15.0
649,6,5,28.0,15.4
649,6,6,28.0,15.6
649,6,7,28.2,16.0
649,6,8,28.3,16.0
649,6,9,28.3,16.3
649,6,10,28.4,16.5
649,6,11,28.5,16.6
649,6,12,28.5,16.8
649,6,13,28.5,17.0
649,6,14,28.7,16.9
649,6,15,29.0,17.1
649,6,16,29.1,17.3
649,6,17,29.3,17.5
649,6,18,29.6,17.7
649,6,19,29.7,18.0
649,6,20,29.9,18.2
649,6,21,30.0,18.4
649,6,22,29.8,18.5
649,6,23,29.7,18.6
649,6,24,29.3,18.7
649,6,25,29.1,18.7
649,6,26,29.2,18.8
649,6,27,29.4,18.9
649,6,28,29.3,19.2
649,6,29,29.3,19.4
649,6,30,29.3,19.8
649,7,1,28.9,19.8
649,7,2,28.9,20.0
649,7,3,29.1,20.0
649,7,4,29.4,19.9
649,7,5,29.6,19.8
649,7,6,29.8,20.1
649,7,7,30.1,20.3
649,7,8,30.0,20.7
649,7,9,29.9,21.1
649,7,10,29.5,21.4
649,7,11,29.4,21.5
649,7,12,29.1,21.6
649,7,13,29.0,21.5
649,7,14,28.8,21.4
649,7,15,29.1,21.3
649,7,16,29.7,21.4
649,7,17,30.2,21.4
649,7,18,30.8,21.7
649,7,19,31.5,22.1
649,7,20,31.9,22.6
649,7,21,31.7,22.9
649,7,22,31.1,23.1
649,7,23,30.9,23.3
649,7,24,30.7,23.2
649,7,25,30.6,23.2
649,7,26,30.5,23.2
649,7,27,30.9,23.4
649,7,28,31.2,23.4
649,7,29,31.3,23.6
649,7,30,31.8,23.8
649,7,31,32.5,24.1
649,8,1,32.9,24.3
649,8,2,33.0,24.4
649,8,3,33.6,24.5
649,8,4,33.5,24.5
649,8,5,33.5,24.5
649,8,6,33.5,24.4
649,8,7,33.3,24.3
649,8,8,32.7,24.0
649,8,9,32.7,23.7
649,8,10,32.4,23.5
649,8,11,32.2,23.4
649,8,12,31.9,23.3
649,8,13,31.8,23.3
649,8,14,31.4,23.3
649,8,15,31.2,23.3
649,8,16,31.1,23.1
649,8,17,31.2,22.8
649,8,18,31.3,22.6
649,8,19,31.3,22.5
649,8,20,31.4,22.2
649,8,21,31.2,21.9
649,8,22,31.0,21.7
649,8,23,31.0,21.4
649,8,24,30.9,21.1
649,8,25,30.5,20.7
649,8,26,30.3,20.6
649,8,27,30.1,20.5
649,8,28,29.6,20.3
649,8,29,29.2,20.0
649,8,30,29.3,19.8
649,8,31,29.3,19.4
649,9,1,29.1,19.0
649,9,2,29.1,18.7
649,9,3,28.8,18.7
649,9,4,28.2,18.4
649,9,5,27.9,18.0
649,9,6,27.8,17.8
649,9,7,27.7,17.5
649,9,8,27.6,17.3
649,9,9,27.4,17.2
649,9,10,27.1,17.3
649,9,11,27.0,17.1
649,9,12,26.9,17.1
649,9,13,27.1,17.2
649,9,14,27.3,17.0
649,9,15,27.4,16.8
649,9,16,27.4,16.5
649,9,17,27.2,16.1
649,9,18,26.6,15.4
649,9,19,26.3,15.0
649,9,20,26.2,14.5
649,9,21,26.1,14.2
649,9,22,26.1,14.2
649,9,23,26.4,14.2
649,9,24,26.6,14.3
649,9,25,26.6,14.2
649,9,26,26.2,14.3
649,9,27,25.7,14.1
649,9,28,25.1,14.0
649,9,29,24.4,13.7
649,9,30,23.8,13.5
649,10,1,23.7,13.0
649,10,2,23.8,12.3
649,10,3,23.6,11.8
649,10,4,23.6,11.5
649,10,5,23.6,11.3
649,10,6,23.4,11.0
649,10,7,23.1,10.9
649,10,8,22.7,10.5
649,10,9,22.2,10.2
649,10,10,21.6,9.5
649,10,11,21.3,8.8
649,10,12,20.9,8.4
649,10,13,20.5,7.9
649,10,14,20.4,7.6
649,10,15,20.3,7.4
649,10,16,20.0,7.2
649,10,17,20.2,7.2
649,10,18,20.5,7.5
649,10,19,20.8,7.8
649,10,20,21.0,8.3
649,10,21,20.7,8.7
649,10,22,20.3,8.7
649,10,23,19.8,8.3
649,10,24,19.1,7.7
649,10,25,18.5,7.0
649,10,26,18.4,6.6
649,10,27,17.8,5.9
649,10,28,17.0,4.8
649,10,29,16.6,4.0
649,10,30,16.2,3.8
649,10,31,15.7,3.4
649,11,1,15.8,3.2
649,11,2,16.2,3.7
649,11,3,16.5,4.2
649,11,4,16.7,4.6
649,11,5,16.7,5.0
649,11,6,16.2,5.3
649,11,7,15.6,5.1
649,11,8,15.0,4.7
649,11,9,14.2,4.0
649,11,10,13.8,3.2
649,11,11,13.6,2.9
649,11,12,13.2,2.6
649,11,13,12.7,2.0
649,11,14,12.7,1.7
649,11,15,12.4,1.7
649,11,16,12.2,1.6
649,11,17,12.0,1.3
649,11,18,11.4,0.9
649,11,19,11.0,0.3
649,11,20,10.7,-0.1
649,11,21,10.1,-0.6
649,11,22,9.5,-0.9
649,11,23,9.4,-1.0
649,11,24,8.9,-1.0
649,11,25,8.4,-1.2
649,11,26,8.2,-1.2
649,11,27,8.0,-1.4
649,11,28,8.0,-1.5
649,11,29,7.7,-1.7
649,11,30,7.2,-2.1
649,12,1,6.8,-2.5
649,12,2,6.4,-3.0
649,12,3,5.7,-3.4
649,12,4,5.1,-4.0
649,12,5,4.8,-4.4
649,12,6,4.1,-5.2
649,12,7,3.8,-5.7
649,12,8,3.9,-5.8
649,12,9,4.1,-5.6
649,12,10,3.8,-5.9
649,12,11,3.8,-5.9
649,12,12,3.5,-6.0
649,12,13,3.2,-6.4
649,12,14,2.6,-6.9
649,12,15,2.4,-7.1
649,12,16,2.4,-6.9
649,12,17,2.5,-6.9
649,12,18,2.8,-7.0
649,12,19,3.3,-6.7
649,12,20,4.0,-6.3
649,12,21,4.3,-6.0
649,12,22,4.3,-5.9
649,12,23,3.9,-5.9
649,12,24,3.4,-6.0
649,12,25,2.2,-6.7
649,12,26,1.7,-7.4
649,12,27,1.6,-7.5
649,12,28,1.6,-7.8
649,12,29,1.5,-8.2
649,12,30,1.9,-8.0
649,12,31,2.0,-7.9
699,1,1,5.0,-3.2
699,1,2,5.0,-3.3
699,1,3,5.2,-3.3
699,1,4,5.5,-3.4
699,1,5,5.4,-3.3
699,1,6,5.3,-3.2
699,1,7,5.2,-3.1
699,1,8,5.2,-3.0
699,1,9,5.0,-3.0
699,1,10,4.8,-3.1
699,1,11,4.7,-3.2
699,1,12,4.8,-3.2
699,1,13,4.8,-3.2
699,1,14,4.7,-3.2
699,1,15,4.9,-3.2
699,1,16,5.2,-3.4
699,1,17,5.5,-3.2
699,1,18,5.7,-2.7
699,1,19,5.7,-2.4
699,1,20,5.5,-2.2
699,1,21,5.0,-2.3
699,1,22,4.5,-2.7
699,1,23,4.1,-3.3
699,1,24,4.0,-3.6
699,1,25,4.1,-3.7
699,1,26,4.5,-3.6
699,1,27,4.8,-3.2
699,1,28,5.1,-2.9
699,1,29,5.4,-2.8
699,1,30,5.6,-2.8
699,1,31,5.5,-2.8
699,2,1,5.5,-3.1
699,2,2,5.6,-3.4
699,2,3,5.5,-3.4
699,2,4,5.5,-3.3
699,2,5,5.6,-3.2
699,2,6,5.5,-2.9
699,2,7,5.3,-2.7
699,2,8,5.4,-2.6
699,2,9,5.5,-2.6
699,2,10,5.5,-2.6
699,2,11,5.9,-2.6
699,2,12,6.6,-2.5
699,2,13,6.8,-2.3
699,2,14,6.9,-2.3
699,2,15,7.0,-2.0
699,2,16,6.8,-2.0
699,2,17,6.8,-2.1
699,2,18,7.2,-2.3
699,2,19,7.7,-2.2
699,2,20,8.5,-1.9
699,2,21,8.9,-1.5
699,2,22,9.4,-1.3
699,2,23,9.7,-0.8
699,2,24,9.7,-0.5
699,2,25,9.7,-0.4
699,2,26,10.1,-0.2
699,2,27,9.9,0.1
699,2,28,9.5,0.1
699,2,29,9.6,0.1
699,3,1,9.6,0.1
699,3,2,9.5,0.2
699,3,3,9.2,0.2
699,3,4,9.1,0.0
699,3,5,9.0,0.1
699,3,6,9.2,-0.1
699,3,7,9.6,-0.3
699,3,8,9.7,-0.3
699,3,9,10.0,-0.4
699,3,10,10.7,-0.5
699,3,11,11.1,-0.2
699,3,12,11.1,0.0
699,3,13,11.6,0.1
699,3,14,12.1,0.7
699,3,15,12.5,1.2
699,3,16,12.7,1.6
699,3,17,13.2,1.9
699,3,18,13.6,2.3
699,3,19,13.8,2.3
699,3,20,13.5,2.4
699,3,21,13.3,2.2
699,3,22,13.1,2.0
699,3,23,12.7,2.0
699,3,24,12.7,1.8
699,3,25,13.1,1.8
699,3,26,13.4,1.9
699,3,27,13.7,2.3
699,3,28,14.3,2.5
699,3,29,14.5,3.2
699,3,30,14.7,3.5
699,3,31,15.1,3.9
699,4,1,15.2,4.1
699,4,2,15.3,4.1
699,4,3,15.6,4.1
699,4,4,15.8,4.1
699,4,5,15.6,4.2
699,4,6,16.1,4.2
699,4,7,16.5,4.7
699,4,8,16.8,5.1
699,4,9,16.9,5.5
699,4,10,17.3,5.7
699,4,11,17.2,5.9
699,4,12,17.0,5.7
699,4,13,17.2,5.6
699,4,14,17.7,5.5
699,4,15,18.0,5.6
699,4,16,18.4,5.9
699,4,17,18.7,6.3
699,4,18,18.5,6.9
699,4,19,18.4,7.4
699,4,20,18.3,7.8
699,4,21,18.2,7.9
699,4,22,18.1,7.9
699,4,23,18.3,7.6
699,4,24,18.2,7.3
699,4,25,18.3,7.0
699,4,26,18.7,7.0
699,4,27,19.2,7.4
699,4,28,19.8,8.2
699,4,29,20.4,9.0
699,4,30,21.3,9.8
699,5,1,21.6,10.4
699,5,2,22.0,10.7
699,5,3,22.1,10.5
699,5,4,22.0,10.3
699,5,5,22.0,10.1
699,5,6,22.1,10.2
699,5,7,22.0,10.5
699,5,8,21.6,10.7
699,5,9,22.0,10.9
699,5,10,21.6,11.3
699,5,11,21.6,11.2
699,5,12,22.0,11.3
699,5,13,22.4,11.5
699,5,14,22.5,11.7
699,5,15,22.9,11.9
699,5,16,23.1,12.3
699,5,17,23.0,12.5
699,5,18,23.2,12.5
699,5,19,23.6,12.4
699,5,20,23.9,12.6
699,5,21,24.1,12.8
699,5,22,24.4,12.9
699,5,23,24.6,13.1
699,5,24,24.5,13.6
699,5,25,24.7,13.7
699,5,26,24.8,14.0
699,5,27,25.3,14.2
699,5,28,25.3,14.5
699,5,29,25.3,14.5
699,5,30,25.3,14.4
699,5,31,25.6,14.4
699,6,1,25.6,14.6
699,6,2,25.9,14.8
699,6,3,26.3,15.1
699,6,4,26.5,15.6
699,6,5,26.6,16.0
699,6,6,26.5,16.3
699,6,7,26.7,16.6
699,6,8,26.7,17.0
699,6,9,26.6,17.3
699,6,10,26.6,17.4
699,6,11,26.7,17.5
699,6,12,26.4,17.5
699,6,13,26.2,17.5
699,6,14,26.5,17.3
699,6,15,26.6,17.3
699,6,16,26.7,17.5
699,6,17,27.0,17.8
699,6,18,27.2,18.1
699,6,19,27.2,18.6
699,6,20,27.2,18.9
699,6,21,27.3,19.1
699,6,22,27.0,19.1
699,6,23,26.9,19.1
699,6,24,26.8,19.1
699,6,25,26.7,19.1
699,6,26,26.8,19.2
699,6,27,27.0,19.4
699,6,28,27.0,19.8
699,6,29,27.0,20.1
699,6,30,27.1,20.4
699,7,1,27.0,20.7
699,7,2,26.9,20.8
699,7,3,27.1,20.8
699,7,4,27.0,20.9
699,7,5,27.1,20.9
699,7,6,27.3,21.0
699,7,7,27.6,21.1
699,7,8,27.7,21.2
699,7,9,27.9,21.4
699,7,10,28.0,21.5
699,7,11,28.2,21.6
699,7,12,28.2,21.8
699,7,13,28.5,21.9
699,7,14,28.8,22.1
699,7,15,28.8,22.2
699,7,16,28.9,22.3
699,7,17,29.2,22.3
699,7,18,29.2,22.5
699,7,19,29.5,22.6
699,7,20,29.8,22.8
699,7,21,30.0,22.9
699,7,22,30.1,23.0
699,7,23,30.4,23.1
699,7,24,30.6,23.1
699,7,25,30.9,23.2
699,7,26,30.9,23.3
699,7,27,31.0,23.5
699,7,28,31.2,23.6
699,7,29,31.4,23.8
699,7,30,31.6,24.0
699,7,31,31.9,24.0
699,8,1,32.2,24.1
699,8,2,32.3,24.1
699,8,3,32.3,24.1
699,8,4,32.3,24.0
699,8,5,32.1,23.9
699,8,6,32.1,23.8
699,8,7,31.9,23.7
699,8,8,31.7,23.6
699,8,9,31.2,23.5
699,8,10,31.1,23.5
699,8,11,30.7,23.4
699,8,12,30.4,23.4
699,8,13,30.3,23.4
699,8,14,30.4,23.2
699,8,15,30.6,23.2
699,8,16,30.7,23.0
699,8,17,30.7,22.8
699,8,18,30.6,22.6
699,8,19,30.6,22.6
699,8,20,30.3,22.4
699,8,21,30.1,22.4
699,8,22,29.9,22.4
699,8,23,30.0,22.3
699,8,24,29.6,22.0
699,8,25,29.5,21.8
699,8,26,29.4,21.6
699,8,27,29.3,21.3
699,8,28,28.8,21.1
699,8,29,28.6,20.8
699,8,30,28.6,20.6
699,8,31,28.2,20.4
699,9,1,28.2,20.2
699,9,2,28.5,20.0
699,9,3,28.3,20.0
699,9,4,28.0,19.8
699,9,5,28.0,19.5
699,9,6,27.9,19.3
699,9,7,27.5,19.0
699,9,8,27.5,18.7
699,9,9,27.4,18.5
699,9,10,27.2,18.6
699,9,11,27.1,18.5
699,9,12,27.0,18.5
699,9,13,26.8,18.4
699,9,14,26.8,18.3
699,9,15,26.9,18.2
699,9,16,26.8,18.0
699,9,17,26.7,17.7
699,9,18,26.6,17.4
699,9,19,26.5,17.0
699,9,20,26.2,16.5
699,9,21,25.9,16.1
699,9,22,25.8,15.8
699,9,23,25.8,15.6
699,9,24,25.9,15.5
699,9,25,25.8,15.5
699,9,26,25.8,15.4
699,9,27,25.4,15.4
699,9,28,25.1,15.3
699,9,29,24.7,15.1
699,9,30,24.3,14.9
699,10,1,24.1,14.7
699,10,2,23.9,14.2
699,10,3,23.7,13.8
699,10,4,23.6,13.3
699,10,5,23.3,12.9
699,10,6,23.1,12.6
699,10,7,22.9,12.3
699,10,8,23.0,12.0
699,10,9,22.8,11.9
699,10,10,22.6,11.6
699,10,11,22.5,11.2
699,10,12,22.2,10.8
699,10,13,21.8,10.4
699,10,14,21.6,10.0
699,10,15,21.6,9.7
699,10,16,21.4,9.6
699,10,17,21.4,9.5
699,10,18,21.5,9.7
699,10,19,21.5,9.8
699,10,20,21.3,10.1
699,10,21,20.9,10.1
699,10,22,20.5,9.9
699,10,23,20.2,9.6
699,10,24,19.6,9.3
699,10,25,19.2,8.7
699,10,26,19.0,8.4
699,10,27,18.5,8.3
699,10,28,18.1,7.9
699,10,29,18.0,7.5
699,10,30,17.8,7.3
699,10,31,17.4,7.1
699,11,1,17.3,6.7
699,11,2,17.3,6.5
699,11,3,17.3,6.5
699,11,4,17.5,6.6
699,11,5,17.7,6.8
699,11,6,17.6,6.9
699,11,7,17.4,7.3
699,11,8,17.0,7.2
699,11,9,16.5,7.1
699,11,10,16.0,6.5
699,11,11,15.5,6.0
699,11,12,15.0,5.5
699,11,13,14.5,4.9
699,11,14,14.1,4.2
699,11,15,13.9,3.9
699,11,16,13.6,3.9
699,11,17,13.3,3.6
699,11,18,13.0,3.4
699,11,19,12.9,3.1
699,11,20,12.6,2.8
699,11,21,12.7,2.4
699,11,22,12.8,2.4
699,11,23,12.9,2.3
699,11,24,12.7,2.4
699,11,25,12.3,2.6
699,11,26,12.0,2.5
699,11,27,11.7,2.5
699,11,28,11.5,2.4
699,11,29,11.3,2.0
699,11,30,11.3,1.8
699,12,1,11.1,1.6
699,12,2,10.6,1.3
699,12,3,10.1,1.0
699,12,4,9.2,0.6
699,12,5,8.6,0.1
699,12,6,8.0,-0.4
699,12,7,7.7,-0.9
699,12,8,7.8,-0.9
699,12,9,8.1,-0.6
699,12,10,8.1,-0.4
699,12,11,8.0,-0.3
699,12,12,7.8,-0.2
699,12,13,7.5,-0.5
699,12,14,7.1,-0.9
699,12,15,6.8,-1.1
699,12,16,6.6,-1.6
699,12,17,6.6,-1.7
699,12,18,6.6,-1.7
699,12,19,6.8,-1.5
699,12,20,7.2,-1.4
699,12,21,7.4,-1.3
699,12,22,7.4,-1.4
699,12,23,7.2,-1.5
699,12,24,6.9,-1.7
699,12,25,6.1,-2.0
699,12,26,5.6,-2.4
699,12,27,5.3,-2.5
699,12,28,5.0,-2.7
699,12,29,4.7,-3.1
699,12,30,4.6,-3.2
699,12,31,4.9,-3.2
701,1,1,3.5,-8.6
701,1,2,3.7,-8.6
701,1,3,4.3,-8.4
701,1,4,4.5,-8.4
701,1,5,4.4,-8.5
701,1,6,4.2,-8.5
701,1,7,3.9,-8.6
701,1,8,3.6,-8.6
701,1,9,3.3,-8.7
701,1,10,3.0,-8.7
701,1,11,2.6,-8.9
701,1,12,2.6,-9.0
701,1,13,2.8,-8.9
701,1,14,3.0,-8.9
701,1,15,3.3,-8.7
701,1,16,3.8,-8.6
701,1,17,4.2,-8.0
701,1,18,4.3,-7.3
701,1,19,4.4,-6.9
701,1,20,4.2,-6.8
701,1,21,3.8,-6.9
701,1,22,3.3,-7.5
701,1,23,2.8,-8.3
701,1,24,2.6,-8.7
701,1,25,2.9,-8.9
701,1,26,3.5,-8.9
701,1,27,4.2,-8.3
701,1,28,4.8,-7.7
701,1,29,5.2,-7.4
701,1,30,5.4,-7.3
701,1,31,5.2,-7.3
701,2,1,5.0,-7.6
701,2,2,4.8,-8.0
701,2,3,4.5,-8.2
701,2,4,4.5,-8.2
701,2,5,4.6,-8.2
701,2,6,4.5,-8.0
701,2,7,4.3,-7.6
701,2,8,4.6,-7.2
701,2,9,4.7,-7.0
701,2,10,4.7,-6.7
701,2,11,5.4,-6.6
701,2,12,6.3,-6.1
701,2,13,6.7,-5.9
701,2,14,6.8,-5.7
701,2,15,6.7,-5.5
701,2,16,6.4,-5.5
701,2,17,6.3,-5.9
701,2,18,6.7,-6.2
701,2,19,7.2,-6.3
701,2,20,8.0,-6.1
701,2,21,8.8,-5.7
701,2,22,9.5,-5.5
701,2,23,9.6,-4.8
701,2,24,9.6,-4.3
701,2,25,9.6,-4.0
701,2,26,9.8,-3.7
701,2,27,9.6,-3.2
701,2,28,9.3,-3.3
701,2,29,9.4,-3.3
701,3,1,9.5,-3.3
701,3,2,9.7,-3.2
701,3,3,9.6,-3.1
701,3,4,9.6,-3.1
701,3,5,9.8,-3.2
701,3,6,10.1,-3.1
701,3,7,10.5,-3.1
701,3,8,10.7,-3.0
701,3,9,10.8,-3.2
701,3,10,11.3,-3.3
701,3,11,11.3,-3.1
701,3,12,11.2,-3.1
701,3,13,11.7,-3.1
701,3,14,12.3,-2.5
701,3,15,13.1,-2.0
701,3,16,13.7,-1.3
701,3,17,14.4,-0.6
701,3,18,14.6,-0.2
701,3,19,14.9,-0.1
701,3,20,14.5,0.2
701,3,21,14.5,-0.1
701,3,22,13.9,-0.6
701,3,23,13.6,-0.8
701,3,24,13.4,-0.9
701,3,25,13.7,-0.9
701,3,26,14.3,-0.9
701,3,27,14.9,-0.4
701,3,28,15.6,0.1
701,3,29,15.8,0.6
701,3,30,16.0,0.8
701,3,31,16.1,1.2
701,4,1,16.2,1.2
701,4,2,16.2,1.1
701,4,3,16.6,1.2
701,4,4,16.6,1.3
701,4,5,16.6,1.7
701,4,6,17.2,1.9
701,4,7,17.9,2.4
701,4,8,18.2,2.9
701,4,9,18.4,3.6
701,4,10,18.8,3.6
701,4,11,18.4,3.9
701,4,12,18.1,3.8
701,4,13,18.4,3.6
701,4,14,19.0,3.3
701,4,15,19.3,3.4
701,4,16,19.9,3.7
701,4,17,20.3,4.3
701,4,18,20.1,4.9
701,4,19,19.9,5.7
701,4,20,20.0,6.2
701,4,21,19.6,6.2
701,4,22,19.5,5.9
701,4,23,19.9,5.7
701,4,24,19.7,5.4
701,4,25,19.4,5.0
701,4,26,19.9,5.0
701,4,27,20.1,5.2
701,4,28,20.7,5.9
701,4,29,21.6,6.7
701,4,30,22.7,7.6
701,5,1,23.3,8.4
701,5,2,24.0,8.8
701,5,3,24.2,8.5
701,5,4,24.2,8.3
701,5,5,24.2,7.9
701,5,6,24.3,7.6
701,5,7,24.1,7.9
701,5,8,23.6,8.3
701,5,9,23.8,8.3
701,5,10,23.3,8.9
701,5,11,23.1,9.2
701,5,12,23.3,9.2
701,5,13,23.6,9.3
701,5,14,23.5,9.6
701,5,15,24.2,9.6
701,5,16,24.4,9.9
701,5,17,24.2,10.2
701,5,18,24.3,10.0
701,5,19,24.5,9.7
701,5,20,24.8,9.8
701,5,21,24.9,9.9
701,5,22,25.3,10.0
701,5,23,25.7,10.5
701,5,24,25.9,10.9
701,5,25,25.9,11.3
701,5,26,26.2,11.5
701,5,27,26.6,11.8
701,5,28,26.5,11.9
701,5,29,26.6,11.9
701,5,30,26.7,11.8
701,5,31,26.9,11.8
701,6,1,26.8,11.9
701,6,2,27.1,12.3
701,6,3,27.3,12.7
701,6,4,27.5,13.4
701,6,5,27.4,14.0
701,6,6,27.2,14.5
701,6,7,27.4,14.7
701,6,8,27.4,15.0
701,6,9,27.4,15.1
701,6,10,27.4,15.1
701,6,11,27.8,15.0
701,6,12,27.5,15.1
701,6,13,27.3,15.1
701,6,14,27.6,15.0
701,6,15,27.8,15.1
701,6,16,27.8,15.4
701,6,17,28.2,15.6
701,6,18,28.5,15.9
701,6,19,28.5,16.6
701,6,20,28.6,16.7
701,6,21,28.7,17.1
701,6,22,28.6,17.2
701,6,23,28.3,17.3
701,6,24,28.0,17.3
701,6,25,27.9,17.7
701,6,26,27.9,17.8
701,6,27,28.1,18.2
701,6,28,28.3,18.6
701,6,29,28.4,18.8
701,6,30,28.3,19.0
701,7,1,27.9,19.2
701,7,2,27.8,19.2
701,7,3,27.8,19.2
701,7,4,28.0,19.2
701,7,5,27.9,19.1
701,7,6,28.3,19.1
701,7,7,28.4,19.2
701,7,8,28.5,19.3
701,7,9,28.5,19.5
701,7,10,28.7,19.8
701,7,11,28.7,20.0
701,7,12,28.9,20.2
701,7,13,29.0,20.2
701,7,14,29.1,20.1
701,7,15,29.0,20.1
701,7,16,29.1,20.1
701,7,17,29.3,20.2
701,7,18,29.5,20.5
701,7,19,29.9,20.8
701,7,20,30.5,21.1
701,7,21,30.6,21.3
701,7,22,30.6,21.4
701,7,23,30.7,21.5
701,7,24,30.7,21.4
701,7,25,30.7,21.2
701,7,26,30.8,21.3
701,7,27,31.0,21.3
701,7,28,31.2,21.3
701,7,29,31.4,21.5
701,7,30,31.7,21.7
701,7,31,32.1,21.8
701,8,1,32.2,21.8
701,8,2,32.3,21.6
701,8,3,32.4,21.5
701,8,4,32.4,21.5
701,8,5,32.2,21.4
701,8,6,32.2,21.3
701,8,7,32.0,21.4
701,8,8,31.6,21.6
701,8,9,31.3,21.7
701,8,10,31.2,21.7
701,8,11,31.0,21.7
701,8,12,31.0,21.7
701,8,13,31.1,21.6
701,8,14,31.0,21.4
701,8,15,31.0,21.2
701,8,16,30.8,21.1
701,8,17,30.5,20.9
701,8,18,30.1,20.6
701,8,19,30.2,20.4
701,8,20,29.8,20.2
701,8,21,29.5,20.1
701,8,22,29.2,20.0
701,8,23,29.2,19.8
701,8,24,28.8,19.7
701,8,25,28.5,19.5
701,8,26,28.5,19.4
701,8,27,28.5,19.1
701,8,28,28.0,18.9
701,8,29,27.9,18.5
701,8,30,28.0,18.1
701,8,31,27.6,17.7
701,9,1,27.4,17.5
701,9,2,27.6,17.2
701,9,3,27.4,17.1
701,9,4,26.7,17.1
701,9,5,26.7,16.7
701,9,6,26.5,16.5
701,9,7,26.2,16.2
701,9,8,26.3,15.9
701,9,9,26.5,15.7
701,9,10,26.3,15.7
701,9,11,26.2,15.6
701,9,12,26.2,15.6
701,9,13,26.1,15.8
701,9,14,26.0,15.8
701,9,15,26.1,15.6
701,9,16,25.9,15.4
701,9,17,26.0,15.0
701,9,18,25.7,14.5
701,9,19,25.5,14.0
701,9,20,25.2,13.6
701,9,21,25.0,13.2
701,9,22,24.7,13.1
701,9,23,24.7,12.8
701,9,24,24.6,12.5
701,9,25,24.5,12.3
701,9,26,24.4,12.1
701,9,27,24.0,11.9
701,9,28,23.7,11.9
701,9,29,23.4,12.0
701,9,30,23.0,11.9
701,10,1,22.8,11.6
701,10,2,22.9,11.3
701,10,3,22.6,10.9
701,10,4,22.4,10.3
701,10,5,22.4,9.9
701,10,6,22.3,9.7
701,10,7,22.1,9.4
701,10,8,22.2,9.1
701,10,9,22.0,8.9
701,10,10,21.6,8.4
701,10,11,21.2,7.9
701,10,12,20.8,7.4
701,10,13,20.5,6.9
701,10,14,20.3,6.5
701,10,15,20.3,6.2
701,10,16,20.3,6.1
701,10,17,20.4,5.9
701,10,18,20.5,6.0
701,10,19,20.6,6.2
701,10,20,20.4,6.4
701,10,21,20.1,6.4
701,10,22,19.7,6.4
701,10,23,19.3,6.0
701,10,24,18.7,5.5
701,10,25,18.4,4.9
701,10,26,18.3,4.4
701,10,27,18.1,4.1
701,10,28,17.6,3.7
701,10,29,17.5,3.3
701,10,30,17.1,3.2
701,10,31,16.5,3.0
701,11,1,16.3,2.7
701,11,2,16.4,2.5
701,11,3,16.7,2.6
701,11,4,17.0,2.7
701,11,5,17.3,3.1
701,11,6,17.4,3.6
701,11,7,17.0,3.8
701,11,8,16.5,3.8
701,11,9,15.9,3.5
701,11,10,15.3,2.7
701,11,11,14.8,1.9
701,11,12,14.2,1.6
701,11,13,13.6,0.9
701,11,14,13.1,0.1
701,11,15,12.7,-0.2
701,11,16,12.3,-0.3
701,11,17,11.9,-0.8
701,11,18,11.5,-1.2
701,11,19,11.3,-1.5
701,11,20,11.1,-1.9
701,11,21,10.8,-2.0
701,11,22,10.7,-1.9
701,11,23,10.8,-1.7
701,11,24,10.5,-1.3
701,11,25,10.3,-1.2
701,11,26,10.3,-1.3
701,11,27,10.2,-1.6
701,11,28,10.0,-1.8
701,11,29,9.9,-2.2
701,11,30,9.7,-2.6
701,12,1,9.4,-2.9
701,12,2,8.9,-3.0
701,12,3,8.1,-3.5
701,12,4,7.2,-4.2
701,12,5,6.6,-4.7
701,12,6,5.9,-5.1
701,12,7,5.8,-5.8
701,12,8,6.0,-5.7
701,12,9,6.2,-5.4
701,12,10,6.2,-5.5
701,12,11,6.2,-5.6
701,12,12,5.8,-5.8
701,12,13,5.5,-6.0
701,12,14,5.0,-6.4
701,12,15,4.7,-6.5
701,12,16,4.5,-6.8
701,12,17,4.6,-6.7
701,12,18,4.8,-6.8
701,12,19,5.1,-6.6
701,12,20,5.5,-6.5
701,12,21,5.7,-6.1
701,12,22,5.6,-6.1
701,12,23,5.4,-6.4
701,12,24,5.1,-6.6
701,12,25,4.4,-7.1
701,12,26,3.9,-7.6
701,12,27,3.7,-7.9
701,12,28,3.3,-8.0
701,12,29,2.9,-8.6
701,12,30,2.8,-8.6
701,12,31,3.2,-8.5
703,1,1,3.3,-9.1
703,1,2,3.4,-9.1
703,1,3,3.6,-9.0
703,1,4,3.8,-9.1
703,1,5,3.7,-9.3
703,1,6,3.5,-9.2
703,1,7,3.2,-9.3
703,1,8,3.0,-9.2
703,1,9,2.8,-9.0
703,1,10,2.7,-8.8
703,1,11,2.5,-8.8
703,1,12,2.6,-8.9
703,1,13,2.8,-9.0
703,1,14,2.9,-8.9
703,1,15,3.0,-9.0
703,1,16,3.4,-9.0
703,1,17,3.7,-8.5
703,1,18,3.7,-8.0
703,1,19,3.6,-8.0
703,1,20,3.5,-7.9
703,1,21,3.2,-7.8
703,1,22,2.6,-8.5
703,1,23,2.4,-9.2
703,1,24,2.2,-9.2
703,1,25,2.3,-9.4
703,1,26,2.5,-9.4
703,1,27,3.0,-9.1
703,1,28,3.2,-8.7
703,1,29,3.7,-8.8
703,1,30,3.9,-8.8
703,1,31,3.8,-9.0
703,2,1,3.8,-9.1
703,2,2,3.8,-9.3
703,2,3,3.8,-9.2
703,2,4,3.9,-9.0
703,2,5,4.2,-8.8
703,2,6,4.2,-8.5
703,2,7,4.1,-8.4
703,2,8,4.2,-8.0
703,2,9,4.2,-8.0
703,2,10,4.0,-7.8
703,2,11,4.6,-7.7
703,2,12,5.3,-7.2
703,2,13,5.6,-7.0
703,2,14,5.8,-6.7
703,2,15,5.9,-6.6
703,2,16,5.7,-6.4
703,2,17,5.8,-6.4
703,2,18,6.2,-6.4
703,2,19,6.5,-6.3
703,2,20,7.1,-5.9
703,2,21,7.7,-5.5
703,2,22,8.2,-5.3
703,2,23,8.4,-4.7
703,2,24,8.6,-4.1
703,2,25,8.8,-4.0
703,2,26,9.0,-3.7
703,2,27,8.9,-3.5
703,2,28,8.8,-3.6
703,2,29,8.9,-3.7
703,3,1,9.0,-3.8
703,3,2,9.0,-3.8
703,3,3,9.0,-3.8
703,3,4,9.0,-3.9
703,3,5,8.9,-3.9
703,3,6,8.9,-3.9
703,3,7,9.2,-4.0
703,3,8,9.3,-3.9
703,3,9,9.4,-3.9
703,3,10,10.2,-3.9
703,3,11,10.6,-3.7
703,3,12,10.7,-3.4
703,3,13,11.1,-3.4
703,3,14,11.6,-2.9
703,3,15,12.1,-2.4
703,3,16,12.4,-1.9
703,3,17,13.0,-1.4
703,3,18,13.3,-1.0
703,3,19,13.5,-1.1
703,3,20,13.2,-1.0
703,3,21,13.0,-1.2
703,3,22,12.5,-1.6
703,3,23,12.2,-1.9
703,3,24,12.2,-1.8
703,3,25,12.5,-1.8
703,3,26,13.1,-1.7
703,3,27,13.6,-1.3
703,3,28,14.2,-1.0
703,3,29,14.6,-0.8
703,3,30,14.9,-0.5
703,3,31,15.1,0.0
703,4,1,15.2,0.2
703,4,2,15.4,0.3
703,4,3,15.7,0.5
703,4,4,15.6,0.6
703,4,5,15.7,0.9
703,4,6,16.2,1.1
703,4,7,16.5,1.7
703,4,8,16.7,2.2
703,4,9,17.0,2.7
703,4,10,17.3,2.7
703,4,11,17.1,3.0
703,4,12,17.2,2.8
703,4,13,17.6,2.7
703,4,14,18.0,2.6
703,4,15,18.4,2.8
703,4,16,19.0,3.0
703,4,17,19.3,3.3
703,4,18,19.2,3.9
703,4,19,19.2,4.8
703,4,20,19.2,5.2
703,4,21,18.9,5.4
703,4,22,18.8,5.3
703,4,23,18.9,5.1
703,4,24,18.7,4.7
703,4,25,18.6,4.4
703,4,26,19.0,4.4
703,4,27,19.3,4.7
703,4,28,19.9,5.4
703,4,29,20.7,5.9
703,4,30,21.5,6.7
703,5,1,21.9,7.4
703,5,2,22.5,7.8
703,5,3,22.7,7.7
703,5,4,22.7,7.7
703,5,5,22.6,7.8
703,5,6,22.7,7.6
703,5,7,22.5,7.8
703,5,8,22.0,8.0
703,5,9,22.1,8.2
703,5,10,21.8,8.3
703,5,11,21.7,8.5
703,5,12,22.0,8.6
703,5,13,22.3,8.9
703,5,14,22.4,9.2
703,5,15,22.9,9.2
703,5,16,23.0,9.7
703,5,17,22.8,10.0
703,5,18,22.9,9.8
703,5,19,23.3,9.6
703,5,20,23.6,9.6
703,5,21,23.9,9.6
703,5,22,24.1,9.7
703,5,23,24.3,9.9
703,5,24,24.3,10.3
703,5,25,24.3,10.6
703,5,26,24.3,10.7
703,5,27,24.8,10.8
703,5,28,24.7,10.9
703,5,29,24.8,10.9
703,5,30,25.0,11.0
703,5,31,25.2,11.1
703,6,1,25.2,11.4
703,6,2,25.7,11.8
703,6,3,25.8,12.3
703,6,4,25.9,12.9
703,6,5,26.1,13.4
703,6,6,26.0,13.7
703,6,7,26.2,13.9
703,6,8,26.3,14.2
703,6,9,26.3,14.4
703,6,10,26.3,14.4
703,6,11,26.4,14.4
703,6,12,26.1,14.4
703,6,13,26.0,14.3
703,6,14,26.2,14.2
703,6,15,26.4,14.4
703,6,16,26.5,14.7
703,6,17,26.9,15.1
703,6,18,27.1,15.5
703,6,19,27.2,16.1
703,6,20,27.2,16.4
703,6,21,27.1,16.6
703,6,22,26.9,16.8
703,6,23,26.7,16.8
703,6,24,26.3,16.8
703,6,25,26.2,17.0
703,6,26,26.2,17.1
703,6,27,26.5,17.4
703,6,28,26.7,17.8
703,6,29,26.7,18.2
703,6,30,26.7,18.5
703,7,1,26.6,18.8
703,7,2,26.5,19.0
703,7,3,26.6,19.0
703,7,4,26.7,19.0
703,7,5,26.8,18.9
703,7,6,27.1,18.9
703,7,7,27.2,18.9
703,7,8,27.3,19.0
703,7,9,27.2,19.2
703,7,10,27.1,19.3
703,7,11,27.1,19.5
703,7,12,27.2,19.6
703,7,13,27.2,19.7
703,7,14,27.6,19.7
703,7,15,27.7,19.8
703,7,16,27.9,19.7
703,7,17,28.1,19.8
703,7,18,28.4,19.9
703,7,19,28.7,20.1
703,7,20,29.1,20.5
703,7,21,29.2,20.7
703,7,22,29.2,20.8
703,7,23,29.3,20.9
703,7,24,29.4,20.9
703,7,25,29.4,20.7
703,7,26,29.4,20.8
703,7,27,29.7,20.9
703,7,28,29.8,21.0
703,7,29,29.9,21.2
703,7,30,30.2,21.3
703,7,31,30.5,21.4
703,8,1,30.5,21.4
703,8,2,30.6,21.3
703,8,3,30.7,21.1
703,8,4,30.7,21.1
703,8,5,30.5,21.0
703,8,6,30.6,20.9
703,8,7,30.5,21.0
703,8,8,30.1,21.1
703,8,9,29.8,21.2
703,8,10,29.7,21.1
703,8,11,29.4,20.9
703,8,12,29.2,20.8
703,8,13,29.2,20.7
703,8,14,29.2,20.5
703,8,15,29.2,20.4
703,8,16,29.2,20.3
703,8,17,29.1,20.1
703,8,18,28.9,19.9
703,8,19,29.0,19.8
703,8,20,28.6,19.7
703,8,21,28.4,19.5
703,8,22,28.2,19.4
703,8,23,28.2,19.3
703,8,24,27.7,19.1
703,8,25,27.5,18.9
703,8,26,27.5,18.8
703,8,27,27.6,18.5
703,8,28,27.1,18.4
703,8,29,27.0,18.1
703,8,30,27.3,17.8
703,8,31,27.0,17.5
703,9,1,26.8,17.3
703,9,2,27.2,17.0
703,9,3,27.1,16.8
703,9,4,26.7,16.6
703,9,5,26.6,16.4
703,9,6,26.5,16.2
703,9,7,26.1,16.0
703,9,8,26.1,15.8
703,9,9,26.1,15.7
703,9,10,25.9,15.7
703,9,11,25.8,15.6
703,9,12,25.6,15.5
703,9,13,25.4,15.5
703,9,14,25.3,15.4
703,9,15,25.2,15.0
703,9,16,25.1,14.7
703,9,17,25.2,14.3
703,9,18,25.0,13.9
703,9,19,24.8,13.4
703,9,20,24.6,13.1
703,9,21,24.3,12.8
703,9,22,24.0,12.6
703,9,23,23.9,12.2
703,9,24,24.0,12.0
703,9,25,24.0,11.8
703,9,26,24.0,11.6
703,9,27,23.6,11.6
703,9,28,23.3,11.7
703,9,29,22.9,11.7
703,9,30,22.5,11.5
703,10,1,22.3,11.2
703,10,2,22.2,10.6
703,10,3,22.0,10.0
703,10,4,21.8,9.5
703,10,5,21.7,9.2
703,10,6,21.6,8.9
703,10,7,21.5,8.6
703,10,8,21.6,8.5
703,10,9,21.5,8.3
703,10,10,21.2,8.2
703,10,11,21.0,7.9
703,10,12,20.6,7.6
703,10,13,20.3,7.0
703,10,14,19.9,6.4
703,10,15,19.9,5.8
703,10,16,19.7,5.4
703,10,17,19.7,5.2
703,10,18,19.8,5.3
703,10,19,19.9,5.5
703,10,20,19.9,5.5
703,10,21,19.7,5.6
703,10,22,19.4,5.5
703,10,23,18.9,5.1
703,10,24,18.4,4.7
703,10,25,18.0,4.3
703,10,26,17.7,3.9
703,10,27,17.1,3.5
703,10,28,16.8,3.1
703,10,29,16.6,2.7
703,10,30,16.2,2.4
703,10,31,15.7,2.2
703,11,1,15.6,1.8
703,11,2,15.7,1.5
703,11,3,15.8,1.5
703,11,4,16.2,1.6
703,11,5,16.6,1.9
703,11,6,16.5,2.1
703,11,7,16.3,2.4
703,11,8,15.8,2.5
703,11,9,15.2,2.3
703,11,10,14.5,1.7
703,11,11,14.1,1.2
703,11,12,13.7,0.9
703,11,13,13.1,0.5
703,11,14,12.7,-0.1
703,11,15,12.3,-0.3
703,11,16,11.8,-0.7
703,11,17,11.4,-1.2
703,11,18,11.1,-1.6
703,11,19,10.9,-2.0
703,11,20,10.8,-2.4
703,11,21,11.0,-2.5
703,11,22,11.2,-2.3
703,11,23,11.2,-2.2
703,11,24,11.1,-1.8
703,11,25,10.6,-1.7
703,11,26,10.2,-1.6
703,11,27,9.8,-1.6
703,11,28,9.5,-1.9
703,11,29,9.4,-2.3
703,11,30,9.5,-2.6
703,12,1,9.1,-3.0
703,12,2,8.6,-3.4
703,12,3,7.8,-3.8
703,12,4,7.0,-4.4
703,12,5,6.3,-4.8
703,12,6,5.9,-5.1
703,12,7,5.7,-5.6
703,12,8,5.8,-5.8
703,12,9,5.9,-5.7
703,12,10,5.8,-6.1
703,12,11,5.7,-6.2
703,12,12,5.6,-6.3
703,12,13,5.3,-6.4
703,12,14,5.2,-6.6
703,12,15,5.0,-6.4
703,12,16,4.7,-6.8
703,12,17,4.8,-6.8
703,12,18,4.8,-6.9
703,12,19,5.1,-6.9
703,12,20,5.5,-7.0
703,12,21,5.8,-6.6
703,12,22,5.7,-6.4
703,12,23,5.5,-6.5
703,12,24,4.9,-6.8
703,12,25,4.3,-7.3
703,12,26,3.9,-7.9
703,12,27,3.5,-8.3
703,12,28,3.3,-8.6
703,12,29,3.1,-9.0
703,12,30,3.1,-9.0
703,12,31,3.1,-8.9
706,1,1,5.5,-5.3
706,1,2,5.5,-5.4
706,1,3,5.8,-5.2
706,1,4,6.0,-5.1
706,1,5,5.9,-5.0
706,1,6,5.7,-4.9
706,1,7,5.4,-5.0
706,1,8,5.3,-4.8
706,1,9,5.2,-4.8
706,1,10,5.2,-4.7
706,1,11,5.1,-4.7
706,1,12,5.2,-4.5
706,1,13,5.4,-4.7
706,1,14,5.4,-4.6
706,1,15,5.6,-4.8
706,1,16,5.9,-5.0
706,1,17,6.1,-4.8
706,1,18,6.1,-4.4
706,1,19,6.0,-4.4
706,1,20,5.7,-4.3
706,1,21,5.4,-4.3
706,1,22,4.9,-4.8
706,1,23,4.6,-5.4
706,1,24,4.5,-5.5
706,1,25,4.6,-5.6
706,1,26,4.9,-5.4
706,1,27,5.2,-5.2
706,1,28,5.6,-4.9
706,1,29,6.0,-4.8
706,1,30,6.3,-4.7
706,1,31,6.3,-4.7
706,2,1,6.2,-4.8
706,2,2,6.2,-5.0
706,2,3,6.1,-5.0
706,2,4,6.2,-4.9
706,2,5,6.5,-5.0
706,2,6,6.6,-4.6
706,2,7,6.5,-4.4
706,2,8,6.6,-4.2
706,2,9,6.7,-4.1
706,2,10,6.6,-3.9
706,2,11,7.1,-4.0
706,2,12,7.7,-3.8
706,2,13,8.0,-3.6
706,2,14,8.0,-3.4
706,2,15,8.2,-3.3
706,2,16,8.0,-3.2
706,2,17,8.0,-3.2
706,2,18,8.5,-3.3
706,2,19,8.8,-3.2
706,2,20,9.5,-3.0
706,2,21,10.1,-2.6
706,2,22,10.6,-2.2
706,2,23,10.7,-1.6
706,2,24,11.0,-1.1
706,2,25,11.1,-0.9
706,2,26,11.2,-0.7
706,2,27,11.0,-0.5
706,2,28,11.2,-0.8
706,2,29,11.3,-0.9
706,3,1,11.3,-1.0
706,3,2,11.3,-1.1
706,3,3,11.4,-1.1
706,3,4,11.5,-1.1
706,3,5,11.1,-1.0
706,3,6,11.2,-1.2
706,3,7,11.5,-1.2
706,3,8,11.6,-1.2
706,3,9,11.8,-1.3
706,3,10,12.4,-1.4
706,3,11,12.7,-1.1
706,3,12,12.8,-0.9
706,3,13,13.1,-0.8
706,3,14,13.5,-0.3
706,3,15,14.0,0.0
706,3,16,14.2,0.5
706,3,17,14.7,0.8
706,3,18,15.0,1.2
706,3,19,15.2,1.1
706,3,20,14.9,1.2
706,3,21,14.8,1.0
706,3,22,14.3,0.8
706,3,23,14.1,0.6
706,3,24,14.1,0.7
706,3,25,14.5,0.7
706,3,26,15.0,0.8
706,3,27,15.5,1.2
706,3,28,16.1,1.5
706,3,29,16.5,1.9
706,3,30,16.8,2.1
706,3,31,17.0,2.5
706,4,1,17.2,2.8
706,4,2,17.3,2.9
706,4,3,17.5,3.1
706,4,4,17.3,3.2
706,4,5,17.4,3.4
706,4,6,17.9,3.5
706,4,7,18.2,3.9
706,4,8,18.4,4.3
706,4,9,18.8,4.7
706,4,10,19.1,4.8
706,4,11,18.8,5.0
706,4,12,18.9,4.8
706,4,13,19.3,4.8
706,4,14,19.7,4.8
706,4,15,19.9,4.9
706,4,16,20.5,5.2
706,4,17,20.7,5.7
706,4,18,20.6,6.2
706,4,19,20.6,7.0
706,4,20,20.6,7.4
706,4,21,20.4,7.5
706,4,22,20.4,7.4
706,4,23,20.6,7.1
706,4,24,20.4,6.6
706,4,25,20.4,6.3
706,4,26,20.8,6.2
706,4,27,21.1,6.5
706,4,28,21.6,7.2
706,4,29,22.3,7.9
706,4,30,23.0,8.7
706,5,1,23.2,9.5
706,5,2,23.7,9.8
706,5,3,24.0,9.6
706,5,4,23.9,9.7
706,5,5,23.9,9.7
706,5,6,24.1,9.7
706,5,7,23.9,9.9
706,5,8,23.5,10.2
706,5,9,23.4,10.3
706,5,10,23.0,10.5
706,5,11,23.0,10.5
706,5,12,23.2,10.6
706,5,13,23.6,10.9
706,5,14,23.8,11.3
706,5,15,24.4,11.3
706,5,16,24.3,11.7
706,5,17,24.3,12.0
706,5,18,24.5,11.8
706,5,19,24.9,11.6
706,5,20,25.2,11.8
706,5,21,25.6,12.1
706,5,22,25.8,12.3
706,5,23,26.0,12.6
706,5,24,26.0,13.1
706,5,25,26.1,13.3
706,5,26,26.1,13.4
706,5,27,26.5,13.6
706,5,28,26.3,13.8
706,5,29,26.5,13.8
706,5,30,26.5,13.9
706,5,31,26.8,14.0
706,6,1,26.7,14.3
706,6,2,27.2,14.5
706,6,3,27.3,15.0
706,6,4,27.6,15.5
706,6,5,27.7,16.0
706,6,6,27.5,16.3
706,6,7,27.6,16.6
706,6,8,27.7,16.9
706,6,9,27.6,17.1
706,6,10,27.7,17.1
706,6,11,27.9,17.1
706,6,12,27.7,17.2
706,6,13,27.6,17.1
706,6,14,27.8,17.0
706,6,15,27.8,17.1
706,6,16,27.8,17.4
706,6,17,28.2,17.7
706,6,18,28.2,18.0
706,6,19,28.3,18.5
706,6,20,28.3,18.8
706,6,21,28.2,19.0
706,6,22,27.8,19.1
706,6,23,27.7,19.1
706,6,24,27.2,19.1
706,6,25,27.2,19.3
706,6,26,27.3,19.3
706,6,27,27.5,19.6
706,6,28,27.5,19.9
706,6,29,27.6,20.1
706,6,30,27.6,20.4
706,7,1,27.5,20.6
706,7,2,27.5,20.7
706,7,3,27.7,20.8
706,7,4,27.8,21.0
706,7,5,28.0,20.9
706,7,6,28.2,21.0
706,7,7,28.3,21.0
706,7,8,28.5,21.0
706,7,9,28.5,21.1
706,7,10,28.4,21.2
706,7,11,28.4,21.3
706,7,12,28.4,21.3
706,7,13,28.4,21.5
706,7,14,28.8,21.5
706,7,15,28.9,21.7
706,7,16,29.2,21.7
706,7,17,29.4,21.8
706,7,18,29.7,21.9
706,7,19,30.0,22.1
706,7,20,30.4,22.3
706,7,21,30.5,22.5
706,7,22,30.6,22.6
706,7,23,30.8,22.8
706,7,24,30.9,22.7
706,7,25,31.0,22.7
706,7,26,31.0,22.7
706,7,27,31.2,22.8
706,7,28,31.3,22.9
706,7,29,31.5,23.1
706,7,30,31.6,23.2
706,7,31,31.8,23.3
706,8,1,31.8,23.3
706,8,2,31.8,23.2
706,8,3,32.0,23.0
706,8,4,32.0,23.0
706,8,5,32.0,23.0
706,8,6,32.1,23.1
706,8,7,32.1,23.1
706,8,8,32.0,23.1
706,8,9,31.6,23.0
706,8,10,31.4,22.8
706,8,11,31.1,22.7
706,8,12,30.8,22.6
706,8,13,30.7,22.6
706,8,14,30.7,22.6
706,8,15,30.8,22.5
706,8,16,31.0,22.5
706,8,17,30.9,22.3
706,8,18,30.7,22.1
706,8,19,30.7,22.0
706,8,20,30.2,21.8
706,8,21,30.0,21.6
706,8,22,29.9,21.5
706,8,23,29.9,21.4
706,8,24,29.6,21.1
706,8,25,29.4,20.9
706,8,26,29.4,20.8
706,8,27,29.3,20.6
706,8,28,28.9,20.4
706,8,29,28.7,20.1
706,8,30,28.8,19.9
706,8,31,28.6,19.7
706,9,1,28.5,19.5
706,9,2,28.9,19.2
706,9,3,28.9,19.2
706,9,4,28.5,19.1
706,9,5,28.4,18.8
706,9,6,28.3,18.7
706,9,7,28.0,18.5
706,9,8,27.9,18.3
706,9,9,27.9,18.1
706,9,10,27.7,18.1
706,9,11,27.6,18.0
706,9,12,27.5,17.9
706,9,13,27.3,17.8
706,9,14,27.2,17.6
706,9,15,27.2,17.4
706,9,16,27.1,17.1
706,9,17,27.2,16.6
706,9,18,27.1,16.3
706,9,19,26.9,15.9
706,9,20,26.6,15.5
706,9,21,26.2,15.1
706,9,22,26.0,14.9
706,9,23,25.8,14.6
706,9,24,26.0,14.4
706,9,25,26.0,14.2
706,9,26,26.0,14.1
706,9,27,25.6,14.1
706,9,28,25.4,14.1
706,9,29,25.0,14.2
706,9,30,24.6,13.9
706,10,1,24.5,13.5
706,10,2,24.5,13.0
706,10,3,24.2,12.4
706,10,4,24.1,11.7
706,10,5,24.0,11.4
706,10,6,23.8,11.3
706,10,7,23.7,11.0
706,10,8,23.8,10.9
706,10,9,23.6,10.8
706,10,10,23.4,10.5
706,10,11,23.1,10.1
706,10,12,22.8,9.8
706,10,13,22.4,9.3
706,10,14,22.1,8.7
706,10,15,22.0,8.3
706,10,16,22.0,8.1
706,10,17,22.0,7.9
706,10,18,22.1,8.0
706,10,19,22.2,8.3
706,10,20,21.9,8.5
706,10,21,21.6,8.6
706,10,22,21.4,8.6
706,10,23,21.0,8.2
706,10,24,20.4,7.8
706,10,25,20.2,7.3
706,10,26,19.9,7.0
706,10,27,19.4,6.7
706,10,28,18.9,6.3
706,10,29,18.7,5.9
706,10,30,18.3,5.7
706,10,31,17.9,5.3
706,11,1,17.8,4.9
706,11,2,17.8,4.7
706,11,3,18.0,4.7
706,11,4,18.3,4.8
706,11,5,18.6,5.0
706,11,6,18.5,5.3
706,11,7,18.2,5.5
706,11,8,17.8,5.5
706,11,9,17.2,5.3
706,11,10,16.6,4.9
706,11,11,16.2,4.4
706,11,12,15.8,4.1
706,11,13,15.2,3.7
706,11,14,14.8,3.1
706,11,15,14.4,2.8
706,11,16,13.9,2.5
706,11,17,13.5,2.0
706,11,18,13.1,1.7
706,11,19,12.9,1.3
706,11,20,12.8,0.9
706,11,21,13.0,0.8
706,11,22,13.2,0.8
706,11,23,13.4,0.8
706,11,24,13.2,0.9
706,11,25,12.7,1.1
706,11,26,12.4,1.1
706,11,27,11.9,1.1
706,11,28,11.6,0.9
706,11,29,11.5,0.6
706,11,30,11.5,0.3
706,12,1,11.1,0.0
706,12,2,10.6,-0.5
706,12,3,10.0,-0.9
706,12,4,9.2,-1.3
706,12,5,8.6,-1.7
706,12,6,8.3,-2.0
706,12,7,8.1,-2.4
706,12,8,8.1,-2.4
706,12,9,8.1,-2.1
706,12,10,8.1,-2.2
706,12,11,8.0,-2.2
706,12,12,7.9,-2.2
706,12,13,7.7,-2.4
706,12,14,7.5,-2.7
706,12,15,7.3,-2.8
706,12,16,7.1,-3.1
706,12,17,7.1,-3.1
706,12,18,7.1,-3.2
706,12,19,7.3,-3.3
706,12,20,7.7,-3.3
706,12,21,7.9,-3.1
706,12,22,8.0,-3.0
706,12,23,7.8,-3.2
706,12,24,7.3,-3.2
706,12,25,6.7,-3.6
706,12,26,6.4,-4.0
706,12,27,5.9,-4.3
706,12,28,5.7,-4.5
706,12,29,5.5,-5.0
706,12,30,5.3,-5.1
706,12,31,5.4,-5.2
708,1,1,5.6,-4.5
708,1,2,5.7,-4.6
708,1,3,6.0,-4.5
708,1,4,6.2,-4.3
708,1,5,5.9,-4.3
708,1,6,5.8,-4.2
708,1,7,5.5,-4.1
708,1,8,5.4,-4.0
708,1,9,5.3,-4.0
708,1,10,5.3,-3.9
708,1,11,5.3,-3.9
708,1,12,5.4,-3.8
708,1,13,5.5,-3.9
708,1,14,5.5,-3.9
708,1,15,5.7,-4.0
708,1,16,6.0,-4.2
708,1,17,6.2,-4.1
708,1,18,6.3,-3.7
708,1,19,6.1,-3.6
708,1,20,5.8,-3.5
708,1,21,5.4,-3.5
708,1,22,4.9,-3.9
708,1,23,4.6,-4.5
708,1,24,4.5,-4.6
708,1,25,4.6,-4.8
708,1,26,4.9,-4.7
708,1,27,5.2,-4.4
708,1,28,5.5,-4.2
708,1,29,5.9,-4.1
708,1,30,6.2,-4.0
708,1,31,6.1,-4.0
708,2,1,6.1,-4.2
708,2,2,6.1,-4.4
708,2,3,6.0,-4.4
708,2,4,6.1,-4.3
708,2,5,6.4,-4.2
708,2,6,6.4,-3.9
708,2,7,6.4,-3.6
708,2,8,6.5,-3.5
708,2,9,6.6,-3.5
708,2,10,6.5,-3.3
708,2,11,7.1,-3.4
708,2,12,7.7,-3.2
708,2,13,7.9,-3.0
708,2,14,8.1,-3.0
708,2,15,8.3,-2.8
708,2,16,8.1,-2.6
708,2,17,8.1,-2.6
708,2,18,8.6,-2.7
708,2,19,9.0,-2.6
708,2,20,9.6,-2.4
708,2,21,10.1,-2.1
708,2,22,10.7,-1.9
708,2,23,10.9,-1.3
708,2,24,11.1,-0.9
708,2,25,11.2,-0.8
708,2,26,11.4,-0.5
708,2,27,11.2,-0.3
708,2,28,11.0,-0.4
708,2,29,11.1,-0.5
708,3,1,11.2,-0.6
708,3,2,11.1,-0.5
708,3,3,11.1,-0.6
708,3,4,11.2,-0.6
708,3,5,11.0,-0.5
708,3,6,11.1,-0.6
708,3,7,11.4,-0.7
708,3,8,11.5,-0.7
708,3,9,11.7,-0.7
708,3,10,12.4,-0.8
708,3,11,12.8,-0.6
708,3,12,12.9,-0.2
708,3,13,13.2,-0.2
708,3,14,13.6,0.3
708,3,15,14.1,0.6
708,3,16,14.3,1.2
708,3,17,14.8,1.4
708,3,18,15.1,1.8
708,3,19,15.3,1.7
708,3,20,14.9,1.8
708,3,21,14.8,1.6
708,3,22,14.4,1.3
708,3,23,14.1,1.2
708,3,24,14.2,1.3
708,3,25,14.6,1.3
708,3,26,15.1,1.4
708,3,27,15.6,1.8
708,3,28,16.1,2.1
708,3,29,16.4,2.5
708,3,30,16.7,2.8
708,3,31,17.0,3.2
708,4,1,17.1,3.4
708,4,2,17.3,3.6
708,4,3,17.5,3.8
708,4,4,17.4,3.9
708,4,5,17.4,4.0
708,4,6,18.0,4.1
708,4,7,18.3,4.6
708,4,8,18.6,4.9
708,4,9,18.9,5.3
708,4,10,19.3,5.4
708,4,11,19.0,5.7
708,4,12,19.1,5.5
708,4,13,19.4,5.4
708,4,14,19.8,5.4
708,4,15,20.0,5.6
708,4,16,20.5,5.9
708,4,17,20.7,6.3
708,4,18,20.6,6.8
708,4,19,20.6,7.6
708,4,20,20.6,8.0
708,4,21,20.5,8.1
708,4,22,20.5,8.0
708,4,23,20.6,7.7
708,4,24,20.5,7.3
708,4,25,20.4,6.9
708,4,26,20.8,6.7
708,4,27,21.2,7.1
708,4,28,21.7,7.9
708,4,29,22.3,8.6
708,4,30,23.1,9.4
708,5,1,23.5,10.1
708,5,2,24.0,10.4
708,5,3,24.2,10.3
708,5,4,24.2,10.2
708,5,5,24.2,10.2
708,5,6,24.3,10.2
708,5,7,24.1,10.4
708,5,8,23.6,10.6
708,5,9,23.7,10.8
708,5,10,23.3,11.0
708,5,11,23.2,11.0
708,5,12,23.5,11.1
708,5,13,24.0,11.4
708,5,14,24.1,11.7
708,5,15,24.7,11.8
708,5,16,24.7,12.2
708,5,17,24.6,12.5
708,5,18,24.7,12.3
708,5,19,25.2,12.1
708,5,20,25.5,12.2
708,5,21,25.8,12.4
708,5,22,26.0,12.5
708,5,23,26.3,12.8
708,5,24,26.3,13.3
708,5,25,26.3,13.5
708,5,26,26.3,13.7
708,5,27,26.9,13.8
708,5,28,26.8,14.0
708,5,29,26.8,14.0
708,5,30,26.9,14.1
708,5,31,27.2,14.2
708,6,1,27.2,14.5
708,6,2,27.6,14.7
708,6,3,27.9,15.1
708,6,4,28.2,15.6
708,6,5,28.4,16.0
708,6,6,28.2,16.2
708,6,7,28.3,16.5
708,6,8,28.3,16.9
708,6,9,28.3,17.1
708,6,10,28.3,17.2
708,6,11,28.6,17.2
708,6,12,28.2,17.2
708,6,13,28.2,17.2
708,6,14,28.5,17.1
708,6,15,28.5,17.2
708,6,16,28.5,17.5
708,6,17,28.9,17.9
708,6,18,29.0,18.2
708,6,19,29.0,18.7
708,6,20,29.1,19.0
708,6,21,29.0,19.2
708,6,22,28.6,19.2
708,6,23,28.5,19.2
708,6,24,28.1,19.3
708,6,25,27.9,19.4
708,6,26,28.0,19.5
708,6,27,28.2,19.7
708,6,28,28.2,20.0
708,6,29,28.2,20.2
708,6,30,28.2,20.5
708,7,1,28.1,20.9
708,7,2,28.2,21.0
708,7,3,28.4,21.1
708,7,4,28.4,21.3
708,7,5,28.6,21.3
708,7,6,28.8,21.2
708,7,7,29.0,21.3
708,7,8,29.2,21.4
708,7,9,29.2,21.5
708,7,10,29.2,21.5
708,7,11,29.3,21.7
708,7,12,29.3,21.8
708,7,13,29.3,21.9
708,7,14,29.7,22.0
708,7,15,29.8,22.1
708,7,16,30.0,22.2
708,7,17,30.2,22.3
708,7,18,30.5,22.4
708,7,19,30.9,22.6
708,7,20,31.2,22.8
708,7,21,31.4,22.9
708,7,22,31.5,23.0
708,7,23,31.8,23.2
708,7,24,32.0,23.2
708,7,25,32.1,23.2
708,7,26,32.2,23.3
708,7,27,32.3,23.4
708,7,28,32.4,23.5
708,7,29,32.6,23.7
708,7,30,32.8,23.9
708,7,31,33.0,23.9
708,8,1,33.0,24.0
708,8,2,33.1,23.9
708,8,3,33.1,23.7
708,8,4,33.1,23.7
708,8,5,33.0,23.6
708,8,6,33.1,23.7
708,8,7,33.1,23.6
708,8,8,32.8,23.6
708,8,9,32.4,23.5
708,8,10,32.2,23.4
708,8,11,31.9,23.3
708,8,12,31.6,23.3
708,8,13,31.6,23.3
708,8,14,31.7,23.2
708,8,15,31.8,23.1
708,8,16,32.0,23.0
708,8,17,31.9,22.9
708,8,18,31.6,22.7
708,8,19,31.6,22.6
708,8,20,31.2,22.4
708,8,21,30.9,22.2
708,8,22,30.8,22.1
708,8,23,30.8,21.9
708,8,24,30.4,21.7
708,8,25,30.3,21.5
708,8,26,30.2,21.4
708,8,27,30.2,21.2
708,8,28,29.8,21.0
708,8,29,29.6,20.8
708,8,30,29.8,20.6
708,8,31,29.5,20.4
708,9,1,29.4,20.2
708,9,2,29.7,19.9
708,9,3,29.5,19.8
708,9,4,29.1,19.7
708,9,5,29.1,19.5
708,9,6,29.0,19.2
708,9,7,28.7,19.0
708,9,8,28.7,18.8
708,9,9,28.6,18.6
708,9,10,28.5,18.6
708,9,11,28.4,18.5
708,9,12,28.2,18.4
708,9,13,27.9,18.3
708,9,14,27.8,18.2
708,9,15,27.8,17.9
708,9,16,27.7,17.6
708,9,17,27.8,17.2
708,9,18,27.7,16.9
708,9,19,27.6,16.5
708,9,20,27.3,16.0
708,9,21,26.9,15.7
708,9,22,26.6,15.4
708,9,23,26.5,15.0
708,9,24,26.7,14.8
708,9,25,26.7,14.8
708,9,26,26.7,14.7
708,9,27,26.3,14.7
708,9,28,26.0,14.6
708,9,29,25.6,14.6
708,9,30,25.3,14.4
708,10,1,25.0,14.0
708,10,2,25.0,13.4
708,10,3,24.8,12.9
708,10,4,24.6,12.3
708,10,5,24.4,12.0
708,10,6,24.3,11.8
708,10,7,24.1,11.6
708,10,8,24.2,11.4
708,10,9,24.0,11.3
708,10,10,23.7,11.0
708,10,11,23.4,10.6
708,10,12,23.1,10.4
708,10,13,22.7,9.9
708,10,14,22.3,9.3
708,10,15,22.2,8.8
708,10,16,22.2,8.5
708,10,17,22.1,8.2
708,10,18,22.2,8.3
708,10,19,22.3,8.4
708,10,20,22.1,8.7
708,10,21,21.9,8.9
708,10,22,21.6,8.9
708,10,23,21.3,8.6
708,10,24,20.7,8.3
708,10,25,20.3,7.7
708,10,26,20.0,7.3
708,10,27,19.5,7.0
708,10,28,19.0,6.6
708,10,29,18.9,6.2
708,10,30,18.5,6.0
708,10,31,18.1,5.6
708,11,1,18.0,5.2
708,11,2,17.9,5.0
708,11,3,18.1,4.9
708,11,4,18.5,5.0
708,11,5,18.8,5.2
708,11,6,18.6,5.3
708,11,7,18.4,5.6
708,11,8,18.0,5.6
708,11,9,17.4,5.5
708,11,10,16.9,5.1
708,11,11,16.5,4.7
708,11,12,16.0,4.4
708,11,13,15.4,3.9
708,11,14,15.0,3.5
708,11,15,14.6,3.2
708,11,16,14.0,3.0
708,11,17,13.6,2.5
708,11,18,13.3,2.2
708,11,19,13.1,1.7
708,11,20,13.0,1.3
708,11,21,13.3,1.0
708,11,22,13.6,1.0
708,11,23,13.7,1.1
708,11,24,13.6,1.3
708,11,25,13.1,1.6
708,11,26,12.7,1.6
708,11,27,12.2,1.6
708,11,28,11.9,1.5
708,11,29,11.7,1.1
708,11,30,11.7,0.7
708,12,1,11.4,0.4
708,12,2,10.9,0.0
708,12,3,10.3,-0.4
708,12,4,9.5,-0.7
708,12,5,8.9,-1.1
708,12,6,8.5,-1.4
708,12,7,8.2,-1.8
708,12,8,8.3,-1.9
708,12,9,8.4,-1.6
708,12,10,8.3,-1.7
708,12,11,8.2,-1.6
708,12,12,8.1,-1.7
708,12,13,7.9,-1.8
708,12,14,7.8,-2.1
708,12,15,7.6,-2.1
708,12,16,7.5,-2.4
708,12,17,7.5,-2.5
708,12,18,7.5,-2.6
708,12,19,7.7,-2.7
708,12,20,8.0,-2.7
708,12,21,8.2,-2.6
708,12,22,8.1,-2.6
708,12,23,7.9,-2.7
708,12,24,7.5,-2.8
708,12,25,6.9,-3.0
708,12,26,6.5,-3.4
708,12,27,6.1,-3.7
708,12,28,5.9,-3.9
708,12,29,5.6,-4.3
708,12,30,5.5,-4.5
708,12,31,5.5,-4.4
709,1,1,5.9,-5.0
709,1,2,6.0,-5.1
709,1,3,6.2,-5.2
709,1,4,6.4,-5.2
709,1,5,6.2,-5.2
709,1,6,6.0,-5.1
709,1,7,5.6,-5.0
709,1,8,5.5,-4.7
709,1,9,5.4,-4.7
709,1,10,5.4,-4.6
709,1,11,5.3,-4.5
709,1,12,5.4,-4.5
709,1,13,5.6,-4.7
709,1,14,5.6,-4.7
709,1,15,5.9,-4.8
709,1,16,6.3,-5.0
709,1,17,6.5,-5.0
709,1,18,6.5,-4.6
709,1,19,6.4,-4.6
709,1,20,6.0,-4.5
709,1,21,5.5,-4.4
709,1,22,5.0,-4.8
709,1,23,4.6,-5.3
709,1,24,4.6,-5.3
709,1,25,4.9,-5.4
709,1,26,5.2,-5.4
709,1,27,5.5,-5.2
709,1,28,5.8,-5.0
709,1,29,6.2,-4.9
709,1,30,6.5,-4.9
709,1,31,6.5,-4.9
709,2,1,6.5,-5.1
709,2,2,6.7,-5.2
709,2,3,6.6,-5.3
709,2,4,6.7,-5.3
709,2,5,6.9,-5.3
709,2,6,7.0,-4.9
709,2,7,7.0,-4.7
709,2,8,7.1,-4.5
709,2,9,7.2,-4.3
709,2,10,7.0,-4.2
709,2,11,7.6,-4.2
709,2,12,8.2,-4.1
709,2,13,8.5,-3.9
709,2,14,8.7,-3.8
709,2,15,8.9,-3.5
709,2,16,8.7,-3.4
709,2,17,8.7,-3.4
709,2,18,9.2,-3.5
709,2,19,9.4,-3.5
709,2,20,10.1,-3.4
709,2,21,10.7,-3.1
709,2,22,11.3,-2.8
709,2,23,11.4,-2.2
709,2,24,11.6,-1.7
709,2,25,11.7,-1.4
709,2,26,11.8,-1.1
709,2,27,11.6,-0.9
709,2,28,11.5,-1.0
709,2,29,11.6,-1.0
709,3,1,11.6,-1.1
709,3,2,11.6,-1.1
709,3,3,11.7,-1.1
709,3,4,11.8,-1.1
709,3,5,11.6,-0.9
709,3,6,11.8,-1.1
709,3,7,12.1,-1.3
709,3,8,12.2,-1.1
709,3,9,12.4,-1.1
709,3,10,13.1,-1.3
709,3,11,13.4,-1.0
709,3,12,13.5,-0.7
709,3,13,13.9,-0.7
709,3,14,14.3,-0.3
709,3,15,14.9,0.1
709,3,16,15.1,0.6
709,3,17,15.7,1.1
709,3,18,16.1,1.5
709,3,19,16.2,1.4
709,3,20,15.9,1.5
709,3,21,15.8,1.5
709,3,22,15.3,1.1
709,3,23,15.0,0.9
709,3,24,15.0,1.0
709,3,25,15.4,1.1
709,3,26,15.9,1.2
709,3,27,16.4,1.6
709,3,28,17.0,1.9
709,3,29,17.5,2.4
709,3,30,17.7,2.7
709,3,31,17.8,3.1
709,4,1,18.1,3.5
709,4,2,18.2,3.5
709,4,3,18.4,3.4
709,4,4,18.3,3.5
709,4,5,18.5,3.7
709,4,6,19.0,3.9
709,4,7,19.3,4.4
709,4,8,19.5,4.9
709,4,9,19.8,5.4
709,4,10,20.0,5.5
709,4,11,19.9,5.6
709,4,12,20.0,5.4
709,4,13,20.5,5.4
709,4,14,21.0,5.3
709,4,15,21.2,5.4
709,4,16,21.7,5.6
709,4,17,21.9,6.0
709,4,18,21.7,6.4
709,4,19,21.6,7.3
709,4,20,21.7,7.6
709,4,21,21.5,7.8
709,4,22,21.5,7.8
709,4,23,21.7,7.6
709,4,24,21.6,7.1
709,4,25,21.6,6.8
709,4,26,21.9,6.4
709,4,27,22.2,6.6
709,4,28,22.6,7.2
709,4,29,23.3,7.9
709,4,30,23.9,8.7
709,5,1,24.3,9.6
709,5,2,24.9,10.0
709,5,3,25.1,9.9
709,5,4,25.0,10.0
709,5,5,25.0,10.1
709,5,6,25.3,9.9
709,5,7,25.0,10.2
709,5,8,24.6,10.5
709,5,9,24.6,10.5
709,5,10,24.3,10.7
709,5,11,24.2,10.7
709,5,12,24.5,10.8
709,5,13,24.9,11.0
709,5,14,25.0,11.4
709,5,15,25.5,11.3
709,5,16,25.4,11.7
709,5,17,25.3,11.9
709,5,18,25.5,11.8
709,5,19,25.9,11.5
709,5,20,26.2,11.6
709,5,21,26.6,11.7
709,5,22,27.0,11.9
709,5,23,27.3,12.2
709,5,24,27.3,12.7
709,5,25,27.3,13.1
709,5,26,27.3,13.4
709,5,27,27.8,13.4
709,5,28,27.6,13.6
709,5,29,27.8,13.6
709,5,30,27.9,13.7
709,5,31,28.1,13.9
709,6,1,27.9,14.2
709,6,2,28.3,14.4
709,6,3,28.5,15.0
709,6,4,28.7,15.5
709,6,5,28.9,15.9
709,6,6,28.7,16.2
709,6,7,28.6,16.5
709,6,8,28.6,16.7
709,6,9,28.6,16.8
709,6,10,28.6,16.9
709,6,11,28.9,16.8
709,6,12,28.7,16.8
709,6,13,28.7,16.8
709,6,14,28.9,16.7
709,6,15,29.0,16.8
709,6,16,29.0,17.2
709,6,17,29.5,17.6
709,6,18,29.6,18.1
709,6,19,29.7,18.6
709,6,20,29.6,19.0
709,6,21,29.6,19.1
709,6,22,29.1,19.2
709,6,23,28.9,19.1
709,6,24,28.3,19.1
709,6,25,28.3,19.2
709,6,26,28.4,19.4
709,6,27,28.6,19.7
709,6,28,28.7,20.1
709,6,29,28.8,20.4
709,6,30,28.8,20.6
709,7,1,28.8,20.9
709,7,2,28.8,21.1
709,7,3,29.0,21.2
709,7,4,29.1,21.2
709,7,5,29.1,21.1
709,7,6,29.2,21.0
709,7,7,29.3,21.1
709,7,8,29.5,21.2
709,7,9,29.6,21.4
709,7,10,29.6,21.5
709,7,11,29.7,21.7
709,7,12,29.7,21.8
709,7,13,29.8,21.8
709,7,14,30.1,21.9
709,7,15,30.3,22.0
709,7,16,30.5,21.8
709,7,17,30.7,21.9
709,7,18,31.1,22.1
709,7,19,31.3,22.2
709,7,20,31.6,22.5
709,7,21,31.8,22.8
709,7,22,31.9,23.0
709,7,23,32.0,23.1
709,7,24,32.2,23.1
709,7,25,32.4,23.0
709,7,26,32.5,23.0
709,7,27,32.6,23.1
709,7,28,32.7,23.2
709,7,29,32.8,23.4
709,7,30,33.0,23.5
709,7,31,33.2,23.7
709,8,1,33.1,23.7
709,8,2,33.1,23.6
709,8,3,33.2,23.5
709,8,4,33.1,23.4
709,8,5,33.0,23.3
709,8,6,33.1,23.4
709,8,7,33.1,23.4
709,8,8,32.8,23.4
709,8,9,32.5,23.4
709,8,10,32.5,23.3
709,8,11,32.2,23.2
709,8,12,31.9,23.1
709,8,13,31.9,23.0
709,8,14,32.0,23.0
709,8,15,32.1,22.9
709,8,16,32.2,22.8
709,8,17,32.2,22.6
709,8,18,31.9,22.5
709,8,19,31.9,22.3
709,8,20,31.4,22.2
709,8,21,31.1,22.0
709,8,22,30.9,21.8
709,8,23,30.9,21.6
709,8,24,30.6,21.4
709,8,25,30.4,21.2
709,8,26,30.4,21.0
709,8,27,30.4,20.9
709,8,28,30.1,20.7
709,8,29,30.0,20.6
709,8,30,30.2,20.3
709,8,31,29.9,20.1
709,9,1,29.8,19.9
709,9,2,30.0,19.5
709,9,3,29.9,19.3
709,9,4,29.5,19.2
709,9,5,29.5,19.0
709,9,6,29.4,18.8
709,9,7,29.2,18.7
709,9,8,29.2,18.6
709,9,9,29.0,18.4
709,9,10,28.9,18.3
709,9,11,28.7,18.3
709,9,12,28.5,18.1
709,9,13,28.3,18.1
709,9,14,28.2,17.8
709,9,15,28.1,17.6
709,9,16,28.1,17.4
709,9,17,28.1,16.9
709,9,18,28.1,16.5
709,9,19,27.9,16.1
709,9,20,27.6,15.6
709,9,21,27.2,15.1
709,9,22,26.9,15.0
709,9,23,26.7,14.7
709,9,24,26.8,14.5
709,9,25,26.7,14.4
709,9,26,26.6,14.4
709,9,27,26.2,14.2
709,9,28,26.0,14.2
709,9,29,25.7,14.2
709,9,30,25.4,14.1
709,10,1,25.3,13.6
709,10,2,25.3,13.1
709,10,3,25.1,12.5
709,10,4,24.9,11.9
709,10,5,24.7,11.4
709,10,6,24.5,11.2
709,10,7,24.3,10.8
709,10,8,24.5,10.6
709,10,9,24.4,10.6
709,10,10,24.1,10.3
709,10,11,23.8,9.9
709,10,12,23.5,9.8
709,10,13,23.1,9.3
709,10,14,22.7,8.6
709,10,15,22.6,8.1
709,10,16,22.6,7.7
709,10,17,22.5,7.3
709,10,18,22.5,7.3
709,10,19,22.7,7.5
709,10,20,22.5,7.8
709,10,21,22.2,7.9
709,10,22,21.9,8.0
709,10,23,21.6,7.8
709,10,24,21.0,7.4
709,10,25,20.7,6.8
709,10,26,20.3,6.4
709,10,27,19.8,6.1
709,10,28,19.4,5.7
709,10,29,19.1,5.2
709,10,30,18.8,5.0
709,10,31,18.4,4.7
709,11,1,18.3,4.3
709,11,2,18.3,3.9
709,11,3,18.5,3.9
709,11,4,18.8,4.0
709,11,5,19.0,4.2
709,11,6,18.9,4.5
709,11,7,18.7,4.8
709,11,8,18.3,4.8
709,11,9,17.7,4.6
709,11,10,17.2,4.2
709,11,11,16.7,3.5
709,11,12,16.3,3.2
709,11,13,15.7,2.9
709,11,14,15.3,2.4
709,11,15,14.8,2.2
709,11,16,14.2,2.0
709,11,17,13.8,1.4
709,11,18,13.5,1.0
709,11,19,13.2,0.5
709,11,20,13.1,0.0
709,11,21,13.5,-0.4
709,11,22,13.7,-0.4
709,11,23,13.8,-0.3
709,11,24,13.7,-0.1
709,11,25,13.3,0.2
709,11,26,12.9,0.3
709,11,27,12.5,0.5
709,11,28,12.2,0.3
709,11,29,12.0,0.1
709,11,30,12.0,-0.4
709,12,1,11.5,-0.6
709,12,2,11.0,-0.9
709,12,3,10.4,-1.2
709,12,4,9.6,-1.5
709,12,5,9.1,-1.7
709,12,6,8.7,-2.1
709,12,7,8.4,-2.6
709,12,8,8.4,-2.8
709,12,9,8.4,-2.7
709,12,10,8.3,-2.8
709,12,11,8.3,-2.9
709,12,12,8.1,-2.9
709,12,13,7.9,-3.1
709,12,14,7.6,-3.4
709,12,15,7.4,-3.5
709,12,16,7.2,-3.7
709,12,17,7.3,-3.7
709,12,18,7.3,-3.8
709,12,19,7.6,-3.8
709,12,20,7.9,-3.8
709,12,21,8.1,-3.6
709,12,22,8.2,-3.7
709,12,23,8.0,-3.7
709,12,24,7.6,-3.7
709,12,25,7.1,-4.0
709,12,26,6.6,-4.5
709,12,27,6.2,-4.7
709,12,28,6.0,-4.8
709,12,29,5.8,-5.2
709,12,30,5.7,-5.2
709,12,31,5.7,-5.1
710,1,1,5.8,-4.7
710,1,2,5.9,-4.8
710,1,3,6.1,-4.6
710,1,4,6.2,-4.4
710,1,5,6.0,-4.4
710,1,6,5.8,-4.3
710,1,7,5.6,-4.2
710,1,8,5.5,-4.1
710,1,9,5.4,-4.2
710,1,10,5.4,-4.1
710,1,11,5.5,-4.0
710,1,12,5.5,-4.0
710,1,13,5.6,-4.1
710,1,14,5.6,-4.1
710,1,15,5.8,-4.3
710,1,16,6.0,-4.5
710,1,17,6.3,-4.4
710,1,18,6.4,-3.9
710,1,19,6.3,-3.8
710,1,20,5.9,-3.7
710,1,21,5.6,-3.7
710,1,22,5.2,-4.1
710,1,23,4.8,-4.6
710,1,24,4.8,-4.8
710,1,25,5.0,-4.9
710,1,26,5.2,-4.9
710,1,27,5.5,-4.5
710,1,28,5.8,-4.2
710,1,29,6.2,-4.2
710,1,30,6.4,-4.1
710,1,31,6.3,-4.1
710,2,1,6.2,-4.3
710,2,2,6.3,-4.5
710,2,3,6.2,-4.5
710,2,4,6.2,-4.4
710,2,5,6.5,-4.3
710,2,6,6.5,-3.9
710,2,7,6.4,-3.7
710,2,8,6.6,-3.6
710,2,9,6.7,-3.5
710,2,10,6.7,-3.3
710,2,11,7.3,-3.4
710,2,12,7.9,-3.3
710,2,13,8.1,-3.1
710,2,14,8.2,-3.0
710,2,15,8.3,-2.9
710,2,16,8.1,-2.8
710,2,17,8.2,-2.8
710,2,18,8.7,-2.9
710,2,19,9.0,-2.7
710,2,20,9.7,-2.6
710,2,21,10.3,-2.2
710,2,22,10.8,-2.0
710,2,23,11.0,-1.4
710,2,24,11.2,-1.1
710,2,25,11.3,-0.9
710,2,26,11.5,-0.6
710,2,27,11.3,-0.4
710,2,28,11.1,-0.6
710,2,29,11.2,-0.6
710,3,1,11.2,-0.7
710,3,2,11.2,-0.6
710,3,3,11.1,-0.6
710,3,4,11.2,-0.7
710,3,5,11.1,-0.6
710,3,6,11.2,-0.7
710,3,7,11.5,-0.8
710,3,8,11.7,-0.8
710,3,9,11.9,-0.7
710,3,10,12.5,-0.8
710,3,11,12.9,-0.6
710,3,12,13.0,-0.4
710,3,13,13.3,-0.2
710,3,14,13.7,0.2
710,3,15,14.2,0.6
710,3,16,14.4,1.3
710,3,17,14.9,1.5
710,3,18,15.2,1.8
710,3,19,15.4,1.8
710,3,20,15.0,1.9
710,3,21,14.8,1.7
710,3,22,14.4,1.4
710,3,23,14.2,1.3
710,3,24,14.3,1.4
710,3,25,14.8,1.4
710,3,26,15.4,1.5
710,3,27,15.8,2.0
710,3,28,16.3,2.2
710,3,29,16.6,2.6
710,3,30,16.9,2.9
710,3,31,17.1,3.3
710,4,1,17.3,3.5
710,4,2,17.5,3.7
710,4,3,17.7,3.9
710,4,4,17.5,4.1
710,4,5,17.5,4.2
710,4,6,17.9,4.3
710,4,7,18.2,4.8
710,4,8,18.5,5.0
710,4,9,18.8,5.4
710,4,10,19.3,5.5
710,4,11,19.1,5.8
710,4,12,19.2,5.6
710,4,13,19.5,5.5
710,4,14,20.0,5.5
710,4,15,20.2,5.7
710,4,16,20.8,6.0
710,4,17,21.0,6.4
710,4,18,20.9,6.9
710,4,19,20.8,7.6
710,4,20,20.8,8.0
710,4,21,20.6,8.1
710,4,22,20.7,8.0
710,4,23,20.8,7.7
710,4,24,20.7,7.3
710,4,25,20.7,6.9
710,4,26,21.0,6.9
710,4,27,21.3,7.3
710,4,28,21.8,8.0
710,4,29,22.6,8.7
710,4,30,23.3,9.5
710,5,1,23.6,10.1
710,5,2,24.2,10.5
710,5,3,24.4,10.3
710,5,4,24.3,10.3
710,5,5,24.3,10.3
710,5,6,24.5,10.2
710,5,7,24.2,10.4
710,5,8,23.7,10.6
710,5,9,23.9,10.8
710,5,10,23.3,11.0
710,5,11,23.3,11.1
710,5,12,23.6,11.1
710,5,13,24.0,11.5
710,5,14,24.1,11.7
710,5,15,24.7,11.8
710,5,16,24.7,12.2
710,5,17,24.7,12.4
710,5,18,24.9,12.2
710,5,19,25.3,12.2
710,5,20,25.7,12.3
710,5,21,26.1,12.5
710,5,22,26.3,12.6
710,5,23,26.5,13.0
710,5,24,26.5,13.3
710,5,25,26.5,13.5
710,5,26,26.5,13.8
710,5,27,27.0,13.9
710,5,28,26.9,14.2
710,5,29,27.0,14.2
710,5,30,27.1,14.3
710,5,31,27.4,14.4
710,6,1,27.3,14.7
710,6,2,27.7,14.9
710,6,3,28.0,15.4
710,6,4,28.3,15.9
710,6,5,28.4,16.2
710,6,6,28.3,16.5
710,6,7,28.4,16.8
710,6,8,28.4,17.2
710,6,9,28.3,17.4
710,6,10,28.3,17.5
710,6,11,28.6,17.5
710,6,12,28.3,17.5
710,6,13,28.3,17.5
710,6,14,28.4,17.3
710,6,15,28.5,17.4
710,6,16,28.4,17.8
710,6,17,28.8,18.1
710,6,18,28.9,18.4
710,6,19,29.0,18.9
710,6,20,29.0,19.2
710,6,21,29.0,19.4
710,6,22,28.6,19.4
710,6,23,28.4,19.5
710,6,24,27.9,19.5
710,6,25,27.8,19.6
710,6,26,28.0,19.7
710,6,27,28.2,19.9
710,6,28,28.2,20.3
710,6,29,28.2,20.5
710,6,30,28.2,20.8
710,7,1,28.1,21.1
710,7,2,28.1,21.2
710,7,3,28.3,21.3
710,7,4,28.4,21.4
710,7,5,28.6,21.4
710,7,6,28.8,21.4
710,7,7,29.0,21.4
710,7,8,29.1,21.5
710,7,9,29.2,21.7
710,7,10,29.2,21.7
710,7,11,29.3,21.9
710,7,12,29.3,21.9
710,7,13,29.4,22.0
710,7,14,29.7,22.1
710,7,15,29.8,22.3
710,7,16,30.0,22.3
710,7,17,30.3,22.5
710,7,18,30.6,22.7
710,7,19,30.9,22.9
710,7,20,31.3,23.1
710,7,21,31.5,23.2
710,7,22,31.6,23.4
710,7,23,31.9,23.5
710,7,24,32.1,23.4
710,7,25,32.3,23.4
710,7,26,32.3,23.5
710,7,27,32.5,23.6
710,7,28,32.6,23.6
710,7,29,32.7,23.8
710,7,30,32.9,24.0
710,7,31,33.1,24.0
710,8,1,33.1,24.1
710,8,2,33.1,24.0
710,8,3,33.2,23.9
710,8,4,33.3,23.9
710,8,5,33.2,23.7
710,8,6,33.3,23.6
710,8,7,33.3,23.7
710,8,8,33.0,23.7
710,8,9,32.5,23.6
710,8,10,32.4,23.7
710,8,11,32.1,23.5
710,8,12,31.8,23.5
710,8,13,31.8,23.4
710,8,14,31.8,23.3
710,8,15,32.0,23.3
710,8,16,32.1,23.2
710,8,17,32.1,23.0
710,8,18,31.8,22.8
710,8,19,31.8,22.7
710,8,20,31.3,22.5
710,8,21,31.0,22.3
710,8,22,30.8,22.2
710,8,23,30.8,22.0
710,8,24,30.5,21.8
710,8,25,30.4,21.5
710,8,26,30.4,21.3
710,8,27,30.3,21.2
710,8,28,29.9,21.1
710,8,29,29.8,20.9
710,8,30,29.9,20.7
710,8,31,29.6,20.6
710,9,1,29.6,20.3
710,9,2,29.9,20.1
710,9,3,29.8,20.0
710,9,4,29.4,19.9
710,9,5,29.3,19.6
710,9,6,29.2,19.4
710,9,7,28.8,19.1
710,9,8,28.9,18.9
710,9,9,28.8,18.7
710,9,10,28.7,18.7
710,9,11,28.5,18.7
710,9,12,28.3,18.7
710,9,13,28.1,18.6
710,9,14,28.0,18.4
710,9,15,27.9,18.1
710,9,16,27.9,17.8
710,9,17,28.0,17.5
710,9,18,28.0,17.2
710,9,19,27.8,16.8
710,9,20,27.5,16.3
710,9,21,27.1,15.9
710,9,22,26.8,15.6
710,9,23,26.7,15.3
710,9,24,26.8,15.1
710,9,25,26.8,15.1
710,9,26,26.8,15.0
710,9,27,26.4,15.0
710,9,28,26.1,15.0
710,9,29,25.7,14.9
710,9,30,25.4,14.6
710,10,1,25.2,14.2
710,10,2,25.3,13.6
710,10,3,25.0,13.1
710,10,4,24.8,12.4
710,10,5,24.6,12.1
710,10,6,24.4,11.9
710,10,7,24.2,11.6
710,10,8,24.4,11.4
710,10,9,24.2,11.4
710,10,10,23.9,11.0
710,10,11,23.5,10.6
710,10,12,23.2,10.3
710,10,13,22.8,9.8
710,10,14,22.4,9.2
710,10,15,22.4,8.7
710,10,16,22.4,8.5
710,10,17,22.4,8.2
710,10,18,22.5,8.3
710,10,19,22.6,8.6
710,10,20,22.4,8.9
710,10,21,22.2,9.0
710,10,22,21.9,9.0
710,10,23,21.5,8.6
710,10,24,20.9,8.3
710,10,25,20.5,7.6
710,10,26,20.2,7.2
710,10,27,19.7,6.9
710,10,28,19.2,6.4
710,10,29,19.0,6.0
710,10,30,18.6,5.8
710,10,31,18.3,5.5
710,11,1,18.2,5.2
710,11,2,18.2,5.0
710,11,3,18.4,4.9
710,11,4,18.8,5.0
710,11,5,19.1,5.2
710,11,6,18.9,5.3
710,11,7,18.7,5.6
710,11,8,18.2,5.6
710,11,9,17.6,5.4
710,11,10,17.1,5.0
710,11,11,16.7,4.7
710,11,12,16.2,4.4
710,11,13,15.7,3.9
710,11,14,15.3,3.4
710,11,15,15.0,3.0
710,11,16,14.4,2.8
710,11,17,14.0,2.4
710,11,18,13.6,2.0
710,11,19,13.4,1.7
710,11,20,13.2,1.3
710,11,21,13.5,1.1
710,11,22,13.8,1.0
710,11,23,13.9,1.1
710,11,24,13.8,1.2
710,11,25,13.3,1.5
710,11,26,13.0,1.5
710,11,27,12.6,1.5
710,11,28,12.2,1.3
710,11,29,12.0,1.0
710,11,30,12.0,0.5
710,12,1,11.7,0.3
710,12,2,11.1,-0.1
710,12,3,10.5,-0.5
710,12,4,9.7,-0.8
710,12,5,9.2,-1.1
710,12,6,8.7,-1.5
710,12,7,8.5,-1.9
710,12,8,8.5,-2.0
710,12,9,8.5,-1.7
710,12,10,8.4,-1.7
710,12,11,8.4,-1.6
710,12,12,8.3,-1.7
710,12,13,8.1,-1.8
710,12,14,8.0,-2.1
710,12,15,7.8,-2.2
710,12,16,7.7,-2.5
710,12,17,7.7,-2.6
710,12,18,7.6,-2.7
710,12,19,7.7,-2.8
710,12,20,8.1,-2.8
710,12,21,8.3,-2.7
710,12,22,8.2,-2.7
710,12,23,8.0,-2.8
710,12,24,7.6,-2.9
710,12,25,7.0,-3.2
710,12,26,6.5,-3.6
710,12,27,6.2,-3.9
710,12,28,6.0,-4.0
710,12,29,5.8,-4.5
710,12,30,5.7,-4.7
710,12,31,5.7,-4.6
722,1,1,5.6,-2.3
722,1,2,5.7,-2.4
722,1,3,6.0,-2.3
722,1,4,6.1,-2.2
722,1,5,6.0,-2.2
722,1,6,5.8,-2.1
722,1,7,5.6,-2.2
722,1,8,5.4,-2.0
722,1,9,5.3,-2.1
722,1,10,5.2,-2.1
722,1,11,5.2,-2.2
722,1,12,5.3,-2.1
722,1,13,5.4,-2.2
722,1,14,5.4,-2.1
722,1,15,5.6,-2.2
722,1,16,5.9,-2.2
722,1,17,6.1,-2.1
722,1,18,6.2,-1.8
722,1,19,6.1,-1.8
722,1,20,5.8,-1.9
722,1,21,5.5,-2.0
722,1,22,5.0,-2.4
722,1,23,4.7,-2.9
722,1,24,4.6,-3.0
722,1,25,4.7,-3.0
722,1,26,5.0,-3.0
722,1,27,5.3,-2.7
722,1,28,5.6,-2.5
722,1,29,5.9,-2.4
722,1,30,6.1,-2.3
722,1,31,6.1,-2.3
722,2,1,6.1,-2.4
722,2,2,6.1,-2.6
722,2,3,6.0,-2.6
722,2,4,6.1,-2.5
722,2,5,6.3,-2.5
722,2,6,6.4,-2.2
722,2,7,6.4,-2.0
722,2,8,6.5,-2.0
722,2,9,6.6,-1.9
722,2,10,6.6,-1.7
722,2,11,7.1,-1.7
722,2,12,7.7,-1.5
722,2,13,8.0,-1.2
722,2,14,8.1,-1.2
722,2,15,8.2,-1.1
722,2,16,8.0,-1.0
722,2,17,8.0,-1.1
722,2,18,8.5,-1.1
722,2,19,8.8,-0.9
722,2,20,9.5,-0.7
722,2,21,10.1,-0.3
722,2,22,10.7,0.1
722,2,23,10.8,0.6
722,2,24,11.0,1.0
722,2,25,11.2,1.2
722,2,26,11.4,1.4
722,2,27,11.2,1.5
722,2,28,11.1,1.2
722,2,29,11.2,1.2
722,3,1,11.2,1.1
722,3,2,11.1,1.0
722,3,3,11.2,1.0
722,3,4,11.2,1.1
722,3,5,11.0,1.3
722,3,6,11.2,1.1
722,3,7,11.4,1.2
722,3,8,11.4,1.2
722,3,9,11.6,1.2
722,3,10,12.4,1.1
722,3,11,12.8,1.5
722,3,12,12.9,1.8
722,3,13,13.3,1.9
722,3,14,13.6,2.4
722,3,15,14.1,2.7
722,3,16,14.3,3.2
722,3,17,14.8,3.6
722,3,18,15.1,3.9
722,3,19,15.2,3.8
722,3,20,14.9,4.0
722,3,21,14.8,3.7
722,3,22,14.3,3.3
722,3,23,14.1,3.2
722,3,24,14.2,3.2
722,3,25,14.6,3.4
722,3,26,15.1,3.5
722,3,27,15.5,3.9
722,3,28,16.1,4.3
722,3,29,16.5,4.7
722,3,30,16.8,5.0
722,3,31,17.0,5.4
722,4,1,17.1,5.6
722,4,2,17.3,5.7
722,4,3,17.4,5.9
722,4,4,17.3,5.9
722,4,5,17.3,6.0
722,4,6,17.9,6.1
722,4,7,18.2,6.7
722,4,8,18.4,6.9
722,4,9,18.8,7.2
722,4,10,19.2,7.4
722,4,11,18.9,7.5
722,4,12,18.9,7.4
722,4,13,19.3,7.3
722,4,14,19.7,7.4
722,4,15,20.0,7.6
722,4,16,20.6,7.9
722,4,17,20.8,8.2
722,4,18,20.8,8.7
722,4,19,20.7,9.2
722,4,20,20.8,9.5
722,4,21,20.6,9.5
722,4,22,20.6,9.5
722,4,23,20.7,9.3
722,4,24,20.6,8.9
722,4,25,20.5,8.6
722,4,26,20.8,8.5
722,4,27,21.2,8.9
722,4,28,21.7,9.5
722,4,29,22.3,10.1
722,4,30,23.0,10.9
722,5,1,23.3,11.5
722,5,2,23.8,11.8
722,5,3,24.1,11.7
722,5,4,24.0,11.7
722,5,5,24.0,11.8
722,5,6,24.2,11.8
722,5,7,24.0,11.9
722,5,8,23.6,12.1
722,5,9,23.6,12.2
722,5,10,23.2,12.3
722,5,11,23.1,12.2
722,5,12,23.4,12.3
722,5,13,23.9,12.6
722,5,14,24.0,13.0
722,5,15,24.4,13.1
722,5,16,24.4,13.4
722,5,17,24.4,13.6
722,5,18,24.5,13.4
722,5,19,24.9,13.1
722,5,20,25.3,13.3
722,5,21,25.7,13.5
722,5,22,25.8,13.7
722,5,23,26.1,13.9
722,5,24,26.1,14.3
722,5,25,26.1,14.5
722,5,26,26.1,14.5
722,5,27,26.6,14.7
722,5,28,26.5,14.9
722,5,29,26.6,14.8
722,5,30,26.7,15.0
722,5,31,27.0,15.1
722,6,1,26.9,15.4
722,6,2,27.4,15.5
722,6,3,27.6,16.0
722,6,4,27.8,16.4
722,6,5,28.0,16.7
722,6,6,27.8,17.0
722,6,7,27.9,17.3
722,6,8,27.9,17.6
722,6,9,27.9,17.8
722,6,10,28.0,17.8
722,6,11,28.2,17.9
722,6,12,28.0,17.9
722,6,13,27.9,17.8
722,6,14,28.2,17.6
722,6,15,28.2,17.7
722,6,16,28.2,17.9
722,6,17,28.6,18.2
722,6,18,28.7,18.5
722,6,19,28.8,19.0
722,6,20,28.8,19.3
722,6,21,28.8,19.4
722,6,22,28.4,19.5
722,6,23,28.2,19.5
722,6,24,27.8,19.5
722,6,25,27.6,19.6
722,6,26,27.7,19.8
722,6,27,27.9,20.0
722,6,28,27.9,20.3
722,6,29,27.9,20.6
722,6,30,28.0,20.8
722,7,1,27.8,21.1
722,7,2,27.9,21.2
722,7,3,28.1,21.3
722,7,4,28.2,21.4
722,7,5,28.3,21.3
722,7,6,28.5,21.4
722,7,7,28.7,21.5
722,7,8,28.9,21.6
722,7,9,28.9,21.8
722,7,10,28.8,21.8
722,7,11,28.9,22.0
722,7,12,28.9,22.0
722,7,13,28.8,22.1
722,7,14,29.1,22.2
722,7,15,29.3,22.3
722,7,16,29.5,22.4
722,7,17,29.7,22.5
722,7,18,30.1,22.7
722,7,19,30.4,22.9
722,7,20,30.8,23.1
722,7,21,31.0,23.3
722,7,22,31.0,23.4
722,7,23,31.2,23.5
722,7,24,31.4,23.5
722,7,25,31.5,23.4
722,7,26,31.5,23.5
722,7,27,31.6,23.6
722,7,28,31.8,23.8
722,7,29,31.9,24.0
722,7,30,32.2,24.2
722,7,31,32.4,24.3
722,8,1,32.4,24.3
722,8,2,32.4,24.3
722,8,3,32.4,24.2
722,8,4,32.4,24.1
722,8,5,32.4,24.0
722,8,6,32.5,23.9
722,8,7,32.4,23.9
722,8,8,32.2,23.9
722,8,9,31.8,23.8
722,8,10,31.7,23.6
722,8,11,31.4,23.5
722,8,12,31.2,23.5
722,8,13,31.1,23.5
722,8,14,31.2,23.5
722,8,15,31.3,23.5
722,8,16,31.4,23.4
722,8,17,31.3,23.1
722,8,18,31.0,23.0
722,8,19,31.0,22.9
722,8,20,30.6,22.7
722,8,21,30.3,22.5
722,8,22,30.2,22.4
722,8,23,30.2,22.2
722,8,24,29.8,21.9
722,8,25,29.7,21.8
722,8,26,29.7,21.7
722,8,27,29.6,21.5
722,8,28,29.3,21.3
722,8,29,29.2,21.2
722,8,30,29.3,21.0
722,8,31,29.1,20.8
722,9,1,28.9,20.7
722,9,2,29.2,20.5
722,9,3,29.1,20.4
722,9,4,28.8,20.3
722,9,5,28.7,20.0
722,9,6,28.6,19.7
722,9,7,28.3,19.5
722,9,8,28.3,19.3
722,9,9,28.2,19.2
722,9,10,28.1,19.2
722,9,11,28.0,19.2
722,9,12,27.8,19.2
722,9,13,27.6,19.0
722,9,14,27.5,18.8
722,9,15,27.5,18.6
722,9,16,27.5,18.4
722,9,17,27.6,18.1
722,9,18,27.5,17.9
722,9,19,27.3,17.5
722,9,20,27.0,17.1
722,9,21,26.6,16.7
722,9,22,26.3,16.4
722,9,23,26.2,16.1
722,9,24,26.3,16.0
722,9,25,26.3,16.0
722,9,26,26.2,16.0
722,9,27,25.9,16.0
722,9,28,25.6,15.9
722,9,29,25.2,15.9
722,9,30,24.8,15.7
722,10,1,24.7,15.4
722,10,2,24.7,14.9
722,10,3,24.4,14.4
722,10,4,24.2,13.9
722,10,5,24.1,13.5
722,10,6,23.9,13.4
722,10,7,23.7,13.1
722,10,8,23.8,13.1
722,10,9,23.6,13.0
722,10,10,23.3,12.7
722,10,11,23.1,12.4
722,10,12,22.8,12.2
722,10,13,22.4,11.7
722,10,14,22.1,11.2
722,10,15,22.0,10.8
722,10,16,21.9,10.6
722,10,17,21.9,10.3
722,10,18,21.9,10.4
722,10,19,22.1,10.6
722,10,20,22.0,10.9
722,10,21,21.7,11.0
722,10,22,21.4,10.9
722,10,23,21.0,10.6
722,10,24,20.4,10.2
722,10,25,20.1,9.7
722,10,26,19.8,9.3
722,10,27,19.3,9.1
722,10,28,18.9,8.7
722,10,29,18.7,8.3
722,10,30,18.4,8.1
722,10,31,18.0,7.8
722,11,1,17.8,7.4
722,11,2,17.7,7.3
722,11,3,17.9,7.3
722,11,4,18.3,7.4
722,11,5,18.6,7.6
722,11,6,18.5,7.7
722,11,7,18.2,7.9
722,11,8,17.8,7.9
722,11,9,17.3,7.7
722,11,10,16.7,7.4
722,11,11,16.3,7.0
722,11,12,15.8,6.6
722,11,13,15.3,6.1
722,11,14,14.9,5.7
722,11,15,14.5,5.4
722,11,16,14.0,5.0
722,11,17,13.6,4.5
722,11,18,13.3,4.2
722,11,19,13.0,3.7
722,11,20,12.8,3.3
722,11,21,13.1,3.1
722,11,22,13.4,3.2
722,11,23,13.4,3.3
722,11,24,13.3,3.4
722,11,25,12.9,3.6
722,11,26,12.5,3.6
722,11,27,12.1,3.5
722,11,28,11.8,3.3
722,11,29,11.6,3.1
722,11,30,11.6,2.8
722,12,1,11.3,2.5
722,12,2,10.8,2.1
722,12,3,10.2,1.6
722,12,4,9.5,1.2
722,12,5,8.9,0.8
722,12,6,8.5,0.4
722,12,7,8.3,0.2
722,12,8,8.3,0.2
722,12,9,8.4,0.4
722,12,10,8.2,0.3
722,12,11,8.2,0.3
722,12,12,8.0,0.2
722,12,13,7.9,0.0
722,12,14,7.7,-0.3
722,12,15,7.6,-0.4
722,12,16,7.4,-0.6
722,12,17,7.4,-0.7
722,12,18,7.3,-0.7
722,12,19,7.5,-0.7
722,12,20,7.8,-0.6
722,12,21,8.0,-0.4
722,12,22,8.0,-0.4
722,12,23,7.8,-0.7
722,12,24,7.4,-0.8
722,12,25,6.8,-1.1
722,12,26,6.4,-1.6
722,12,27,6.1,-1.8
722,12,28,5.8,-2.0
722,12,29,5.6,-2.3
722,12,30,5.5,-2.4
722,12,31,5.5,-2.3
730,1,1,5.1,-5.1
730,1,2,5.2,-5.2
730,1,3,5.4,-5.2
730,1,4,5.5,-5.1
730,1,5,5.4,-5.1
730,1,6,5.1,-5.0
730,1,7,4.9,-5.0
730,1,8,4.8,-4.8
730,1,9,4.7,-4.8
730,1,10,4.7,-4.7
730,1,11,4.7,-4.7
730,1,12,4.7,-4.7
730,1,13,4.8,-4.8
730,1,14,4.8,-4.8
730,1,15,5.0,-4.9
730,1,16,5.3,-5.1
730,1,17,5.5,-4.9
730,1,18,5.6,-4.5
730,1,19,5.5,-4.4
730,1,20,5.2,-4.3
730,1,21,4.7,-4.3
730,1,22,4.3,-4.7
730,1,23,4.0,-5.3
730,1,24,4.0,-5.4
730,1,25,4.1,-5.5
730,1,26,4.5,-5.5
730,1,27,4.8,-5.2
730,1,28,5.1,-4.9
730,1,29,5.4,-4.8
730,1,30,5.7,-4.8
730,1,31,5.6,-4.7
730,2,1,5.5,-4.9
730,2,2,5.6,-5.1
730,2,3,5.4,-5.1
730,2,4,5.5,-4.9
730,2,5,5.8,-4.9
730,2,6,5.9,-4.6
730,2,7,5.9,-4.3
730,2,8,6.0,-4.1
730,2,9,6.1,-4.1
730,2,10,6.0,-3.9
730,2,11,6.6,-4.0
730,2,12,7.1,-3.9
730,2,13,7.4,-3.6
730,2,14,7.6,-3.5
730,2,15,7.7,-3.4
730,2,16,7.6,-3.2
730,2,17,7.7,-3.3
730,2,18,8.2,-3.4
730,2,19,8.6,-3.3
730,2,20,9.2,-3.1
730,2,21,9.7,-2.6
730,2,22,10.3,-2.3
730,2,23,10.3,-1.8
730,2,24,10.4,-1.5
730,2,25,10.5,-1.4
730,2,26,10.6,-1.2
730,2,27,10.5,-1.0
730,2,28,10.6,-1.1
730,2,29,10.7,-1.1
730,3,1,10.7,-1.2
730,3,2,10.8,-1.2
730,3,3,10.9,-1.1
730,3,4,10.9,-1.2
730,3,5,10.6,-1.1
730,3,6,10.8,-1.2
730,3,7,11.0,-1.3
730,3,8,11.1,-1.3
730,3,9,11.3,-1.2
730,3,10,12.0,-1.3
730,3,11,12.4,-1.1
730,3,12,12.6,-0.8
730,3,13,12.9,-0.8
730,3,14,13.4,-0.3
730,3,15,13.8,0.1
730,3,16,14.0,0.6
730,3,17,14.4,1.0
730,3,18,14.7,1.3
730,3,19,14.9,1.3
730,3,20,14.6,1.4
730,3,21,14.5,1.2
730,3,22,14.1,0.8
730,3,23,13.9,0.7
730,3,24,13.9,0.7
730,3,25,14.4,0.7
730,3,26,14.8,0.8
730,3,27,15.3,1.1
730,3,28,15.8,1.4
730,3,29,16.2,1.8
730,3,30,16.5,2.1
730,3,31,16.6,2.5
730,4,1,16.8,2.8
730,4,2,16.9,3.0
730,4,3,17.1,3.1
730,4,4,17.0,3.2
730,4,5,17.1,3.4
730,4,6,17.7,3.4
730,4,7,18.1,3.9
730,4,8,18.3,4.3
730,4,9,18.7,4.6
730,4,10,19.1,4.7
730,4,11,18.8,5.0
730,4,12,18.9,4.8
730,4,13,19.2,4.6
730,4,14,19.6,4.6
730,4,15,19.9,4.8
730,4,16,20.5,5.0
730,4,17,20.7,5.3
730,4,18,20.6,5.8
730,4,19,20.6,6.6
730,4,20,20.6,7.0
730,4,21,20.4,7.2
730,4,22,20.4,7.2
730,4,23,20.5,6.9
730,4,24,20.4,6.5
730,4,25,20.3,6.2
730,4,26,20.7,6.0
730,4,27,21.1,6.4
730,4,28,21.6,7.2
730,4,29,22.4,7.9
730,4,30,23.1,8.5
730,5,1,23.4,9.3
730,5,2,23.9,9.6
730,5,3,24.1,9.5
730,5,4,24.1,9.6
730,5,5,23.9,9.6
730,5,6,24.1,9.5
730,5,7,23.9,9.7
730,5,8,23.4,9.9
730,5,9,23.5,10.1
730,5,10,23.2,10.4
730,5,11,23.1,10.5
730,5,12,23.3,10.6
730,5,13,23.7,10.9
730,5,14,23.8,11.1
730,5,15,24.4,11.1
730,5,16,24.4,11.6
730,5,17,24.3,11.8
730,5,18,24.5,11.7
730,5,19,24.9,11.5
730,5,20,25.3,11.7
730,5,21,25.6,11.8
730,5,22,25.8,11.9
730,5,23,26.1,12.1
730,5,24,26.0,12.4
730,5,25,26.0,12.5
730,5,26,26.0,12.7
730,5,27,26.6,12.8
730,5,28,26.4,13.0
730,5,29,26.6,13.1
730,5,30,26.7,13.3
730,5,31,27.0,13.4
730,6,1,26.9,13.7
730,6,2,27.4,14.0
730,6,3,27.5,14.3
730,6,4,27.7,14.9
730,6,5,27.9,15.2
730,6,6,27.8,15.6
730,6,7,27.9,15.8
730,6,8,28.0,16.3
730,6,9,28.0,16.6
730,6,10,28.1,16.7
730,6,11,28.3,16.7
730,6,12,28.0,16.7
730,6,13,27.9,16.6
730,6,14,28.2,16.4
730,6,15,28.2,16.4
730,6,16,28.2,16.8
730,6,17,28.6,17.2
730,6,18,28.7,17.5
730,6,19,28.8,18.0
730,6,20,28.8,18.4
730,6,21,28.7,18.6
730,6,22,28.3,18.7
730,6,23,28.2,18.7
730,6,24,27.7,18.8
730,6,25,27.6,18.9
730,6,26,27.6,19.0
730,6,27,27.9,19.3
730,6,28,27.9,19.6
730,6,29,28.0,19.9
730,6,30,28.0,20.2
730,7,1,27.9,20.5
730,7,2,27.9,20.6
730,7,3,28.0,20.7
730,7,4,28.1,20.8
730,7,5,28.4,20.7
730,7,6,28.6,20.8
730,7,7,28.8,20.8
730,7,8,29.0,20.9
730,7,9,29.0,21.1
730,7,10,29.0,21.2
730,7,11,29.0,21.3
730,7,12,29.0,21.4
730,7,13,29.0,21.5
730,7,14,29.3,21.6
730,7,15,29.4,21.7
730,7,16,29.6,21.8
730,7,17,29.8,21.8
730,7,18,30.1,22.0
730,7,19,30.4,22.1
730,7,20,30.8,22.4
730,7,21,30.9,22.6
730,7,22,31.1,22.7
730,7,23,31.3,22.9
730,7,24,31.5,22.8
730,7,25,31.6,22.7
730,7,26,31.6,22.8
730,7,27,31.8,22.9
730,7,28,31.9,23.0
730,7,29,32.0,23.2
730,7,30,32.2,23.3
730,7,31,32.5,23.4
730,8,1,32.5,23.4
730,8,2,32.5,23.3
730,8,3,32.6,23.2
730,8,4,32.6,23.2
730,8,5,32.5,23.1
730,8,6,32.6,23.1
730,8,7,32.7,23.1
730,8,8,32.4,23.1
730,8,9,32.0,23.1
730,8,10,31.9,23.0
730,8,11,31.6,22.8
730,8,12,31.3,22.8
730,8,13,31.2,22.6
730,8,14,31.2,22.5
730,8,15,31.3,22.4
730,8,16,31.3,22.3
730,8,17,31.2,22.1
730,8,18,30.9,22.0
730,8,19,30.9,22.0
730,8,20,30.6,21.8
730,8,21,30.4,21.6
730,8,22,30.2,21.5
730,8,23,30.2,21.4
730,8,24,29.8,21.1
730,8,25,29.6,20.9
730,8,26,29.5,20.8
730,8,27,29.4,20.6
730,8,28,29.0,20.4
730,8,29,29.0,20.2
730,8,30,29.1,19.9
730,8,31,28.9,19.7
730,9,1,28.8,19.5
730,9,2,29.2,19.2
730,9,3,29.0,19.1
730,9,4,28.7,18.9
730,9,5,28.6,18.6
730,9,6,28.6,18.5
730,9,7,28.2,18.3
730,9,8,28.2,18.1
730,9,9,28.2,18.0
730,9,10,28.0,18.0
730,9,11,27.9,17.9
730,9,12,27.7,17.9
730,9,13,27.4,17.7
730,9,14,27.3,17.6
730,9,15,27.3,17.3
730,9,16,27.2,17.0
730,9,17,27.2,16.6
730,9,18,27.2,16.3
730,9,19,27.0,16.0
730,9,20,26.6,15.5
730,9,21,26.3,15.0
730,9,22,26.0,14.8
730,9,23,25.8,14.4
730,9,24,26.0,14.2
730,9,25,26.1,14.2
730,9,26,26.0,14.1
730,9,27,25.7,14.1
730,9,28,25.4,14.1
730,9,29,25.1,14.1
730,9,30,24.7,13.9
730,10,1,24.5,13.5
730,10,2,24.4,12.9
730,10,3,24.1,12.4
730,10,4,23.9,11.7
730,10,5,23.9,11.3
730,10,6,23.6,11.1
730,10,7,23.5,10.9
730,10,8,23.6,10.7
730,10,9,23.4,10.7
730,10,10,23.0,10.4
730,10,11,22.8,10.2
730,10,12,22.5,9.9
730,10,13,22.1,9.4
730,10,14,21.8,8.8
730,10,15,21.7,8.4
730,10,16,21.7,8.1
730,10,17,21.7,7.8
730,10,18,21.8,7.9
730,10,19,21.9,8.0
730,10,20,21.7,8.3
730,10,21,21.4,8.4
730,10,22,21.2,8.3
730,10,23,20.8,8.1
730,10,24,20.2,7.8
730,10,25,20.0,7.3
730,10,26,19.6,7.0
730,10,27,19.1,6.8
730,10,28,18.6,6.3
730,10,29,18.4,5.8
730,10,30,18.0,5.6
730,10,31,17.6,5.3
730,11,1,17.5,4.9
730,11,2,17.5,4.7
730,11,3,17.6,4.8
730,11,4,18.1,4.7
730,11,5,18.4,4.9
730,11,6,18.2,5.0
730,11,7,18.0,5.3
730,11,8,17.6,5.3
730,11,9,17.0,5.1
730,11,10,16.4,4.8
730,11,11,16.0,4.2
730,11,12,15.5,3.9
730,11,13,14.9,3.5
730,11,14,14.4,2.9
730,11,15,14.0,2.6
730,11,16,13.4,2.4
730,11,17,13.0,1.8
730,11,18,12.7,1.5
730,11,19,12.5,1.1
730,11,20,12.4,0.7
730,11,21,12.7,0.6
730,11,22,12.9,0.6
730,11,23,13.1,0.7
730,11,24,13.0,0.9
730,11,25,12.5,1.2
730,11,26,12.1,1.2
730,11,27,11.6,1.1
730,11,28,11.3,0.9
730,11,29,11.1,0.6
730,11,30,11.2,0.1
730,12,1,10.8,-0.1
730,12,2,10.5,-0.4
730,12,3,9.8,-0.8
730,12,4,8.9,-1.3
730,12,5,8.3,-1.6
730,12,6,7.9,-1.9
730,12,7,7.5,-2.3
730,12,8,7.6,-2.3
730,12,9,7.7,-2.0
730,12,10,7.7,-2.1
730,12,11,7.7,-2.0
730,12,12,7.5,-2.2
730,12,13,7.3,-2.3
730,12,14,7.1,-2.7
730,12,15,6.8,-2.8
730,12,16,6.6,-3.1
730,12,17,6.6,-3.2
730,12,18,6.6,-3.3
730,12,19,6.9,-3.4
730,12,20,7.3,-3.4
730,12,21,7.6,-3.2
730,12,22,7.6,-3.2
730,12,23,7.4,-3.3
730,12,24,7.0,-3.4
730,12,25,6.3,-3.6
730,12,26,5.9,-4.1
730,12,27,5.5,-4.4
730,12,28,5.3,-4.5
730,12,29,5.0,-4.8
730,12,30,5.0,-5.0
730,12,31,5.0,-5.0
731,1,1,5.9,-3.8
731,1,2,6.0,-3.9
731,1,3,6.2,-3.8
731,1,4,6.4,-3.8
731,1,5,6.2,-3.8
731,1,6,5.9,-3.6
731,1,7,5.7,-3.6
731,1,8,5.6,-3.5
731,1,9,5.4,-3.5
731,1,10,5.4,-3.5
731,1,11,5.4,-3.5
731,1,12,5.5,-3.5
731,1,13,5.6,-3.5
731,1,14,5.5,-3.5
731,1,15,5.7,-3.6
731,1,16,5.9,-3.7
731,1,17,6.1,-3.6
731,1,18,6.2,-3.2
731,1,19,6.2,-3.2
731,1,20,5.9,-3.2
731,1,21,5.6,-3.1
731,1,22,5.2,-3.6
731,1,23,4.8,-4.1
731,1,24,4.8,-4.2
731,1,25,4.8,-4.3
731,1,26,5.0,-4.3
731,1,27,5.3,-3.9
731,1,28,5.6,-3.7
731,1,29,5.9,-3.5
731,1,30,6.1,-3.4
731,1,31,6.1,-3.4
731,2,1,6.0,-3.7
731,2,2,6.1,-3.9
731,2,3,6.1,-4.0
731,2,4,6.1,-3.9
731,2,5,6.3,-3.9
731,2,6,6.4,-3.5
731,2,7,6.4,-3.3
731,2,8,6.5,-3.1
731,2,9,6.6,-3.0
731,2,10,6.5,-2.8
731,2,11,7.1,-2.9
731,2,12,7.7,-2.8
731,2,13,8.0,-2.6
731,2,14,8.1,-2.6
731,2,15,8.2,-2.5
731,2,16,8.0,-2.4
731,2,17,7.9,-2.5
731,2,18,8.3,-2.6
731,2,19,8.7,-2.4
731,2,20,9.4,-2.2
731,2,21,9.9,-1.9
731,2,22,10.5,-1.6
731,2,23,10.8,-0.9
731,2,24,10.9,-0.6
731,2,25,10.9,-0.5
731,2,26,11.1,-0.2
731,2,27,10.9,-0.1
731,2,28,10.7,-0.2
731,2,29,10.8,-0.3
731,3,1,10.9,-0.4
731,3,2,10.8,-0.3
731,3,3,10.8,-0.2
731,3,4,10.9,-0.2
731,3,5,10.8,-0.1
731,3,6,10.9,-0.2
731,3,7,11.2,-0.3
731,3,8,11.3,-0.3
731,3,9,11.5,-0.3
731,3,10,12.1,-0.3
731,3,11,12.6,0.0
731,3,12,12.6,0.3
731,3,13,13.0,0.3
731,3,14,13.3,0.8
731,3,15,13.8,1.1
731,3,16,13.9,1.6
731,3,17,14.3,1.8
731,3,18,14.7,2.1
731,3,19,14.8,2.0
731,3,20,14.4,2.1
731,3,21,14.2,1.9
731,3,22,13.9,1.6
731,3,23,13.6,1.5
731,3,24,13.7,1.6
731,3,25,14.2,1.7
731,3,26,14.7,1.8
731,3,27,15.1,2.2
731,3,28,15.6,2.6
731,3,29,15.9,2.9
731,3,30,16.1,3.2
731,3,31,16.4,3.7
731,4,1,16.7,3.8
731,4,2,16.8,3.9
731,4,3,16.9,4.2
731,4,4,16.9,4.3
731,4,5,16.8,4.4
731,4,6,17.3,4.6
731,4,7,17.6,5.2
731,4,8,17.9,5.4
731,4,9,18.2,5.8
731,4,10,18.6,6.0
731,4,11,18.4,6.2
731,4,12,18.5,6.0
731,4,13,18.8,5.9
731,4,14,19.2,6.0
731,4,15,19.5,6.1
731,4,16,20.0,6.4
731,4,17,20.1,6.8
731,4,18,20.2,7.2
731,4,19,20.1,7.8
731,4,20,20.2,8.2
731,4,21,20.1,8.3
731,4,22,20.1,8.2
731,4,23,20.0,8.0
731,4,24,20.0,7.7
731,4,25,19.9,7.3
731,4,26,20.2,7.3
731,4,27,20.6,7.7
731,4,28,21.1,8.4
731,4,29,21.7,9.1
731,4,30,22.3,9.9
731,5,1,22.6,10.4
731,5,2,23.0,10.7
731,5,3,23.2,10.5
731,5,4,23.2,10.5
731,5,5,23.3,10.4
731,5,6,23.4,10.4
731,5,7,23.2,10.7
731,5,8,22.9,11.0
731,5,9,23.0,11.2
731,5,10,22.6,11.4
731,5,11,22.5,11.5
731,5,12,22.8,11.6
731,5,13,23.2,11.9
731,5,14,23.3,12.2
731,5,15,23.7,12.3
731,5,16,23.9,12.8
731,5,17,23.7,13.0
731,5,18,23.8,12.9
731,5,19,24.4,12.7
731,5,20,24.7,12.8
731,5,21,25.0,13.0
731,5,22,25.1,13.1
731,5,23,25.4,13.4
731,5,24,25.3,13.9
731,5,25,25.3,14.0
731,5,26,25.4,14.2
731,5,27,25.9,14.3
731,5,28,25.8,14.6
731,5,29,25.9,14.5
731,5,30,26.0,14.7
731,5,31,26.3,14.7
731,6,1,26.3,15.0
731,6,2,26.7,15.1
731,6,3,27.0,15.6
731,6,4,27.2,16.1
731,6,5,27.4,16.4
731,6,6,27.2,16.7
731,6,7,27.3,17.1
731,6,8,27.2,17.4
731,6,9,27.0,17.6
731,6,10,27.1,17.7
731,6,11,27.3,17.9
731,6,12,27.1,18.0
731,6,13,27.1,17.9
731,6,14,27.3,17.8
731,6,15,27.3,17.9
731,6,16,27.2,18.0
731,6,17,27.5,18.3
731,6,18,27.7,18.6
731,6,19,27.8,19.1
731,6,20,27.8,19.5
731,6,21,27.8,19.7
731,6,22,27.5,19.8
731,6,23,27.3,19.8
731,6,24,27.0,19.7
731,6,25,27.0,19.8
731,6,26,27.1,19.8
731,6,27,27.4,20.0
731,6,28,27.4,20.3
731,6,29,27.4,20.5
731,6,30,27.4,20.8
731,7,1,27.6,21.1
731,7,2,27.6,21.3
731,7,3,27.9,21.4
731,7,4,27.9,21.5
731,7,5,28.1,21.5
731,7,6,28.2,21.5
731,7,7,28.3,21.6
731,7,8,28.4,21.7
731,7,9,28.6,21.9
731,7,10,28.7,22.0
731,7,11,28.8,22.1
731,7,12,28.8,22.2
731,7,13,28.9,22.2
731,7,14,29.2,22.3
731,7,15,29.3,22.5
731,7,16,29.5,22.5
731,7,17,29.8,22.7
731,7,18,30.0,22.9
731,7,19,30.2,23.0
731,7,20,30.5,23.1
731,7,21,30.7,23.3
731,7,22,30.8,23.3
731,7,23,31.1,23.3
731,7,24,31.3,23.3
731,7,25,31.4,23.3
731,7,26,31.4,23.4
731,7,27,31.5,23.6
731,7,28,31.6,23.8
731,7,29,31.8,24.0
731,7,30,32.1,24.1
731,7,31,32.3,24.2
731,8,1,32.4,24.2
731,8,2,32.4,24.2
731,8,3,32.4,24.1
731,8,4,32.3,24.1
731,8,5,32.3,24.1
731,8,6,32.4,24.0
731,8,7,32.4,24.0
731,8,8,32.1,24.0
731,8,9,31.7,23.9
731,8,10,31.6,23.8
731,8,11,31.3,23.7
731,8,12,31.0,23.6
731,8,13,31.0,23.5
731,8,14,31.1,23.4
731,8,15,31.1,23.3
731,8,16,31.3,23.2
731,8,17,31.2,23.0
731,8,18,31.0,22.9
731,8,19,31.0,22.8
731,8,20,30.6,22.7
731,8,21,30.3,22.4
731,8,22,30.2,22.3
731,8,23,30.2,22.1
731,8,24,29.9,21.9
731,8,25,29.8,21.8
731,8,26,29.9,21.6
731,8,27,29.8,21.4
731,8,28,29.4,21.2
731,8,29,29.3,20.9
731,8,30,29.3,20.6
731,8,31,29.1,20.4
731,9,1,29.0,20.3
731,9,2,29.3,20.2
731,9,3,29.2,20.1
731,9,4,28.8,20.0
731,9,5,28.7,19.6
731,9,6,28.5,19.4
731,9,7,28.2,19.1
731,9,8,28.2,18.8
731,9,9,28.2,18.7
731,9,10,28.1,18.7
731,9,11,28.0,18.6
731,9,12,27.9,18.6
731,9,13,27.6,18.5
731,9,14,27.5,18.4
731,9,15,27.5,18.1
731,9,16,27.4,17.8
731,9,17,27.4,17.5
731,9,18,27.3,17.2
731,9,19,27.1,16.8
731,9,20,26.8,16.3
731,9,21,26.5,15.9
731,9,22,26.3,15.7
731,9,23,26.2,15.4
731,9,24,26.3,15.2
731,9,25,26.4,15.2
731,9,26,26.3,15.1
731,9,27,26.0,15.0
731,9,28,25.7,15.0
731,9,29,25.4,14.8
731,9,30,25.0,14.6
731,10,1,24.8,14.3
731,10,2,24.9,13.7
731,10,3,24.6,13.1
731,10,4,24.4,12.5
731,10,5,24.3,12.1
731,10,6,24.1,11.9
731,10,7,23.9,11.5
731,10,8,24.0,11.4
731,10,9,23.9,11.4
731,10,10,23.5,11.1
731,10,11,23.3,10.7
731,10,12,23.0,10.6
731,10,13,22.6,10.2
731,10,14,22.2,9.5
731,10,15,22.0,9.1
731,10,16,21.9,8.8
731,10,17,22.0,8.5
731,10,18,22.0,8.6
731,10,19,22.2,8.8
731,10,20,22.2,9.2
731,10,21,22.0,9.2
731,10,22,21.6,9.3
731,10,23,21.3,9.0
731,10,24,20.6,8.7
731,10,25,20.2,8.0
731,10,26,19.9,7.7
731,10,27,19.4,7.4
731,10,28,19.0,7.0
731,10,29,18.9,6.5
731,10,30,18.4,6.3
731,10,31,18.1,6.0
731,11,1,18.0,5.6
731,11,2,17.9,5.3
731,11,3,18.0,5.4
731,11,4,18.3,5.6
731,11,5,18.6,5.8
731,11,6,18.4,5.9
731,11,7,18.2,6.2
731,11,8,17.9,6.3
731,11,9,17.5,6.0
731,11,10,16.9,5.6
731,11,11,16.6,5.2
731,11,12,16.2,4.9
731,11,13,15.6,4.3
731,11,14,15.2,3.8
731,11,15,14.8,3.6
731,11,16,14.2,3.5
731,11,17,13.7,3.1
731,11,18,13.4,2.8
731,11,19,13.2,2.3
731,11,20,13.1,1.9
731,11,21,13.4,1.5
731,11,22,13.8,1.5
731,11,23,13.8,1.6
731,11,24,13.7,1.6
731,11,25,13.3,2.0
731,11,26,12.9,2.0
731,11,27,12.3,2.0
731,11,28,12.0,1.8
731,11,29,11.8,1.5
731,11,30,11.8,1.0
731,12,1,11.5,0.8
731,12,2,11.1,0.5
731,12,3,10.5,0.1
731,12,4,9.7,-0.2
731,12,5,9.2,-0.5
731,12,6,8.8,-1.0
731,12,7,8.6,-1.4
731,12,8,8.6,-1.4
731,12,9,8.7,-1.2
731,12,10,8.5,-1.2
731,12,11,8.5,-1.1
731,12,12,8.3,-1.1
731,12,13,8.1,-1.3
731,12,14,7.9,-1.5
731,12,15,7.7,-1.6
731,12,16,7.6,-1.9
731,12,17,7.6,-2.1
731,12,18,7.6,-2.2
731,12,19,7.7,-2.3
731,12,20,8.1,-2.3
731,12,21,8.3,-2.1
731,12,22,8.2,-2.2
731,12,23,8.0,-2.3
731,12,24,7.6,-2.2
731,12,25,7.0,-2.4
731,12,26,6.5,-2.9
731,12,27,6.1,-3.1
731,12,28,5.9,-3.2
731,12,29,5.7,-3.7
731,12,30,5.7,-3.8
731,12,31,5.8,-3.7
734,1,1,4.9,-6.2
734,1,2,5.0,-6.2
734,1,3,5.2,-6.1
734,1,4,5.3,-6.2
734,1,5,5.2,-6.4
734,1,6,5.0,-6.5
734,1,7,4.8,-6.5
734,1,8,4.6,-6.4
734,1,9,4.4,-6.4
734,1,10,4.3,-6.2
734,1,11,4.3,-6.2
734,1,12,4.4,-6.1
734,1,13,4.5,-6.1
734,1,14,4.6,-6.0
734,1,15,4.8,-5.9
734,1,16,5.1,-6.0
734,1,17,5.3,-5.8
734,1,18,5.4,-5.5
734,1,19,5.2,-5.5
734,1,20,5.1,-5.6
734,1,21,4.7,-5.7
734,1,22,4.2,-6.2
734,1,23,3.9,-6.9
734,1,24,4.0,-7.0
734,1,25,4.1,-7.0
734,1,26,4.2,-7.0
734,1,27,4.6,-6.7
734,1,28,4.9,-6.2
734,1,29,5.2,-6.1
734,1,30,5.3,-6.1
734,1,31,5.2,-6.2
734,2,1,5.1,-6.3
734,2,2,5.1,-6.5
734,2,3,5.1,-6.5
734,2,4,5.2,-6.3
734,2,5,5.6,-6.2
734,2,6,5.6,-6.0
734,2,7,5.5,-5.7
734,2,8,5.7,-5.4
734,2,9,5.9,-5.4
734,2,10,5.8,-5.2
734,2,11,6.4,-5.2
734,2,12,7.0,-4.8
734,2,13,7.3,-4.6
734,2,14,7.5,-4.5
734,2,15,7.6,-4.4
734,2,16,7.5,-4.3
734,2,17,7.6,-4.4
734,2,18,8.0,-4.3
734,2,19,8.4,-4.2
734,2,20,9.1,-3.9
734,2,21,9.6,-3.5
734,2,22,10.1,-3.4
734,2,23,10.2,-2.9
734,2,24,10.3,-2.5
734,2,25,10.4,-2.3
734,2,26,10.6,-2.0
734,2,27,10.5,-1.6
734,2,28,10.4,-1.7
734,2,29,10.5,-1.8
734,3,1,10.5,-1.9
734,3,2,10.6,-1.8
734,3,3,10.5,-1.8
734,3,4,10.6,-1.8
734,3,5,10.5,-1.8
734,3,6,10.6,-1.9
734,3,7,10.9,-2.0
734,3,8,11.0,-2.0
734,3,9,11.2,-2.0
734,3,10,11.8,-2.0
734,3,11,12.3,-1.8
734,3,12,12.3,-1.5
734,3,13,12.8,-1.5
734,3,14,13.3,-1.0
734,3,15,13.8,-0.6
734,3,16,14.1,0.0
734,3,17,14.7,0.4
734,3,18,15.0,0.8
734,3,19,15.2,0.8
734,3,20,14.9,0.9
734,3,21,14.7,0.6
734,3,22,14.2,0.2
734,3,23,13.9,0.1
734,3,24,13.8,0.2
734,3,25,14.2,0.3
734,3,26,14.6,0.4
734,3,27,15.2,0.9
734,3,28,15.7,1.3
734,3,29,16.1,1.5
734,3,30,16.5,1.6
734,3,31,16.8,2.1
734,4,1,16.9,2.3
734,4,2,17.1,2.4
734,4,3,17.4,2.6
734,4,4,17.3,2.8
734,4,5,17.4,3.1
734,4,6,17.9,3.2
734,4,7,18.3,3.7
734,4,8,18.6,4.1
734,4,9,18.8,4.5
734,4,10,19.2,4.6
734,4,11,18.9,5.0
734,4,12,18.9,4.9
734,4,13,19.1,4.9
734,4,14,19.6,4.8
734,4,15,19.9,5.0
734,4,16,20.7,5.2
734,4,17,21.0,5.5
734,4,18,21.0,6.0
734,4,19,21.0,6.7
734,4,20,21.1,7.1
734,4,21,20.7,7.2
734,4,22,20.6,7.1
734,4,23,20.7,6.8
734,4,24,20.6,6.5
734,4,25,20.4,6.3
734,4,26,20.8,6.3
734,4,27,21.2,6.7
734,4,28,21.9,7.4
734,4,29,22.7,8.0
734,4,30,23.7,8.7
734,5,1,23.9,9.4
734,5,2,24.5,9.7
734,5,3,24.8,9.7
734,5,4,24.6,9.7
734,5,5,24.5,9.7
734,5,6,24.6,9.6
734,5,7,24.5,9.7
734,5,8,23.8,9.9
734,5,9,23.9,10.1
734,5,10,23.6,10.4
734,5,11,23.6,10.6
734,5,12,23.8,10.8
734,5,13,24.3,11.1
734,5,14,24.4,11.4
734,5,15,24.9,11.4
734,5,16,25.1,11.8
734,5,17,24.9,12.0
734,5,18,25.0,11.8
734,5,19,25.4,11.7
734,5,20,25.7,11.8
734,5,21,25.9,11.9
734,5,22,26.2,11.9
734,5,23,26.4,12.2
734,5,24,26.4,12.6
734,5,25,26.5,12.9
734,5,26,26.5,13.1
734,5,27,26.9,13.3
734,5,28,26.9,13.4
734,5,29,27.0,13.5
734,5,30,27.1,13.6
734,5,31,27.4,13.7
734,6,1,27.5,13.9
734,6,2,27.9,14.2
734,6,3,28.1,14.6
734,6,4,28.3,15.1
734,6,5,28.3,15.6
734,6,6,28.2,15.8
734,6,7,28.4,16.0
734,6,8,28.6,16.3
734,6,9,28.6,16.5
734,6,10,28.7,16.6
734,6,11,28.8,16.7
734,6,12,28.5,16.8
734,6,13,28.4,16.8
734,6,14,28.5,16.6
734,6,15,28.8,16.8
734,6,16,28.9,17.0
734,6,17,29.3,17.4
734,6,18,29.5,17.7
734,6,19,29.6,18.3
734,6,20,29.5,18.7
734,6,21,29.4,18.9
734,6,22,29.1,19.0
734,6,23,28.9,18.9
734,6,24,28.5,19.0
734,6,25,28.5,19.1
734,6,26,28.6,19.2
734,6,27,29.0,19.5
734,6,28,29.2,19.9
734,6,29,29.3,20.2
734,6,30,29.3,20.5
734,7,1,29.1,20.8
734,7,2,28.9,20.9
734,7,3,29.0,20.9
734,7,4,29.1,20.9
734,7,5,29.2,20.8
734,7,6,29.5,20.9
734,7,7,29.7,20.9
734,7,8,29.9,21.0
734,7,9,29.8,21.1
734,7,10,29.8,21.3
734,7,11,29.7,21.4
734,7,12,29.7,21.5
734,7,13,29.7,21.6
734,7,14,29.9,21.7
734,7,15,30.0,21.7
734,7,16,30.3,21.7
734,7,17,30.5,21.8
734,7,18,30.9,22.0
734,7,19,31.2,22.2
734,7,20,31.7,22.5
734,7,21,31.7,22.7
734,7,22,31.8,22.9
734,7,23,31.8,23.0
734,7,24,31.9,23.0
734,7,25,31.9,22.9
734,7,26,32.0,23.0
734,7,27,32.2,23.1
734,7,28,32.3,23.2
734,7,29,32.5,23.3
734,7,30,32.7,23.5
734,7,31,33.1,23.6
734,8,1,33.2,23.6
734,8,2,33.3,23.5
734,8,3,33.5,23.5
734,8,4,33.4,23.4
734,8,5,33.3,23.3
734,8,6,33.3,23.3
734,8,7,33.2,23.3
734,8,8,33.0,23.3
734,8,9,32.7,23.2
734,8,10,32.5,23.1
734,8,11,32.2,23.0
734,8,12,32.0,22.9
734,8,13,31.9,22.8
734,8,14,31.8,22.7
734,8,15,31.9,22.6
734,8,16,31.8,22.5
734,8,17,31.6,22.3
734,8,18,31.5,22.1
734,8,19,31.5,22.0
734,8,20,31.2,21.8
734,8,21,30.9,21.6
734,8,22,30.7,21.5
734,8,23,30.6,21.4
734,8,24,30.2,21.2
734,8,25,30.1,21.0
734,8,26,30.1,20.9
734,8,27,30.3,20.7
734,8,28,29.8,20.5
734,8,29,29.8,20.2
734,8,30,29.9,20.0
734,8,31,29.6,19.8
734,9,1,29.5,19.6
734,9,2,29.8,19.2
734,9,3,29.7,19.1
734,9,4,29.2,19.0
734,9,5,29.1,18.7
734,9,6,28.9,18.5
734,9,7,28.5,18.3
734,9,8,28.5,18.1
734,9,9,28.4,18.0
734,9,10,28.3,18.0
734,9,11,28.2,17.9
734,9,12,28.1,17.8
734,9,13,27.9,17.7
734,9,14,27.7,17.5
734,9,15,27.6,17.2
734,9,16,27.5,16.9
734,9,17,27.5,16.5
734,9,18,27.4,16.2
734,9,19,27.2,15.8
734,9,20,26.9,15.4
734,9,21,26.6,15.1
734,9,22,26.3,14.9
734,9,23,26.2,14.5
734,9,24,26.3,14.3
734,9,25,26.4,14.1
734,9,26,26.3,13.9
734,9,27,26.0,13.9
734,9,28,25.7,13.8
734,9,29,25.3,13.7
734,9,30,24.9,13.4
734,10,1,24.6,13.1
734,10,2,24.5,12.5
734,10,3,24.3,12.1
734,10,4,24.1,11.5
734,10,5,24.1,11.2
734,10,6,24.0,11.0
734,10,7,23.9,10.9
734,10,8,23.9,10.7
734,10,9,23.7,10.6
734,10,10,23.3,10.3
734,10,11,22.9,9.6
734,10,12,22.6,9.2
734,10,13,22.1,8.6
734,10,14,21.8,8.1
734,10,15,21.8,7.7
734,10,16,21.8,7.8
734,10,17,21.8,7.6
734,10,18,21.9,7.8
734,10,19,22.0,8.0
734,10,20,21.8,8.2
734,10,21,21.5,8.2
734,10,22,21.2,8.1
734,10,23,20.8,7.8
734,10,24,20.3,7.3
734,10,25,19.9,6.7
734,10,26,19.6,6.2
734,10,27,19.1,5.8
734,10,28,18.6,5.4
734,10,29,18.4,5.0
734,10,30,18.0,4.8
734,10,31,17.6,4.5
734,11,1,17.5,4.2
734,11,2,17.6,4.1
734,11,3,17.7,4.2
734,11,4,18.1,4.3
734,11,5,18.3,4.6
734,11,6,18.2,4.8
734,11,7,17.9,4.8
734,11,8,17.5,4.8
734,11,9,16.9,4.5
734,11,10,16.4,4.0
734,11,11,16.0,3.6
734,11,12,15.6,3.3
734,11,13,15.0,2.8
734,11,14,14.5,2.2
734,11,15,14.0,1.9
734,11,16,13.5,1.5
734,11,17,13.1,1.0
734,11,18,12.8,0.6
734,11,19,12.5,0.3
734,11,20,12.4,-0.1
734,11,21,12.5,-0.2
734,11,22,12.7,0.1
734,11,23,12.7,0.2
734,11,24,12.6,0.4
734,11,25,12.2,0.5
734,11,26,11.9,0.5
734,11,27,11.5,0.4
734,11,28,11.2,0.2
734,11,29,11.0,-0.2
734,11,30,11.0,-0.4
734,12,1,10.7,-0.8
734,12,2,10.2,-1.4
734,12,3,9.5,-1.8
734,12,4,8.6,-2.3
734,12,5,7.9,-2.7
734,12,6,7.5,-2.8
734,12,7,7.3,-3.1
734,12,8,7.2,-3.2
734,12,9,7.4,-3.1
734,12,10,7.3,-3.4
734,12,11,7.2,-3.5
734,12,12,7.0,-3.7
734,12,13,6.9,-3.8
734,12,14,6.8,-4.1
734,12,15,6.5,-4.1
734,12,16,6.3,-4.4
734,12,17,6.4,-4.4
734,12,18,6.4,-4.5
734,12,19,6.6,-4.4
734,12,20,7.0,-4.3
734,12,21,7.2,-3.9
734,12,22,7.2,-3.9
734,12,23,7.0,-4.1
734,12,24,6.6,-4.4
734,12,25,5.9,-4.9
734,12,26,5.5,-5.5
734,12,27,5.2,-5.8
734,12,28,4.9,-6.0
734,12,29,4.7,-6.4
734,12,30,4.7,-6.3
734,12,31,4.8,-6.2
737,1,1,4.7,-4.4
737,1,2,4.8,-4.3
737,1,3,4.9,-4.3
737,1,4,4.9,-4.4
737,1,5,4.6,-4.6
737,1,6,4.4,-4.8
737,1,7,4.1,-4.9
737,1,8,4.0,-4.8
737,1,9,3.8,-4.8
737,1,10,3.8,-4.6
737,1,11,3.8,-4.5
737,1,12,3.9,-4.4
737,1,13,4.0,-4.4
737,1,14,4.1,-4.3
737,1,15,4.3,-4.3
737,1,16,4.5,-4.4
737,1,17,4.7,-4.1
737,1,18,4.8,-3.8
737,1,19,4.6,-3.9
737,1,20,4.4,-4.0
737,1,21,4.1,-4.1
737,1,22,3.7,-4.6
737,1,23,3.5,-5.1
737,1,24,3.6,-5.1
737,1,25,3.7,-5.2
737,1,26,3.8,-5.1
737,1,27,4.1,-4.7
737,1,28,4.4,-4.4
737,1,29,4.7,-4.3
737,1,30,4.9,-4.3
737,1,31,4.9,-4.3
737,2,1,4.8,-4.5
737,2,2,4.8,-4.6
737,2,3,4.6,-4.6
737,2,4,4.7,-4.4
737,2,5,5.0,-4.4
737,2,6,5.0,-4.1
737,2,7,5.0,-4.0
737,2,8,5.1,-3.7
737,2,9,5.2,-3.7
737,2,10,5.1,-3.5
737,2,11,5.7,-3.4
737,2,12,6.3,-3.1
737,2,13,6.6,-2.9
737,2,14,6.7,-2.9
737,2,15,6.9,-2.8
737,2,16,6.8,-2.7
737,2,17,6.8,-2.8
737,2,18,7.2,-2.8
737,2,19,7.7,-2.6
737,2,20,8.3,-2.3
737,2,21,8.7,-2.0
737,2,22,9.3,-1.8
737,2,23,9.4,-1.3
737,2,24,9.5,-1.0
737,2,25,9.6,-0.8
737,2,26,9.9,-0.6
737,2,27,9.7,-0.4
737,2,28,9.6,-0.5
737,2,29,9.7,-0.5
737,3,1,9.8,-0.6
737,3,2,10.0,-0.5
737,3,3,9.9,-0.4
737,3,4,10.1,-0.5
737,3,5,10.0,-0.4
737,3,6,10.0,-0.5
737,3,7,10.3,-0.6
737,3,8,10.4,-0.6
737,3,9,10.5,-0.5
737,3,10,11.2,-0.5
737,3,11,11.6,-0.2
737,3,12,11.5,0.1
737,3,13,11.9,0.2
737,3,14,12.4,0.6
737,3,15,12.9,1.0
737,3,16,13.2,1.5
737,3,17,13.7,1.8
737,3,18,14.0,2.1
737,3,19,14.2,2.1
737,3,20,13.8,2.1
737,3,21,13.5,1.9
737,3,22,13.0,1.6
737,3,23,12.8,1.6
737,3,24,12.8,1.7
737,3,25,13.3,1.9
737,3,26,13.8,2.1
737,3,27,14.3,2.4
737,3,28,14.7,2.6
737,3,29,15.0,2.9
737,3,30,15.3,3.0
737,3,31,15.6,3.5
737,4,1,15.7,3.8
737,4,2,16.0,4.0
737,4,3,16.3,4.3
737,4,4,16.1,4.4
737,4,5,16.2,4.6
737,4,6,16.6,4.6
737,4,7,17.0,5.1
737,4,8,17.3,5.4
737,4,9,17.6,5.7
737,4,10,18.0,5.8
737,4,11,17.9,6.1
737,4,12,17.7,6.1
737,4,13,18.0,6.0
737,4,14,18.6,6.1
737,4,15,18.9,6.2
737,4,16,19.5,6.5
737,4,17,19.9,7.0
737,4,18,20.0,7.4
737,4,19,19.9,8.0
737,4,20,19.8,8.4
737,4,21,19.5,8.5
737,4,22,19.4,8.3
737,4,23,19.5,8.1
737,4,24,19.3,7.9
737,4,25,19.3,7.6
737,4,26,19.8,7.7
737,4,27,20.3,8.2
737,4,28,21.0,8.9
737,4,29,21.8,9.6
737,4,30,22.7,10.3
737,5,1,22.9,10.9
737,5,2,23.3,11.2
737,5,3,23.5,11.3
737,5,4,23.5,11.2
737,5,5,23.3,11.2
737,5,6,23.5,11.2
737,5,7,23.5,11.2
737,5,8,22.9,11.3
737,5,9,22.9,11.5
737,5,10,22.5,11.7
737,5,11,22.4,11.7
737,5,12,22.7,12.0
737,5,13,23.2,12.4
737,5,14,23.4,12.7
737,5,15,24.0,12.8
737,5,16,24.2,13.2
737,5,17,24.0,13.4
737,5,18,24.1,13.3
737,5,19,24.5,13.2
737,5,20,24.8,13.4
737,5,21,25.0,13.6
737,5,22,25.2,13.7
737,5,23,25.4,14.1
737,5,24,25.5,14.5
737,5,25,25.6,14.6
737,5,26,25.7,14.7
737,5,27,26.1,14.9
737,5,28,26.1,15.0
737,5,29,26.3,15.0
737,5,30,26.3,15.2
737,5,31,26.5,15.3
737,6,1,26.5,15.5
737,6,2,26.9,15.9
737,6,3,27.0,16.3
737,6,4,27.2,16.6
737,6,5,27.3,16.9
737,6,6,27.2,17.2
737,6,7,27.4,17.5
737,6,8,27.6,17.7
737,6,9,27.6,18.0
737,6,10,27.7,18.1
737,6,11,27.9,18.2
737,6,12,27.7,18.2
737,6,13,27.6,18.2
737,6,14,27.8,18.1
737,6,15,27.9,18.2
737,6,16,28.1,18.4
737,6,17,28.3,18.7
737,6,18,28.4,18.9
737,6,19,28.5,19.4
737,6,20,28.6,19.7
737,6,21,28.6,19.9
737,6,22,28.3,19.9
737,6,23,28.2,20.0
737,6,24,28.0,20.0
737,6,25,27.9,20.0
737,6,26,28.0,20.1
737,6,27,28.4,20.4
737,6,28,28.6,20.8
737,6,29,28.7,21.0
737,6,30,28.8,21.3
737,7,1,28.7,21.5
737,7,2,28.6,21.5
737,7,3,28.7,21.5
737,7,4,28.8,21.5
737,7,5,28.8,21.5
737,7,6,29.0,21.5
737,7,7,29.2,21.6
737,7,8,29.3,21.7
737,7,9,29.2,21.8
737,7,10,29.3,21.9
737,7,11,29.3,22.0
737,7,12,29.4,22.1
737,7,13,29.5,22.3
737,7,14,29.8,22.4
737,7,15,29.8,22.5
737,7,16,30.1,22.5
737,7,17,30.3,22.6
737,7,18,30.6,22.8
737,7,19,31.0,23.0
737,7,20,31.4,23.3
737,7,21,31.5,23.5
737,7,22,31.5,23.6
737,7,23,31.6,23.7
737,7,24,31.6,23.8
737,7,25,31.7,23.7
737,7,26,31.8,23.9
737,7,27,32.0,24.0
737,7,28,32.2,24.1
737,7,29,32.4,24.2
737,7,30,32.6,24.4
737,7,31,32.9,24.5
737,8,1,33.0,24.5
737,8,2,33.0,24.4
737,8,3,33.1,24.4
737,8,4,33.1,24.4
737,8,5,32.9,24.3
737,8,6,32.9,24.3
737,8,7,32.8,24.3
737,8,8,32.5,24.2
737,8,9,32.2,24.1
737,8,10,32.1,24.0
737,8,11,31.8,23.9
737,8,12,31.6,23.8
737,8,13,31.6,23.7
737,8,14,31.6,23.6
737,8,15,31.6,23.6
737,8,16,31.7,23.5
737,8,17,31.6,23.4
737,8,18,31.3,23.2
737,8,19,31.3,23.1
737,8,20,31.0,22.9
737,8,21,30.8,22.6
737,8,22,30.6,22.5
737,8,23,30.6,22.3
737,8,24,30.1,22.0
737,8,25,30.0,21.9
737,8,26,30.0,21.7
737,8,27,30.0,21.5
737,8,28,29.6,21.3
737,8,29,29.5,21.0
737,8,30,29.6,20.8
737,8,31,29.3,20.6
737,9,1,29.2,20.4
737,9,2,29.5,20.2
737,9,3,29.3,20.1
737,9,4,28.9,19.9
737,9,5,28.8,19.6
737,9,6,28.5,19.4
737,9,7,28.1,19.2
737,9,8,28.1,19.0
737,9,9,28.0,18.9
737,9,10,27.9,19.0
737,9,11,27.9,18.9
737,9,12,27.8,18.7
737,9,13,27.6,18.6
737,9,14,27.5,18.4
737,9,15,27.4,18.2
737,9,16,27.3,17.9
737,9,17,27.4,17.5
737,9,18,27.1,17.3
737,9,19,26.9,16.9
737,9,20,26.6,16.5
737,9,21,26.4,16.2
737,9,22,26.0,16.0
737,9,23,25.9,15.6
737,9,24,26.0,15.4
737,9,25,26.0,15.3
737,9,26,26.0,15.1
737,9,27,25.6,15.0
737,9,28,25.4,15.0
737,9,29,25.0,14.9
737,9,30,24.6,14.6
737,10,1,24.3,14.3
737,10,2,24.2,13.7
737,10,3,24.0,13.2
737,10,4,23.8,12.7
737,10,5,23.8,12.4
737,10,6,23.7,12.2
737,10,7,23.6,12.0
737,10,8,23.7,12.0
737,10,9,23.5,11.9
737,10,10,23.1,11.6
737,10,11,22.7,11.2
737,10,12,22.2,10.9
737,10,13,21.8,10.3
737,10,14,21.4,9.8
737,10,15,21.4,9.4
737,10,16,21.4,9.2
737,10,17,21.5,9.0
737,10,18,21.6,9.1
737,10,19,21.8,9.3
737,10,20,21.6,9.6
737,10,21,21.4,9.5
737,10,22,21.1,9.5
737,10,23,20.6,9.2
737,10,24,20.1,8.8
737,10,25,19.7,8.3
737,10,26,19.3,8.0
737,10,27,18.8,7.7
737,10,28,18.3,7.3
737,10,29,18.1,6.8
737,10,30,17.7,6.6
737,10,31,17.3,6.3
737,11,1,17.2,6.0
737,11,2,17.4,5.9
737,11,3,17.4,5.9
737,11,4,17.7,5.9
737,11,5,17.9,6.1
737,11,6,17.7,6.3
737,11,7,17.4,6.4
737,11,8,17.2,6.4
737,11,9,16.6,6.3
737,11,10,16.1,5.8
737,11,11,15.8,5.3
737,11,12,15.3,5.1
737,11,13,14.7,4.7
737,11,14,14.2,4.1
737,11,15,13.7,3.8
737,11,16,13.2,3.4
737,11,17,12.8,2.7
737,11,18,12.4,2.3
737,11,19,12.1,1.9
737,11,20,11.9,1.5
737,11,21,12.1,1.4
737,11,22,12.3,1.6
737,11,23,12.5,1.6
737,11,24,12.4,1.7
737,11,25,12.0,1.9
737,11,26,11.6,1.8
737,11,27,11.1,1.8
737,11,28,10.8,1.6
737,11,29,10.6,1.3
737,11,30,10.7,1.1
737,12,1,10.3,0.7
737,12,2,9.9,0.3
737,12,3,9.2,-0.3
737,12,4,8.3,-0.8
737,12,5,7.6,-1.3
737,12,6,7.2,-1.5
737,12,7,7.0,-1.8
737,12,8,7.0,-1.8
737,12,9,7.0,-1.6
737,12,10,6.9,-1.7
737,12,11,6.7,-1.8
737,12,12,6.7,-1.9
737,12,13,6.5,-2.1
737,12,14,6.5,-2.3
737,12,15,6.3,-2.3
737,12,16,6.1,-2.6
737,12,17,6.1,-2.6
737,12,18,6.0,-2.8
737,12,19,6.1,-2.8
737,12,20,6.5,-2.8
737,12,21,6.8,-2.5
737,12,22,6.7,-2.5
737,12,23,6.6,-2.6
737,12,24,6.3,-2.7
737,12,25,5.6,-3.2
737,12,26,5.1,-3.7
737,12,27,4.7,-4.1
737,12,28,4.4,-4.3
737,12,29,4.3,-4.6
737,12,30,4.4,-4.5
737,12,31,4.5,-4.4
754,1,1,6.2,-3.4
754,1,2,6.2,-3.6
754,1,3,6.4,-3.5
754,1,4,6.5,-3.5
754,1,5,6.3,-3.5
754,1,6,6.1,-3.4
754,1,7,5.8,-3.3
754,1,8,5.7,-3.2
754,1,9,5.6,-3.3
754,1,10,5.6,-3.2
754,1,11,5.6,-3.2
754,1,12,5.7,-3.1
754,1,13,5.8,-3.2
754,1,14,5.8,-3.1
754,1,15,5.9,-3.3
754,1,16,6.1,-3.5
754,1,17,6.3,-3.4
754,1,18,6.4,-3.0
754,1,19,6.3,-3.0
754,1,20,6.0,-2.9
754,1,21,5.6,-2.8
754,1,22,5.1,-3.2
754,1,23,4.8,-3.7
754,1,24,4.7,-3.8
754,1,25,4.9,-4.0
754,1,26,5.2,-3.9
754,1,27,5.5,-3.6
754,1,28,5.8,-3.4
754,1,29,6.1,-3.3
754,1,30,6.3,-3.2
754,1,31,6.2,-3.2
754,2,1,6.2,-3.5
754,2,2,6.2,-3.7
754,2,3,6.1,-3.8
754,2,4,6.1,-3.7
754,2,5,6.2,-3.6
754,2,6,6.3,-3.2
754,2,7,6.2,-3.0
754,2,8,6.3,-2.8
754,2,9,6.5,-2.7
754,2,10,6.5,-2.5
754,2,11,7.1,-2.6
754,2,12,7.5,-2.5
754,2,13,7.8,-2.3
754,2,14,7.9,-2.3
754,2,15,8.0,-2.2
754,2,16,7.8,-2.1
754,2,17,7.8,-2.1
754,2,18,8.3,-2.1
754,2,19,8.6,-2.0
754,2,20,9.2,-1.8
754,2,21,9.7,-1.5
754,2,22,10.2,-1.3
754,2,23,10.4,-0.8
754,2,24,10.5,-0.5
754,2,25,10.6,-0.4
754,2,26,10.8,-0.2
754,2,27,10.7,0.0
754,2,28,10.4,-0.2
754,2,29,10.6,-0.2
754,3,1,10.7,-0.2
754,3,2,10.7,-0.1
754,3,3,10.6,-0.1
754,3,4,10.6,-0.2
754,3,5,10.5,-0.1
754,3,6,10.5,-0.2
754,3,7,10.7,-0.3
754,3,8,10.7,-0.2
754,3,9,11.0,-0.2
754,3,10,11.6,-0.3
754,3,11,12.1,0.0
754,3,12,12.2,0.3
754,3,13,12.6,0.3
754,3,14,12.9,0.8
754,3,15,13.4,1.2
754,3,16,13.5,1.7
754,3,17,13.9,2.0
754,3,18,14.2,2.3
754,3,19,14.4,2.2
754,3,20,14.0,2.3
754,3,21,13.7,2.1
754,3,22,13.4,1.8
754,3,23,13.2,1.7
754,3,24,13.3,1.8
754,3,25,13.8,1.8
754,3,26,14.2,1.9
754,3,27,14.6,2.3
754,3,28,15.2,2.5
754,3,29,15.5,2.8
754,3,30,15.8,3.1
754,3,31,16.0,3.5
754,4,1,16.2,3.8
754,4,2,16.4,3.9
754,4,3,16.6,4.1
754,4,4,16.5,4.2
754,4,5,16.5,4.4
754,4,6,16.9,4.4
754,4,7,17.1,4.9
754,4,8,17.3,5.2
754,4,9,17.6,5.5
754,4,10,18.0,5.7
754,4,11,17.8,6.0
754,4,12,17.8,5.8
754,4,13,18.0,5.7
754,4,14,18.4,5.7
754,4,15,18.7,5.9
754,4,16,19.2,6.2
754,4,17,19.4,6.6
754,4,18,19.5,7.2
754,4,19,19.5,7.9
754,4,20,19.5,8.3
754,4,21,19.3,8.4
754,4,22,19.4,8.2
754,4,23,19.5,7.9
754,4,24,19.4,7.6
754,4,25,19.4,7.2
754,4,26,19.9,7.2
754,4,27,20.3,7.7
754,4,28,20.8,8.5
754,4,29,21.5,9.3
754,4,30,22.3,10.0
754,5,1,22.5,10.6
754,5,2,22.9,10.8
754,5,3,23.1,10.6
754,5,4,23.0,10.5
754,5,5,23.1,10.5
754,5,6,23.2,10.5
754,5,7,23.0,10.7
754,5,8,22.5,10.9
754,5,9,22.6,11.0
754,5,10,22.2,11.2
754,5,11,22.1,11.2
754,5,12,22.3,11.3
754,5,13,22.8,11.6
754,5,14,22.9,11.9
754,5,15,23.5,12.0
754,5,16,23.6,12.5
754,5,17,23.5,12.7
754,5,18,23.6,12.5
754,5,19,24.1,12.4
754,5,20,24.5,12.6
754,5,21,24.8,12.8
754,5,22,25.1,12.9
754,5,23,25.5,13.1
754,5,24,25.4,13.5
754,5,25,25.3,13.7
754,5,26,25.4,13.9
754,5,27,25.8,14.0
754,5,28,25.7,14.4
754,5,29,25.8,14.4
754,5,30,25.8,14.5
754,5,31,26.0,14.6
754,6,1,26.0,14.8
754,6,2,26.3,15.0
754,6,3,26.6,15.4
754,6,4,26.9,15.8
754,6,5,27.1,16.2
754,6,6,27.1,16.5
754,6,7,27.2,16.9
754,6,8,27.3,17.3
754,6,9,27.2,17.5
754,6,10,27.2,17.7
754,6,11,27.4,17.7
754,6,12,27.2,17.7
754,6,13,27.1,17.7
754,6,14,27.4,17.6
754,6,15,27.6,17.7
754,6,16,27.5,18.0
754,6,17,27.9,18.3
754,6,18,28.0,18.6
754,6,19,28.0,19.0
754,6,20,28.0,19.3
754,6,21,28.0,19.5
754,6,22,27.6,19.5
754,6,23,27.6,19.6
754,6,24,27.3,19.6
754,6,25,27.2,19.7
754,6,26,27.3,19.8
754,6,27,27.6,20.1
754,6,28,27.5,20.4
754,6,29,27.7,20.6
754,6,30,27.7,20.9
754,7,1,27.7,21.2
754,7,2,27.7,21.3
754,7,3,27.9,21.3
754,7,4,27.8,21.5
754,7,5,28.0,21.4
754,7,6,28.2,21.5
754,7,7,28.5,21.6
754,7,8,28.5,21.7
754,7,9,28.6,21.9
754,7,10,28.7,21.9
754,7,11,28.8,22.0
754,7,12,28.9,22.1
754,7,13,29.1,22.2
754,7,14,29.4,22.3
754,7,15,29.5,22.5
754,7,16,29.7,22.5
754,7,17,29.9,22.7
754,7,18,30.1,22.8
754,7,19,30.4,23.0
754,7,20,30.7,23.1
754,7,21,30.8,23.3
754,7,22,30.9,23.4
754,7,23,31.2,23.5
754,7,24,31.4,23.5
754,7,25,31.6,23.5
754,7,26,31.7,23.6
754,7,27,31.8,23.7
754,7,28,31.9,23.9
754,7,29,32.0,24.1
754,7,30,32.3,24.3
754,7,31,32.5,24.3
754,8,1,32.7,24.4
754,8,2,32.7,24.3
754,8,3,32.8,24.2
754,8,4,32.9,24.2
754,8,5,32.9,24.2
754,8,6,33.0,24.2
754,8,7,32.9,24.2
754,8,8,32.7,24.2
754,8,9,32.3,24.1
754,8,10,32.1,23.9
754,8,11,31.7,23.8
754,8,12,31.3,23.7
754,8,13,31.3,23.6
754,8,14,31.4,23.5
754,8,15,31.5,23.5
754,8,16,31.6,23.4
754,8,17,31.7,23.3
754,8,18,31.4,23.1
754,8,19,31.4,23.0
754,8,20,31.0,22.8
754,8,21,30.8,22.6
754,8,22,30.6,22.5
754,8,23,30.7,22.3
754,8,24,30.3,22.0
754,8,25,30.1,21.9
754,8,26,30.1,21.7
754,8,27,30.0,21.5
754,8,28,29.6,21.3
754,8,29,29.5,21.1
754,8,30,29.5,20.9
754,8,31,29.3,20.7
754,9,1,29.2,20.6
754,9,2,29.5,20.3
754,9,3,29.3,20.3
754,9,4,29.0,20.1
754,9,5,29.0,19.7
754,9,6,28.8,19.5
754,9,7,28.5,19.3
754,9,8,28.5,19.0
754,9,9,28.5,18.9
754,9,10,28.3,19.0
754,9,11,28.3,18.9
754,9,12,28.1,18.9
754,9,13,27.9,18.9
754,9,14,27.8,18.7
754,9,15,27.7,18.5
754,9,16,27.6,18.1
754,9,17,27.6,17.7
754,9,18,27.5,17.5
754,9,19,27.3,17.1
754,9,20,27.1,16.6
754,9,21,26.7,16.3
754,9,22,26.5,16.0
754,9,23,26.4,15.6
754,9,24,26.5,15.5
754,9,25,26.6,15.5
754,9,26,26.6,15.4
754,9,27,26.3,15.4
754,9,28,25.9,15.4
754,9,29,25.5,15.3
754,9,30,25.1,15.1
754,10,1,24.8,14.6
754,10,2,24.7,14.0
754,10,3,24.5,13.5
754,10,4,24.4,12.8
754,10,5,24.3,12.5
754,10,6,24.2,12.3
754,10,7,24.1,12.0
754,10,8,24.2,12.0
754,10,9,24.0,12.0
754,10,10,23.6,11.7
754,10,11,23.3,11.3
754,10,12,22.9,11.0
754,10,13,22.5,10.5
754,10,14,22.2,9.8
754,10,15,22.1,9.5
754,10,16,22.1,9.2
754,10,17,22.1,9.0
754,10,18,22.2,9.1
754,10,19,22.4,9.3
754,10,20,22.2,9.7
754,10,21,22.0,9.8
754,10,22,21.7,9.8
754,10,23,21.3,9.5
754,10,24,20.7,9.3
754,10,25,20.3,8.7
754,10,26,20.0,8.2
754,10,27,19.5,7.9
754,10,28,19.1,7.5
754,10,29,18.9,7.0
754,10,30,18.5,6.8
754,10,31,18.1,6.5
754,11,1,18.0,6.2
754,11,2,18.0,6.0
754,11,3,18.1,6.0
754,11,4,18.5,6.1
754,11,5,18.7,6.3
754,11,6,18.5,6.4
754,11,7,18.3,6.7
754,11,8,18.0,6.8
754,11,9,17.4,6.6
754,11,10,17.0,6.1
754,11,11,16.7,5.7
754,11,12,16.2,5.4
754,11,13,15.7,4.9
754,11,14,15.3,4.3
754,11,15,14.9,4.0
754,11,16,14.3,3.8
754,11,17,13.9,3.4
754,11,18,13.6,3.1
754,11,19,13.4,2.8
754,11,20,13.2,2.3
754,11,21,13.5,2.1
754,11,22,13.7,2.0
754,11,23,13.9,2.1
754,11,24,13.7,2.3
754,11,25,13.3,2.6
754,11,26,12.9,2.5
754,11,27,12.5,2.5
754,11,28,12.2,2.2
754,11,29,12.0,1.9
754,11,30,12.0,1.5
754,12,1,11.7,1.2
754,12,2,11.2,0.9
754,12,3,10.6,0.5
754,12,4,9.8,0.1
754,12,5,9.3,-0.3
754,12,6,8.9,-0.6
754,12,7,8.7,-1.0
754,12,8,8.7,-1.1
754,12,9,8.8,-0.9
754,12,10,8.6,-0.9
754,12,11,8.6,-0.9
754,12,12,8.5,-0.9
754,12,13,8.3,-1.0
754,12,14,8.1,-1.2
754,12,15,7.9,-1.3
754,12,16,7.7,-1.6
754,12,17,7.7,-1.7
754,12,18,7.7,-1.8
754,12,19,7.9,-1.8
754,12,20,8.3,-1.9
754,12,21,8.5,-1.7
754,12,22,8.5,-1.7
754,12,23,8.3,-1.9
754,12,24,7.9,-1.9
754,12,25,7.3,-2.1
754,12,26,6.8,-2.4
754,12,27,6.4,-2.7
754,12,28,6.2,-2.8
754,12,29,6.0,-3.2
754,12,30,6.0,-3.4
754,12,31,6.1,-3.4
768,1,1,5.1,-5.7
768,1,2,5.3,-5.8
768,1,3,5.4,-5.7
768,1,4,5.6,-5.6
768,1,5,5.5,-5.7
768,1,6,5.3,-5.7
768,1,7,5.0,-5.7
768,1,8,4.9,-5.6
768,1,9,4.7,-5.5
768,1,10,4.7,-5.4
768,1,11,4.5,-5.3
768,1,12,4.7,-5.2
768,1,13,4.8,-5.4
768,1,14,4.9,-5.4
768,1,15,5.1,-5.4
768,1,16,5.5,-5.6
768,1,17,5.8,-5.4
768,1,18,5.8,-4.9
768,1,19,5.7,-4.9
768,1,20,5.5,-4.9
768,1,21,5.0,-4.8
768,1,22,4.6,-5.3
768,1,23,4.2,-5.8
768,1,24,4.1,-5.8
768,1,25,4.2,-5.9
768,1,26,4.5,-5.8
768,1,27,4.8,-5.6
768,1,28,5.1,-5.3
768,1,29,5.6,-5.2
768,1,30,5.8,-5.2
768,1,31,5.9,-5.2
768,2,1,5.9,-5.3
768,2,2,6.0,-5.5
768,2,3,5.9,-5.6
768,2,4,6.0,-5.5
768,2,5,6.2,-5.4
768,2,6,6.3,-5.1
768,2,7,6.2,-4.9
768,2,8,6.4,-4.6
768,2,9,6.5,-4.6
768,2,10,6.4,-4.3
768,2,11,6.9,-4.4
768,2,12,7.6,-4.1
768,2,13,7.8,-3.9
768,2,14,7.9,-3.7
768,2,15,8.0,-3.6
768,2,16,7.8,-3.5
768,2,17,7.8,-3.6
768,2,18,8.4,-3.6
768,2,19,8.7,-3.5
768,2,20,9.4,-3.3
768,2,21,10.0,-2.9
768,2,22,10.6,-2.6
768,2,23,10.7,-2.0
768,2,24,10.9,-1.5
768,2,25,11.0,-1.2
768,2,26,11.1,-1.0
768,2,27,11.0,-0.7
768,2,28,10.9,-0.9
768,2,29,11.0,-1.0
768,3,1,11.1,-1.1
768,3,2,11.0,-1.2
768,3,3,11.1,-1.3
768,3,4,11.1,-1.2
768,3,5,11.0,-1.1
768,3,6,11.1,-1.2
768,3,7,11.5,-1.2
768,3,8,11.7,-1.1
768,3,9,11.8,-1.2
768,3,10,12.5,-1.3
768,3,11,12.9,-1.1
768,3,12,13.0,-0.7
768,3,13,13.3,-0.7
768,3,14,13.7,-0.2
768,3,15,14.2,0.3
768,3,16,14.5,0.9
768,3,17,15.1,1.3
768,3,18,15.4,1.7
768,3,19,15.6,1.6
768,3,20,15.3,1.7
768,3,21,15.1,1.5
768,3,22,14.5,1.1
768,3,23,14.3,0.9
768,3,24,14.3,1.0
768,3,25,14.7,1.0
768,3,26,15.3,1.1
768,3,27,15.8,1.6
768,3,28,16.3,2.0
768,3,29,16.8,2.4
768,3,30,17.1,2.7
768,3,31,17.3,3.0
768,4,1,17.5,3.2
768,4,2,17.6,3.2
768,4,3,17.8,3.3
768,4,4,17.7,3.5
768,4,5,17.8,3.8
768,4,6,18.3,3.9
768,4,7,18.6,4.5
768,4,8,18.8,5.0
768,4,9,19.1,5.3
768,4,10,19.4,5.4
768,4,11,19.1,5.6
768,4,12,19.2,5.4
768,4,13,19.7,5.3
768,4,14,20.1,5.3
768,4,15,20.4,5.6
768,4,16,21.1,5.9
768,4,17,21.3,6.4
768,4,18,21.1,6.8
768,4,19,21.1,7.5
768,4,20,21.1,7.8
768,4,21,20.8,7.9
768,4,22,20.8,7.8
768,4,23,21.0,7.5
768,4,24,20.8,7.1
768,4,25,20.8,6.7
768,4,26,21.2,6.5
768,4,27,21.5,6.8
768,4,28,22.0,7.6
768,4,29,22.7,8.2
768,4,30,23.5,9.0
768,5,1,23.8,9.9
768,5,2,24.4,10.3
768,5,3,24.5,10.1
768,5,4,24.5,10.2
768,5,5,24.5,10.2
768,5,6,24.6,10.1
768,5,7,24.4,10.2
768,5,8,24.1,10.5
768,5,9,24.1,10.7
768,5,10,23.8,10.8
768,5,11,23.6,10.8
768,5,12,23.8,10.9
768,5,13,24.2,11.2
768,5,14,24.3,11.4
768,5,15,24.8,11.4
768,5,16,24.8,11.8
768,5,17,24.7,11.9
768,5,18,24.9,11.7
768,5,19,25.3,11.6
768,5,20,25.6,11.7
768,5,21,26.0,11.9
768,5,22,26.1,12.1
768,5,23,26.4,12.4
768,5,24,26.4,12.8
768,5,25,26.4,13.0
768,5,26,26.4,13.2
768,5,27,27.0,13.3
768,5,28,26.7,13.5
768,5,29,26.9,13.5
768,5,30,27.0,13.7
768,5,31,27.2,13.7
768,6,1,27.2,14.0
768,6,2,27.7,14.2
768,6,3,27.9,14.8
768,6,4,28.2,15.3
768,6,5,28.4,15.7
768,6,6,28.2,16.1
768,6,7,28.3,16.4
768,6,8,28.3,16.6
768,6,9,28.3,16.7
768,6,10,28.2,16.8
768,6,11,28.5,16.8
768,6,12,28.2,16.8
768,6,13,28.2,16.7
768,6,14,28.4,16.6
768,6,15,28.5,16.7
768,6,16,28.5,17.0
768,6,17,28.9,17.3
768,6,18,29.1,17.7
768,6,19,29.2,18.2
768,6,20,29.3,18.4
768,6,21,29.3,18.6
768,6,22,28.9,18.7
768,6,23,28.7,18.7
768,6,24,28.2,18.7
768,6,25,28.0,19.0
768,6,26,28.1,19.1
768,6,27,28.3,19.3
768,6,28,28.4,19.7
768,6,29,28.4,20.0
768,6,30,28.4,20.2
768,7,1,28.4,20.5
768,7,2,28.4,20.6
768,7,3,28.5,20.7
768,7,4,28.7,20.8
768,7,5,28.9,20.7
768,7,6,29.0,20.7
768,7,7,29.1,20.8
768,7,8,29.3,20.9
768,7,9,29.3,21.1
768,7,10,29.2,21.2
768,7,11,29.2,21.3
768,7,12,29.2,21.4
768,7,13,29.2,21.5
768,7,14,29.5,21.5
768,7,15,29.7,21.6
768,7,16,30.0,21.6
768,7,17,30.1,21.7
768,7,18,30.4,21.9
768,7,19,30.7,22.1
768,7,20,31.1,22.3
768,7,21,31.3,22.6
768,7,22,31.4,22.7
768,7,23,31.6,22.8
768,7,24,31.7,22.7
768,7,25,31.8,22.7
768,7,26,31.9,22.7
768,7,27,32.0,22.8
768,7,28,32.2,22.9
768,7,29,32.3,23.1
768,7,30,32.6,23.2
768,7,31,32.7,23.3
768,8,1,32.8,23.3
768,8,2,32.7,23.2
768,8,3,32.8,23.1
768,8,4,32.8,23.0
768,8,5,32.6,22.9
768,8,6,32.7,22.9
768,8,7,32.6,23.0
768,8,8,32.3,23.0
768,8,9,31.9,23.0
768,8,10,31.9,22.9
768,8,11,31.6,22.8
768,8,12,31.4,22.7
768,8,13,31.4,22.6
768,8,14,31.4,22.5
768,8,15,31.5,22.5
768,8,16,31.6,22.4
768,8,17,31.5,22.2
768,8,18,31.2,22.0
768,8,19,31.3,21.8
768,8,20,30.8,21.7
768,8,21,30.5,21.4
768,8,22,30.4,21.3
768,8,23,30.4,21.1
768,8,24,30.0,20.9
768,8,25,29.9,20.7
768,8,26,29.9,20.7
768,8,27,29.8,20.5
768,8,28,29.4,20.3
768,8,29,29.3,20.1
768,8,30,29.4,19.8
768,8,31,29.2,19.5
768,9,1,29.1,19.3
768,9,2,29.3,19.0
768,9,3,29.2,18.9
768,9,4,28.7,18.8
768,9,5,28.7,18.7
768,9,6,28.6,18.5
768,9,7,28.3,18.4
768,9,8,28.2,18.2
768,9,9,28.2,18.0
768,9,10,28.1,18.0
768,9,11,27.9,17.9
768,9,12,27.7,17.9
768,9,13,27.5,17.8
768,9,14,27.4,17.6
768,9,15,27.3,17.3
768,9,16,27.2,17.0
768,9,17,27.3,16.5
768,9,18,27.2,16.2
768,9,19,27.0,15.8
768,9,20,26.8,15.3
768,9,21,26.4,14.9
768,9,22,26.1,14.8
768,9,23,25.9,14.4
768,9,24,26.1,14.3
768,9,25,26.0,14.1
768,9,26,26.0,14.0
768,9,27,25.6,13.9
768,9,28,25.3,14.0
768,9,29,25.0,14.0
768,9,30,24.7,13.8
768,10,1,24.6,13.4
768,10,2,24.6,12.9
768,10,3,24.3,12.3
768,10,4,24.1,11.7
768,10,5,23.9,11.2
768,10,6,23.7,11.1
768,10,7,23.5,10.8
768,10,8,23.7,10.7
768,10,9,23.6,10.6
768,10,10,23.3,10.4
768,10,11,22.9,9.9
768,10,12,22.6,9.7
768,10,13,22.3,9.2
768,10,14,21.9,8.6
768,10,15,21.9,8.1
768,10,16,21.9,7.8
768,10,17,21.9,7.4
768,10,18,21.9,7.5
768,10,19,22.1,7.6
768,10,20,21.9,7.9
768,10,21,21.5,8.1
768,10,22,21.3,8.1
768,10,23,20.9,7.8
768,10,24,20.3,7.4
768,10,25,20.0,6.9
768,10,26,19.7,6.5
768,10,27,19.2,6.2
768,10,28,18.8,5.8
768,10,29,18.5,5.4
768,10,30,18.2,5.1
768,10,31,17.8,4.8
768,11,1,17.6,4.3
768,11,2,17.6,4.0
768,11,3,17.9,4.1
768,11,4,18.2,4.2
768,11,5,18.6,4.4
768,11,6,18.5,4.7
768,11,7,18.2,5.0
768,11,8,17.8,4.9
768,11,9,17.2,4.7
768,11,10,16.6,4.2
768,11,11,16.1,3.6
768,11,12,15.7,3.3
768,11,13,15.1,2.9
768,11,14,14.6,2.4
768,11,15,14.2,2.1
768,11,16,13.7,1.8
768,11,17,13.2,1.3
768,11,18,13.0,0.9
768,11,19,12.7,0.4
768,11,20,12.6,0.1
768,11,21,12.9,-0.2
768,11,22,13.2,-0.1
768,11,23,13.2,0.0
768,11,24,13.1,0.2
768,11,25,12.6,0.5
768,11,26,12.3,0.7
768,11,27,11.8,0.7
768,11,28,11.5,0.5
768,11,29,11.3,0.2
768,11,30,11.3,-0.2
768,12,1,10.9,-0.6
768,12,2,10.4,-1.0
768,12,3,9.6,-1.4
768,12,4,8.8,-1.9
768,12,5,8.1,-2.2
768,12,6,7.7,-2.5
768,12,7,7.4,-3.0
768,12,8,7.5,-3.1
768,12,9,7.5,-2.9
768,12,10,7.4,-3.1
768,12,11,7.4,-3.1
768,12,12,7.2,-3.1
768,12,13,7.0,-3.2
768,12,14,6.7,-3.5
768,12,15,6.6,-3.5
768,12,16,6.3,-3.8
768,12,17,6.4,-3.8
768,12,18,6.3,-3.9
768,12,19,6.6,-3.9
768,12,20,7.0,-3.9
768,12,21,7.3,-3.7
768,12,22,7.3,-3.6
768,12,23,7.2,-3.7
768,12,24,6.9,-3.9
768,12,25,6.2,-4.2
768,12,26,5.8,-4.7
768,12,27,5.4,-5.0
768,12,28,5.1,-5.2
768,12,29,4.9,-5.6
768,12,30,4.8,-5.7
768,12,31,4.9,-5.6
788,1,1,5.3,-3.8
788,1,2,5.4,-4.0
788,1,3,5.7,-3.9
788,1,4,6.0,-3.7
788,1,5,5.9,-3.6
788,1,6,5.8,-3.6
788,1,7,5.6,-3.6
788,1,8,5.5,-3.4
788,1,9,5.4,-3.5
788,1,10,5.2,-3.5
788,1,11,5.0,-3.6
788,1,12,5.1,-3.7
788,1,13,5.3,-3.9
788,1,14,5.2,-3.9
788,1,15,5.6,-3.9
788,1,16,5.9,-3.9
788,1,17,6.3,-3.6
788,1,18,6.4,-3.0
788,1,19,6.5,-2.7
788,1,20,6.2,-2.6
788,1,21,5.6,-2.8
788,1,22,5.0,-3.3
788,1,23,4.5,-4.0
788,1,24,4.3,-4.4
788,1,25,4.5,-4.6
788,1,26,5.1,-4.4
788,1,27,5.6,-3.9
788,1,28,6.1,-3.6
788,1,29,6.6,-3.3
788,1,30,6.8,-3.2
788,1,31,6.5,-3.2
788,2,1,6.4,-3.4
788,2,2,6.3,-3.5
788,2,3,6.0,-3.7
788,2,4,5.9,-3.6
788,2,5,6.1,-3.7
788,2,6,6.2,-3.4
788,2,7,6.1,-3.1
788,2,8,6.4,-2.9
788,2,9,6.6,-2.8
788,2,10,6.5,-2.6
788,2,11,7.1,-2.6
788,2,12,8.0,-2.4
788,2,13,8.2,-2.1
788,2,14,8.4,-2.0
788,2,15,8.5,-1.7
788,2,16,8.3,-1.7
788,2,17,8.2,-2.0
788,2,18,8.6,-2.3
788,2,19,9.1,-2.2
788,2,20,9.9,-2.1
788,2,21,10.5,-1.6
788,2,22,11.2,-1.2
788,2,23,11.4,-0.6
788,2,24,11.4,-0.2
788,2,25,11.6,0.0
788,2,26,11.9,0.2
788,2,27,11.5,0.4
788,2,28,11.1,0.2
788,2,29,11.1,0.2
788,3,1,11.1,0.2
788,3,2,11.0,0.2
788,3,3,10.8,0.3
788,3,4,10.8,0.2
788,3,5,10.9,0.4
788,3,6,11.3,0.3
788,3,7,11.7,0.3
788,3,8,11.8,0.2
788,3,9,12.1,0.1
788,3,10,12.7,-0.1
788,3,11,12.8,0.1
788,3,12,12.8,0.2
788,3,13,13.3,0.2
788,3,14,13.9,1.0
788,3,15,14.4,1.3
788,3,16,14.7,1.9
788,3,17,15.3,2.5
788,3,18,15.6,2.9
788,3,19,15.8,2.7
788,3,20,15.5,2.9
788,3,21,15.5,2.7
788,3,22,15.1,2.4
788,3,23,14.6,2.3
788,3,24,14.7,2.3
788,3,25,15.0,2.3
788,3,26,15.5,2.4
788,3,27,15.9,2.8
788,3,28,16.8,3.3
788,3,29,17.1,3.9
788,3,30,17.4,4.3
788,3,31,17.5,4.7
788,4,1,17.6,4.9
788,4,2,17.6,4.9
788,4,3,17.8,4.8
788,4,4,17.7,4.7
788,4,5,17.6,4.7
788,4,6,18.3,4.8
788,4,7,18.8,5.3
788,4,8,19.2,5.7
788,4,9,19.5,6.3
788,4,10,20.1,6.5
788,4,11,19.6,6.8
788,4,12,19.5,6.6
788,4,13,19.8,6.4
788,4,14,20.2,6.2
788,4,15,20.4,6.4
788,4,16,20.9,6.7
788,4,17,21.0,7.3
788,4,18,20.8,7.8
788,4,19,20.7,8.4
788,4,20,20.5,8.7
788,4,21,20.2,8.6
788,4,22,20.3,8.5
788,4,23,20.6,8.2
788,4,24,20.4,8.0
788,4,25,20.5,7.6
788,4,26,21.0,7.6
788,4,27,21.4,7.8
788,4,28,21.9,8.6
788,4,29,22.8,9.3
788,4,30,23.8,10.2
788,5,1,24.2,10.9
788,5,2,24.8,11.3
788,5,3,25.0,11.1
788,5,4,24.8,10.9
788,5,5,25.0,10.7
788,5,6,25.1,10.7
788,5,7,24.9,11.1
788,5,8,24.5,11.4
788,5,9,24.8,11.6
788,5,10,24.2,12.0
788,5,11,24.0,11.9
788,5,12,24.4,11.9
788,5,13,24.8,12.1
788,5,14,24.8,12.3
788,5,15,25.3,12.5
788,5,16,25.4,12.8
788,5,17,25.3,13.0
788,5,18,25.4,12.8
788,5,19,25.8,12.6
788,5,20,26.2,12.6
788,5,21,26.5,12.9
788,5,22,26.8,13.1
788,5,23,27.0,13.5
788,5,24,27.1,14.0
788,5,25,27.2,14.2
788,5,26,27.3,14.6
788,5,27,27.9,14.8
788,5,28,27.9,15.0
788,5,29,27.9,15.1
788,5,30,28.0,15.2
788,5,31,28.3,15.1
788,6,1,28.2,15.2
788,6,2,28.5,15.3
788,6,3,28.8,15.7
788,6,4,29.0,16.2
788,6,5,28.9,16.7
788,6,6,28.8,17.0
788,6,7,28.9,17.3
788,6,8,28.8,17.6
788,6,9,28.7,17.9
788,6,10,28.8,18.0
788,6,11,29.1,18.1
788,6,12,28.8,18.1
788,6,13,28.7,18.1
788,6,14,29.1,17.8
788,6,15,29.1,17.8
788,6,16,29.1,18.1
788,6,17,29.5,18.4
788,6,18,29.6,18.7
788,6,19,29.5,19.3
788,6,20,29.7,19.6
788,6,21,29.8,19.9
788,6,22,29.5,19.9
788,6,23,29.4,19.9
788,6,24,29.2,19.8
788,6,25,29.0,20.0
788,6,26,28.9,20.1
788,6,27,29.0,20.3
788,6,28,28.9,20.7
788,6,29,28.8,20.8
788,6,30,28.8,21.0
788,7,1,28.5,21.2
788,7,2,28.4,21.2
788,7,3,28.6,21.3
788,7,4,28.6,21.5
788,7,5,28.8,21.5
788,7,6,29.3,21.6
788,7,7,29.7,21.8
788,7,8,29.7,22.0
788,7,9,29.8,22.2
788,7,10,30.0,22.3
788,7,11,29.9,22.5
788,7,12,29.9,22.6
788,7,13,30.0,22.7
788,7,14,30.3,22.8
788,7,15,30.3,22.9
788,7,16,30.4,22.9
788,7,17,30.7,23.1
788,7,18,30.9,23.3
788,7,19,31.3,23.5
788,7,20,31.7,23.6
788,7,21,32.0,23.7
788,7,22,31.9,23.7
788,7,23,32.1,23.8
788,7,24,32.2,23.8
788,7,25,32.3,23.8
788,7,26,32.4,23.8
788,7,27,32.6,23.9
788,7,28,32.9,24.0
788,7,29,33.1,24.2
788,7,30,33.4,24.4
788,7,31,33.7,24.7
788,8,1,33.8,24.8
788,8,2,33.9,24.8
788,8,3,34.0,24.7
788,8,4,34.0,24.6
788,8,5,34.0,24.4
788,8,6,34.1,24.3
788,8,7,34.0,24.2
788,8,8,33.7,24.3
788,8,9,33.4,24.3
788,8,10,33.3,24.3
788,8,11,33.0,24.3
788,8,12,32.7,24.3
788,8,13,32.7,24.2
788,8,14,32.7,24.1
788,8,15,32.7,24.0
788,8,16,32.7,23.8
788,8,17,32.4,23.5
788,8,18,32.1,23.3
788,8,19,32.1,23.2
788,8,20,31.8,23.1
788,8,21,31.5,23.1
788,8,22,31.4,23.1
788,8,23,31.4,22.9
788,8,24,31.0,22.6
788,8,25,30.7,22.4
788,8,26,30.6,22.1
788,8,27,30.6,21.8
788,8,28,30.1,21.7
788,8,29,29.9,21.4
788,8,30,30.0,21.1
788,8,31,29.7,20.9
788,9,1,29.7,20.8
788,9,2,30.0,20.6
788,9,3,29.9,20.5
788,9,4,29.4,20.5
788,9,5,29.4,20.1
788,9,6,29.2,19.9
788,9,7,28.8,19.6
788,9,8,28.8,19.3
788,9,9,28.8,19.0
788,9,10,28.7,19.0
788,9,11,28.6,19.0
788,9,12,28.7,19.0
788,9,13,28.6,19.0
788,9,14,28.6,19.0
788,9,15,28.8,18.9
788,9,16,28.6,18.7
788,9,17,28.5,18.5
788,9,18,28.3,18.2
788,9,19,28.0,17.8
788,9,20,27.7,17.3
788,9,21,27.4,16.9
788,9,22,27.3,16.5
788,9,23,27.3,16.1
788,9,24,27.4,16.0
788,9,25,27.4,15.9
788,9,26,27.4,15.8
788,9,27,27.0,15.8
788,9,28,26.6,15.8
788,9,29,26.2,15.7
788,9,30,25.8,15.6
788,10,1,25.6,15.2
788,10,2,25.5,14.6
788,10,3,25.2,14.1
788,10,4,25.1,13.6
788,10,5,25.0,13.2
788,10,6,24.8,13.0
788,10,7,24.7,12.9
788,10,8,24.9,12.6
788,10,9,24.7,12.4
788,10,10,24.4,12.0
788,10,11,24.2,11.5
788,10,12,23.7,11.1
788,10,13,23.2,10.6
788,10,14,22.9,10.1
788,10,15,22.8,9.8
788,10,16,22.8,9.7
788,10,17,22.9,9.5
788,10,18,23.0,9.6
788,10,19,23.1,9.9
788,10,20,23.0,10.1
788,10,21,22.5,10.2
788,10,22,22.1,10.1
788,10,23,21.7,9.7
788,10,24,21.0,9.2
788,10,25,20.7,8.5
788,10,26,20.6,8.0
788,10,27,20.2,7.8
788,10,28,19.8,7.5
788,10,29,19.6,7.1
788,10,30,19.3,7.0
788,10,31,18.8,6.9
788,11,1,18.7,6.6
788,11,2,18.8,6.4
788,11,3,19.0,6.4
788,11,4,19.4,6.7
788,11,5,19.6,6.8
788,11,6,19.4,7.1
788,11,7,19.1,7.4
788,11,8,18.6,7.5
788,11,9,17.8,7.2
788,11,10,17.3,6.6
788,11,11,16.9,5.8
788,11,12,16.2,5.2
788,11,13,15.8,4.5
788,11,14,15.4,3.9
788,11,15,15.1,3.9
788,11,16,14.8,3.8
788,11,17,14.5,3.8
788,11,18,14.0,3.5
788,11,19,13.8,3.1
788,11,20,13.4,2.6
788,11,21,13.3,2.3
788,11,22,13.4,2.2
788,11,23,13.6,2.1
788,11,24,13.7,2.2
788,11,25,13.4,2.4
788,11,26,13.2,2.5
788,11,27,12.9,2.3
788,11,28,12.6,2.3
788,11,29,12.3,2.0
788,11,30,12.2,1.6
788,12,1,11.8,1.2
788,12,2,11.3,1.0
788,12,3,10.7,0.5
788,12,4,9.8,0.0
788,12,5,9.1,-0.5
788,12,6,8.6,-0.9
788,12,7,8.4,-1.4
788,12,8,8.7,-1.3
788,12,9,8.9,-0.7
788,12,10,8.9,-0.5
788,12,11,8.8,-0.3
788,12,12,8.6,-0.4
788,12,13,8.2,-0.6
788,12,14,7.7,-1.2
788,12,15,7.4,-1.6
788,12,16,7.1,-2.0
788,12,17,7.0,-2.2
788,12,18,7.0,-2.3
788,12,19,7.2,-2.3
788,12,20,7.7,-2.2
788,12,21,7.9,-2.0
788,12,22,8.0,-1.9
788,12,23,7.9,-2.1
788,12,24,7.5,-2.2
788,12,25,6.8,-2.4
788,12,26,6.4,-2.8
788,12,27,5.9,-3.1
788,12,28,5.5,-3.1
788,12,29,5.1,-3.5
788,12,30,4.9,-3.8
788,12,31,5.1,-3.8
810,1,1,5.7,-7.6
810,1,2,5.8,-7.7
810,1,3,6.0,-7.8
810,1,4,6.0,-7.7
810,1,5,5.7,-7.7
810,1,6,5.6,-7.6
810,1,7,5.3,-7.6
810,1,8,5.2,-7.6
810,1,9,5.2,-7.6
810,1,10,5.2,-7.6
810,1,11,5.2,-7.6
810,1,12,5.3,-7.4
810,1,13,5.3,-7.2
810,1,14,5.4,-7.0
810,1,15,5.5,-6.9
810,1,16,5.8,-6.8
810,1,17,5.8,-6.7
810,1,18,5.8,-6.3
810,1,19,5.7,-6.1
810,1,20,5.4,-6.1
810,1,21,5.2,-6.3
810,1,22,4.9,-6.7
810,1,23,4.8,-7.3
810,1,24,4.8,-7.5
810,1,25,5.1,-7.5
810,1,26,5.3,-7.5
810,1,27,5.6,-7.2
810,1,28,5.9,-6.8
810,1,29,6.2,-6.8
810,1,30,6.4,-6.8
810,1,31,6.5,-6.8
810,2,1,6.6,-6.9
810,2,2,6.6,-7.1
810,2,3,6.6,-7.1
810,2,4,6.8,-7.0
810,2,5,6.9,-7.0
810,2,6,6.9,-6.6
810,2,7,6.8,-6.4
810,2,8,7.0,-6.1
810,2,9,7.0,-5.9
810,2,10,6.8,-5.7
810,2,11,7.3,-5.6
810,2,12,8.0,-5.2
810,2,13,8.2,-5.0
810,2,14,8.4,-4.7
810,2,15,8.5,-4.6
810,2,16,8.4,-4.5
810,2,17,8.4,-4.7
810,2,18,8.7,-4.8
810,2,19,8.9,-4.8
810,2,20,9.5,-4.6
810,2,21,10.0,-4.2
810,2,22,10.4,-3.7
810,2,23,10.5,-3.1
810,2,24,10.7,-2.6
810,2,25,10.7,-2.3
810,2,26,10.8,-2.1
810,2,27,10.9,-1.9
810,2,28,10.9,-2.0
810,2,29,11.0,-2.0
810,3,1,11.1,-2.1
810,3,2,11.2,-2.1
810,3,3,11.4,-1.9
810,3,4,11.5,-2.0
810,3,5,11.4,-1.9
810,3,6,11.5,-1.9
810,3,7,11.9,-1.9
810,3,8,12.1,-1.9
810,3,9,12.2,-2.0
810,3,10,12.9,-2.1
810,3,11,13.3,-1.8
810,3,12,13.4,-1.6
810,3,13,13.6,-1.5
810,3,14,14.0,-1.0
810,3,15,14.5,-0.6
810,3,16,14.8,-0.1
810,3,17,15.4,0.4
810,3,18,15.6,0.8
810,3,19,15.9,0.9
810,3,20,15.6,1.2
810,3,21,15.5,1.2
810,3,22,15.0,0.9
810,3,23,15.0,0.9
810,3,24,15.0,0.8
810,3,25,15.5,0.8
810,3,26,16.1,0.8
810,3,27,16.5,1.2
810,3,28,17.0,1.5
810,3,29,17.3,1.9
810,3,30,17.4,2.2
810,3,31,17.4,2.5
810,4,1,17.7,2.7
810,4,2,17.8,2.6
810,4,3,18.1,2.7
810,4,4,18.1,2.9
810,4,5,18.4,3.2
810,4,6,18.9,3.5
810,4,7,19.1,4.0
810,4,8,19.3,4.4
810,4,9,19.5,4.9
810,4,10,19.5,4.9
810,4,11,19.3,5.1
810,4,12,19.7,5.1
810,4,13,20.1,5.1
810,4,14,20.6,5.0
810,4,15,21.0,5.2
810,4,16,21.6,5.6
810,4,17,21.6,6.0
810,4,18,21.5,6.5
810,4,19,21.4,7.1
810,4,20,21.5,7.5
810,4,21,21.2,7.8
810,4,22,21.3,7.7
810,4,23,21.5,7.5
810,4,24,21.4,7.3
810,4,25,21.4,7.0
810,4,26,21.8,6.7
810,4,27,22.0,6.9
810,4,28,22.5,7.6
810,4,29,23.2,8.2
810,4,30,23.9,8.8
810,5,1,24.2,9.6
810,5,2,24.9,10.0
810,5,3,25.1,9.9
810,5,4,25.0,9.9
810,5,5,25.0,10.1
810,5,6,25.1,10.0
810,5,7,24.7,10.1
810,5,8,24.3,10.4
810,5,9,24.1,10.2
810,5,10,23.9,10.3
810,5,11,24.0,10.4
810,5,12,24.3,10.5
810,5,13,24.6,10.8
810,5,14,24.7,11.3
810,5,15,25.2,11.4
810,5,16,25.1,11.6
810,5,17,25.1,11.8
810,5,18,25.4,11.6
810,5,19,25.9,11.4
810,5,20,26.2,11.5
810,5,21,26.6,11.7
810,5,22,26.8,11.9
810,5,23,27.0,12.2
810,5,24,27.1,12.7
810,5,25,27.0,13.0
810,5,26,27.0,13.2
810,5,27,27.3,13.3
810,5,28,27.1,13.4
810,5,29,27.3,13.3
810,5,30,27.4,13.3
810,5,31,27.5,13.4
810,6,1,27.5,13.7
810,6,2,27.9,13.9
810,6,3,27.9,14.3
810,6,4,28.1,14.8
810,6,5,28.5,15.1
810,6,6,28.4,15.4
810,6,7,28.3,15.8
810,6,8,28.4,16.0
810,6,9,28.3,16.2
810,6,10,28.2,16.2
810,6,11,28.4,16.2
810,6,12,28.2,16.2
810,6,13,28.3,16.2
810,6,14,28.6,16.2
810,6,15,28.6,16.4
810,6,16,28.7,16.7
810,6,17,29.1,17.0
810,6,18,29.3,17.3
810,6,19,29.3,17.9
810,6,20,29.3,18.1
810,6,21,29.3,18.3
810,6,22,28.9,18.5
810,6,23,28.5,18.5
810,6,24,28.1,18.5
810,6,25,28.1,18.7
810,6,26,28.1,18.9
810,6,27,28.5,19.2
810,6,28,28.8,19.6
810,6,29,28.9,20.0
810,6,30,28.9,20.1
810,7,1,28.9,20.5
810,7,2,28.9,20.6
810,7,3,29.0,20.7
810,7,4,29.2,20.7
810,7,5,29.1,20.6
810,7,6,29.0,20.5
810,7,7,29.0,20.5
810,7,8,29.0,20.6
810,7,9,29.0,20.7
810,7,10,29.1,20.9
810,7,11,29.2,21.0
810,7,12,29.3,21.1
810,7,13,29.3,21.2
810,7,14,29.5,21.2
810,7,15,29.7,21.2
810,7,16,29.9,21.2
810,7,17,30.1,21.4
810,7,18,30.4,21.5
810,7,19,30.8,21.7
810,7,20,31.3,22.1
810,7,21,31.6,22.3
810,7,22,31.7,22.5
810,7,23,31.7,22.6
810,7,24,31.6,22.5
810,7,25,31.6,22.4
810,7,26,31.6,22.5
810,7,27,31.8,22.5
810,7,28,32.0,22.5
810,7,29,32.3,22.7
810,7,30,32.6,22.9
810,7,31,32.8,23.0
810,8,1,32.8,23.2
810,8,2,32.9,23.3
810,8,3,33.0,23.3
810,8,4,32.9,23.3
810,8,5,32.7,23.2
810,8,6,32.7,23.1
810,8,7,32.5,23.1
810,8,8,32.1,23.0
810,8,9,31.8,23.0
810,8,10,31.8,22.9
810,8,11,31.6,22.8
810,8,12,31.3,22.6
810,8,13,31.3,22.5
810,8,14,31.2,22.4
810,8,15,31.2,22.3
810,8,16,30.9,22.3
810,8,17,30.9,22.1
810,8,18,30.6,22.0
810,8,19,30.8,21.9
810,8,20,30.6,21.7
810,8,21,30.5,21.5
810,8,22,30.5,21.3
810,8,23,30.4,21.1
810,8,24,30.0,20.8
810,8,25,29.9,20.5
810,8,26,29.8,20.4
810,8,27,29.8,20.3
810,8,28,29.5,20.1
810,8,29,29.2,19.9
810,8,30,29.3,19.6
810,8,31,28.9,19.3
810,9,1,28.6,19.1
810,9,2,28.7,18.7
810,9,3,28.7,18.6
810,9,4,28.1,18.6
810,9,5,28.1,18.4
810,9,6,28.1,18.1
810,9,7,27.9,18.1
810,9,8,27.9,18.0
810,9,9,28.0,17.9
810,9,10,27.8,17.9
810,9,11,27.6,17.9
810,9,12,27.2,17.7
810,9,13,27.0,17.5
810,9,14,26.8,17.2
810,9,15,26.7,16.9
810,9,16,26.6,16.6
810,9,17,26.8,16.1
810,9,18,26.7,15.7
810,9,19,26.4,15.3
810,9,20,26.0,14.9
810,9,21,25.7,14.5
810,9,22,25.2,14.3
810,9,23,25.2,14.1
810,9,24,25.3,13.9
810,9,25,25.4,13.7
810,9,26,25.4,13.6
810,9,27,25.2,13.6
810,9,28,24.8,13.5
810,9,29,24.6,13.5
810,9,30,24.3,13.4
810,10,1,24.3,13.1
810,10,2,24.4,12.6
810,10,3,24.2,12.1
810,10,4,24.0,11.5
810,10,5,23.8,11.1
810,10,6,23.4,10.9
810,10,7,23.3,10.6
810,10,8,23.4,10.5
810,10,9,23.4,10.4
810,10,10,23.1,10.2
810,10,11,22.9,9.8
810,10,12,22.6,9.7
810,10,13,22.2,9.1
810,10,14,21.8,8.5
810,10,15,21.8,8.0
810,10,16,21.6,7.6
810,10,17,21.5,7.2
810,10,18,21.4,7.1
810,10,19,21.4,7.3
810,10,20,21.1,7.4
810,10,21,20.8,7.5
810,10,22,20.5,7.5
810,10,23,20.3,7.2
810,10,24,19.9,6.9
810,10,25,19.7,6.4
810,10,26,19.4,5.9
810,10,27,19.0,5.6
810,10,28,18.5,5.2
810,10,29,18.3,4.7
810,10,30,17.9,4.3
810,10,31,17.7,3.9
810,11,1,17.6,3.4
810,11,2,17.7,3.0
810,11,3,17.8,2.9
810,11,4,18.1,2.9
810,11,5,18.3,3.2
810,11,6,18.1,3.6
810,11,7,17.8,4.1
810,11,8,17.4,4.1
810,11,9,16.9,3.8
810,11,10,16.3,3.5
810,11,11,15.9,2.8
810,11,12,15.6,2.4
810,11,13,15.2,2.0
810,11,14,14.7,1.4
810,11,15,14.2,0.9
810,11,16,13.7,0.6
810,11,17,13.1,0.0
810,11,18,12.7,-0.4
810,11,19,12.5,-0.8
810,11,20,12.3,-1.1
810,11,21,12.6,-1.3
810,11,22,12.7,-1.2
810,11,23,12.6,-1.2
810,11,24,12.5,-0.9
810,11,25,12.1,-0.8
810,11,26,11.7,-0.8
810,11,27,11.4,-0.8
810,11,28,11.2,-1.0
810,11,29,11.1,-1.4
810,11,30,10.9,-1.7
810,12,1,10.7,-2.0
810,12,2,10.4,-2.4
810,12,3,9.9,-2.8
810,12,4,9.1,-3.0
810,12,5,8.6,-3.4
810,12,6,8.2,-3.8
810,12,7,7.9,-4.2
810,12,8,7.8,-4.5
810,12,9,7.8,-4.5
810,12,10,7.8,-4.8
810,12,11,7.8,-4.9
810,12,12,7.6,-5.1
810,12,13,7.4,-5.2
810,12,14,7.2,-5.6
810,12,15,7.1,-5.6
810,12,16,6.9,-5.7
810,12,17,6.8,-5.7
810,12,18,6.8,-5.8
810,12,19,6.9,-5.8
810,12,20,7.3,-5.8
810,12,21,7.5,-5.7
810,12,22,7.6,-5.7
810,12,23,7.5,-5.8
810,12,24,7.3,-6.0
810,12,25,6.8,-6.3
810,12,26,6.4,-6.7
810,12,27,6.2,-7.1
810,12,28,6.0,-7.2
810,12,29,5.8,-7.6
810,12,30,5.6,-7.7
810,12,31,5.7,-7.6
812,1,1,6.5,-7.8
812,1,2,6.5,-7.8
812,1,3,6.7,-7.9
812,1,4,6.7,-7.8
812,1,5,6.5,-7.9
812,1,6,6.3,-7.7
812,1,7,6.0,-7.8
812,1,8,5.9,-7.8
812,1,9,5.9,-7.8
812,1,10,5.9,-7.8
812,1,11,5.9,-7.9
812,1,12,6.0,-7.7
812,1,13,6.1,-7.5
812,1,14,6.2,-7.4
812,1,15,6.4,-7.2
812,1,16,6.7,-7.1
812,1,17,6.8,-6.9
812,1,18,6.9,-6.5
812,1,19,6.7,-6.5
812,1,20,6.4,-6.5
812,1,21,6.1,-6.6
812,1,22,5.8,-7.0
812,1,23,5.6,-7.5
812,1,24,5.7,-7.7
812,1,25,5.9,-7.8
812,1,26,6.1,-7.8
812,1,27,6.4,-7.5
812,1,28,6.7,-7.2
812,1,29,7.0,-6.9
812,1,30,7.1,-6.8
812,1,31,7.2,-6.9
812,2,1,7.3,-7.0
812,2,2,7.4,-7.3
812,2,3,7.4,-7.3
812,2,4,7.6,-7.3
812,2,5,7.7,-7.2
812,2,6,7.7,-6.8
812,2,7,7.6,-6.6
812,2,8,7.8,-6.4
812,2,9,7.8,-6.3
812,2,10,7.6,-6.1
812,2,11,8.2,-6.0
812,2,12,8.7,-5.5
812,2,13,9.0,-5.3
812,2,14,9.0,-5.0
812,2,15,9.2,-4.9
812,2,16,9.1,-4.8
812,2,17,9.1,-5.0
812,2,18,9.4,-5.0
812,2,19,9.6,-5.0
812,2,20,10.0,-4.7
812,2,21,10.6,-4.3
812,2,22,10.9,-3.8
812,2,23,11.0,-3.2
812,2,24,11.3,-2.7
812,2,25,11.5,-2.4
812,2,26,11.6,-2.1
812,2,27,11.7,-2.1
812,2,28,11.7,-2.3
812,2,29,11.8,-2.3
812,3,1,11.9,-2.3
812,3,2,11.9,-2.3
812,3,3,12.0,-2.3
812,3,4,12.1,-2.2
812,3,5,12.0,-2.1
812,3,6,12.1,-2.2
812,3,7,12.5,-2.2
812,3,8,12.6,-2.0
812,3,9,12.8,-2.1
812,3,10,13.3,-2.2
812,3,11,13.8,-1.9
812,3,12,13.9,-1.7
812,3,13,14.1,-1.6
812,3,14,14.5,-1.1
812,3,15,15.0,-0.8
812,3,16,15.2,-0.1
812,3,17,15.7,0.5
812,3,18,15.9,1.0
812,3,19,16.2,1.1
812,3,20,16.0,1.4
812,3,21,15.9,1.2
812,3,22,15.6,0.8
812,3,23,15.6,0.6
812,3,24,15.5,0.6
812,3,25,16.0,0.6
812,3,26,16.6,0.7
812,3,27,16.9,1.1
812,3,28,17.4,1.4
812,3,29,17.8,1.7
812,3,30,17.9,2.0
812,3,31,17.9,2.3
812,4,1,18.2,2.4
812,4,2,18.2,2.3
812,4,3,18.4,2.5
812,4,4,18.5,2.8
812,4,5,18.7,3.1
812,4,6,19.2,3.3
812,4,7,19.4,3.9
812,4,8,19.6,4.2
812,4,9,19.8,4.6
812,4,10,19.8,4.6
812,4,11,19.7,4.8
812,4,12,20.0,4.9
812,4,13,20.5,5.0
812,4,14,21.0,4.9
812,4,15,21.2,5.1
812,4,16,21.6,5.5
812,4,17,21.5,5.8
812,4,18,21.3,6.3
812,4,19,21.2,6.9
812,4,20,21.2,7.3
812,4,21,21.0,7.4
812,4,22,21.3,7.4
812,4,23,21.5,7.1
812,4,24,21.4,6.7
812,4,25,21.5,6.4
812,4,26,21.9,6.1
812,4,27,22.1,6.4
812,4,28,22.5,7.1
812,4,29,23.2,7.8
812,4,30,23.7,8.5
812,5,1,24.0,9.3
812,5,2,24.7,9.7
812,5,3,24.9,9.6
812,5,4,24.9,9.7
812,5,5,25.0,9.8
812,5,6,25.2,9.6
812,5,7,24.8,9.8
812,5,8,24.4,10.0
812,5,9,24.2,9.8
812,5,10,23.9,9.9
812,5,11,24.0,10.0
812,5,12,24.4,10.0
812,5,13,24.7,10.3
812,5,14,24.7,10.7
812,5,15,25.2,10.9
812,5,16,25.0,11.2
812,5,17,24.9,11.5
812,5,18,25.2,11.4
812,5,19,25.8,11.2
812,5,20,26.1,11.2
812,5,21,26.6,11.4
812,5,22,26.9,11.5
812,5,23,27.1,11.9
812,5,24,27.1,12.3
812,5,25,27.0,12.6
812,5,26,26.9,12.7
812,5,27,27.3,12.8
812,5,28,27.1,12.9
812,5,29,27.2,12.8
812,5,30,27.4,12.9
812,5,31,27.5,13.1
812,6,1,27.4,13.5
812,6,2,27.8,13.7
812,6,3,27.8,14.2
812,6,4,27.9,14.5
812,6,5,28.4,14.9
812,6,6,28.3,15.1
812,6,7,28.2,15.5
812,6,8,28.3,15.8
812,6,9,28.3,16.0
812,6,10,28.1,16.1
812,6,11,28.2,16.2
812,6,12,28.1,16.2
812,6,13,28.2,16.2
812,6,14,28.4,16.2
812,6,15,28.5,16.3
812,6,16,28.7,16.5
812,6,17,28.9,16.8
812,6,18,29.1,17.3
812,6,19,29.1,17.8
812,6,20,29.1,18.1
812,6,21,29.0,18.4
812,6,22,28.6,18.4
812,6,23,28.2,18.3
812,6,24,27.7,18.2
812,6,25,27.7,18.4
812,6,26,27.8,18.6
812,6,27,28.2,18.9
812,6,28,28.4,19.3
812,6,29,28.5,19.7
812,6,30,28.5,19.9
812,7,1,28.4,20.3
812,7,2,28.4,20.5
812,7,3,28.5,20.6
812,7,4,28.6,20.6
812,7,5,28.6,20.4
812,7,6,28.6,20.3
812,7,7,28.5,20.4
812,7,8,28.6,20.5
812,7,9,28.6,20.6
812,7,10,28.7,20.8
812,7,11,28.8,21.0
812,7,12,28.9,21.1
812,7,13,28.9,21.1
812,7,14,29.2,21.1
812,7,15,29.4,21.1
812,7,16,29.6,21.1
812,7,17,29.8,21.2
812,7,18,30.2,21.3
812,7,19,30.6,21.5
812,7,20,31.0,21.9
812,7,21,31.3,22.1
812,7,22,31.4,22.3
812,7,23,31.3,22.4
812,7,24,31.3,22.4
812,7,25,31.4,22.2
812,7,26,31.4,22.3
812,7,27,31.7,22.3
812,7,28,31.9,22.4
812,7,29,32.1,22.6
812,7,30,32.3,22.8
812,7,31,32.5,22.9
812,8,1,32.4,22.9
812,8,2,32.5,22.9
812,8,3,32.7,22.9
812,8,4,32.6,22.8
812,8,5,32.4,22.7
812,8,6,32.4,22.7
812,8,7,32.3,22.8
812,8,8,31.9,22.8
812,8,9,31.6,22.7
812,8,10,31.5,22.6
812,8,11,31.4,22.5
812,8,12,31.1,22.3
812,8,13,31.0,22.2
812,8,14,30.9,22.1
812,8,15,31.0,22.1
812,8,16,30.8,22.0
812,8,17,30.9,21.8
812,8,18,30.7,21.7
812,8,19,30.8,21.5
812,8,20,30.5,21.3
812,8,21,30.4,21.1
812,8,22,30.3,20.9
812,8,23,30.2,20.6
812,8,24,29.8,20.4
812,8,25,29.6,20.2
812,8,26,29.7,20.1
812,8,27,29.6,19.9
812,8,28,29.3,19.8
812,8,29,29.0,19.6
812,8,30,29.1,19.3
812,8,31,28.8,19.0
812,9,1,28.4,18.8
812,9,2,28.7,18.5
812,9,3,28.6,18.4
812,9,4,28.1,18.4
812,9,5,28.0,18.2
812,9,6,28.1,18.0
812,9,7,27.8,18.0
812,9,8,27.8,17.9
812,9,9,28.0,17.7
812,9,10,27.7,17.7
812,9,11,27.5,17.7
812,9,12,27.1,17.5
812,9,13,26.9,17.3
812,9,14,26.8,17.0
812,9,15,26.7,16.7
812,9,16,26.7,16.4
812,9,17,26.8,15.9
812,9,18,26.7,15.5
812,9,19,26.5,15.2
812,9,20,26.1,14.7
812,9,21,25.7,14.2
812,9,22,25.3,14.0
812,9,23,25.3,13.8
812,9,24,25.4,13.4
812,9,25,25.5,13.2
812,9,26,25.4,13.2
812,9,27,25.1,13.2
812,9,28,24.8,13.1
812,9,29,24.5,13.2
812,9,30,24.5,13.1
812,10,1,24.5,12.7
812,10,2,24.6,12.2
812,10,3,24.3,11.7
812,10,4,24.1,11.2
812,10,5,23.8,10.8
812,10,6,23.4,10.7
812,10,7,23.2,10.4
812,10,8,23.4,10.3
812,10,9,23.4,10.2
812,10,10,23.1,10.0
812,10,11,23.0,9.5
812,10,12,22.8,9.3
812,10,13,22.5,8.7
812,10,14,22.1,8.0
812,10,15,22.0,7.5
812,10,16,21.9,7.2
812,10,17,21.7,6.9
812,10,18,21.6,6.9
812,10,19,21.7,7.1
812,10,20,21.4,7.2
812,10,21,21.2,7.3
812,10,22,20.9,7.2
812,10,23,20.7,6.9
812,10,24,20.3,6.5
812,10,25,20.1,5.9
812,10,26,19.9,5.4
812,10,27,19.6,5.0
812,10,28,19.1,4.5
812,10,29,18.8,4.1
812,10,30,18.5,3.8
812,10,31,18.2,3.5
812,11,1,18.0,3.0
812,11,2,18.0,2.6
812,11,3,18.2,2.6
812,11,4,18.4,2.7
812,11,5,18.7,3.0
812,11,6,18.5,3.5
812,11,7,18.3,3.9
812,11,8,17.8,3.8
812,11,9,17.4,3.6
812,11,10,16.8,3.2
812,11,11,16.3,2.5
812,11,12,16.0,2.1
812,11,13,15.6,1.7
812,11,14,15.1,1.1
812,11,15,14.7,0.6
812,11,16,14.2,0.3
812,11,17,13.6,-0.2
812,11,18,13.3,-0.7
812,11,19,13.0,-1.1
812,11,20,12.8,-1.4
812,11,21,13.1,-1.6
812,11,22,13.2,-1.4
812,11,23,13.1,-1.3
812,11,24,13.0,-1.0
812,11,25,12.7,-0.8
812,11,26,12.3,-0.8
812,11,27,12.0,-0.9
812,11,28,11.8,-1.1
812,11,29,11.6,-1.4
812,11,30,11.4,-1.9
812,12,1,11.1,-2.2
812,12,2,10.8,-2.6
812,12,3,10.4,-3.1
812,12,4,9.7,-3.4
812,12,5,9.2,-3.8
812,12,6,8.9,-4.1
812,12,7,8.6,-4.6
812,12,8,8.5,-4.7
812,12,9,8.6,-4.7
812,12,10,8.6,-5.0
812,12,11,8.5,-5.1
812,12,12,8.3,-5.4
812,12,13,8.1,-5.5
812,12,14,7.8,-5.8
812,12,15,7.8,-5.7
812,12,16,7.6,-5.9
812,12,17,7.6,-5.9
812,12,18,7.6,-6.0
812,12,19,7.6,-5.9
812,12,20,7.9,-5.8
812,12,21,8.2,-5.7
812,12,22,8.1,-5.6
812,12,23,8.2,-5.7
812,12,24,8.1,-5.9
812,12,25,7.6,-6.2
812,12,26,7.1,-6.6
812,12,27,6.9,-7.0
812,12,28,6.6,-7.2
812,12,29,6.4,-7.6
812,12,30,6.3,-7.7
812,12,31,6.4,-7.7
813,1,1,6.3,-7.0
813,1,2,6.3,-7.1
813,1,3,6.6,-7.3
813,1,4,6.6,-7.3
813,1,5,6.4,-7.3
813,1,6,6.2,-7.2
813,1,7,5.9,-7.2
813,1,8,5.8,-7.2
813,1,9,5.7,-7.3
813,1,10,5.6,-7.3
813,1,11,5.5,-7.3
813,1,12,5.6,-7.2
813,1,13,5.8,-7.0
813,1,14,5.8,-6.9
813,1,15,6.1,-6.9
813,1,16,6.5,-6.7
813,1,17,6.6,-6.5
813,1,18,6.5,-6.1
813,1,19,6.4,-5.8
813,1,20,6.2,-5.8
813,1,21,5.8,-5.9
813,1,22,5.4,-6.3
813,1,23,5.2,-6.8
813,1,24,5.2,-7.1
813,1,25,5.4,-7.2
813,1,26,5.7,-7.2
813,1,27,6.0,-7.0
813,1,28,6.2,-6.7
813,1,29,6.6,-6.5
813,1,30,6.7,-6.4
813,1,31,6.9,-6.4
813,2,1,7.0,-6.6
813,2,2,7.1,-6.7
813,2,3,7.2,-6.8
813,2,4,7.3,-6.7
813,2,5,7.3,-6.6
813,2,6,7.3,-6.2
813,2,7,7.2,-6.0
813,2,8,7.3,-5.8
813,2,9,7.3,-5.6
813,2,10,7.1,-5.4
813,2,11,7.6,-5.3
813,2,12,8.2,-4.8
813,2,13,8.5,-4.5
813,2,14,8.7,-4.3
813,2,15,8.8,-4.1
813,2,16,8.8,-3.9
813,2,17,8.7,-4.2
813,2,18,9.1,-4.3
813,2,19,9.3,-4.3
813,2,20,9.9,-4.1
813,2,21,10.5,-3.7
813,2,22,10.7,-3.2
813,2,23,10.7,-2.7
813,2,24,10.9,-2.2
813,2,25,11.0,-1.9
813,2,26,11.1,-1.8
813,2,27,11.3,-1.7
813,2,28,11.3,-1.7
813,2,29,11.3,-1.6
813,3,1,11.3,-1.6
813,3,2,11.4,-1.6
813,3,3,11.6,-1.4
813,3,4,11.7,-1.4
813,3,5,11.6,-1.2
813,3,6,11.8,-1.3
813,3,7,12.1,-1.4
813,3,8,12.2,-1.3
813,3,9,12.4,-1.3
813,3,10,13.0,-1.5
813,3,11,13.5,-1.3
813,3,12,13.6,-1.1
813,3,13,13.8,-1.1
813,3,14,14.1,-0.7
813,3,15,14.5,-0.3
813,3,16,14.8,0.4
813,3,17,15.2,1.1
813,3,18,15.5,1.6
813,3,19,15.8,1.7
813,3,20,15.6,1.9
813,3,21,15.4,1.7
813,3,22,15.1,1.3
813,3,23,15.0,1.1
813,3,24,14.9,1.2
813,3,25,15.4,1.2
813,3,26,16.0,1.3
813,3,27,16.4,1.7
813,3,28,16.8,2.1
813,3,29,17.2,2.5
813,3,30,17.2,2.8
813,3,31,17.4,3.2
813,4,1,17.6,3.3
813,4,2,17.7,3.3
813,4,3,18.1,3.3
813,4,4,18.2,3.6
813,4,5,18.3,3.8
813,4,6,18.8,4.0
813,4,7,19.0,4.4
813,4,8,19.2,4.8
813,4,9,19.4,5.1
813,4,10,19.5,5.2
813,4,11,19.3,5.3
813,4,12,19.7,5.5
813,4,13,20.1,5.6
813,4,14,20.6,5.5
813,4,15,20.9,5.7
813,4,16,21.5,6.0
813,4,17,21.5,6.3
813,4,18,21.3,6.7
813,4,19,21.3,7.3
813,4,20,21.4,7.7
813,4,21,21.1,7.9
813,4,22,21.1,7.9
813,4,23,21.4,7.6
813,4,24,21.3,7.2
813,4,25,21.2,6.9
813,4,26,21.5,6.6
813,4,27,21.7,6.8
813,4,28,22.2,7.5
813,4,29,22.8,8.2
813,4,30,23.4,8.9
813,5,1,23.8,9.7
813,5,2,24.4,10.1
813,5,3,24.7,10.0
813,5,4,24.7,10.1
813,5,5,24.7,10.2
813,5,6,24.9,10.0
813,5,7,24.6,10.2
813,5,8,24.2,10.4
813,5,9,24.1,10.2
813,5,10,23.9,10.2
813,5,11,24.0,10.4
813,5,12,24.3,10.3
813,5,13,24.7,10.5
813,5,14,24.8,11.1
813,5,15,25.3,11.2
813,5,16,25.2,11.4
813,5,17,25.1,11.8
813,5,18,25.3,11.8
813,5,19,25.9,11.6
813,5,20,26.2,11.6
813,5,21,26.6,11.8
813,5,22,26.8,11.9
813,5,23,27.1,12.1
813,5,24,27.0,12.6
813,5,25,26.8,12.9
813,5,26,26.7,13.1
813,5,27,27.1,13.2
813,5,28,26.9,13.3
813,5,29,27.0,13.3
813,5,30,27.3,13.3
813,5,31,27.4,13.5
813,6,1,27.3,13.7
813,6,2,27.7,13.8
813,6,3,27.8,14.3
813,6,4,28.0,14.6
813,6,5,28.3,14.9
813,6,6,28.3,15.2
813,6,7,28.2,15.6
813,6,8,28.3,15.7
813,6,9,28.2,16.0
813,6,10,28.2,16.1
813,6,11,28.3,16.2
813,6,12,28.2,16.2
813,6,13,28.2,16.4
813,6,14,28.4,16.4
813,6,15,28.5,16.6
813,6,16,28.5,16.8
813,6,17,29.0,17.1
813,6,18,29.2,17.6
813,6,19,29.2,18.1
813,6,20,29.0,18.4
813,6,21,28.9,18.5
813,6,22,28.6,18.7
813,6,23,28.2,18.5
813,6,24,27.9,18.4
813,6,25,28.1,18.5
813,6,26,28.1,18.7
813,6,27,28.3,18.9
813,6,28,28.5,19.3
813,6,29,28.6,19.7
813,6,30,28.7,20.0
813,7,1,28.8,20.4
813,7,2,28.8,20.7
813,7,3,29.0,20.8
813,7,4,29.1,20.8
813,7,5,28.9,20.7
813,7,6,28.9,20.6
813,7,7,28.8,20.6
813,7,8,28.9,20.7
813,7,9,28.9,20.9
813,7,10,29.0,21.0
813,7,11,29.1,21.2
813,7,12,29.2,21.2
813,7,13,29.2,21.2
813,7,14,29.4,21.3
813,7,15,29.6,21.3
813,7,16,29.9,21.2
813,7,17,30.1,21.2
813,7,18,30.5,21.4
813,7,19,30.8,21.5
813,7,20,31.2,21.9
813,7,21,31.5,22.2
813,7,22,31.6,22.4
813,7,23,31.6,22.5
813,7,24,31.6,22.5
813,7,25,31.7,22.4
813,7,26,31.6,22.4
813,7,27,31.9,22.5
813,7,28,32.2,22.5
813,7,29,32.6,22.7
813,7,30,32.8,22.9
813,7,31,33.0,23.0
813,8,1,33.0,23.0
813,8,2,33.0,23.0
813,8,3,33.2,22.9
813,8,4,33.1,22.9
813,8,5,33.0,22.8
813,8,6,32.9,22.8
813,8,7,32.7,22.9
813,8,8,32.4,22.9
813,8,9,32.1,22.7
813,8,10,32.0,22.7
813,8,11,31.9,22.5
813,8,12,31.5,22.4
813,8,13,31.4,22.4
813,8,14,31.2,22.3
813,8,15,31.2,22.3
813,8,16,31.0,22.2
813,8,17,31.0,22.0
813,8,18,30.9,21.7
813,8,19,31.0,21.6
813,8,20,30.8,21.4
813,8,21,30.7,21.3
813,8,22,30.6,21.2
813,8,23,30.5,20.9
813,8,24,30.2,20.6
813,8,25,29.9,20.4
813,8,26,30.0,20.3
813,8,27,29.9,20.1
813,8,28,29.5,20.0
813,8,29,29.2,19.8
813,8,30,29.2,19.6
813,8,31,28.8,19.3
813,9,1,28.5,19.1
813,9,2,28.7,18.8
813,9,3,28.7,18.6
813,9,4,28.3,18.6
813,9,5,28.1,18.4
813,9,6,28.2,18.2
813,9,7,28.0,18.2
813,9,8,28.0,18.1
813,9,9,28.1,18.0
813,9,10,27.9,17.9
813,9,11,27.7,17.9
813,9,12,27.3,17.7
813,9,13,27.1,17.6
813,9,14,26.9,17.2
813,9,15,26.8,16.9
813,9,16,26.7,16.6
813,9,17,26.9,16.2
813,9,18,26.9,15.9
813,9,19,26.6,15.5
813,9,20,26.1,15.0
813,9,21,25.7,14.5
813,9,22,25.2,14.2
813,9,23,25.1,13.9
813,9,24,25.1,13.6
813,9,25,25.3,13.3
813,9,26,25.3,13.2
813,9,27,25.1,13.1
813,9,28,24.8,13.0
813,9,29,24.6,13.1
813,9,30,24.6,13.1
813,10,1,24.6,12.7
813,10,2,24.7,12.3
813,10,3,24.5,11.9
813,10,4,24.3,11.5
813,10,5,24.0,11.1
813,10,6,23.7,11.0
813,10,7,23.5,10.8
813,10,8,23.7,10.5
813,10,9,23.6,10.4
813,10,10,23.3,10.2
813,10,11,23.1,9.8
813,10,12,22.9,9.5
813,10,13,22.5,8.9
813,10,14,22.1,8.2
813,10,15,22.1,7.6
813,10,16,21.9,7.2
813,10,17,21.8,6.8
813,10,18,21.7,6.9
813,10,19,21.8,7.1
813,10,20,21.4,7.3
813,10,21,21.1,7.4
813,10,22,20.9,7.4
813,10,23,20.7,7.1
813,10,24,20.3,6.7
813,10,25,20.1,6.1
813,10,26,20.0,5.6
813,10,27,19.6,5.1
813,10,28,19.1,4.6
813,10,29,18.9,4.1
813,10,30,18.6,3.8
813,10,31,18.2,3.4
813,11,1,18.0,2.9
813,11,2,18.0,2.5
813,11,3,18.1,2.4
813,11,4,18.4,2.5
813,11,5,18.7,2.9
813,11,6,18.5,3.3
813,11,7,18.3,3.8
813,11,8,17.9,3.8
813,11,9,17.3,3.7
813,11,10,16.7,3.3
813,11,11,16.3,2.7
813,11,12,16.0,2.3
813,11,13,15.6,2.1
813,11,14,15.2,1.5
813,11,15,14.8,1.0
813,11,16,14.2,0.6
813,11,17,13.7,0.1
813,11,18,13.4,-0.4
813,11,19,13.1,-0.9
813,11,20,12.9,-1.2
813,11,21,13.3,-1.4
813,11,22,13.3,-1.3
813,11,23,13.3,-1.2
813,11,24,13.3,-0.9
813,11,25,13.0,-0.7
813,11,26,12.5,-0.7
813,11,27,12.3,-0.8
813,11,28,12.0,-1.0
813,11,29,11.7,-1.4
813,11,30,11.5,-1.8
813,12,1,11.1,-2.0
813,12,2,10.7,-2.3
813,12,3,10.3,-2.7
813,12,4,9.6,-3.0
813,12,5,9.1,-3.4
813,12,6,8.8,-3.7
813,12,7,8.6,-4.2
813,12,8,8.5,-4.4
813,12,9,8.6,-4.4
813,12,10,8.5,-4.6
813,12,11,8.5,-4.8
813,12,12,8.2,-4.9
813,12,13,7.9,-5.0
813,12,14,7.5,-5.4
813,12,15,7.4,-5.4
813,12,16,7.2,-5.5
813,12,17,7.2,-5.6
813,12,18,7.3,-5.7
813,12,19,7.5,-5.6
813,12,20,7.8,-5.5
813,12,21,8.1,-5.4
813,12,22,8.1,-5.2
813,12,23,8.1,-5.2
813,12,24,7.7,-5.4
813,12,25,7.3,-5.9
813,12,26,6.8,-6.2
813,12,27,6.6,-6.6
813,12,28,6.3,-6.9
813,12,29,6.1,-7.1
813,12,30,6.1,-7.1
813,12,31,6.3,-7.0
815,1,1,4.1,-8.2
815,1,2,4.2,-8.2
815,1,3,4.3,-8.2
815,1,4,4.5,-8.4
815,1,5,4.4,-8.6
815,1,6,4.3,-8.7
815,1,7,4.1,-8.9
815,1,8,4.0,-9.0
815,1,9,4.0,-9.0
815,1,10,4.2,-8.9
815,1,11,4.0,-8.8
815,1,12,4.0,-8.6
815,1,13,4.1,-8.5
815,1,14,4.2,-8.3
815,1,15,4.4,-8.2
815,1,16,4.8,-8.1
815,1,17,5.0,-7.8
815,1,18,5.0,-7.2
815,1,19,4.9,-7.1
815,1,20,4.6,-7.0
815,1,21,4.2,-7.1
815,1,22,3.9,-7.6
815,1,23,3.7,-8.3
815,1,24,3.8,-8.4
815,1,25,4.1,-8.5
815,1,26,4.5,-8.4
815,1,27,4.8,-8.1
815,1,28,5.1,-7.6
815,1,29,5.3,-7.6
815,1,30,5.3,-7.7
815,1,31,5.3,-7.9
815,2,1,5.2,-8.0
815,2,2,5.2,-8.3
815,2,3,5.3,-8.3
815,2,4,5.6,-8.1
815,2,5,5.8,-7.8
815,2,6,5.8,-7.6
815,2,7,5.7,-7.4
815,2,8,5.9,-7.0
815,2,9,5.8,-7.0
815,2,10,5.7,-6.7
815,2,11,6.3,-6.6
815,2,12,6.8,-6.3
815,2,13,7.1,-6.1
815,2,14,7.3,-6.0
815,2,15,7.4,-5.9
815,2,16,7.2,-5.7
815,2,17,7.4,-5.7
815,2,18,7.7,-5.7
815,2,19,7.9,-5.6
815,2,20,8.5,-5.3
815,2,21,9.1,-4.9
815,2,22,9.3,-4.5
815,2,23,9.4,-4.0
815,2,24,9.7,-3.5
815,2,25,9.9,-3.2
815,2,26,9.9,-3.0
815,2,27,10.0,-2.8
815,2,28,10.1,-2.8
815,2,29,10.2,-2.8
815,3,1,10.2,-2.9
815,3,2,10.2,-2.8
815,3,3,10.4,-2.5
815,3,4,10.4,-2.6
815,3,5,10.2,-2.5
815,3,6,10.4,-2.6
815,3,7,10.8,-2.6
815,3,8,11.0,-2.6
815,3,9,11.2,-2.6
815,3,10,11.9,-2.7
815,3,11,12.3,-2.4
815,3,12,12.4,-2.3
815,3,13,12.7,-2.2
815,3,14,13.0,-1.8
815,3,15,13.3,-1.4
815,3,16,13.8,-0.8
815,3,17,14.2,-0.3
815,3,18,14.4,0.0
815,3,19,14.7,0.1
815,3,20,14.7,0.4
815,3,21,14.4,0.2
815,3,22,14.2,0.0
815,3,23,14.2,0.0
815,3,24,14.2,0.0
815,3,25,14.6,0.0
815,3,26,15.1,0.1
815,3,27,15.4,0.5
815,3,28,15.9,0.8
815,3,29,16.2,1.1
815,3,30,16.1,1.3
815,3,31,16.1,1.7
815,4,1,16.5,1.8
815,4,2,16.7,1.6
815,4,3,17.0,1.8
815,4,4,17.1,2.1
815,4,5,17.5,2.4
815,4,6,17.8,2.7
815,4,7,17.9,3.3
815,4,8,18.1,3.7
815,4,9,18.4,4.1
815,4,10,18.6,4.3
815,4,11,18.5,4.4
815,4,12,18.8,4.5
815,4,13,19.2,4.4
815,4,14,19.8,4.4
815,4,15,20.2,4.4
815,4,16,20.9,4.7
815,4,17,21.1,5.0
815,4,18,21.0,5.4
815,4,19,21.0,5.9
815,4,20,21.1,6.3
815,4,21,20.7,6.6
815,4,22,20.8,6.6
815,4,23,21.1,6.5
815,4,24,20.9,6.4
815,4,25,20.8,6.2
815,4,26,21.2,5.9
815,4,27,21.4,6.1
815,4,28,21.9,6.7
815,4,29,22.6,7.2
815,4,30,23.4,7.8
815,5,1,23.6,8.5
815,5,2,24.3,8.8
815,5,3,24.7,8.8
815,5,4,24.6,9.0
815,5,5,24.5,9.0
815,5,6,24.7,8.9
815,5,7,24.4,8.9
815,5,8,23.7,9.2
815,5,9,23.6,9.1
815,5,10,23.3,9.4
815,5,11,23.3,9.6
815,5,12,23.6,9.7
815,5,13,24.0,9.9
815,5,14,24.1,10.2
815,5,15,24.7,10.3
815,5,16,24.6,10.6
815,5,17,24.5,10.8
815,5,18,24.9,10.8
815,5,19,25.4,10.7
815,5,20,25.7,10.8
815,5,21,25.9,11.0
815,5,22,26.1,11.1
815,5,23,26.3,11.5
815,5,24,26.4,11.9
815,5,25,26.2,12.2
815,5,26,26.2,12.2
815,5,27,26.6,12.4
815,5,28,26.5,12.4
815,5,29,26.7,12.4
815,5,30,27.0,12.4
815,5,31,27.2,12.6
815,6,1,27.2,12.7
815,6,2,27.6,13.0
815,6,3,27.6,13.5
815,6,4,27.7,13.9
815,6,5,27.9,14.3
815,6,6,27.9,14.6
815,6,7,27.9,14.9
815,6,8,28.0,15.0
815,6,9,28.0,15.1
815,6,10,28.0,15.1
815,6,11,28.3,15.1
815,6,12,28.1,15.3
815,6,13,28.2,15.3
815,6,14,28.4,15.4
815,6,15,28.6,15.6
815,6,16,28.7,15.9
815,6,17,28.9,16.2
815,6,18,29.1,16.6
815,6,19,29.0,17.1
815,6,20,29.2,17.4
815,6,21,29.1,17.5
815,6,22,28.9,17.6
815,6,23,28.4,17.6
815,6,24,28.0,17.6
815,6,25,27.8,17.8
815,6,26,27.8,18.0
815,6,27,28.1,18.2
815,6,28,28.4,18.6
815,6,29,28.4,19.0
815,6,30,28.4,19.2
815,7,1,28.4,19.5
815,7,2,28.4,19.6
815,7,3,28.5,19.6
815,7,4,28.8,19.5
815,7,5,28.8,19.5
815,7,6,28.7,19.4
815,7,7,28.5,19.5
815,7,8,28.6,19.6
815,7,9,28.6,19.8
815,7,10,28.5,19.9
815,7,11,28.7,20.2
815,7,12,29.0,20.2
815,7,13,28.9,20.3
815,7,14,28.9,20.3
815,7,15,29.1,20.3
815,7,16,29.3,20.2
815,7,17,29.4,20.4
815,7,18,29.8,20.5
815,7,19,30.3,20.7
815,7,20,30.7,21.1
815,7,21,30.8,21.5
815,7,22,30.9,21.6
815,7,23,30.9,21.7
815,7,24,30.8,21.7
815,7,25,30.9,21.5
815,7,26,30.8,21.5
815,7,27,30.9,21.5
815,7,28,31.2,21.6
815,7,29,31.5,21.8
815,7,30,31.8,22.0
815,7,31,32.2,22.1
815,8,1,32.3,22.3
815,8,2,32.3,22.3
815,8,3,32.5,22.4
815,8,4,32.3,22.3
815,8,5,32.2,22.2
815,8,6,32.2,22.0
815,8,7,32.0,22.0
815,8,8,31.6,21.8
815,8,9,31.3,21.8
815,8,10,31.1,21.7
815,8,11,30.9,21.6
815,8,12,30.7,21.5
815,8,13,30.8,21.4
815,8,14,30.7,21.3
815,8,15,30.8,21.2
815,8,16,30.5,21.1
815,8,17,30.3,20.9
815,8,18,30.0,20.7
815,8,19,30.1,20.7
815,8,20,29.9,20.6
815,8,21,29.8,20.4
815,8,22,29.8,20.2
815,8,23,29.7,20.0
815,8,24,29.2,19.7
815,8,25,29.0,19.4
815,8,26,29.0,19.3
815,8,27,28.9,19.1
815,8,28,28.7,19.0
815,8,29,28.5,18.7
815,8,30,28.7,18.4
815,8,31,28.4,18.2
815,9,1,28.1,17.9
815,9,2,28.2,17.5
815,9,3,28.2,17.4
815,9,4,27.7,17.4
815,9,5,27.7,17.2
815,9,6,27.7,17.0
815,9,7,27.4,16.9
815,9,8,27.4,16.8
815,9,9,27.3,16.6
815,9,10,27.1,16.5
815,9,11,26.8,16.5
815,9,12,26.5,16.3
815,9,13,26.3,16.2
815,9,14,26.2,15.9
815,9,15,26.3,15.6
815,9,16,26.2,15.2
815,9,17,26.3,14.9
815,9,18,26.0,14.4
815,9,19,25.8,13.9
815,9,20,25.3,13.5
815,9,21,25.0,13.1
815,9,22,24.6,12.8
815,9,23,24.6,12.7
815,9,24,24.7,12.6
815,9,25,24.9,12.4
815,9,26,24.8,12.4
815,9,27,24.6,12.4
815,9,28,24.2,12.2
815,9,29,23.8,12.2
815,9,30,23.6,12.1
815,10,1,23.6,11.8
815,10,2,23.6,11.3
815,10,3,23.5,10.7
815,10,4,23.4,10.2
815,10,5,23.3,9.8
815,10,6,23.1,9.6
815,10,7,23.0,9.3
815,10,8,23.1,9.3
815,10,9,22.9,9.1
815,10,10,22.5,8.8
815,10,11,22.2,8.3
815,10,12,21.9,8.0
815,10,13,21.5,7.5
815,10,14,21.2,6.9
815,10,15,21.1,6.4
815,10,16,21.1,6.1
815,10,17,21.0,5.8
815,10,18,20.9,5.8
815,10,19,21.0,6.0
815,10,20,20.6,6.2
815,10,21,20.2,6.3
815,10,22,20.0,6.2
815,10,23,19.7,5.8
815,10,24,19.2,5.4
815,10,25,18.9,4.9
815,10,26,18.8,4.4
815,10,27,18.3,4.0
815,10,28,18.0,3.7
815,10,29,17.7,3.2
815,10,30,17.4,2.9
815,10,31,17.1,2.7
815,11,1,17.0,2.3
815,11,2,17.0,2.0
815,11,3,17.2,2.0
815,11,4,17.2,2.0
815,11,5,17.3,2.1
815,11,6,17.1,2.6
815,11,7,16.6,2.9
815,11,8,16.2,2.8
815,11,9,15.8,2.6
815,11,10,15.3,2.2
815,11,11,14.9,1.5
815,11,12,14.7,1.1
815,11,13,14.3,0.7
815,11,14,13.9,0.2
815,11,15,13.4,-0.2
815,11,16,12.7,-0.6
815,11,17,12.0,-1.2
815,11,18,11.5,-1.6
815,11,19,11.2,-2.0
815,11,20,11.0,-2.3
815,11,21,11.3,-2.4
815,11,22,11.3,-2.2
815,11,23,11.2,-2.1
815,11,24,10.9,-1.7
815,11,25,10.4,-1.6
815,11,26,10.0,-1.5
815,11,27,9.9,-1.6
815,11,28,9.8,-1.7
815,11,29,9.9,-2.1
815,11,30,9.9,-2.5
815,12,1,9.5,-2.9
815,12,2,9.0,-3.3
815,12,3,8.4,-3.6
815,12,4,7.7,-4.0
815,12,5,7.1,-4.3
815,12,6,6.7,-4.6
815,12,7,6.4,-5.1
815,12,8,6.4,-5.4
815,12,9,6.4,-5.4
815,12,10,6.4,-5.8
815,12,11,6.4,-5.9
815,12,12,6.3,-6.2
815,12,13,6.1,-6.1
815,12,14,5.8,-6.4
815,12,15,5.5,-6.3
815,12,16,5.5,-6.5
815,12,17,5.4,-6.6
815,12,18,5.4,-6.8
815,12,19,5.7,-6.8
815,12,20,6.1,-6.8
815,12,21,6.4,-6.5
815,12,22,6.3,-6.2
815,12,23,6.3,-6.2
815,12,24,6.0,-6.3
815,12,25,5.5,-6.8
815,12,26,4.9,-7.4
815,12,27,4.8,-7.8
815,12,28,4.6,-8.1
815,12,29,4.3,-8.5
815,12,30,4.1,-8.4
815,12,31,4.1,-8.2
822,1,1,4.9,-6.9
822,1,2,4.9,-7.2
822,1,3,5.1,-7.4
822,1,4,5.1,-7.5
822,1,5,4.8,-7.6
822,1,6,4.6,-7.5
822,1,7,4.3,-7.4
822,1,8,4.3,-7.2
822,1,9,4.2,-7.2
822,1,10,4.3,-7.1
822,1,11,4.2,-6.9
822,1,12,4.2,-6.9
822,1,13,4.3,-6.9
822,1,14,4.5,-6.9
822,1,15,4.6,-6.8
822,1,16,5.0,-6.9
822,1,17,5.2,-6.7
822,1,18,5.2,-6.1
822,1,19,5.0,-6.0
822,1,20,4.8,-6.0
822,1,21,4.6,-6.0
822,1,22,4.2,-6.5
822,1,23,3.9,-7.1
822,1,24,3.9,-7.1
822,1,25,4.2,-7.1
822,1,26,4.4,-7.1
822,1,27,4.7,-6.8
822,1,28,5.1,-6.4
822,1,29,5.5,-6.4
822,1,30,5.6,-6.5
822,1,31,5.7,-6.6
822,2,1,5.7,-6.7
822,2,2,5.8,-7.1
822,2,3,5.7,-7.1
822,2,4,5.9,-6.8
822,2,5,6.1,-6.7
822,2,6,6.1,-6.3
822,2,7,6.0,-5.9
822,2,8,6.1,-5.5
822,2,9,6.1,-5.4
822,2,10,5.9,-5.1
822,2,11,6.4,-5.1
822,2,12,7.1,-4.9
822,2,13,7.5,-4.8
822,2,14,7.6,-4.6
822,2,15,7.7,-4.5
822,2,16,7.7,-4.4
822,2,17,7.7,-4.5
822,2,18,8.1,-4.6
822,2,19,8.4,-4.6
822,2,20,9.1,-4.4
822,2,21,9.6,-4.0
822,2,22,10.0,-3.7
822,2,23,10.2,-3.3
822,2,24,10.4,-2.8
822,2,25,10.5,-2.4
822,2,26,10.5,-2.1
822,2,27,10.5,-1.7
822,2,28,10.5,-1.8
822,2,29,10.6,-1.8
822,3,1,10.7,-1.8
822,3,2,10.8,-1.8
822,3,3,11.0,-1.7
822,3,4,11.1,-1.7
822,3,5,11.0,-1.7
822,3,6,11.1,-1.7
822,3,7,11.5,-1.7
822,3,8,11.8,-1.6
822,3,9,12.0,-1.7
822,3,10,12.7,-1.9
822,3,11,13.1,-1.7
822,3,12,13.1,-1.5
822,3,13,13.4,-1.5
822,3,14,13.8,-1.1
822,3,15,14.3,-0.6
822,3,16,14.7,-0.1
822,3,17,15.3,0.4
822,3,18,15.6,0.7
822,3,19,15.8,0.8
822,3,20,15.5,1.0
822,3,21,15.3,1.0
822,3,22,14.9,0.8
822,3,23,15.1,0.8
822,3,24,15.1,0.9
822,3,25,15.6,0.9
822,3,26,16.3,0.9
822,3,27,16.8,1.3
822,3,28,17.0,1.5
822,3,29,17.4,2.0
822,3,30,17.4,2.3
822,3,31,17.4,2.7
822,4,1,17.5,2.9
822,4,2,17.6,2.9
822,4,3,17.9,2.8
822,4,4,18.0,3.0
822,4,5,18.3,3.2
822,4,6,18.8,3.3
822,4,7,19.1,3.8
822,4,8,19.3,4.1
822,4,9,19.5,4.6
822,4,10,19.6,4.7
822,4,11,19.4,4.9
822,4,12,19.7,5.0
822,4,13,20.1,5.0
822,4,14,20.7,5.0
822,4,15,21.1,5.2
822,4,16,21.8,5.5
822,4,17,22.0,5.8
822,4,18,21.9,6.3
822,4,19,21.8,6.9
822,4,20,21.9,7.3
822,4,21,21.5,7.6
822,4,22,21.5,7.7
822,4,23,21.6,7.5
822,4,24,21.5,7.2
822,4,25,21.5,6.9
822,4,26,21.9,6.5
822,4,27,22.1,6.6
822,4,28,22.8,7.2
822,4,29,23.6,7.8
822,4,30,24.3,8.4
822,5,1,24.6,9.2
822,5,2,25.4,9.6
822,5,3,25.6,9.5
822,5,4,25.4,9.5
822,5,5,25.3,9.6
822,5,6,25.4,9.4
822,5,7,25.2,9.5
822,5,8,24.6,9.7
822,5,9,24.6,9.7
822,5,10,24.3,9.8
822,5,11,24.3,10.1
822,5,12,24.7,10.2
822,5,13,25.0,10.5
822,5,14,25.1,10.8
822,5,15,25.6,10.9
822,5,16,25.6,11.1
822,5,17,25.5,11.4
822,5,18,25.7,11.1
822,5,19,26.2,11.0
822,5,20,26.6,11.2
822,5,21,26.8,11.4
822,5,22,27.1,11.6
822,5,23,27.3,11.9
822,5,24,27.3,12.4
822,5,25,27.2,12.6
822,5,26,27.2,12.7
822,5,27,27.5,12.8
822,5,28,27.4,13.0
822,5,29,27.6,13.0
822,5,30,27.9,13.0
822,5,31,28.0,13.1
822,6,1,28.0,13.3
822,6,2,28.4,13.4
822,6,3,28.4,13.9
822,6,4,28.5,14.4
822,6,5,28.8,14.8
822,6,6,28.7,15.2
822,6,7,28.7,15.6
822,6,8,28.8,15.8
822,6,9,28.7,15.9
822,6,10,28.6,15.9
822,6,11,28.8,15.9
822,6,12,28.6,16.0
822,6,13,28.7,16.1
822,6,14,29.0,16.0
822,6,15,29.1,16.1
822,6,16,29.2,16.5
822,6,17,29.6,16.7
822,6,18,29.8,17.0
822,6,19,29.8,17.7
822,6,20,29.9,18.0
822,6,21,29.8,18.1
822,6,22,29.5,18.2
822,6,23,29.0,18.2
822,6,24,28.7,18.1
822,6,25,28.7,18.4
822,6,26,28.8,18.7
822,6,27,29.2,18.9
822,6,28,29.6,19.3
822,6,29,29.6,19.7
822,6,30,29.6,19.8
822,7,1,29.6,20.0
822,7,2,29.4,20.2
822,7,3,29.4,20.2
822,7,4,29.6,20.2
822,7,5,29.5,20.1
822,7,6,29.5,20.0
822,7,7,29.4,20.1
822,7,8,29.4,20.2
822,7,9,29.4,20.3
822,7,10,29.4,20.6
822,7,11,29.5,20.8
822,7,12,29.7,20.8
822,7,13,29.8,20.9
822,7,14,29.9,21.0
822,7,15,30.1,21.0
822,7,16,30.3,20.9
822,7,17,30.5,21.0
822,7,18,30.9,21.2
822,7,19,31.4,21.4
822,7,20,31.8,21.8
822,7,21,32.1,22.1
822,7,22,32.2,22.3
822,7,23,32.1,22.4
822,7,24,32.0,22.3
822,7,25,32.0,22.2
822,7,26,32.0,22.2
822,7,27,32.1,22.2
822,7,28,32.4,22.3
822,7,29,32.7,22.5
822,7,30,33.1,22.7
822,7,31,33.4,22.8
822,8,1,33.4,22.9
822,8,2,33.4,22.9
822,8,3,33.5,22.9
822,8,4,33.3,22.8
822,8,5,33.1,22.7
822,8,6,33.1,22.6
822,8,7,32.9,22.7
822,8,8,32.4,22.7
822,8,9,32.1,22.7
822,8,10,31.9,22.6
822,8,11,31.7,22.6
822,8,12,31.5,22.4
822,8,13,31.6,22.2
822,8,14,31.5,22.0
822,8,15,31.5,21.9
822,8,16,31.2,21.8
822,8,17,31.1,21.6
822,8,18,30.8,21.5
822,8,19,31.0,21.4
822,8,20,30.8,21.4
822,8,21,30.7,21.1
822,8,22,30.7,21.0
822,8,23,30.5,20.7
822,8,24,30.0,20.4
822,8,25,29.8,20.2
822,8,26,29.8,20.1
822,8,27,29.9,19.9
822,8,28,29.6,19.8
822,8,29,29.4,19.6
822,8,30,29.6,19.4
822,8,31,29.3,19.1
822,9,1,28.9,18.9
822,9,2,29.1,18.4
822,9,3,29.0,18.3
822,9,4,28.4,18.2
822,9,5,28.3,17.9
822,9,6,28.2,17.7
822,9,7,28.0,17.6
822,9,8,28.0,17.4
822,9,9,28.1,17.2
822,9,10,27.8,17.2
822,9,11,27.6,17.2
822,9,12,27.2,17.0
822,9,13,27.0,16.9
822,9,14,26.8,16.7
822,9,15,26.8,16.5
822,9,16,26.7,16.1
822,9,17,27.0,15.6
822,9,18,26.7,15.1
822,9,19,26.5,14.6
822,9,20,26.1,14.1
822,9,21,25.7,13.7
822,9,22,25.2,13.6
822,9,23,25.2,13.5
822,9,24,25.2,13.3
822,9,25,25.4,13.2
822,9,26,25.3,13.1
822,9,27,25.1,13.1
822,9,28,24.7,13.0
822,9,29,24.4,13.0
822,9,30,24.1,12.9
822,10,1,24.1,12.6
822,10,2,24.2,12.1
822,10,3,24.1,11.6
822,10,4,23.9,10.9
822,10,5,23.8,10.4
822,10,6,23.5,10.2
822,10,7,23.3,9.9
822,10,8,23.4,9.8
822,10,9,23.3,9.7
822,10,10,22.9,9.5
822,10,11,22.6,9.0
822,10,12,22.3,8.8
822,10,13,21.9,8.2
822,10,14,21.6,7.6
822,10,15,21.6,7.1
822,10,16,21.5,6.8
822,10,17,21.4,6.5
822,10,18,21.4,6.5
822,10,19,21.4,6.6
822,10,20,21.1,6.9
822,10,21,20.8,7.0
822,10,22,20.5,7.1
822,10,23,20.2,6.8
822,10,24,19.7,6.4
822,10,25,19.4,5.9
822,10,26,19.2,5.4
822,10,27,18.8,5.0
822,10,28,18.4,4.5
822,10,29,18.2,3.9
822,10,30,17.9,3.7
822,10,31,17.6,3.4
822,11,1,17.4,3.0
822,11,2,17.5,2.7
822,11,3,17.6,2.8
822,11,4,17.7,2.7
822,11,5,17.9,2.9
822,11,6,17.8,3.3
822,11,7,17.4,3.7
822,11,8,17.0,3.7
822,11,9,16.5,3.6
822,11,10,15.9,3.2
822,11,11,15.4,2.5
822,11,12,15.1,2.1
822,11,13,14.7,1.7
822,11,14,14.3,1.1
822,11,15,13.8,0.7
822,11,16,13.1,0.5
822,11,17,12.5,0.1
822,11,18,12.0,-0.4
822,11,19,11.7,-0.8
822,11,20,11.6,-1.1
822,11,21,11.9,-1.4
822,11,22,12.0,-1.3
822,11,23,12.0,-1.2
822,11,24,11.9,-0.9
822,11,25,11.5,-0.7
822,11,26,11.0,-0.7
822,11,27,10.6,-0.7
822,11,28,10.4,-0.9
822,11,29,10.4,-1.2
822,11,30,10.3,-1.6
822,12,1,10.0,-1.9
822,12,2,9.7,-2.3
822,12,3,9.1,-2.7
822,12,4,8.2,-3.0
822,12,5,7.6,-3.4
822,12,6,7.3,-3.8
822,12,7,6.9,-4.3
822,12,8,6.8,-4.6
822,12,9,7.0,-4.5
822,12,10,7.0,-4.8
822,12,11,6.9,-4.9
822,12,12,6.7,-5.1
822,12,13,6.5,-5.0
822,12,14,6.3,-5.3
822,12,15,6.1,-5.3
822,12,16,5.9,-5.4
822,12,17,6.0,-5.4
822,12,18,6.0,-5.6
822,12,19,6.1,-5.5
822,12,20,6.5,-5.4
822,12,21,6.8,-5.2
822,12,22,6.8,-5.1
822,12,23,6.7,-5.1
822,12,24,6.4,-5.2
822,12,25,5.9,-5.5
822,12,26,5.4,-6.0
822,12,27,5.2,-6.3
822,12,28,5.1,-6.5
822,12,29,4.8,-6.8
822,12,30,4.7,-6.9
822,12,31,4.8,-6.8
825,1,1,5.6,-6.0
825,1,2,5.7,-6.0
825,1,3,5.9,-6.1
825,1,4,5.9,-6.0
825,1,5,5.5,-6.1
825,1,6,5.3,-6.1
825,1,7,5.1,-6.1
825,1,8,5.0,-6.1
825,1,9,5.0,-6.1
825,1,10,5.0,-6.1
825,1,11,4.8,-6.0
825,1,12,4.9,-5.9
825,1,13,5.0,-5.8
825,1,14,5.1,-5.8
825,1,15,5.4,-5.7
825,1,16,5.6,-5.6
825,1,17,5.8,-5.5
825,1,18,5.8,-5.2
825,1,19,5.7,-5.0
825,1,20,5.4,-5.0
825,1,21,5.1,-5.2
825,1,22,4.8,-5.6
825,1,23,4.6,-6.2
825,1,24,4.5,-6.4
825,1,25,4.9,-6.4
825,1,26,5.2,-6.3
825,1,27,5.5,-6.1
825,1,28,5.8,-5.7
825,1,29,6.2,-5.6
825,1,30,6.3,-5.6
825,1,31,6.4,-5.6
825,2,1,6.4,-5.6
825,2,2,6.5,-5.8
825,2,3,6.5,-5.9
825,2,4,6.6,-5.8
825,2,5,6.8,-5.7
825,2,6,6.7,-5.5
825,2,7,6.7,-5.2
825,2,8,6.8,-4.9
825,2,9,6.8,-4.9
825,2,10,6.5,-4.7
825,2,11,7.1,-4.6
825,2,12,7.7,-4.3
825,2,13,8.1,-4.1
825,2,14,8.3,-3.9
825,2,15,8.5,-3.8
825,2,16,8.4,-3.7
825,2,17,8.4,-3.8
825,2,18,8.7,-3.9
825,2,19,8.9,-3.8
825,2,20,9.5,-3.6
825,2,21,10.1,-3.3
825,2,22,10.5,-3.0
825,2,23,10.6,-2.4
825,2,24,10.9,-1.9
825,2,25,11.0,-1.6
825,2,26,11.1,-1.3
825,2,27,11.2,-1.1
825,2,28,11.2,-1.2
825,2,29,11.3,-1.2
825,3,1,11.4,-1.3
825,3,2,11.4,-1.2
825,3,3,11.6,-1.0
825,3,4,11.6,-1.0
825,3,5,11.5,-0.9
825,3,6,11.7,-1.0
825,3,7,12.1,-1.1
825,3,8,12.3,-0.9
825,3,9,12.5,-0.9
825,3,10,13.2,-1.1
825,3,11,13.5,-0.8
825,3,12,13.6,-0.6
825,3,13,13.8,-0.6
825,3,14,14.2,-0.1
825,3,15,14.6,0.3
825,3,16,15.0,0.9
825,3,17,15.6,1.4
825,3,18,15.9,1.7
825,3,19,16.0,1.7
825,3,20,15.8,1.9
825,3,21,15.7,1.8
825,3,22,15.2,1.6
825,3,23,15.1,1.4
825,3,24,15.2,1.5
825,3,25,15.7,1.5
825,3,26,16.4,1.6
825,3,27,16.8,2.0
825,3,28,17.2,2.4
825,3,29,17.5,2.8
825,3,30,17.6,3.1
825,3,31,17.6,3.4
825,4,1,17.8,3.5
825,4,2,18.0,3.4
825,4,3,18.3,3.4
825,4,4,18.4,3.7
825,4,5,18.7,4.0
825,4,6,19.2,4.1
825,4,7,19.5,4.6
825,4,8,19.6,4.9
825,4,9,19.8,5.4
825,4,10,19.9,5.4
825,4,11,19.7,5.6
825,4,12,20.0,5.7
825,4,13,20.4,5.8
825,4,14,20.9,5.7
825,4,15,21.3,5.8
825,4,16,21.8,6.2
825,4,17,21.9,6.5
825,4,18,21.7,7.0
825,4,19,21.6,7.6
825,4,20,21.6,8.0
825,4,21,21.2,8.2
825,4,22,21.4,8.2
825,4,23,21.7,8.1
825,4,24,21.6,7.9
825,4,25,21.7,7.6
825,4,26,22.0,7.3
825,4,27,22.1,7.5
825,4,28,22.6,8.2
825,4,29,23.4,8.7
825,4,30,24.1,9.4
825,5,1,24.4,10.2
825,5,2,25.2,10.6
825,5,3,25.5,10.4
825,5,4,25.4,10.6
825,5,5,25.4,10.6
825,5,6,25.5,10.5
825,5,7,25.2,10.6
825,5,8,24.6,10.9
825,5,9,24.5,10.7
825,5,10,24.2,10.9
825,5,11,24.3,11.1
825,5,12,24.6,11.1
825,5,13,25.0,11.4
825,5,14,25.1,11.8
825,5,15,25.7,11.9
825,5,16,25.6,12.1
825,5,17,25.5,12.4
825,5,18,25.8,12.3
825,5,19,26.3,12.2
825,5,20,26.5,12.3
825,5,21,26.9,12.6
825,5,22,27.2,12.8
825,5,23,27.5,13.1
825,5,24,27.4,13.7
825,5,25,27.5,14.0
825,5,26,27.3,14.2
825,5,27,27.7,14.3
825,5,28,27.5,14.4
825,5,29,27.7,14.4
825,5,30,27.8,14.4
825,5,31,27.9,14.6
825,6,1,27.9,14.8
825,6,2,28.3,15.0
825,6,3,28.3,15.5
825,6,4,28.5,15.8
825,6,5,28.8,16.2
825,6,6,28.7,16.5
825,6,7,28.6,16.8
825,6,8,28.7,17.0
825,6,9,28.7,17.1
825,6,10,28.6,17.1
825,6,11,28.8,17.1
825,6,12,28.6,17.1
825,6,13,28.7,17.2
825,6,14,29.0,17.2
825,6,15,29.1,17.5
825,6,16,29.2,17.7
825,6,17,29.7,18.0
825,6,18,29.8,18.3
825,6,19,29.7,18.9
825,6,20,29.7,19.1
825,6,21,29.7,19.3
825,6,22,29.2,19.4
825,6,23,28.8,19.4
825,6,24,28.4,19.2
825,6,25,28.5,19.4
825,6,26,28.5,19.6
825,6,27,28.8,19.8
825,6,28,29.1,20.2
825,6,29,29.2,20.5
825,6,30,29.1,20.7
825,7,1,29.2,21.0
825,7,2,29.2,21.2
825,7,3,29.2,21.2
825,7,4,29.4,21.2
825,7,5,29.3,21.1
825,7,6,29.2,20.9
825,7,7,29.2,20.9
825,7,8,29.3,21.0
825,7,9,29.3,21.1
825,7,10,29.4,21.4
825,7,11,29.5,21.5
825,7,12,29.7,21.6
825,7,13,29.7,21.7
825,7,14,29.9,21.7
825,7,15,30.0,21.7
825,7,16,30.2,21.7
825,7,17,30.4,21.8
825,7,18,30.8,21.9
825,7,19,31.3,22.1
825,7,20,31.7,22.5
825,7,21,31.9,22.8
825,7,22,31.9,22.9
825,7,23,31.8,23.0
825,7,24,31.8,22.9
825,7,25,31.9,22.8
825,7,26,31.8,22.9
825,7,27,32.0,22.9
825,7,28,32.4,23.0
825,7,29,32.6,23.2
825,7,30,32.9,23.4
825,7,31,33.2,23.5
825,8,1,33.2,23.5
825,8,2,33.2,23.6
825,8,3,33.4,23.6
825,8,4,33.3,23.6
825,8,5,33.1,23.5
825,8,6,33.1,23.4
825,8,7,32.9,23.4
825,8,8,32.5,23.3
825,8,9,32.3,23.2
825,8,10,32.1,23.1
825,8,11,31.9,23.0
825,8,12,31.7,22.9
825,8,13,31.7,22.8
825,8,14,31.5,22.7
825,8,15,31.5,22.7
825,8,16,31.3,22.6
825,8,17,31.3,22.4
825,8,18,31.0,22.2
825,8,19,31.2,22.1
825,8,20,30.9,21.9
825,8,21,30.9,21.7
825,8,22,30.8,21.6
825,8,23,30.8,21.4
825,8,24,30.4,21.0
825,8,25,30.2,20.8
825,8,26,30.2,20.7
825,8,27,30.1,20.5
825,8,28,29.8,20.3
825,8,29,29.6,20.1
825,8,30,29.7,19.8
825,8,31,29.4,19.5
825,9,1,29.1,19.3
825,9,2,29.3,19.0
825,9,3,29.2,18.9
825,9,4,28.7,18.9
825,9,5,28.6,18.7
825,9,6,28.6,18.4
825,9,7,28.4,18.3
825,9,8,28.3,18.2
825,9,9,28.3,18.0
825,9,10,28.1,18.0
825,9,11,28.0,18.1
825,9,12,27.6,17.9
825,9,13,27.4,17.8
825,9,14,27.3,17.5
825,9,15,27.2,17.2
825,9,16,27.0,16.8
825,9,17,27.2,16.4
825,9,18,27.0,16.0
825,9,19,26.7,15.6
825,9,20,26.3,15.1
825,9,21,26.0,14.7
825,9,22,25.6,14.6
825,9,23,25.5,14.4
825,9,24,25.6,14.1
825,9,25,25.7,13.9
825,9,26,25.6,13.9
825,9,27,25.4,13.8
825,9,28,25.0,13.6
825,9,29,24.8,13.7
825,9,30,24.6,13.7
825,10,1,24.7,13.3
825,10,2,24.7,12.9
825,10,3,24.6,12.4
825,10,4,24.3,11.9
825,10,5,24.2,11.4
825,10,6,23.9,11.2
825,10,7,23.7,10.9
825,10,8,23.8,10.8
825,10,9,23.7,10.6
825,10,10,23.4,10.4
825,10,11,23.2,10.1
825,10,12,22.9,9.9
825,10,13,22.5,9.3
825,10,14,22.1,8.7
825,10,15,22.1,8.1
825,10,16,21.9,7.7
825,10,17,21.8,7.4
825,10,18,21.7,7.4
825,10,19,21.8,7.5
825,10,20,21.5,7.7
825,10,21,21.2,7.8
825,10,22,20.9,7.8
825,10,23,20.7,7.4
825,10,24,20.2,7.1
825,10,25,19.9,6.6
825,10,26,19.7,6.2
825,10,27,19.3,5.9
825,10,28,18.9,5.6
825,10,29,18.6,5.1
825,10,30,18.3,4.8
825,10,31,18.0,4.4
825,11,1,17.9,3.9
825,11,2,17.8,3.5
825,11,3,18.0,3.4
825,11,4,18.2,3.4
825,11,5,18.3,3.8
825,11,6,18.1,4.3
825,11,7,17.8,4.7
825,11,8,17.4,4.7
825,11,9,16.9,4.6
825,11,10,16.3,4.1
825,11,11,15.9,3.4
825,11,12,15.5,2.9
825,11,13,15.1,2.6
825,11,14,14.6,2.1
825,11,15,14.1,1.6
825,11,16,13.6,1.3
825,11,17,13.0,0.8
825,11,18,12.6,0.4
825,11,19,12.3,-0.1
825,11,20,12.1,-0.4
825,11,21,12.4,-0.5
825,11,22,12.5,-0.5
825,11,23,12.4,-0.5
825,11,24,12.3,-0.2
825,11,25,11.9,0.0
825,11,26,11.5,0.0
825,11,27,11.3,0.0
825,11,28,11.1,-0.1
825,11,29,11.0,-0.4
825,11,30,11.0,-0.8
825,12,1,10.8,-1.0
825,12,2,10.4,-1.3
825,12,3,9.8,-1.7
825,12,4,9.0,-2.0
825,12,5,8.3,-2.3
825,12,6,7.9,-2.7
825,12,7,7.6,-3.2
825,12,8,7.5,-3.5
825,12,9,7.6,-3.4
825,12,10,7.6,-3.7
825,12,11,7.5,-3.8
825,12,12,7.3,-4.0
825,12,13,7.2,-4.1
825,12,14,7.0,-4.5
825,12,15,6.8,-4.4
825,12,16,6.6,-4.5
825,12,17,6.6,-4.5
825,12,18,6.6,-4.6
825,12,19,6.7,-4.5
825,12,20,7.0,-4.5
825,12,21,7.3,-4.4
825,12,22,7.2,-4.4
825,12,23,7.2,-4.4
825,12,24,7.0,-4.5
825,12,25,6.4,-4.8
825,12,26,6.0,-5.2
825,12,27,5.8,-5.5
825,12,28,5.6,-5.7
825,12,29,5.4,-6.1
825,12,30,5.3,-6.1
825,12,31,5.5,-6.0
827,1,1,5.9,-4.1
827,1,2,6.0,-4.1
827,1,3,6.2,-4.1
827,1,4,6.2,-4.2
827,1,5,5.9,-4.3
827,1,6,5.8,-4.4
827,1,7,5.5,-4.2
827,1,8,5.4,-4.2
827,1,9,5.3,-4.3
827,1,10,5.3,-4.2
827,1,11,5.2,-4.2
827,1,12,5.3,-4.2
827,1,13,5.5,-4.2
827,1,14,5.5,-4.3
827,1,15,5.9,-4.2
827,1,16,6.1,-4.1
827,1,17,6.2,-3.9
827,1,18,6.1,-3.5
827,1,19,6.0,-3.4
827,1,20,5.7,-3.5
827,1,21,5.4,-3.7
827,1,22,5.1,-4.1
827,1,23,4.9,-4.6
827,1,24,5.0,-4.6
827,1,25,5.1,-4.6
827,1,26,5.4,-4.4
827,1,27,5.6,-4.2
827,1,28,6.0,-3.8
827,1,29,6.3,-3.7
827,1,30,6.5,-3.7
827,1,31,6.6,-3.8
827,2,1,6.7,-3.9
827,2,2,6.8,-4.2
827,2,3,6.9,-4.2
827,2,4,6.9,-4.1
827,2,5,7.1,-3.9
827,2,6,7.1,-3.7
827,2,7,7.0,-3.5
827,2,8,7.1,-3.3
827,2,9,7.1,-3.2
827,2,10,7.0,-3.0
827,2,11,7.5,-2.7
827,2,12,8.1,-2.3
827,2,13,8.4,-2.2
827,2,14,8.6,-2.0
827,2,15,8.7,-1.8
827,2,16,8.5,-1.7
827,2,17,8.5,-1.8
827,2,18,8.9,-1.7
827,2,19,9.2,-1.6
827,2,20,9.8,-1.5
827,2,21,10.4,-1.2
827,2,22,10.6,-0.9
827,2,23,10.7,-0.4
827,2,24,10.9,-0.1
827,2,25,11.0,0.2
827,2,26,11.1,0.4
827,2,27,11.3,0.5
827,2,28,11.3,0.4
827,2,29,11.4,0.5
827,3,1,11.5,0.5
827,3,2,11.5,0.5
827,3,3,11.8,0.6
827,3,4,11.8,0.7
827,3,5,11.7,0.8
827,3,6,11.8,0.7
827,3,7,12.2,0.8
827,3,8,12.3,1.0
827,3,9,12.4,1.0
827,3,10,13.1,0.9
827,3,11,13.6,1.2
827,3,12,13.7,1.4
827,3,13,14.0,1.4
827,3,14,14.3,1.8
827,3,15,14.7,2.2
827,3,16,15.1,2.7
827,3,17,15.6,3.2
827,3,18,15.8,3.6
827,3,19,16.1,3.6
827,3,20,15.8,3.8
827,3,21,15.6,3.6
827,3,22,15.2,3.4
827,3,23,15.2,3.3
827,3,24,15.2,3.5
827,3,25,15.8,3.5
827,3,26,16.4,3.6
827,3,27,16.8,4.1
827,3,28,17.2,4.3
827,3,29,17.5,4.7
827,3,30,17.6,5.0
827,3,31,17.6,5.2
827,4,1,17.9,5.4
827,4,2,18.0,5.3
827,4,3,18.3,5.5
827,4,4,18.4,5.7
827,4,5,18.6,5.9
827,4,6,19.1,6.1
827,4,7,19.4,6.6
827,4,8,19.5,6.8
827,4,9,19.7,7.1
827,4,10,19.8,7.2
827,4,11,19.7,7.5
827,4,12,20.0,7.6
827,4,13,20.5,7.8
827,4,14,21.1,7.9
827,4,15,21.4,8.1
827,4,16,22.0,8.4
827,4,17,22.0,8.6
827,4,18,21.8,8.9
827,4,19,21.7,9.3
827,4,20,21.9,9.6
827,4,21,21.6,9.7
827,4,22,21.7,9.7
827,4,23,22.0,9.6
827,4,24,21.9,9.4
827,4,25,21.7,9.1
827,4,26,22.1,9.0
827,4,27,22.3,9.4
827,4,28,22.7,10.0
827,4,29,23.5,10.6
827,4,30,24.1,11.2
827,5,1,24.4,11.8
827,5,2,25.1,12.1
827,5,3,25.4,12.2
827,5,4,25.4,12.3
827,5,5,25.4,12.3
827,5,6,25.7,12.3
827,5,7,25.3,12.3
827,5,8,24.8,12.2
827,5,9,24.6,12.0
827,5,10,24.3,12.0
827,5,11,24.4,12.1
827,5,12,24.7,12.3
827,5,13,25.2,12.6
827,5,14,25.3,13.1
827,5,15,25.9,13.3
827,5,16,25.8,13.6
827,5,17,25.8,13.8
827,5,18,26.1,13.9
827,5,19,26.7,13.6
827,5,20,27.0,13.7
827,5,21,27.4,13.9
827,5,22,27.6,14.1
827,5,23,27.8,14.2
827,5,24,27.7,14.7
827,5,25,27.6,14.9
827,5,26,27.3,15.0
827,5,27,27.8,15.0
827,5,28,27.6,15.1
827,5,29,27.7,15.0
827,5,30,28.0,15.1
827,5,31,28.2,15.2
827,6,1,28.1,15.4
827,6,2,28.5,15.5
827,6,3,28.5,16.0
827,6,4,28.6,16.2
827,6,5,29.0,16.4
827,6,6,29.0,16.7
827,6,7,28.7,16.9
827,6,8,28.9,17.0
827,6,9,28.8,17.2
827,6,10,28.8,17.4
827,6,11,28.9,17.3
827,6,12,28.8,17.5
827,6,13,28.9,17.7
827,6,14,29.2,17.7
827,6,15,29.2,17.9
827,6,16,29.4,18.2
827,6,17,29.8,18.4
827,6,18,30.1,18.7
827,6,19,30.0,19.2
827,6,20,29.9,19.3
827,6,21,29.9,19.5
827,6,22,29.5,19.5
827,6,23,29.0,19.5
827,6,24,28.7,19.4
827,6,25,28.8,19.5
827,6,26,28.8,19.7
827,6,27,29.2,19.9
827,6,28,29.6,20.3
827,6,29,29.8,20.6
827,6,30,29.9,20.9
827,7,1,30.1,21.2
827,7,2,30.0,21.5
827,7,3,30.0,21.5
827,7,4,30.1,21.5
827,7,5,29.8,21.4
827,7,6,29.7,21.4
827,7,7,29.7,21.4
827,7,8,29.8,21.5
827,7,9,29.8,21.7
827,7,10,29.9,21.9
827,7,11,30.1,22.0
827,7,12,30.3,22.1
827,7,13,30.3,22.1
827,7,14,30.4,22.1
827,7,15,30.5,22.1
827,7,16,30.8,22.0
827,7,17,31.0,22.1
827,7,18,31.3,22.3
827,7,19,31.7,22.6
827,7,20,32.2,23.0
827,7,21,32.5,23.2
827,7,22,32.6,23.5
827,7,23,32.5,23.5
827,7,24,32.5,23.3
827,7,25,32.5,23.3
827,7,26,32.5,23.5
827,7,27,32.7,23.5
827,7,28,33.1,23.6
827,7,29,33.4,23.9
827,7,30,33.7,24.1
827,7,31,34.0,24.1
827,8,1,34.0,24.2
827,8,2,34.0,24.2
827,8,3,34.1,24.3
827,8,4,34.0,24.2
827,8,5,33.8,24.1
827,8,6,33.7,24.0
827,8,7,33.5,24.0
827,8,8,33.1,23.9
827,8,9,32.8,23.8
827,8,10,32.7,23.7
827,8,11,32.6,23.6
827,8,12,32.2,23.5
827,8,13,32.2,23.5
827,8,14,32.1,23.4
827,8,15,31.9,23.3
827,8,16,31.6,23.3
827,8,17,31.7,23.1
827,8,18,31.5,22.9
827,8,19,31.5,22.8
827,8,20,31.4,22.7
827,8,21,31.4,22.6
827,8,22,31.3,22.4
827,8,23,31.2,22.2
827,8,24,30.9,22.0
827,8,25,30.7,21.7
827,8,26,30.8,21.6
827,8,27,30.7,21.4
827,8,28,30.3,21.3
827,8,29,30.0,21.2
827,8,30,29.9,20.9
827,8,31,29.5,20.7
827,9,1,29.2,20.4
827,9,2,29.3,20.1
827,9,3,29.3,19.9
827,9,4,28.9,19.8
827,9,5,28.7,19.6
827,9,6,28.8,19.4
827,9,7,28.7,19.3
827,9,8,28.7,19.2
827,9,9,28.7,19.1
827,9,10,28.5,19.1
827,9,11,28.3,19.0
827,9,12,27.8,18.8
827,9,13,27.5,18.7
827,9,14,27.4,18.4
827,9,15,27.4,18.1
827,9,16,27.3,17.9
827,9,17,27.5,17.5
827,9,18,27.4,17.1
827,9,19,27.1,16.8
827,9,20,26.6,16.3
827,9,21,26.1,15.9
827,9,22,25.7,15.6
827,9,23,25.6,15.5
827,9,24,25.7,15.3
827,9,25,25.8,15.1
827,9,26,25.8,15.1
827,9,27,25.6,15.1
827,9,28,25.3,15.0
827,9,29,25.1,14.9
827,9,30,25.0,14.9
827,10,1,25.0,14.7
827,10,2,25.1,14.3
827,10,3,24.9,13.9
827,10,4,24.6,13.5
827,10,5,24.4,13.1
827,10,6,24.0,12.9
827,10,7,23.9,12.7
827,10,8,24.1,12.5
827,10,9,24.0,12.5
827,10,10,23.7,12.4
827,10,11,23.5,12.0
827,10,12,23.3,11.8
827,10,13,22.8,11.4
827,10,14,22.4,10.7
827,10,15,22.4,10.2
827,10,16,22.2,9.8
827,10,17,22.1,9.5
827,10,18,22.0,9.5
827,10,19,22.1,9.6
827,10,20,21.7,9.8
827,10,21,21.3,9.9
827,10,22,21.1,9.8
827,10,23,20.8,9.5
827,10,24,20.4,9.1
827,10,25,20.2,8.6
827,10,26,20.1,8.1
827,10,27,19.7,7.7
827,10,28,19.2,7.3
827,10,29,18.9,6.9
827,10,30,18.6,6.6
827,10,31,18.2,6.3
827,11,1,18.0,5.9
827,11,2,18.1,5.6
827,11,3,18.2,5.5
827,11,4,18.5,5.5
827,11,5,18.7,5.7
827,11,6,18.6,6.1
827,11,7,18.3,6.4
827,11,8,17.8,6.4
827,11,9,17.3,6.2
827,11,10,16.8,5.9
827,11,11,16.3,5.2
827,11,12,16.0,4.8
827,11,13,15.6,4.6
827,11,14,15.2,4.1
827,11,15,14.7,3.6
827,11,16,14.2,3.3
827,11,17,13.6,2.6
827,11,18,13.2,2.2
827,11,19,12.9,1.7
827,11,20,12.7,1.5
827,11,21,13.0,1.3
827,11,22,13.0,1.4
827,11,23,13.0,1.4
827,11,24,13.0,1.6
827,11,25,12.7,1.7
827,11,26,12.2,1.8
827,11,27,11.9,1.7
827,11,28,11.7,1.6
827,11,29,11.5,1.2
827,11,30,11.4,0.8
827,12,1,11.0,0.5
827,12,2,10.6,0.2
827,12,3,10.1,-0.3
827,12,4,9.4,-0.5
827,12,5,8.8,-0.9
827,12,6,8.4,-1.3
827,12,7,8.2,-1.7
827,12,8,8.1,-1.9
827,12,9,8.2,-1.9
827,12,10,8.1,-2.1
827,12,11,8.1,-2.2
827,12,12,7.8,-2.3
827,12,13,7.6,-2.4
827,12,14,7.3,-2.8
827,12,15,7.3,-2.8
827,12,16,7.0,-2.9
827,12,17,7.0,-2.9
827,12,18,7.0,-3.0
827,12,19,7.1,-2.8
827,12,20,7.4,-2.6
827,12,21,7.6,-2.6
827,12,22,7.7,-2.6
827,12,23,7.6,-2.6
827,12,24,7.4,-2.7
827,12,25,6.9,-3.2
827,12,26,6.4,-3.5
827,12,27,6.2,-3.8
827,12,28,6.0,-4.1
827,12,29,5.8,-4.4
827,12,30,5.7,-4.3
827,12,31,5.9,-4.2
846,1,1,5.8,-3.8
846,1,2,5.9,-3.8
846,1,3,6.1,-3.7
846,1,4,6.2,-3.5
846,1,5,5.9,-3.6
846,1,6,5.7,-3.5
846,1,7,5.3,-3.5
846,1,8,5.2,-3.6
846,1,9,5.1,-3.6
846,1,10,5.1,-3.6
846,1,11,5.0,-3.7
846,1,12,5.1,-3.6
846,1,13,5.2,-3.5
846,1,14,5.3,-3.5
846,1,15,5.6,-3.4
846,1,16,6.0,-3.1
846,1,17,6.2,-2.9
846,1,18,6.1,-2.6
846,1,19,6.1,-2.5
846,1,20,5.9,-2.6
846,1,21,5.6,-3.0
846,1,22,5.2,-3.5
846,1,23,4.9,-4.0
846,1,24,4.8,-4.2
846,1,25,5.0,-4.3
846,1,26,5.2,-4.1
846,1,27,5.5,-3.8
846,1,28,5.9,-3.5
846,1,29,6.2,-3.3
846,1,30,6.4,-3.3
846,1,31,6.5,-3.4
846,2,1,6.5,-3.5
846,2,2,6.6,-3.7
846,2,3,6.6,-3.7
846,2,4,6.8,-3.6
846,2,5,6.9,-3.4
846,2,6,6.9,-3.2
846,2,7,6.8,-3.0
846,2,8,6.9,-2.9
846,2,9,6.9,-2.8
846,2,10,6.8,-2.7
846,2,11,7.4,-2.4
846,2,12,8.1,-2.0
846,2,13,8.4,-1.7
846,2,14,8.5,-1.5
846,2,15,8.6,-1.4
846,2,16,8.5,-1.5
846,2,17,8.5,-1.6
846,2,18,8.8,-1.6
846,2,19,9.1,-1.4
846,2,20,9.7,-1.1
846,2,21,10.2,-0.6
846,2,22,10.5,-0.3
846,2,23,10.6,0.2
846,2,24,10.9,0.5
846,2,25,10.9,0.7
846,2,26,11.0,0.9
846,2,27,11.2,1.1
846,2,28,11.1,1.0
846,2,29,11.2,1.1
846,3,1,11.3,1.1
846,3,2,11.4,1.2
846,3,3,11.6,1.2
846,3,4,11.7,1.2
846,3,5,11.6,1.3
846,3,6,11.6,1.2
846,3,7,11.9,1.1
846,3,8,12.1,1.3
846,3,9,12.3,1.2
846,3,10,13.0,1.2
846,3,11,13.4,1.4
846,3,12,13.5,1.6
846,3,13,13.9,1.7
846,3,14,14.3,2.2
846,3,15,14.9,2.7
846,3,16,15.3,3.4
846,3,17,15.8,3.8
846,3,18,16.0,4.2
846,3,19,16.1,4.2
846,3,20,15.8,4.3
846,3,21,15.5,4.2
846,3,22,15.1,4.0
846,3,23,15.0,3.9
846,3,24,15.0,4.0
846,3,25,15.4,4.1
846,3,26,16.0,4.3
846,3,27,16.4,4.6
846,3,28,16.9,4.9
846,3,29,17.3,5.4
846,3,30,17.4,5.5
846,3,31,17.6,5.8
846,4,1,17.9,5.9
846,4,2,18.1,5.8
846,4,3,18.4,5.9
846,4,4,18.6,6.2
846,4,5,18.8,6.5
846,4,6,19.2,6.8
846,4,7,19.4,7.3
846,4,8,19.5,7.6
846,4,9,19.6,7.9
846,4,10,19.7,8.0
846,4,11,19.5,8.2
846,4,12,19.7,8.2
846,4,13,20.2,8.3
846,4,14,20.7,8.4
846,4,15,21.1,8.6
846,4,16,21.8,9.0
846,4,17,21.9,9.3
846,4,18,21.7,9.6
846,4,19,21.7,9.9
846,4,20,21.8,10.2
846,4,21,21.4,10.3
846,4,22,21.5,10.3
846,4,23,21.8,10.2
846,4,24,21.7,10.0
846,4,25,21.6,9.8
846,4,26,21.9,9.5
846,4,27,22.0,9.7
846,4,28,22.6,10.3
846,4,29,23.3,10.8
846,4,30,23.9,11.4
846,5,1,24.2,12.1
846,5,2,24.9,12.4
846,5,3,25.1,12.5
846,5,4,25.1,12.6
846,5,5,25.1,12.5
846,5,6,25.4,12.6
846,5,7,25.1,12.7
846,5,8,24.6,12.7
846,5,9,24.5,12.6
846,5,10,24.3,12.8
846,5,11,24.4,12.9
846,5,12,24.7,12.9
846,5,13,25.1,13.2
846,5,14,25.2,13.6
846,5,15,25.7,13.9
846,5,16,25.6,14.0
846,5,17,25.5,14.3
846,5,18,25.9,14.4
846,5,19,26.6,14.3
846,5,20,26.9,14.3
846,5,21,27.3,14.6
846,5,22,27.7,14.7
846,5,23,27.9,15.0
846,5,24,27.8,15.5
846,5,25,27.8,15.8
846,5,26,27.7,15.9
846,5,27,28.1,15.9
846,5,28,27.9,16.0
846,5,29,28.0,15.9
846,5,30,28.2,15.9
846,5,31,28.3,16.0
846,6,1,28.2,16.2
846,6,2,28.6,16.4
846,6,3,28.7,16.7
846,6,4,28.8,17.0
846,6,5,29.2,17.3
846,6,6,29.2,17.5
846,6,7,29.1,17.7
846,6,8,29.1,17.8
846,6,9,29.0,18.0
846,6,10,28.9,18.1
846,6,11,29.0,18.1
846,6,12,28.8,18.2
846,6,13,28.8,18.3
846,6,14,29.1,18.4
846,6,15,29.1,18.5
846,6,16,29.2,18.7
846,6,17,29.6,18.9
846,6,18,29.9,19.2
846,6,19,29.9,19.6
846,6,20,29.9,19.7
846,6,21,29.8,19.8
846,6,22,29.4,19.9
846,6,23,29.0,19.8
846,6,24,28.6,19.6
846,6,25,28.7,19.8
846,6,26,28.8,20.0
846,6,27,29.1,20.2
846,6,28,29.4,20.5
846,6,29,29.5,20.9
846,6,30,29.6,21.1
846,7,1,29.6,21.3
846,7,2,29.6,21.5
846,7,3,29.7,21.5
846,7,4,29.9,21.6
846,7,5,29.7,21.6
846,7,6,29.7,21.6
846,7,7,29.7,21.6
846,7,8,29.8,21.8
846,7,9,29.7,21.9
846,7,10,29.9,22.0
846,7,11,30.0,22.2
846,7,12,30.1,22.3
846,7,13,30.1,22.3
846,7,14,30.3,22.3
846,7,15,30.4,22.3
846,7,16,30.5,22.3
846,7,17,30.7,22.5
846,7,18,31.1,22.7
846,7,19,31.4,23.0
846,7,20,31.8,23.4
846,7,21,32.1,23.6
846,7,22,32.2,23.8
846,7,23,32.2,23.8
846,7,24,32.2,23.8
846,7,25,32.3,23.8
846,7,26,32.3,23.9
846,7,27,32.6,24.0
846,7,28,32.9,24.0
846,7,29,33.1,24.1
846,7,30,33.4,24.3
846,7,31,33.6,24.3
846,8,1,33.6,24.4
846,8,2,33.6,24.5
846,8,3,33.9,24.6
846,8,4,33.7,24.6
846,8,5,33.5,24.4
846,8,6,33.5,24.3
846,8,7,33.3,24.3
846,8,8,32.9,24.2
846,8,9,32.6,24.1
846,8,10,32.6,24.0
846,8,11,32.5,23.9
846,8,12,32.3,23.9
846,8,13,32.2,23.8
846,8,14,32.0,23.7
846,8,15,32.0,23.5
846,8,16,31.7,23.5
846,8,17,31.7,23.2
846,8,18,31.4,23.1
846,8,19,31.5,22.9
846,8,20,31.3,22.9
846,8,21,31.2,22.7
846,8,22,31.0,22.6
846,8,23,31.0,22.5
846,8,24,30.6,22.2
846,8,25,30.4,22.0
846,8,26,30.4,21.8
846,8,27,30.3,21.6
846,8,28,29.9,21.4
846,8,29,29.6,21.2
846,8,30,29.6,21.0
846,8,31,29.3,20.7
846,9,1,29.0,20.4
846,9,2,29.2,20.2
846,9,3,29.2,20.1
846,9,4,28.7,20.1
846,9,5,28.6,19.9
846,9,6,28.5,19.8
846,9,7,28.3,19.7
846,9,8,28.2,19.6
846,9,9,28.2,19.4
846,9,10,28.0,19.4
846,9,11,27.9,19.3
846,9,12,27.6,19.1
846,9,13,27.4,18.9
846,9,14,27.3,18.7
846,9,15,27.3,18.5
846,9,16,27.1,18.3
846,9,17,27.3,18.0
846,9,18,27.2,17.7
846,9,19,27.0,17.4
846,9,20,26.6,17.0
846,9,21,26.1,16.5
846,9,22,25.7,16.3
846,9,23,25.6,16.1
846,9,24,25.7,16.0
846,9,25,25.8,15.8
846,9,26,25.8,15.8
846,9,27,25.5,15.8
846,9,28,25.1,15.7
846,9,29,24.9,15.7
846,9,30,24.7,15.6
846,10,1,24.6,15.3
846,10,2,24.7,14.9
846,10,3,24.5,14.5
846,10,4,24.2,14.1
846,10,5,24.0,13.8
846,10,6,23.7,13.6
846,10,7,23.6,13.4
846,10,8,23.7,13.3
846,10,9,23.7,13.3
846,10,10,23.4,13.1
846,10,11,23.2,12.8
846,10,12,22.9,12.6
846,10,13,22.5,12.2
846,10,14,22.1,11.6
846,10,15,22.0,11.1
846,10,16,21.8,10.8
846,10,17,21.6,10.5
846,10,18,21.5,10.4
846,10,19,21.5,10.5
846,10,20,21.2,10.7
846,10,21,20.9,10.6
846,10,22,20.6,10.5
846,10,23,20.5,10.1
846,10,24,20.1,9.9
846,10,25,19.9,9.4
846,10,26,19.8,9.1
846,10,27,19.5,8.8
846,10,28,19.0,8.5
846,10,29,18.8,8.1
846,10,30,18.4,7.8
846,10,31,18.0,7.5
846,11,1,17.8,7.0
846,11,2,17.8,6.7
846,11,3,17.9,6.6
846,11,4,18.1,6.7
846,11,5,18.4,6.9
846,11,6,18.3,7.3
846,11,7,18.0,7.6
846,11,8,17.6,7.4
846,11,9,17.0,7.1
846,11,10,16.5,6.7
846,11,11,16.1,5.9
846,11,12,15.7,5.5
846,11,13,15.3,5.2
846,11,14,14.8,4.8
846,11,15,14.3,4.4
846,11,16,13.8,4.1
846,11,17,13.3,3.5
846,11,18,12.9,3.0
846,11,19,12.6,2.5
846,11,20,12.5,2.2
846,11,21,12.7,2.0
846,11,22,12.7,2.2
846,11,23,12.7,2.2
846,11,24,12.5,2.3
846,11,25,12.2,2.3
846,11,26,11.8,2.3
846,11,27,11.5,2.1
846,11,28,11.3,2.1
846,11,29,11.1,1.8
846,11,30,11.1,1.6
846,12,1,10.9,1.4
846,12,2,10.5,1.1
846,12,3,10.0,0.6
846,12,4,9.3,0.2
846,12,5,8.6,-0.2
846,12,6,8.2,-0.8
846,12,7,7.9,-1.2
846,12,8,7.9,-1.3
846,12,9,8.1,-1.2
846,12,10,8.0,-1.2
846,12,11,8.0,-1.3
846,12,12,7.8,-1.4
846,12,13,7.4,-1.7
846,12,14,7.2,-2.1
846,12,15,7.0,-2.4
846,12,16,6.8,-2.6
846,12,17,6.7,-2.6
846,12,18,6.7,-2.6
846,12,19,6.7,-2.5
846,12,20,7.0,-2.3
846,12,21,7.3,-2.1
846,12,22,7.4,-2.0
846,12,23,7.4,-2.1
846,12,24,7.1,-2.2
846,12,25,6.5,-2.7
846,12,26,6.0,-3.1
846,12,27,5.8,-3.4
846,12,28,5.6,-3.6
846,12,29,5.4,-3.9
846,12,30,5.4,-3.9
846,12,31,5.7,-3.8
860,1,1,6.5,-3.0
860,1,2,6.4,-2.9
860,1,3,6.4,-2.9
860,1,4,6.4,-2.8
860,1,5,6.1,-2.9
860,1,6,6.0,-2.9
860,1,7,5.8,-2.9
860,1,8,5.8,-2.8
860,1,9,5.8,-2.9
860,1,10,5.8,-2.9
860,1,11,5.7,-2.9
860,1,12,5.7,-2.8
860,1,13,5.8,-2.9
860,1,14,5.8,-2.9
860,1,15,5.9,-2.9
860,1,16,6.1,-2.8
860,1,17,6.2,-2.9
860,1,18,6.2,-2.7
860,1,19,6.0,-2.6
860,1,20,5.8,-2.6
860,1,21,5.5,-2.8
860,1,22,5.3,-3.0
860,1,23,5.1,-3.4
860,1,24,5.2,-3.4
860,1,25,5.4,-3.5
860,1,26,5.7,-3.4
860,1,27,6.0,-3.2
860,1,28,6.3,-2.9
860,1,29,6.5,-2.8
860,1,30,6.5,-2.8
860,1,31,6.6,-3.0
860,2,1,6.6,-3.1
860,2,2,6.7,-3.1
860,2,3,6.9,-3.1
860,2,4,7.2,-2.9
860,2,5,7.5,-2.6
860,2,6,7.5,-2.4
860,2,7,7.5,-2.4
860,2,8,7.6,-2.2
860,2,9,7.5,-2.3
860,2,10,7.4,-2.0
860,2,11,7.9,-1.6
860,2,12,8.6,-1.3
860,2,13,8.9,-1.0
860,2,14,9.0,-0.8
860,2,15,9.1,-0.7
860,2,16,8.8,-0.8
860,2,17,8.8,-0.9
860,2,18,8.9,-1.0
860,2,19,9.0,-1.0
860,2,20,9.4,-0.9
860,2,21,9.8,-0.7
860,2,22,9.9,-0.4
860,2,23,10.0,0.0
860,2,24,10.5,0.3
860,2,25,10.7,0.6
860,2,26,11.0,1.0
860,2,27,11.2,1.3
860,2,28,11.2,1.3
860,2,29,11.3,1.4
860,3,1,11.3,1.4
860,3,2,11.4,1.5
860,3,3,11.6,1.4
860,3,4,11.9,1.5
860,3,5,11.8,1.7
860,3,6,12.0,1.7
860,3,7,12.3,1.7
860,3,8,12.3,1.9
860,3,9,12.3,1.9
860,3,10,12.9,1.8
860,3,11,13.3,2.0
860,3,12,13.5,2.2
860,3,13,13.7,2.4
860,3,14,14.0,2.8
860,3,15,14.3,3.1
860,3,16,14.5,3.4
860,3,17,15.0,3.8
860,3,18,15.3,4.0
860,3,19,15.5,4.1
860,3,20,15.3,4.3
860,3,21,15.2,4.4
860,3,22,14.8,4.3
860,3,23,14.6,4.4
860,3,24,14.7,4.4
860,3,25,15.3,4.5
860,3,26,15.8,4.7
860,3,27,16.3,5.1
860,3,28,16.8,5.3
860,3,29,17.1,5.6
860,3,30,17.2,5.9
860,3,31,17.3,6.0
860,4,1,17.6,6.1
860,4,2,17.8,6.1
860,4,3,18.3,6.3
860,4,4,18.5,6.6
860,4,5,18.7,6.9
860,4,6,18.9,7.1
860,4,7,19.1,7.5
860,4,8,18.9,7.7
860,4,9,18.9,7.8
860,4,10,18.9,7.9
860,4,11,19.0,8.0
860,4,12,19.4,8.1
860,4,13,19.9,8.3
860,4,14,20.5,8.5
860,4,15,21.0,8.8
860,4,16,21.6,9.2
860,4,17,21.8,9.4
860,4,18,21.7,9.6
860,4,19,21.6,9.8
860,4,20,21.7,10.1
860,4,21,21.6,10.2
860,4,22,21.7,10.3
860,4,23,22.0,10.3
860,4,24,22.1,10.3
860,4,25,22.2,10.2
860,4,26,22.6,10.1
860,4,27,22.6,10.4
860,4,28,22.9,11.0
860,4,29,23.3,11.4
860,4,30,23.6,11.9
860,5,1,23.8,12.4
860,5,2,24.3,12.6
860,5,3,24.6,12.6
860,5,4,24.7,12.7
860,5,5,24.7,12.8
860,5,6,24.9,12.9
860,5,7,24.8,13.0
860,5,8,24.5,13.0
860,5,9,24.4,12.8
860,5,10,24.3,12.8
860,5,11,24.3,12.9
860,5,12,24.4,13.1
860,5,13,24.6,13.4
860,5,14,24.9,13.8
860,5,15,25.2,14.0
860,5,16,25.5,14.1
860,5,17,25.6,14.3
860,5,18,26.0,14.4
860,5,19,26.4,14.4
860,5,20,26.8,14.5
860,5,21,27.0,14.9
860,5,22,27.2,15.1
860,5,23,27.2,15.3
860,5,24,27.1,15.6
860,5,25,26.9,15.8
860,5,26,26.8,15.7
860,5,27,26.9,15.6
860,5,28,27.0,15.7
860,5,29,27.3,15.6
860,5,30,27.6,15.8
860,5,31,27.8,16.1
860,6,1,27.8,16.4
860,6,2,28.1,16.6
860,6,3,28.1,17.0
860,6,4,28.2,17.2
860,6,5,28.4,17.3
860,6,6,28.4,17.4
860,6,7,28.3,17.6
860,6,8,28.3,17.7
860,6,9,28.2,17.9
860,6,10,28.2,18.1
860,6,11,28.4,18.2
860,6,12,28.5,18.3
860,6,13,28.7,18.5
860,6,14,29.0,18.6
860,6,15,29.1,18.8
860,6,16,29.1,18.9
860,6,17,29.3,19.1
860,6,18,29.4,19.3
860,6,19,29.3,19.5
860,6,20,29.2,19.6
860,6,21,29.1,19.7
860,6,22,28.8,19.7
860,6,23,28.5,19.7
860,6,24,28.3,19.7
860,6,25,28.4,19.8
860,6,26,28.5,20.0
860,6,27,28.8,20.3
860,6,28,29.1,20.6
860,6,29,29.2,20.9
860,6,30,29.2,21.1
860,7,1,29.3,21.3
860,7,2,29.2,21.5
860,7,3,29.3,21.6
860,7,4,29.5,21.6
860,7,5,29.4,21.5
860,7,6,29.3,21.5
860,7,7,29.4,21.5
860,7,8,29.4,21.7
860,7,9,29.4,21.8
860,7,10,29.4,22.1
860,7,11,29.5,22.2
860,7,12,29.8,22.4
860,7,13,29.9,22.4
860,7,14,30.1,22.4
860,7,15,30.2,22.4
860,7,16,30.3,22.3
860,7,17,30.5,22.4
860,7,18,30.8,22.6
860,7,19,31.1,22.9
860,7,20,31.7,23.2
860,7,21,32.0,23.6
860,7,22,32.1,23.8
860,7,23,32.0,23.9
860,7,24,32.1,23.9
860,7,25,32.1,23.9
860,7,26,32.1,24.1
860,7,27,32.3,24.0
860,7,28,32.5,24.1
860,7,29,32.8,24.2
860,7,30,33.0,24.4
860,7,31,33.1,24.4
860,8,1,33.1,24.5
860,8,2,33.0,24.4
860,8,3,33.0,24.4
860,8,4,32.9,24.3
860,8,5,32.7,24.2
860,8,6,32.7,24.1
860,8,7,32.6,24.2
860,8,8,32.2,24.1
860,8,9,31.9,24.0
860,8,10,31.9,24.0
860,8,11,31.8,23.9
860,8,12,31.7,23.8
860,8,13,31.7,23.7
860,8,14,31.5,23.6
860,8,15,31.5,23.5
860,8,16,31.2,23.4
860,8,17,31.1,23.2
860,8,18,31.0,23.0
860,8,19,31.1,22.9
860,8,20,30.9,22.8
860,8,21,30.9,22.7
860,8,22,30.7,22.6
860,8,23,30.6,22.5
860,8,24,30.3,22.3
860,8,25,30.1,22.1
860,8,26,30.1,21.9
860,8,27,30.0,21.7
860,8,28,29.7,21.5
860,8,29,29.5,21.4
860,8,30,29.6,21.3
860,8,31,29.3,21.1
860,9,1,29.1,20.9
860,9,2,29.3,20.7
860,9,3,29.2,20.5
860,9,4,28.7,20.3
860,9,5,28.5,20.1
860,9,6,28.4,19.9
860,9,7,28.1,19.7
860,9,8,28.0,19.6
860,9,9,28.1,19.4
860,9,10,27.9,19.3
860,9,11,27.7,19.2
860,9,12,27.5,19.0
860,9,13,27.3,18.8
860,9,14,27.2,18.6
860,9,15,27.1,18.4
860,9,16,27.1,18.2
860,9,17,27.1,17.9
860,9,18,27.0,17.6
860,9,19,26.7,17.3
860,9,20,26.4,16.8
860,9,21,26.0,16.4
860,9,22,25.7,16.2
860,9,23,25.6,16.0
860,9,24,25.7,15.9
860,9,25,25.7,15.7
860,9,26,25.6,15.6
860,9,27,25.3,15.6
860,9,28,24.9,15.5
860,9,29,24.7,15.4
860,9,30,24.6,15.3
860,10,1,24.6,15.2
860,10,2,24.7,14.8
860,10,3,24.6,14.5
860,10,4,24.3,14.1
860,10,5,24.0,13.7
860,10,6,23.7,13.5
860,10,7,23.6,13.2
860,10,8,23.7,13.0
860,10,9,23.6,13.0
860,10,10,23.5,13.0
860,10,11,23.4,12.7
860,10,12,23.2,12.6
860,10,13,22.9,12.3
860,10,14,22.6,11.9
860,10,15,22.4,11.4
860,10,16,22.1,11.2
860,10,17,21.8,10.8
860,10,18,21.7,10.7
860,10,19,21.7,10.6
860,10,20,21.4,10.6
860,10,21,21.1,10.5
860,10,22,20.9,10.3
860,10,23,20.6,10.0
860,10,24,20.3,9.7
860,10,25,20.1,9.2
860,10,26,19.9,8.9
860,10,27,19.7,8.6
860,10,28,19.3,8.3
860,10,29,19.0,8.1
860,10,30,18.6,7.9
860,10,31,18.2,7.6
860,11,1,18.0,7.2
860,11,2,18.1,6.9
860,11,3,18.3,6.8
860,11,4,18.5,6.8
860,11,5,18.6,7.1
860,11,6,18.3,7.3
860,11,7,18.0,7.5
860,11,8,17.5,7.4
860,11,9,17.1,7.2
860,11,10,16.7,6.9
860,11,11,16.4,6.5
860,11,12,16.1,6.2
860,11,13,15.7,6.0
860,11,14,15.3,5.5
860,11,15,14.8,4.9
860,11,16,14.3,4.6
860,11,17,13.8,4.0
860,11,18,13.5,3.6
860,11,19,13.2,3.2
860,11,20,12.9,2.9
860,11,21,13.0,2.8
860,11,22,12.9,2.7
860,11,23,12.8,2.6
860,11,24,12.7,2.7
860,11,25,12.5,2.6
860,11,26,12.1,2.5
860,11,27,11.9,2.4
860,11,28,11.7,2.3
860,11,29,11.5,2.0
860,11,30,11.4,1.7
860,12,1,11.1,1.5
860,12,2,10.6,1.1
860,12,3,10.1,0.6
860,12,4,9.4,0.2
860,12,5,9.0,0.1
860,12,6,8.7,-0.2
860,12,7,8.5,-0.4
860,12,8,8.5,-0.5
860,12,9,8.6,-0.5
860,12,10,8.4,-0.7
860,12,11,8.4,-0.8
860,12,12,8.1,-1.0
860,12,13,7.8,-1.2
860,12,14,7.6,-1.6
860,12,15,7.5,-1.7
860,12,16,7.3,-1.8
860,12,17,7.2,-1.9
860,12,18,7.3,-1.8
860,12,19,7.3,-1.5
860,12,20,7.6,-1.4
860,12,21,7.8,-1.2
860,12,22,7.9,-1.2
860,12,23,7.8,-1.3
860,12,24,7.6,-1.5
860,12,25,7.2,-1.9
860,12,26,6.8,-2.3
860,12,27,6.6,-2.5
860,12,28,6.4,-2.8
860,12,29,6.3,-3.0
860,12,30,6.2,-3.0
860,12,31,6.4,-3.0
864,1,1,5.4,-4.1
864,1,2,5.3,-4.1
864,1,3,5.3,-4.1
864,1,4,5.5,-4.0
864,1,5,5.3,-4.1
864,1,6,5.1,-4.3
864,1,7,4.9,-4.3
864,1,8,4.9,-4.2
864,1,9,4.6,-4.3
864,1,10,4.5,-4.3
864,1,11,4.5,-4.1
864,1,12,4.5,-4.1
864,1,13,4.5,-4.2
864,1,14,4.6,-4.2
864,1,15,4.7,-4.1
864,1,16,4.8,-4.3
864,1,17,5.0,-4.4
864,1,18,5.1,-4.1
864,1,19,4.9,-4.2
864,1,20,4.7,-4.1
864,1,21,4.5,-4.1
864,1,22,4.2,-4.4
864,1,23,4.0,-4.7
864,1,24,4.1,-4.7
864,1,25,4.2,-4.9
864,1,26,4.4,-4.9
864,1,27,4.8,-4.6
864,1,28,4.9,-4.4
864,1,29,5.1,-4.3
864,1,30,5.1,-4.3
864,1,31,5.1,-4.4
864,2,1,5.0,-4.6
864,2,2,5.1,-4.7
864,2,3,5.2,-4.7
864,2,4,5.5,-4.5
864,2,5,5.8,-4.3
864,2,6,5.9,-3.9
864,2,7,5.9,-3.8
864,2,8,5.9,-3.6
864,2,9,5.9,-3.6
864,2,10,6.0,-3.3
864,2,11,6.5,-3.3
864,2,12,7.2,-3.0
864,2,13,7.6,-2.7
864,2,14,7.6,-2.6
864,2,15,7.6,-2.5
864,2,16,7.5,-2.5
864,2,17,7.4,-2.6
864,2,18,7.7,-2.8
864,2,19,7.9,-2.7
864,2,20,8.4,-2.5
864,2,21,8.7,-2.3
864,2,22,9.0,-2.1
864,2,23,9.2,-1.8
864,2,24,9.4,-1.5
864,2,25,9.7,-1.1
864,2,26,10.0,-0.7
864,2,27,10.0,-0.4
864,2,28,9.9,-0.5
864,2,29,10.1,-0.5
864,3,1,10.2,-0.5
864,3,2,10.3,-0.4
864,3,3,10.4,-0.4
864,3,4,10.7,-0.3
864,3,5,10.8,0.0
864,3,6,10.9,0.1
864,3,7,11.1,0.0
864,3,8,11.0,0.1
864,3,9,11.0,0.1
864,3,10,11.5,0.0
864,3,11,11.9,0.1
864,3,12,12.0,0.4
864,3,13,12.6,0.5
864,3,14,13.0,1.0
864,3,15,13.4,1.4
864,3,16,13.5,1.8
864,3,17,14.0,2.0
864,3,18,14.3,2.3
864,3,19,14.6,2.3
864,3,20,14.4,2.5
864,3,21,14.3,2.4
864,3,22,13.8,2.3
864,3,23,13.5,2.3
864,3,24,13.6,2.3
864,3,25,14.0,2.5
864,3,26,14.4,2.6
864,3,27,15.1,2.9
864,3,28,15.6,3.2
864,3,29,15.8,3.4
864,3,30,16.1,3.6
864,3,31,16.3,3.8
864,4,1,16.5,4.0
864,4,2,16.8,4.1
864,4,3,17.3,4.3
864,4,4,17.3,4.4
864,4,5,17.6,4.8
864,4,6,18.0,5.0
864,4,7,18.3,5.5
864,4,8,18.2,6.0
864,4,9,18.4,6.2
864,4,10,18.6,6.2
864,4,11,18.4,6.3
864,4,12,18.4,6.1
864,4,13,18.8,6.0
864,4,14,19.3,6.1
864,4,15,19.8,6.4
864,4,16,20.5,6.8
864,4,17,20.8,7.1
864,4,18,20.9,7.6
864,4,19,20.9,8.1
864,4,20,21.0,8.5
864,4,21,20.8,8.6
864,4,22,20.8,8.6
864,4,23,20.9,8.5
864,4,24,20.8,8.2
864,4,25,20.9,8.0
864,4,26,21.4,8.0
864,4,27,21.7,8.5
864,4,28,22.2,9.2
864,4,29,22.8,9.9
864,4,30,23.4,10.6
864,5,1,23.4,11.0
864,5,2,23.9,11.1
864,5,3,24.1,11.1
864,5,4,24.1,11.0
864,5,5,24.0,11.0
864,5,6,24.2,11.2
864,5,7,24.1,11.4
864,5,8,23.8,11.5
864,5,9,23.8,11.6
864,5,10,23.6,11.6
864,5,11,23.6,11.7
864,5,12,23.7,11.8
864,5,13,24.0,12.2
864,5,14,24.2,12.5
864,5,15,24.5,12.5
864,5,16,24.8,12.8
864,5,17,24.8,13.0
864,5,18,25.0,12.9
864,5,19,25.4,12.8
864,5,20,25.8,13.0
864,5,21,26.0,13.2
864,5,22,26.2,13.4
864,5,23,26.4,13.7
864,5,24,26.4,14.0
864,5,25,26.3,14.1
864,5,26,26.3,14.1
864,5,27,26.6,14.3
864,5,28,26.5,14.4
864,5,29,26.8,14.4
864,5,30,27.0,14.6
864,5,31,27.2,14.8
864,6,1,27.2,15.0
864,6,2,27.5,15.3
864,6,3,27.7,15.7
864,6,4,27.9,16.1
864,6,5,27.9,16.4
864,6,6,28.0,16.7
864,6,7,28.2,16.9
864,6,8,28.2,17.2
864,6,9,28.2,17.4
864,6,10,28.2,17.5
864,6,11,28.4,17.7
864,6,12,28.3,17.7
864,6,13,28.3,17.8
864,6,14,28.5,17.7
864,6,15,28.7,17.9
864,6,16,28.8,18.0
864,6,17,28.9,18.2
864,6,18,29.0,18.4
864,6,19,28.9,18.8
864,6,20,28.9,19.0
864,6,21,28.9,19.2
864,6,22,28.6,19.3
864,6,23,28.6,19.4
864,6,24,28.3,19.5
864,6,25,28.2,19.6
864,6,26,28.4,19.8
864,6,27,28.7,20.1
864,6,28,28.7,20.5
864,6,29,28.9,20.8
864,6,30,29.0,21.1
864,7,1,28.9,21.2
864,7,2,28.8,21.4
864,7,3,29.0,21.4
864,7,4,29.2,21.4
864,7,5,29.3,21.3
864,7,6,29.4,21.3
864,7,7,29.6,21.4
864,7,8,29.6,21.5
864,7,9,29.6,21.8
864,7,10,29.5,21.9
864,7,11,29.5,22.1
864,7,12,29.6,22.3
864,7,13,29.7,22.4
864,7,14,29.9,22.4
864,7,15,30.1,22.5
864,7,16,30.4,22.5
864,7,17,30.6,22.6
864,7,18,30.8,22.7
864,7,19,31.1,22.9
864,7,20,31.5,23.3
864,7,21,31.6,23.5
864,7,22,31.7,23.7
864,7,23,31.8,23.8
864,7,24,31.9,23.8
864,7,25,32.0,23.7
864,7,26,32.1,23.8
864,7,27,32.3,23.9
864,7,28,32.4,24.0
864,7,29,32.6,24.1
864,7,30,32.7,24.2
864,7,31,32.9,24.4
864,8,1,32.9,24.4
864,8,2,32.8,24.2
864,8,3,32.8,24.2
864,8,4,32.8,24.1
864,8,5,32.7,23.9
864,8,6,32.8,23.8
864,8,7,32.7,23.9
864,8,8,32.5,23.9
864,8,9,32.3,23.9
864,8,10,32.2,23.7
864,8,11,32.0,23.6
864,8,12,31.9,23.5
864,8,13,31.8,23.5
864,8,14,31.6,23.4
864,8,15,31.7,23.4
864,8,16,31.6,23.2
864,8,17,31.5,23.0
864,8,18,31.4,22.8
864,8,19,31.5,22.7
864,8,20,31.1,22.5
864,8,21,30.8,22.3
864,8,22,30.6,22.2
864,8,23,30.4,22.1
864,8,24,30.0,21.9
864,8,25,29.8,21.8
864,8,26,29.8,21.6
864,8,27,29.9,21.3
864,8,28,29.6,21.1
864,8,29,29.6,20.9
864,8,30,29.8,20.8
864,8,31,29.6,20.7
864,9,1,29.5,20.5
864,9,2,29.8,20.3
864,9,3,29.6,20.2
864,9,4,29.2,20.0
864,9,5,29.0,19.6
864,9,6,28.8,19.4
864,9,7,28.3,19.1
864,9,8,28.3,18.9
864,9,9,28.1,18.7
864,9,10,27.9,18.6
864,9,11,27.7,18.4
864,9,12,27.7,18.3
864,9,13,27.6,18.2
864,9,14,27.6,18.0
864,9,15,27.6,17.8
864,9,16,27.6,17.6
864,9,17,27.6,17.2
864,9,18,27.4,17.0
864,9,19,27.1,16.6
864,9,20,27.0,16.2
864,9,21,26.6,16.0
864,9,22,26.3,15.8
864,9,23,26.1,15.4
864,9,24,26.1,15.3
864,9,25,26.0,15.1
864,9,26,25.9,14.9
864,9,27,25.6,14.8
864,9,28,25.3,14.7
864,9,29,25.1,14.6
864,9,30,24.8,14.4
864,10,1,24.6,14.2
864,10,2,24.4,13.8
864,10,3,24.1,13.3
864,10,4,23.8,12.8
864,10,5,23.6,12.5
864,10,6,23.6,12.1
864,10,7,23.6,11.8
864,10,8,23.6,11.7
864,10,9,23.6,11.6
864,10,10,23.3,11.4
864,10,11,23.1,11.1
864,10,12,22.8,11.0
864,10,13,22.4,10.5
864,10,14,22.0,10.2
864,10,15,21.9,9.9
864,10,16,21.7,9.7
864,10,17,21.6,9.5
864,10,18,21.7,9.5
864,10,19,21.8,9.6
864,10,20,21.7,9.6
864,10,21,21.4,9.4
864,10,22,21.2,9.3
864,10,23,20.7,9.1
864,10,24,20.2,8.6
864,10,25,19.8,8.2
864,10,26,19.5,7.9
864,10,27,19.1,7.6
864,10,28,18.7,7.2
864,10,29,18.4,6.9
864,10,30,17.9,6.7
864,10,31,17.6,6.4
864,11,1,17.4,6.1
864,11,2,17.5,5.9
864,11,3,17.7,5.9
864,11,4,18.1,6.1
864,11,5,18.3,6.3
864,11,6,18.0,6.5
864,11,7,17.7,6.5
864,11,8,17.2,6.6
864,11,9,16.7,6.3
864,11,10,16.2,5.9
864,11,11,16.0,5.5
864,11,12,15.6,5.4
864,11,13,15.1,4.9
864,11,14,14.6,4.3
864,11,15,14.1,3.9
864,11,16,13.6,3.5
864,11,17,13.4,3.0
864,11,18,13.0,2.7
864,11,19,12.7,2.4
864,11,20,12.4,2.0
864,11,21,12.4,1.8
864,11,22,12.4,1.8
864,11,23,12.4,1.7
864,11,24,12.4,1.8
864,11,25,12.1,1.9
864,11,26,11.7,1.8
864,11,27,11.4,1.7
864,11,28,11.1,1.5
864,11,29,10.9,1.2
864,11,30,10.8,0.9
864,12,1,10.4,0.6
864,12,2,9.9,0.1
864,12,3,9.3,-0.4
864,12,4,8.7,-0.8
864,12,5,8.2,-1.0
864,12,6,7.9,-1.1
864,12,7,7.8,-1.3
864,12,8,7.9,-1.3
864,12,9,7.8,-1.2
864,12,10,7.7,-1.5
864,12,11,7.6,-1.7
864,12,12,7.3,-1.8
864,12,13,7.0,-2.0
864,12,14,6.9,-2.2
864,12,15,6.7,-2.2
864,12,16,6.5,-2.5
864,12,17,6.6,-2.5
864,12,18,6.6,-2.6
864,12,19,6.7,-2.5
864,12,20,7.1,-2.5
864,12,21,7.3,-2.1
864,12,22,7.2,-2.1
864,12,23,7.1,-2.2
864,12,24,6.7,-2.4
864,12,25,6.1,-2.8
864,12,26,5.7,-3.3
864,12,27,5.4,-3.7
864,12,28,5.1,-4.0
864,12,29,5.0,-4.3
864,12,30,5.0,-4.4
864,12,31,5.2,-4.3
901,1,1,7.9,-0.4
901,1,2,7.9,-0.3
901,1,3,8.0,-0.1
901,1,4,8.0,0.1
901,1,5,7.9,0.0
901,1,6,7.8,0.0
901,1,7,7.6,-0.3
901,1,8,7.5,-0.5
901,1,9,7.3,-0.5
901,1,10,7.2,-0.4
901,1,11,7.2,-0.5
901,1,12,7.2,-0.5
901,1,13,7.3,-0.5
901,1,14,7.3,-0.4
901,1,15,7.6,-0.3
901,1,16,7.9,0.0
901,1,17,7.9,0.3
901,1,18,8.0,0.6
901,1,19,7.8,0.5
901,1,20,7.5,0.2
901,1,21,7.2,-0.2
901,1,22,6.8,-0.7
901,1,23,6.7,-1.1
901,1,24,6.8,-1.1
901,1,25,7.0,-1.1
901,1,26,7.2,-0.9
901,1,27,7.5,-0.5
901,1,28,7.7,-0.2
901,1,29,7.9,-0.2
901,1,30,7.9,-0.1
901,1,31,8.0,-0.2
901,2,1,8.0,-0.3
901,2,2,8.0,-0.4
901,2,3,8.1,-0.3
901,2,4,8.2,-0.2
901,2,5,8.3,0.0
901,2,6,8.4,0.2
901,2,7,8.4,0.2
901,2,8,8.4,0.2
901,2,9,8.4,0.1
901,2,10,8.2,0.1
901,2,11,8.5,0.4
901,2,12,8.9,0.7
901,2,13,9.2,1.0
901,2,14,9.3,1.2
901,2,15,9.4,1.4
901,2,16,9.3,1.4
901,2,17,9.3,1.4
901,2,18,9.4,1.4
901,2,19,9.5,1.7
901,2,20,9.9,2.2
901,2,21,10.4,2.7
901,2,22,10.6,3.1
901,2,23,10.6,3.5
901,2,24,10.9,3.8
901,2,25,10.9,3.7
901,2,26,10.9,3.9
901,2,27,11.0,3.9
901,2,28,10.9,3.8
901,2,29,10.9,3.8
901,3,1,10.9,3.7
901,3,2,10.9,3.8
901,3,3,11.0,3.7
901,3,4,11.2,3.8
901,3,5,11.1,3.8
901,3,6,11.2,3.7
901,3,7,11.3,3.8
901,3,8,11.3,3.8
901,3,9,11.3,3.7
901,3,10,11.8,3.9
901,3,11,12.2,4.2
901,3,12,12.4,4.3
901,3,13,12.6,4.4
901,3,14,12.8,4.8
901,3,15,12.9,5.2
901,3,16,13.1,5.6
901,3,17,13.3,6.0
901,3,18,13.3,6.2
901,3,19,13.5,6.3
901,3,20,13.4,6.3
901,3,21,13.3,6.0
901,3,22,13.3,5.9
901,3,23,13.6,6.0
901,3,24,13.7,6.1
901,3,25,14.1,6.3
901,3,26,14.4,6.6
901,3,27,14.5,7.0
901,3,28,14.5,7.1
901,3,29,14.8,7.4
901,3,30,14.9,7.6
901,3,31,15.0,7.8
901,4,1,15.3,7.8
901,4,2,15.2,7.7
901,4,3,15.2,7.9
901,4,4,15.2,8.0
901,4,5,15.2,8.2
901,4,6,15.4,8.5
901,4,7,15.7,9.0
901,4,8,15.9,9.1
901,4,9,16.1,9.2
901,4,10,16.2,9.4
901,4,11,16.2,9.6
901,4,12,16.3,9.6
901,4,13,16.4,9.7
901,4,14,16.6,9.9
901,4,15,16.8,10.0
901,4,16,17.0,10.3
901,4,17,17.0,10.4
901,4,18,17.0,10.7
901,4,19,17.1,10.9
901,4,20,17.2,11.1
901,4,21,17.1,11.0
901,4,22,17.3,11.0
901,4,23,17.4,11.0
901,4,24,17.4,11.0
901,4,25,17.5,11.0
901,4,26,17.7,11.0
901,4,27,17.9,11.2
901,4,28,18.1,11.6
901,4,29,18.2,11.8
901,4,30,18.3,12.3
901,5,1,18.4,12.7
901,5,2,18.6,13.0
901,5,3,18.8,13.0
901,5,4,19.0,13.1
901,5,5,19.4,13.1
901,5,6,19.6,13.2
901,5,7,19.5,13.1
901,5,8,19.5,13.1
901,5,9,19.5,13.1
901,5,10,19.3,13.2
901,5,11,19.6,13.2
901,5,12,19.7,13.3
901,5,13,20.0,13.6
901,5,14,20.0,13.8
901,5,15,20.2,14.0
901,5,16,20.0,14.1
901,5,17,20.1,14.3
901,5,18,20.2,14.3
901,5,19,20.6,14.3
901,5,20,20.6,14.4
901,5,21,20.9,14.6
901,5,22,21.0,14.7
901,5,23,21.2,14.8
901,5,24,21.3,15.0
901,5,25,21.4,15.1
901,5,26,21.3,15.2
901,5,27,21.5,15.3
901,5,28,21.4,15.5
901,5,29,21.4,15.6
901,5,30,21.6,15.7
901,5,31,21.8,15.9
901,6,1,21.7,15.9
901,6,2,22.0,15.9
901,6,3,22.1,16.0
901,6,4,22.0,16.1
901,6,5,22.2,16.3
901,6,6,22.4,16.5
901,6,7,22.2,16.8
901,6,8,22.2,16.9
901,6,9,22.3,17.2
901,6,10,22.3,17.4
901,6,11,22.5,17.5
901,6,12,22.7,17.6
901,6,13,22.9,17.7
901,6,14,23.1,17.7
901,6,15,23.1,17.8
901,6,16,23.1,18.0
901,6,17,23.2,18.2
901,6,18,23.3,18.4
901,6,19,23.4,18.6
901,6,20,23.5,18.7
901,6,21,23.5,18.6
901,6,22,23.6,18.6
901,6,23,23.4,18.6
901,6,24,23.3,18.5
901,6,25,23.3,18.5
901,6,26,23.4,18.5
901,6,27,23.4,18.6
901,6,28,23.5,18.6
901,6,29,23.7,18.7
901,6,30,23.9,18.8
901,7,1,24.0,18.9
901,7,2,24.0,19.0
901,7,3,24.1,19.1
901,7,4,24.1,19.1
901,7,5,23.9,18.9
901,7,6,23.9,19.0
901,7,7,24.0,19.1
901,7,8,24.1,19.3
901,7,9,24.3,19.5
901,7,10,24.6,19.8
901,7,11,24.6,19.9
901,7,12,24.7,19.9
901,7,13,24.8,19.9
901,7,14,24.8,19.9
901,7,15,24.8,19.9
901,7,16,25.0,20.0
901,7,17,25.2,20.2
901,7,18,25.4,20.5
901,7,19,25.8,20.7
901,7,20,26.0,21.0
901,7,21,26.2,21.2
901,7,22,26.3,21.2
901,7,23,26.4,21.2
901,7,24,26.4,21.4
901,7,25,26.5,21.5
901,7,26,26.6,21.7
901,7,27,26.8,21.9
901,7,28,26.9,22.0
901,7,29,27.1,22.2
901,7,30,27.3,22.3
901,7,31,27.5,22.4
901,8,1,27.6,22.6
901,8,2,27.8,22.8
901,8,3,27.9,22.9
901,8,4,28.0,23.0
901,8,5,28.0,23.1
901,8,6,28.0,23.1
901,8,7,28.0,23.1
901,8,8,28.0,23.1
901,8,9,28.1,23.0
901,8,10,28.1,23.0
901,8,11,28.0,22.9
901,8,12,27.9,22.9
901,8,13,27.8,22.9
901,8,14,27.6,22.9
901,8,15,27.5,22.9
901,8,16,27.4,22.9
901,8,17,27.5,22.9
901,8,18,27.4,22.9
901,8,19,27.5,22.9
901,8,20,27.6,23.0
901,8,21,27.7,22.9
901,8,22,27.7,22.8
901,8,23,27.7,22.6
901,8,24,27.5,22.4
901,8,25,27.3,22.3
901,8,26,27.3,22.2
901,8,27,27.2,22.2
901,8,28,27.0,22.2
901,8,29,26.9,22.1
901,8,30,26.8,22.0
901,8,31,26.4,21.8
901,9,1,26.3,21.6
901,9,2,26.3,21.5
901,9,3,26.2,21.4
901,9,4,25.9,21.2
901,9,5,25.8,21.1
901,9,6,25.7,20.9
901,9,7,25.7,20.9
901,9,8,25.6,20.7
901,9,9,25.6,20.7
901,9,10,25.5,20.7
901,9,11,25.5,20.7
901,9,12,25.3,20.5
901,9,13,25.2,20.4
901,9,14,25.1,20.3
901,9,15,25.1,20.1
901,9,16,25.0,20.0
901,9,17,25.0,19.9
901,9,18,25.0,19.7
901,9,19,24.8,19.5
901,9,20,24.5,19.2
901,9,21,24.2,19.0
901,9,22,24.0,18.8
901,9,23,23.8,18.7
901,9,24,23.9,18.6
901,9,25,24.0,18.5
901,9,26,23.9,18.5
901,9,27,23.7,18.4
901,9,28,23.6,18.2
901,9,29,23.5,18.1
901,9,30,23.5,17.9
901,10,1,23.6,17.6
901,10,2,23.6,17.4
901,10,3,23.5,17.2
901,10,4,23.3,16.9
901,10,5,23.0,16.8
901,10,6,22.7,16.7
901,10,7,22.5,16.5
901,10,8,22.5,16.4
901,10,9,22.5,16.4
901,10,10,22.4,16.2
901,10,11,22.4,15.9
901,10,12,22.3,15.6
901,10,13,22.0,15.2
901,10,14,21.6,14.7
901,10,15,21.4,14.4
901,10,16,21.1,14.2
901,10,17,20.9,14.2
901,10,18,20.9,14.2
901,10,19,20.9,14.4
901,10,20,20.7,14.5
901,10,21,20.4,14.4
901,10,22,20.3,14.1
901,10,23,20.1,13.8
901,10,24,19.9,13.3
901,10,25,19.8,13.0
901,10,26,19.8,12.6
901,10,27,19.6,12.3
901,10,28,19.1,11.9
901,10,29,18.9,11.6
901,10,30,18.7,11.3
901,10,31,18.2,10.9
901,11,1,18.0,10.6
901,11,2,17.9,10.5
901,11,3,17.9,10.5
901,11,4,18.0,10.7
901,11,5,18.3,11.1
901,11,6,18.3,11.3
901,11,7,18.2,11.3
901,11,8,17.9,11.1
901,11,9,17.5,10.6
901,11,10,17.1,10.1
901,11,11,16.7,9.7
901,11,12,16.5,9.4
901,11,13,16.3,9.0
901,11,14,16.0,8.6
901,11,15,15.7,8.1
901,11,16,15.1,7.6
901,11,17,14.6,7.0
901,11,18,14.3,6.5
901,11,19,14.1,6.2
901,11,20,13.9,6.0
901,11,21,14.1,6.2
901,11,22,14.2,6.4
901,11,23,14.3,6.5
901,11,24,14.2,6.6
901,11,25,14.1,6.5
901,11,26,13.8,6.3
901,11,27,13.6,6.1
901,11,28,13.2,6.0
901,11,29,12.9,5.7
901,11,30,12.7,5.6
901,12,1,12.5,5.2
901,12,2,12.2,4.7
901,12,3,11.9,4.0
901,12,4,11.3,3.4
901,12,5,10.9,2.9
901,12,6,10.5,2.5
901,12,7,10.1,2.2
901,12,8,10.1,2.2
901,12,9,10.2,2.3
901,12,10,10.0,2.1
901,12,11,10.0,2.0
901,12,12,9.9,1.9
901,12,13,9.5,1.7
901,12,14,9.3,1.4
901,12,15,9.3,1.2
901,12,16,9.1,1.1
901,12,17,9.1,1.1
901,12,18,9.3,1.1
901,12,19,9.4,1.4
901,12,20,9.6,1.7
901,12,21,9.9,2.0
901,12,22,9.9,2.0
901,12,23,9.8,1.9
901,12,24,9.5,1.5
901,12,25,9.1,1.0
901,12,26,8.6,0.5
901,12,27,8.4,0.3
901,12,28,8.1,0.0
901,12,29,8.0,-0.2
901,12,30,8.0,-0.3
901,12,31,8.1,-0.3
910,1,1,7.4,-0.1
910,1,2,7.4,0.1
910,1,3,7.6,0.3
910,1,4,7.8,0.5
910,1,5,7.7,0.5
910,1,6,7.6,0.5
910,1,7,7.2,0.2
910,1,8,7.0,0.0
910,1,9,6.9,0.0
910,1,10,6.6,-0.1
910,1,11,6.6,-0.2
910,1,12,6.7,-0.1
910,1,13,6.8,-0.1
910,1,14,6.8,-0.1
910,1,15,7.2,0.1
910,1,16,7.5,0.4
910,1,17,7.6,0.6
910,1,18,7.6,0.8
910,1,19,7.6,0.8
910,1,20,7.4,0.5
910,1,21,7.0,0.1
910,1,22,6.6,-0.3
910,1,23,6.5,-0.7
910,1,24,6.5,-0.6
910,1,25,6.6,-0.6
910,1,26,6.8,-0.3
910,1,27,7.1,0.0
910,1,28,7.2,0.2
910,1,29,7.4,0.3
910,1,30,7.5,0.4
910,1,31,7.5,0.3
910,2,1,7.6,0.1
910,2,2,7.6,0.1
910,2,3,7.7,0.3
910,2,4,7.7,0.3
910,2,5,7.8,0.5
910,2,6,7.9,0.6
910,2,7,8.0,0.7
910,2,8,8.0,0.7
910,2,9,8.0,0.7
910,2,10,7.9,0.6
910,2,11,8.1,0.8
910,2,12,8.6,1.1
910,2,13,8.9,1.5
910,2,14,9.0,1.6
910,2,15,9.0,1.8
910,2,16,8.9,1.7
910,2,17,8.9,1.7
910,2,18,9.0,1.7
910,2,19,9.2,1.8
910,2,20,9.7,2.2
910,2,21,10.2,2.8
910,2,22,10.4,3.2
910,2,23,10.5,3.6
910,2,24,10.7,4.0
910,2,25,10.7,4.1
910,2,26,10.7,4.3
910,2,27,10.8,4.3
910,2,28,10.7,4.2
910,2,29,10.7,4.2
910,3,1,10.7,4.1
910,3,2,10.7,4.1
910,3,3,10.7,4.0
910,3,4,10.8,4.0
910,3,5,10.7,3.9
910,3,6,10.6,3.8
910,3,7,10.8,3.9
910,3,8,10.8,4.0
910,3,9,10.9,4.0
910,3,10,11.2,4.2
910,3,11,11.7,4.4
910,3,12,11.9,4.6
910,3,13,12.0,4.7
910,3,14,12.3,5.0
910,3,15,12.5,5.4
910,3,16,12.7,5.9
910,3,17,12.9,6.2
910,3,18,13.1,6.5
910,3,19,13.2,6.6
910,3,20,13.1,6.5
910,3,21,12.9,6.2
910,3,22,12.8,6.0
910,3,23,12.9,6.0
910,3,24,12.9,6.1
910,3,25,13.1,6.4
910,3,26,13.5,6.7
910,3,27,13.7,7.0
910,3,28,13.8,7.3
910,3,29,14.3,7.5
910,3,30,14.5,7.6
910,3,31,14.7,7.7
910,4,1,14.8,7.8
910,4,2,14.9,7.8
910,4,3,14.8,8.0
910,4,4,14.9,8.1
910,4,5,14.8,8.3
910,4,6,15.0,8.6
910,4,7,15.3,9.1
910,4,8,15.4,9.3
910,4,9,15.5,9.5
910,4,10,15.7,9.6
910,4,11,15.6,9.6
910,4,12,15.7,9.6
910,4,13,15.9,9.7
910,4,14,16.1,9.9
910,4,15,16.2,10.0
910,4,16,16.6,10.3
910,4,17,16.6,10.4
910,4,18,16.6,10.6
910,4,19,16.6,10.7
910,4,20,16.7,10.9
910,4,21,16.6,10.9
910,4,22,16.8,11.0
910,4,23,17.0,11.0
910,4,24,17.1,11.0
910,4,25,17.3,10.9
910,4,26,17.5,10.9
910,4,27,17.6,10.9
910,4,28,17.8,11.2
910,4,29,18.0,11.6
910,4,30,18.1,12.0
910,5,1,18.3,12.4
910,5,2,18.6,12.9
910,5,3,18.9,13.0
910,5,4,19.1,13.1
910,5,5,19.2,13.1
910,5,6,19.5,13.2
910,5,7,19.4,13.2
910,5,8,19.2,13.1
910,5,9,19.1,13.1
910,5,10,19.0,13.2
910,5,11,18.9,13.2
910,5,12,18.9,13.3
910,5,13,19.2,13.6
910,5,14,19.4,13.9
910,5,15,19.8,14.0
910,5,16,19.8,14.2
910,5,17,20.0,14.3
910,5,18,20.2,14.3
910,5,19,20.6,14.3
910,5,20,20.7,14.4
910,5,21,21.1,14.5
910,5,22,21.2,14.7
910,5,23,21.4,14.9
910,5,24,21.6,15.1
910,5,25,21.7,15.2
910,5,26,21.4,15.3
910,5,27,21.6,15.4
910,5,28,21.5,15.5
910,5,29,21.5,15.6
910,5,30,21.6,15.6
910,5,31,21.9,15.7
910,6,1,21.7,15.7
910,6,2,21.9,15.7
910,6,3,22.0,15.9
910,6,4,22.0,16.0
910,6,5,22.2,16.2
910,6,6,22.5,16.4
910,6,7,22.4,16.7
910,6,8,22.5,16.8
910,6,9,22.6,17.1
910,6,10,22.7,17.3
910,6,11,22.8,17.4
910,6,12,22.9,17.5
910,6,13,22.9,17.6
910,6,14,23.1,17.7
910,6,15,23.1,17.7
910,6,16,23.1,17.8
910,6,17,23.2,18.0
910,6,18,23.5,18.2
910,6,19,23.6,18.3
910,6,20,23.6,18.5
910,6,21,23.7,18.5
910,6,22,23.7,18.5
910,6,23,23.4,18.5
910,6,24,23.3,18.6
910,6,25,23.4,18.7
910,6,26,23.4,18.8
910,6,27,23.5,18.9
910,6,28,23.6,19.1
910,6,29,23.8,19.2
910,6,30,24.0,19.4
910,7,1,24.1,19.7
910,7,2,24.2,19.7
910,7,3,24.3,19.7
910,7,4,24.3,19.7
910,7,5,24.1,19.6
910,7,6,24.1,19.6
910,7,7,24.1,19.7
910,7,8,24.3,19.9
910,7,9,24.5,20.1
910,7,10,24.7,20.4
910,7,11,24.8,20.5
910,7,12,25.0,20.7
910,7,13,25.0,20.7
910,7,14,25.2,20.8
910,7,15,25.3,20.9
910,7,16,25.6,20.9
910,7,17,25.9,21.0
910,7,18,26.1,21.2
910,7,19,26.3,21.4
910,7,20,26.6,21.6
910,7,21,26.7,21.8
910,7,22,26.7,21.9
910,7,23,26.7,22.0
910,7,24,26.9,22.1
910,7,25,26.9,22.3
910,7,26,27.1,22.4
910,7,27,27.3,22.5
910,7,28,27.6,22.7
910,7,29,27.9,22.8
910,7,30,28.2,23.0
910,7,31,28.4,23.0
910,8,1,28.5,23.2
910,8,2,28.7,23.4
910,8,3,28.8,23.5
910,8,4,28.9,23.6
910,8,5,28.8,23.6
910,8,6,28.8,23.6
910,8,7,28.7,23.6
910,8,8,28.7,23.6
910,8,9,28.6,23.5
910,8,10,28.5,23.5
910,8,11,28.4,23.4
910,8,12,28.3,23.4
910,8,13,28.1,23.4
910,8,14,28.0,23.3
910,8,15,28.0,23.3
910,8,16,28.1,23.2
910,8,17,28.1,23.2
910,8,18,28.1,23.1
910,8,19,28.2,23.1
910,8,20,28.1,23.1
910,8,21,28.0,23.0
910,8,22,27.9,22.9
910,8,23,27.9,22.8
910,8,24,27.8,22.6
910,8,25,27.6,22.4
910,8,26,27.6,22.4
910,8,27,27.5,22.3
910,8,28,27.3,22.2
910,8,29,27.1,22.1
910,8,30,27.0,21.9
910,8,31,26.8,21.7
910,9,1,26.6,21.6
910,9,2,26.6,21.5
910,9,3,26.5,21.4
910,9,4,26.2,21.3
910,9,5,26.0,21.2
910,9,6,26.0,21.0
910,9,7,25.9,20.9
910,9,8,25.9,20.8
910,9,9,26.0,20.7
910,9,10,26.0,20.7
910,9,11,25.9,20.6
910,9,12,25.7,20.5
910,9,13,25.5,20.4
910,9,14,25.4,20.2
910,9,15,25.3,20.0
910,9,16,25.2,19.9
910,9,17,25.2,19.7
910,9,18,25.1,19.5
910,9,19,24.9,19.3
910,9,20,24.6,19.0
910,9,21,24.3,18.7
910,9,22,24.0,18.5
910,9,23,24.0,18.3
910,9,24,24.0,18.3
910,9,25,24.0,18.3
910,9,26,24.0,18.3
910,9,27,23.9,18.3
910,9,28,23.7,18.1
910,9,29,23.6,18.0
910,9,30,23.6,17.9
910,10,1,23.5,17.6
910,10,2,23.5,17.4
910,10,3,23.3,17.2
910,10,4,23.1,17.0
910,10,5,22.9,16.9
910,10,6,22.7,16.7
910,10,7,22.6,16.5
910,10,8,22.6,16.4
910,10,9,22.5,16.3
910,10,10,22.4,16.0
910,10,11,22.3,15.8
910,10,12,22.2,15.5
910,10,13,21.9,15.1
910,10,14,21.5,14.7
910,10,15,21.3,14.4
910,10,16,21.1,14.2
910,10,17,20.9,14.0
910,10,18,20.8,14.1
910,10,19,20.9,14.3
910,10,20,20.7,14.4
910,10,21,20.4,14.2
910,10,22,20.2,14.0
910,10,23,20.0,13.7
910,10,24,19.7,13.3
910,10,25,19.6,12.9
910,10,26,19.5,12.7
910,10,27,19.3,12.4
910,10,28,18.9,12.0
910,10,29,18.6,11.7
910,10,30,18.3,11.4
910,10,31,17.9,11.0
910,11,1,17.7,10.6
910,11,2,17.6,10.4
910,11,3,17.7,10.5
910,11,4,17.8,10.7
910,11,5,18.0,11.1
910,11,6,18.1,11.3
910,11,7,17.9,11.4
910,11,8,17.6,11.1
910,11,9,17.3,10.7
910,11,10,16.9,10.2
910,11,11,16.4,9.9
910,11,12,16.2,9.6
910,11,13,16.0,9.2
910,11,14,15.6,8.8
910,11,15,15.3,8.3
910,11,16,14.8,7.7
910,11,17,14.3,7.1
910,11,18,13.9,6.7
910,11,19,13.8,6.4
910,11,20,13.6,6.4
910,11,21,13.8,6.5
910,11,22,14.0,6.7
910,11,23,14.0,6.8
910,11,24,13.9,6.8
910,11,25,13.8,6.6
910,11,26,13.5,6.4
910,11,27,13.2,6.3
910,11,28,12.9,6.2
910,11,29,12.7,5.9
910,11,30,12.6,5.7
910,12,1,12.3,5.4
910,12,2,11.9,5.0
910,12,3,11.5,4.4
910,12,4,10.9,3.8
910,12,5,10.4,3.3
910,12,6,10.0,2.9
910,12,7,9.7,2.5
910,12,8,9.6,2.5
910,12,9,9.8,2.5
910,12,10,9.6,2.4
910,12,11,9.5,2.4
910,12,12,9.4,2.2
910,12,13,9.1,2.0
910,12,14,8.8,1.8
910,12,15,8.7,1.6
910,12,16,8.6,1.4
910,12,17,8.5,1.5
910,12,18,8.7,1.5
910,12,19,8.9,1.8
910,12,20,9.1,2.1
910,12,21,9.3,2.3
910,12,22,9.4,2.3
910,12,23,9.2,2.2
910,12,24,8.9,1.8
910,12,25,8.6,1.3
910,12,26,8.1,0.9
910,12,27,7.9,0.7
910,12,28,7.7,0.4
910,12,29,7.5,0.1
910,12,30,7.3,0.0
910,12,31,7.4,0.0
918,1,1,8.0,-3.9
918,1,2,8.1,-3.9
918,1,3,8.3,-3.9
918,1,4,8.3,-3.7
918,1,5,8.1,-3.7
918,1,6,7.8,-3.6
918,1,7,7.5,-3.7
918,1,8,7.4,-3.8
918,1,9,7.3,-3.8
918,1,10,7.1,-3.8
918,1,11,7.1,-3.8
918,1,12,7.2,-3.7
918,1,13,7.3,-3.6
918,1,14,7.3,-3.7
918,1,15,7.6,-3.6
918,1,16,7.9,-3.5
918,1,17,8.0,-3.5
918,1,18,8.0,-3.3
918,1,19,7.9,-3.1
918,1,20,7.7,-3.2
918,1,21,7.4,-3.4
918,1,22,7.0,-3.7
918,1,23,6.8,-4.1
918,1,24,6.8,-4.3
918,1,25,7.0,-4.3
918,1,26,7.2,-4.2
918,1,27,7.4,-4.0
918,1,28,7.6,-3.8
918,1,29,7.9,-3.8
918,1,30,8.0,-3.6
918,1,31,8.1,-3.7
918,2,1,8.2,-3.8
918,2,2,8.3,-3.8
918,2,3,8.3,-3.8
918,2,4,8.3,-3.8
918,2,5,8.4,-3.7
918,2,6,8.4,-3.4
918,2,7,8.4,-3.2
918,2,8,8.5,-3.1
918,2,9,8.6,-3.1
918,2,10,8.5,-2.9
918,2,11,8.8,-2.8
918,2,12,9.2,-2.4
918,2,13,9.5,-2.2
918,2,14,9.5,-1.9
918,2,15,9.6,-1.7
918,2,16,9.6,-1.6
918,2,17,9.6,-1.7
918,2,18,10.0,-1.7
918,2,19,10.2,-1.7
918,2,20,10.6,-1.6
918,2,21,11.2,-1.3
918,2,22,11.4,-1.0
918,2,23,11.5,-0.4
918,2,24,11.7,0.1
918,2,25,11.8,0.4
918,2,26,11.8,0.7
918,2,27,11.8,0.8
918,2,28,11.6,0.6
918,2,29,11.7,0.6
918,3,1,11.8,0.6
918,3,2,11.7,0.6
918,3,3,11.8,0.6
918,3,4,11.8,0.7
918,3,5,11.7,0.6
918,3,6,11.7,0.4
918,3,7,12.0,0.3
918,3,8,12.1,0.4
918,3,9,12.3,0.3
918,3,10,12.7,0.3
918,3,11,13.2,0.6
918,3,12,13.3,0.9
918,3,13,13.5,0.9
918,3,14,13.7,1.3
918,3,15,14.1,1.7
918,3,16,14.3,2.3
918,3,17,14.7,2.8
918,3,18,15.0,3.2
918,3,19,15.2,3.3
918,3,20,15.0,3.5
918,3,21,14.9,3.3
918,3,22,14.5,3.0
918,3,23,14.6,2.7
918,3,24,14.6,2.7
918,3,25,15.0,2.7
918,3,26,15.4,2.8
918,3,27,15.8,3.2
918,3,28,15.9,3.7
918,3,29,16.4,4.0
918,3,30,16.5,4.3
918,3,31,16.6,4.7
918,4,1,16.9,4.9
918,4,2,16.9,4.8
918,4,3,16.9,5.0
918,4,4,17.1,5.2
918,4,5,17.1,5.4
918,4,6,17.5,5.5
918,4,7,17.9,6.1
918,4,8,18.1,6.4
918,4,9,18.3,6.7
918,4,10,18.5,6.8
918,4,11,18.3,7.0
918,4,12,18.5,6.9
918,4,13,18.8,6.9
918,4,14,19.0,7.0
918,4,15,19.2,7.2
918,4,16,19.6,7.4
918,4,17,19.6,7.7
918,4,18,19.5,7.9
918,4,19,19.6,8.4
918,4,20,19.8,8.8
918,4,21,19.7,9.0
918,4,22,19.9,9.1
918,4,23,20.1,9.0
918,4,24,20.1,8.7
918,4,25,20.1,8.3
918,4,26,20.2,8.1
918,4,27,20.2,8.5
918,4,28,20.4,9.2
918,4,29,20.7,9.9
918,4,30,21.1,10.6
918,5,1,21.5,11.3
918,5,2,22.1,11.6
918,5,3,22.6,11.5
918,5,4,22.7,11.6
918,5,5,22.8,11.8
918,5,6,23.2,11.7
918,5,7,23.0,11.9
918,5,8,22.6,12.0
918,5,9,22.6,12.0
918,5,10,22.4,12.1
918,5,11,22.3,12.2
918,5,12,22.5,12.2
918,5,13,22.8,12.4
918,5,14,23.1,12.8
918,5,15,23.5,12.9
918,5,16,23.4,13.1
918,5,17,23.5,13.3
918,5,18,23.7,13.3
918,5,19,24.1,13.1
918,5,20,24.2,13.3
918,5,21,24.7,13.5
918,5,22,25.0,13.8
918,5,23,25.2,14.1
918,5,24,25.3,14.5
918,5,25,25.4,14.7
918,5,26,25.2,14.9
918,5,27,25.5,15.0
918,5,28,25.4,15.1
918,5,29,25.5,15.1
918,5,30,25.5,15.0
918,5,31,25.7,15.2
918,6,1,25.4,15.4
918,6,2,25.8,15.5
918,6,3,25.9,15.8
918,6,4,26.1,16.2
918,6,5,26.4,16.3
918,6,6,26.5,16.5
918,6,7,26.5,16.8
918,6,8,26.5,17.1
918,6,9,26.5,17.3
918,6,10,26.5,17.5
918,6,11,26.7,17.7
918,6,12,26.6,17.7
918,6,13,26.7,17.7
918,6,14,26.9,17.7
918,6,15,26.9,17.7
918,6,16,26.9,17.8
918,6,17,27.2,18.1
918,6,18,27.4,18.5
918,6,19,27.3,18.8
918,6,20,27.2,19.2
918,6,21,27.2,19.4
918,6,22,27.0,19.4
918,6,23,26.7,19.4
918,6,24,26.4,19.4
918,6,25,26.4,19.5
918,6,26,26.5,19.7
918,6,27,26.6,19.9
918,6,28,26.7,20.1
918,6,29,26.8,20.4
918,6,30,27.0,20.6
918,7,1,27.2,21.0
918,7,2,27.4,21.2
918,7,3,27.6,21.4
918,7,4,27.7,21.3
918,7,5,27.8,21.3
918,7,6,27.6,21.2
918,7,7,27.6,21.2
918,7,8,27.7,21.3
918,7,9,27.9,21.5
918,7,10,27.9,21.7
918,7,11,28.1,21.8
918,7,12,28.3,22.0
918,7,13,28.3,22.3
918,7,14,28.5,22.4
918,7,15,28.7,22.4
918,7,16,29.2,22.4
918,7,17,29.4,22.4
918,7,18,29.7,22.5
918,7,19,30.0,22.6
918,7,20,30.3,22.9
918,7,21,30.5,23.2
918,7,22,30.6,23.4
918,7,23,30.7,23.5
918,7,24,30.8,23.5
918,7,25,30.9,23.4
918,7,26,30.9,23.5
918,7,27,31.1,23.6
918,7,28,31.2,23.7
918,7,29,31.5,23.9
918,7,30,31.7,24.1
918,7,31,31.9,24.2
918,8,1,31.9,24.2
918,8,2,32.0,24.2
918,8,3,32.2,24.2
918,8,4,32.2,24.2
918,8,5,32.1,24.2
918,8,6,32.2,24.2
918,8,7,32.2,24.3
918,8,8,32.0,24.4
918,8,9,31.7,24.4
918,8,10,31.7,24.3
918,8,11,31.4,24.1
918,8,12,31.2,24.0
918,8,13,31.1,23.9
918,8,14,31.0,23.7
918,8,15,31.0,23.6
918,8,16,31.1,23.6
918,8,17,31.2,23.4
918,8,18,31.1,23.2
918,8,19,31.2,23.1
918,8,20,31.0,22.9
918,8,21,30.8,22.8
918,8,22,30.7,22.6
918,8,23,30.6,22.4
918,8,24,30.5,22.2
918,8,25,30.3,22.0
918,8,26,30.3,21.8
918,8,27,30.3,21.7
918,8,28,30.0,21.5
918,8,29,29.7,21.4
918,8,30,29.6,21.2
918,8,31,29.4,20.9
918,9,1,29.2,20.7
918,9,2,29.3,20.4
918,9,3,29.1,20.3
918,9,4,28.7,20.3
918,9,5,28.7,20.1
918,9,6,28.7,19.8
918,9,7,28.5,19.8
918,9,8,28.5,19.6
918,9,9,28.6,19.5
918,9,10,28.5,19.5
918,9,11,28.2,19.4
918,9,12,28.0,19.1
918,9,13,27.8,19.0
918,9,14,27.6,18.7
918,9,15,27.4,18.4
918,9,16,27.4,18.2
918,9,17,27.5,17.9
918,9,18,27.4,17.6
918,9,19,27.2,17.2
918,9,20,26.9,16.8
918,9,21,26.4,16.4
918,9,22,26.0,16.0
918,9,23,26.0,15.9
918,9,24,26.1,15.7
918,9,25,26.1,15.5
918,9,26,26.0,15.5
918,9,27,25.7,15.4
918,9,28,25.5,15.3
918,9,29,25.3,15.3
918,9,30,25.3,15.2
918,10,1,25.4,15.0
918,10,2,25.5,14.5
918,10,3,25.3,14.2
918,10,4,25.2,13.8
918,10,5,24.9,13.5
918,10,6,24.5,13.1
918,10,7,24.3,12.9
918,10,8,24.3,12.6
918,10,9,24.2,12.5
918,10,10,24.0,12.3
918,10,11,23.9,12.2
918,10,12,23.8,12.0
918,10,13,23.4,11.6
918,10,14,23.0,11.0
918,10,15,22.8,10.5
918,10,16,22.7,10.1
918,10,17,22.5,9.9
918,10,18,22.5,10.0
918,10,19,22.6,10.2
918,10,20,22.4,10.5
918,10,21,22.1,10.4
918,10,22,21.8,10.3
918,10,23,21.6,9.9
918,10,24,21.2,9.4
918,10,25,21.1,8.8
918,10,26,20.8,8.2
918,10,27,20.6,7.9
918,10,28,20.1,7.6
918,10,29,19.9,7.3
918,10,30,19.5,7.0
918,10,31,19.2,6.7
918,11,1,19.0,6.3
918,11,2,18.9,5.9
918,11,3,19.1,5.8
918,11,4,19.2,6.0
918,11,5,19.5,6.3
918,11,6,19.3,6.7
918,11,7,19.2,7.1
918,11,8,18.8,7.0
918,11,9,18.4,6.7
918,11,10,17.9,6.4
918,11,11,17.5,5.8
918,11,12,17.2,5.4
918,11,13,16.9,4.9
918,11,14,16.5,4.5
918,11,15,16.1,4.0
918,11,16,15.6,3.6
918,11,17,15.0,3.1
918,11,18,14.6,2.9
918,11,19,14.3,2.4
918,11,20,14.1,2.1
918,11,21,14.4,2.0
918,11,22,14.5,2.0
918,11,23,14.6,2.1
918,11,24,14.5,2.4
918,11,25,14.3,2.4
918,11,26,13.9,2.4
918,11,27,13.6,2.3
918,11,28,13.4,2.1
918,11,29,13.2,1.8
918,11,30,13.0,1.5
918,12,1,12.7,1.3
918,12,2,12.4,1.0
918,12,3,12.0,0.4
918,12,4,11.4,0.0
918,12,5,10.9,-0.4
918,12,6,10.5,-0.9
918,12,7,10.1,-1.3
918,12,8,10.1,-1.4
918,12,9,10.2,-1.4
918,12,10,10.1,-1.5
918,12,11,10.1,-1.6
918,12,12,9.9,-1.8
918,12,13,9.6,-1.9
918,12,14,9.3,-2.3
918,12,15,9.2,-2.4
918,12,16,9.0,-2.5
918,12,17,9.0,-2.5
918,12,18,9.1,-2.5
918,12,19,9.3,-2.4
918,12,20,9.5,-2.3
918,12,21,9.7,-2.2
918,12,22,9.7,-2.1
918,12,23,9.6,-2.1
918,12,24,9.4,-2.2
918,12,25,9.1,-2.5
918,12,26,8.7,-2.8
918,12,27,8.5,-3.2
918,12,28,8.2,-3.4
918,12,29,8.0,-3.8
918,12,30,7.8,-3.9
918,12,31,7.9,-3.9
919,1,1,6.9,-7.1
919,1,2,7.0,-7.1
919,1,3,7.1,-7.1
919,1,4,7.1,-7.0
919,1,5,6.8,-7.1
919,1,6,6.6,-6.9
919,1,7,6.3,-7.0
919,1,8,6.2,-7.0
919,1,9,6.2,-7.1
919,1,10,6.1,-7.1
919,1,11,6.1,-7.1
919,1,12,6.2,-7.0
919,1,13,6.2,-6.8
919,1,14,6.2,-6.7
919,1,15,6.4,-6.6
919,1,16,6.7,-6.4
919,1,17,7.0,-6.3
919,1,18,7.1,-5.9
919,1,19,6.9,-5.7
919,1,20,6.5,-5.7
919,1,21,6.2,-5.8
919,1,22,5.8,-6.2
919,1,23,5.6,-6.7
919,1,24,5.7,-6.9
919,1,25,6.1,-7.1
919,1,26,6.3,-7.0
919,1,27,6.6,-6.8
919,1,28,6.9,-6.6
919,1,29,7.2,-6.5
919,1,30,7.4,-6.4
919,1,31,7.5,-6.4
919,2,1,7.6,-6.5
919,2,2,7.7,-6.5
919,2,3,7.8,-6.6
919,2,4,7.8,-6.7
919,2,5,8.0,-6.6
919,2,6,8.0,-6.2
919,2,7,7.9,-6.1
919,2,8,8.0,-5.8
919,2,9,8.0,-5.6
919,2,10,7.8,-5.5
919,2,11,8.4,-5.4
919,2,12,8.9,-5.0
919,2,13,9.2,-4.8
919,2,14,9.3,-4.5
919,2,15,9.5,-4.3
919,2,16,9.3,-4.2
919,2,17,9.3,-4.4
919,2,18,9.7,-4.4
919,2,19,9.9,-4.4
919,2,20,10.5,-4.3
919,2,21,11.1,-3.9
919,2,22,11.4,-3.5
919,2,23,11.5,-2.8
919,2,24,11.7,-2.2
919,2,25,11.9,-1.9
919,2,26,11.9,-1.6
919,2,27,12.0,-1.5
919,2,28,12.0,-1.7
919,2,29,12.1,-1.7
919,3,1,12.1,-1.8
919,3,2,12.1,-1.7
919,3,3,12.4,-1.6
919,3,4,12.4,-1.4
919,3,5,12.3,-1.3
919,3,6,12.5,-1.5
919,3,7,12.9,-1.6
919,3,8,13.0,-1.5
919,3,9,13.2,-1.6
919,3,10,13.8,-1.8
919,3,11,14.1,-1.5
919,3,12,14.2,-1.3
919,3,13,14.4,-1.2
919,3,14,14.7,-0.8
919,3,15,15.3,-0.5
919,3,16,15.6,0.2
919,3,17,16.2,0.8
919,3,18,16.4,1.3
919,3,19,16.7,1.4
919,3,20,16.2,1.8
919,3,21,16.1,1.6
919,3,22,15.7,1.3
919,3,23,15.7,1.0
919,3,24,15.6,0.9
919,3,25,16.2,0.8
919,3,26,16.8,0.9
919,3,27,17.2,1.2
919,3,28,17.7,1.7
919,3,29,18.0,2.2
919,3,30,18.1,2.4
919,3,31,18.1,2.8
919,4,1,18.4,2.9
919,4,2,18.4,2.8
919,4,3,18.7,2.8
919,4,4,18.8,3.1
919,4,5,18.9,3.4
919,4,6,19.4,3.6
919,4,7,19.7,4.1
919,4,8,19.8,4.4
919,4,9,20.0,4.8
919,4,10,20.2,4.8
919,4,11,20.0,5.0
919,4,12,20.3,5.1
919,4,13,20.8,5.2
919,4,14,21.3,5.1
919,4,15,21.5,5.4
919,4,16,22.1,5.7
919,4,17,22.1,6.1
919,4,18,21.9,6.4
919,4,19,21.7,7.0
919,4,20,21.8,7.4
919,4,21,21.4,7.6
919,4,22,21.6,7.5
919,4,23,21.9,7.2
919,4,24,21.9,6.9
919,4,25,22.0,6.6
919,4,26,22.4,6.2
919,4,27,22.5,6.5
919,4,28,22.9,7.3
919,4,29,23.6,8.0
919,4,30,24.1,8.8
919,5,1,24.4,9.6
919,5,2,25.1,10.0
919,5,3,25.4,9.9
919,5,4,25.4,10.0
919,5,5,25.5,10.2
919,5,6,25.7,10.2
919,5,7,25.4,10.4
919,5,8,25.0,10.7
919,5,9,25.0,10.4
919,5,10,24.6,10.3
919,5,11,24.7,10.4
919,5,12,25.0,10.4
919,5,13,25.3,10.5
919,5,14,25.4,11.0
919,5,15,26.0,11.2
919,5,16,25.8,11.5
919,5,17,25.8,11.7
919,5,18,26.2,11.6
919,5,19,26.7,11.3
919,5,20,27.0,11.5
919,5,21,27.5,11.7
919,5,22,27.7,11.8
919,5,23,28.0,12.3
919,5,24,28.0,12.8
919,5,25,27.9,13.1
919,5,26,27.8,13.2
919,5,27,28.3,13.3
919,5,28,28.0,13.5
919,5,29,28.1,13.5
919,5,30,28.3,13.5
919,5,31,28.5,13.9
919,6,1,28.4,14.2
919,6,2,28.9,14.4
919,6,3,29.0,14.9
919,6,4,29.3,15.3
919,6,5,29.6,15.6
919,6,6,29.5,15.9
919,6,7,29.4,16.4
919,6,8,29.3,16.7
919,6,9,29.2,16.8
919,6,10,29.1,17.0
919,6,11,29.3,17.0
919,6,12,29.2,17.1
919,6,13,29.2,17.1
919,6,14,29.6,17.3
919,6,15,29.7,17.5
919,6,16,29.6,17.7
919,6,17,29.9,17.9
919,6,18,30.1,18.4
919,6,19,30.0,18.8
919,6,20,29.8,19.1
919,6,21,29.8,19.3
919,6,22,29.4,19.5
919,6,23,29.0,19.4
919,6,24,28.6,19.3
919,6,25,28.6,19.3
919,6,26,28.6,19.5
919,6,27,28.8,19.7
919,6,28,29.1,20.0
919,6,29,29.2,20.5
919,6,30,29.3,20.9
919,7,1,29.4,21.2
919,7,2,29.4,21.5
919,7,3,29.6,21.6
919,7,4,29.7,21.6
919,7,5,29.6,21.5
919,7,6,29.5,21.4
919,7,7,29.5,21.4
919,7,8,29.6,21.4
919,7,9,29.6,21.6
919,7,10,29.7,21.7
919,7,11,29.8,21.9
919,7,12,29.9,22.0
919,7,13,29.8,22.0
919,7,14,30.1,22.1
919,7,15,30.3,22.2
919,7,16,30.7,22.0
919,7,17,30.9,22.0
919,7,18,31.3,22.2
919,7,19,31.7,22.3
919,7,20,32.1,22.6
919,7,21,32.3,22.9
919,7,22,32.4,23.1
919,7,23,32.4,23.2
919,7,24,32.3,23.1
919,7,25,32.4,23.0
919,7,26,32.5,23.1
919,7,27,32.8,23.2
919,7,28,33.1,23.3
919,7,29,33.4,23.5
919,7,30,33.6,23.7
919,7,31,33.8,23.8
919,8,1,33.8,23.8
919,8,2,33.8,23.8
919,8,3,33.9,23.7
919,8,4,33.8,23.7
919,8,5,33.6,23.6
919,8,6,33.6,23.6
919,8,7,33.5,23.6
919,8,8,33.1,23.6
919,8,9,32.8,23.4
919,8,10,32.7,23.3
919,8,11,32.6,23.2
919,8,12,32.2,23.1
919,8,13,32.1,23.0
919,8,14,32.0,23.0
919,8,15,31.9,22.9
919,8,16,31.7,22.8
919,8,17,31.8,22.5
919,8,18,31.7,22.4
919,8,19,31.8,22.2
919,8,20,31.5,22.0
919,8,21,31.5,21.8
919,8,22,31.3,21.7
919,8,23,31.2,21.5
919,8,24,31.0,21.2
919,8,25,30.8,21.0
919,8,26,30.9,20.9
919,8,27,30.8,20.8
919,8,28,30.4,20.7
919,8,29,30.1,20.5
919,8,30,30.2,20.3
919,8,31,29.8,20.0
919,9,1,29.6,19.8
919,9,2,29.8,19.5
919,9,3,29.7,19.4
919,9,4,29.3,19.3
919,9,5,29.2,19.0
919,9,6,29.2,18.7
919,9,7,29.0,18.7
919,9,8,29.0,18.5
919,9,9,29.1,18.5
919,9,10,28.9,18.5
919,9,11,28.7,18.4
919,9,12,28.4,18.2
919,9,13,28.1,18.0
919,9,14,27.9,17.6
919,9,15,27.8,17.3
919,9,16,27.7,17.1
919,9,17,27.8,16.6
919,9,18,27.8,16.2
919,9,19,27.5,15.9
919,9,20,27.2,15.4
919,9,21,26.7,14.9
919,9,22,26.3,14.7
919,9,23,26.2,14.4
919,9,24,26.3,14.1
919,9,25,26.4,13.9
919,9,26,26.4,13.9
919,9,27,26.1,13.9
919,9,28,25.7,13.8
919,9,29,25.5,13.8
919,9,30,25.5,13.7
919,10,1,25.6,13.3
919,10,2,25.7,12.8
919,10,3,25.5,12.4
919,10,4,25.3,12.0
919,10,5,24.9,11.6
919,10,6,24.5,11.5
919,10,7,24.3,11.3
919,10,8,24.5,11.1
919,10,9,24.4,11.0
919,10,10,24.1,10.7
919,10,11,24.0,10.2
919,10,12,23.8,10.0
919,10,13,23.4,9.5
919,10,14,22.9,8.8
919,10,15,22.9,8.4
919,10,16,22.7,8.0
919,10,17,22.6,7.7
919,10,18,22.5,7.7
919,10,19,22.6,7.8
919,10,20,22.2,8.0
919,10,21,22.0,8.1
919,10,22,21.7,8.1
919,10,23,21.5,7.8
919,10,24,21.0,7.5
919,10,25,20.8,6.9
919,10,26,20.6,6.3
919,10,27,20.3,5.9
919,10,28,19.8,5.4
919,10,29,19.6,5.0
919,10,30,19.2,4.7
919,10,31,18.9,4.3
919,11,1,18.7,3.8
919,11,2,18.7,3.3
919,11,3,18.9,3.3
919,11,4,19.1,3.4
919,11,5,19.4,3.7
919,11,6,19.1,4.2
919,11,7,18.9,4.7
919,11,8,18.4,4.7
919,11,9,17.9,4.4
919,11,10,17.3,4.1
919,11,11,16.8,3.4
919,11,12,16.5,2.9
919,11,13,16.1,2.5
919,11,14,15.6,2.0
919,11,15,15.2,1.4
919,11,16,14.6,1.1
919,11,17,14.1,0.7
919,11,18,13.7,0.2
919,11,19,13.4,-0.3
919,11,20,13.2,-0.6
919,11,21,13.6,-0.8
919,11,22,13.6,-0.9
919,11,23,13.6,-0.7
919,11,24,13.5,-0.4
919,11,25,13.3,-0.3
919,11,26,12.8,-0.3
919,11,27,12.5,-0.3
919,11,28,12.2,-0.6
919,11,29,12.0,-0.9
919,11,30,11.8,-1.3
919,12,1,11.5,-1.6
919,12,2,11.2,-1.9
919,12,3,10.7,-2.4
919,12,4,10.0,-2.7
919,12,5,9.5,-3.1
919,12,6,9.2,-3.5
919,12,7,8.8,-3.9
919,12,8,8.8,-4.0
919,12,9,8.9,-3.9
919,12,10,8.9,-4.1
919,12,11,8.8,-4.3
919,12,12,8.6,-4.5
919,12,13,8.4,-4.7
919,12,14,8.1,-5.1
919,12,15,8.0,-5.2
919,12,16,7.8,-5.3
919,12,17,7.8,-5.4
919,12,18,7.8,-5.5
919,12,19,7.8,-5.4
919,12,20,8.1,-5.3
919,12,21,8.4,-5.2
919,12,22,8.5,-5.1
919,12,23,8.5,-5.1
919,12,24,8.3,-5.2
919,12,25,7.9,-5.7
919,12,26,7.4,-6.0
919,12,27,7.1,-6.4
919,12,28,6.9,-6.6
919,12,29,6.7,-6.9
919,12,30,6.6,-7.0
919,12,31,6.8,-7.0
920,1,1,7.9,-7.5
920,1,2,8.0,-7.5
920,1,3,8.1,-7.5
920,1,4,8.1,-7.4
920,1,5,7.7,-7.4
920,1,6,7.4,-7.3
920,1,7,7.1,-7.4
920,1,8,7.1,-7.5
920,1,9,7.0,-7.6
920,1,10,7.0,-7.5
920,1,11,6.9,-7.5
920,1,12,7.0,-7.3
920,1,13,7.1,-7.2
920,1,14,7.1,-7.0
920,1,15,7.4,-7.1
920,1,16,7.8,-6.9
920,1,17,8.0,-6.7
920,1,18,8.0,-6.3
920,1,19,7.8,-6.2
920,1,20,7.4,-6.1
920,1,21,7.0,-6.2
920,1,22,6.7,-6.5
920,1,23,6.5,-7.1
920,1,24,6.6,-7.2
920,1,25,7.0,-7.3
920,1,26,7.3,-7.3
920,1,27,7.5,-7.1
920,1,28,7.8,-6.8
920,1,29,8.1,-6.7
920,1,30,8.3,-6.6
920,1,31,8.4,-6.6
920,2,1,8.6,-6.7
920,2,2,8.7,-6.8
920,2,3,8.8,-6.8
920,2,4,8.9,-6.8
920,2,5,9.0,-6.8
920,2,6,8.8,-6.5
920,2,7,8.8,-6.2
920,2,8,8.9,-6.0
920,2,9,8.9,-5.9
920,2,10,8.8,-5.8
920,2,11,9.4,-5.7
920,2,12,9.9,-5.2
920,2,13,10.1,-5.0
920,2,14,10.1,-4.7
920,2,15,10.2,-4.5
920,2,16,10.1,-4.3
920,2,17,10.1,-4.6
920,2,18,10.5,-4.6
920,2,19,10.7,-4.7
920,2,20,11.1,-4.5
920,2,21,11.7,-4.1
920,2,22,12.1,-3.7
920,2,23,12.1,-3.0
920,2,24,12.3,-2.4
920,2,25,12.6,-2.2
920,2,26,12.6,-2.0
920,2,27,12.6,-1.9
920,2,28,12.6,-2.1
920,2,29,12.7,-2.1
920,3,1,12.8,-2.2
920,3,2,12.7,-2.1
920,3,3,12.9,-1.9
920,3,4,13.0,-1.8
920,3,5,12.9,-1.6
920,3,6,13.0,-1.8
920,3,7,13.3,-1.8
920,3,8,13.5,-1.7
920,3,9,13.7,-1.8
920,3,10,14.2,-1.9
920,3,11,14.6,-1.7
920,3,12,14.7,-1.4
920,3,13,14.9,-1.3
920,3,14,15.1,-1.0
920,3,15,15.7,-0.6
920,3,16,15.8,0.1
920,3,17,16.4,0.6
920,3,18,16.6,1.0
920,3,19,16.9,1.1
920,3,20,16.7,1.2
920,3,21,16.6,1.0
920,3,22,16.2,0.7
920,3,23,16.2,0.6
920,3,24,16.2,0.6
920,3,25,16.5,0.8
920,3,26,17.2,0.9
920,3,27,17.6,1.4
920,3,28,17.8,1.8
920,3,29,18.2,2.2
920,3,30,18.2,2.4
920,3,31,18.3,2.6
920,4,1,18.6,2.7
920,4,2,18.8,2.5
920,4,3,19.1,2.6
920,4,4,19.2,2.8
920,4,5,19.3,3.1
920,4,6,19.6,3.3
920,4,7,20.0,3.7
920,4,8,20.1,4.2
920,4,9,20.2,4.6
920,4,10,20.3,4.8
920,4,11,20.3,5.0
920,4,12,20.5,5.1
920,4,13,21.0,5.2
920,4,14,21.5,5.2
920,4,15,21.7,5.3
920,4,16,22.2,5.5
920,4,17,22.2,5.8
920,4,18,21.9,6.1
920,4,19,21.8,6.8
920,4,20,21.8,7.2
920,4,21,21.6,7.4
920,4,22,21.8,7.3
920,4,23,22.1,7.1
920,4,24,22.1,6.8
920,4,25,22.3,6.4
920,4,26,22.6,6.2
920,4,27,22.7,6.4
920,4,28,23.0,7.2
920,4,29,23.6,7.9
920,4,30,24.1,8.6
920,5,1,24.4,9.5
920,5,2,25.1,9.8
920,5,3,25.4,9.7
920,5,4,25.4,9.9
920,5,5,25.4,10.1
920,5,6,25.7,10.0
920,5,7,25.4,10.2
920,5,8,25.0,10.5
920,5,9,24.9,10.2
920,5,10,24.6,10.3
920,5,11,24.6,10.4
920,5,12,24.8,10.4
920,5,13,25.1,10.6
920,5,14,25.3,11.1
920,5,15,25.9,11.3
920,5,16,25.8,11.5
920,5,17,25.8,11.8
920,5,18,26.1,11.7
920,5,19,26.6,11.5
920,5,20,26.8,11.5
920,5,21,27.2,11.7
920,5,22,27.5,11.9
920,5,23,27.8,12.3
920,5,24,27.8,12.8
920,5,25,27.7,13.2
920,5,26,27.6,13.4
920,5,27,28.0,13.5
920,5,28,27.7,13.7
920,5,29,27.8,13.7
920,5,30,27.9,13.7
920,5,31,28.1,13.8
920,6,1,28.0,14.1
920,6,2,28.4,14.3
920,6,3,28.5,14.7
920,6,4,28.8,15.1
920,6,5,29.1,15.3
920,6,6,28.8,15.6
920,6,7,28.7,15.9
920,6,8,28.7,16.1
920,6,9,28.7,16.4
920,6,10,28.7,16.5
920,6,11,29.0,16.6
920,6,12,28.8,16.6
920,6,13,28.9,16.5
920,6,14,29.0,16.5
920,6,15,29.1,16.6
920,6,16,29.0,16.9
920,6,17,29.5,17.3
920,6,18,29.6,17.8
920,6,19,29.6,18.3
920,6,20,29.5,18.6
920,6,21,29.4,18.7
920,6,22,29.0,18.8
920,6,23,28.6,18.8
920,6,24,28.2,18.7
920,6,25,28.2,18.9
920,6,26,28.2,19.1
920,6,27,28.4,19.3
920,6,28,28.6,19.6
920,6,29,28.8,20.1
920,6,30,28.9,20.3
920,7,1,29.0,20.7
920,7,2,29.1,21.0
920,7,3,29.3,21.1
920,7,4,29.3,21.0
920,7,5,29.2,21.0
920,7,6,29.1,20.9
920,7,7,29.1,20.9
920,7,8,29.2,20.9
920,7,9,29.2,21.1
920,7,10,29.3,21.2
920,7,11,29.4,21.3
920,7,12,29.5,21.4
920,7,13,29.5,21.5
920,7,14,29.9,21.5
920,7,15,30.1,21.6
920,7,16,30.5,21.5
920,7,17,30.7,21.5
920,7,18,31.1,21.6
920,7,19,31.4,21.8
920,7,20,31.7,22.1
920,7,21,32.0,22.4
920,7,22,32.1,22.5
920,7,23,32.2,22.6
920,7,24,32.2,22.5
920,7,25,32.2,22.3
920,7,26,32.2,22.4
920,7,27,32.5,22.5
920,7,28,32.8,22.6
920,7,29,33.1,22.7
920,7,30,33.4,23.0
920,7,31,33.6,23.1
920,8,1,33.4,23.1
920,8,2,33.4,23.0
920,8,3,33.5,23.0
920,8,4,33.4,23.0
920,8,5,33.3,22.9
920,8,6,33.4,22.9
920,8,7,33.3,23.0
920,8,8,33.0,23.1
920,8,9,32.7,23.0
920,8,10,32.7,23.0
920,8,11,32.5,22.9
920,8,12,32.1,22.8
920,8,13,32.0,22.6
920,8,14,31.9,22.6
920,8,15,31.8,22.4
920,8,16,31.8,22.3
920,8,17,31.9,22.1
920,8,18,31.8,21.9
920,8,19,31.8,21.7
920,8,20,31.5,21.5
920,8,21,31.2,21.3
920,8,22,31.0,21.2
920,8,23,30.9,21.0
920,8,24,30.7,20.7
920,8,25,30.5,20.5
920,8,26,30.7,20.4
920,8,27,30.6,20.3
920,8,28,30.2,20.1
920,8,29,30.0,20.0
920,8,30,29.9,19.8
920,8,31,29.6,19.5
920,9,1,29.3,19.4
920,9,2,29.6,19.1
920,9,3,29.5,19.0
920,9,4,29.1,19.0
920,9,5,29.1,18.8
920,9,6,29.2,18.5
920,9,7,29.0,18.5
920,9,8,29.0,18.3
920,9,9,29.0,18.1
920,9,10,28.8,18.1
920,9,11,28.5,18.0
920,9,12,28.2,17.7
920,9,13,28.0,17.5
920,9,14,27.9,17.2
920,9,15,27.8,17.0
920,9,16,27.8,16.7
920,9,17,27.9,16.3
920,9,18,27.8,16.0
920,9,19,27.6,15.6
920,9,20,27.3,15.1
920,9,21,26.8,14.7
920,9,22,26.4,14.4
920,9,23,26.4,14.0
920,9,24,26.5,13.7
920,9,25,26.6,13.4
920,9,26,26.5,13.4
920,9,27,26.2,13.4
920,9,28,25.7,13.4
920,9,29,25.5,13.4
920,9,30,25.5,13.4
920,10,1,25.6,13.0
920,10,2,25.8,12.5
920,10,3,25.6,12.1
920,10,4,25.3,11.6
920,10,5,24.9,11.2
920,10,6,24.6,11.1
920,10,7,24.2,10.7
920,10,8,24.4,10.6
920,10,9,24.5,10.4
920,10,10,24.3,10.2
920,10,11,24.1,9.7
920,10,12,23.9,9.6
920,10,13,23.6,9.1
920,10,14,23.1,8.3
920,10,15,23.0,7.8
920,10,16,22.9,7.4
920,10,17,22.9,7.0
920,10,18,22.8,7.0
920,10,19,22.9,7.2
920,10,20,22.6,7.4
920,10,21,22.3,7.5
920,10,22,22.0,7.4
920,10,23,21.8,7.0
920,10,24,21.3,6.6
920,10,25,21.2,6.0
920,10,26,21.0,5.5
920,10,27,20.7,5.1
920,10,28,20.2,4.8
920,10,29,19.9,4.5
920,10,30,19.6,4.0
920,10,31,19.2,3.7
920,11,1,19.1,3.3
920,11,2,19.0,2.8
920,11,3,19.2,2.7
920,11,4,19.4,3.0
920,11,5,19.6,3.2
920,11,6,19.4,3.7
920,11,7,19.2,4.1
920,11,8,18.8,4.1
920,11,9,18.2,3.8
920,11,10,17.7,3.4
920,11,11,17.2,2.7
920,11,12,16.9,2.3
920,11,13,16.5,1.9
920,11,14,16.2,1.4
920,11,15,15.8,1.0
920,11,16,15.3,0.6
920,11,17,14.7,0.1
920,11,18,14.3,-0.3
920,11,19,13.9,-0.8
920,11,20,13.7,-1.1
920,11,21,14.0,-1.2
920,11,22,14.1,-1.3
920,11,23,14.1,-1.1
920,11,24,14.1,-0.8
920,11,25,13.8,-0.6
920,11,26,13.5,-0.6
920,11,27,13.2,-0.7
920,11,28,12.9,-1.0
920,11,29,12.6,-1.4
920,11,30,12.5,-1.8
920,12,1,12.1,-2.0
920,12,2,11.8,-2.3
920,12,3,11.3,-2.7
920,12,4,10.7,-3.1
920,12,5,10.2,-3.5
920,12,6,9.9,-3.9
920,12,7,9.7,-4.4
920,12,8,9.5,-4.6
920,12,9,9.7,-4.5
920,12,10,9.7,-4.7
920,12,11,9.6,-4.9
920,12,12,9.3,-5.1
920,12,13,9.2,-5.3
920,12,14,8.8,-5.7
920,12,15,8.8,-5.7
920,12,16,8.6,-5.8
920,12,17,8.7,-5.8
920,12,18,8.6,-5.9
920,12,19,8.7,-5.8
920,12,20,8.9,-5.8
920,12,21,9.2,-5.7
920,12,22,9.2,-5.6
920,12,23,9.3,-5.7
920,12,24,9.2,-5.9
920,12,25,8.7,-6.2
920,12,26,8.2,-6.6
920,12,27,8.0,-7.0
920,12,28,7.7,-7.1
920,12,29,7.5,-7.4
920,12,30,7.5,-7.5
920,12,31,7.8,-7.4
923,1,1,8.5,-2.0
923,1,2,8.5,-2.0
923,1,3,8.8,-1.8
923,1,4,8.8,-1.7
923,1,5,8.7,-1.6
923,1,6,8.4,-1.7
923,1,7,8.2,-1.9
923,1,8,8.1,-2.1
923,1,9,7.9,-2.2
923,1,10,7.7,-2.2
923,1,11,7.6,-2.1
923,1,12,7.7,-2.0
923,1,13,7.8,-1.9
923,1,14,7.8,-1.7
923,1,15,8.1,-1.7
923,1,16,8.4,-1.5
923,1,17,8.5,-1.4
923,1,18,8.4,-1.2
923,1,19,8.4,-1.3
923,1,20,8.2,-1.4
923,1,21,7.9,-1.7
923,1,22,7.5,-2.1
923,1,23,7.4,-2.5
923,1,24,7.4,-2.5
923,1,25,7.5,-2.5
923,1,26,7.7,-2.4
923,1,27,7.9,-2.2
923,1,28,8.1,-1.9
923,1,29,8.3,-1.9
923,1,30,8.4,-1.9
923,1,31,8.5,-1.9
923,2,1,8.6,-2.0
923,2,2,8.6,-2.3
923,2,3,8.7,-2.2
923,2,4,8.7,-2.1
923,2,5,8.8,-2.0
923,2,6,8.7,-1.9
923,2,7,8.8,-1.8
923,2,8,8.8,-1.7
923,2,9,8.8,-1.7
923,2,10,8.6,-1.6
923,2,11,9.0,-1.5
923,2,12,9.4,-1.1
923,2,13,9.7,-0.7
923,2,14,9.8,-0.5
923,2,15,10.1,-0.3
923,2,16,10.0,-0.2
923,2,17,9.9,-0.3
923,2,18,10.1,-0.5
923,2,19,10.1,-0.4
923,2,20,10.5,-0.1
923,2,21,11.0,0.3
923,2,22,11.2,0.7
923,2,23,11.4,1.3
923,2,24,11.6,1.8
923,2,25,11.6,1.9
923,2,26,11.6,2.2
923,2,27,11.7,2.2
923,2,28,11.7,1.9
923,2,29,11.8,1.9
923,3,1,11.8,1.8
923,3,2,11.7,1.8
923,3,3,11.9,1.8
923,3,4,11.9,2.0
923,3,5,11.8,2.2
923,3,6,11.7,2.1
923,3,7,12.0,2.0
923,3,8,12.0,2.1
923,3,9,12.1,1.9
923,3,10,12.5,1.8
923,3,11,13.0,2.0
923,3,12,13.2,2.2
923,3,13,13.3,2.2
923,3,14,13.6,2.6
923,3,15,14.0,3.1
923,3,16,14.2,3.7
923,3,17,14.4,4.0
923,3,18,14.6,4.2
923,3,19,14.8,4.2
923,3,20,14.6,4.2
923,3,21,14.5,4.0
923,3,22,14.4,3.9
923,3,23,14.6,3.9
923,3,24,14.7,4.0
923,3,25,15.0,4.0
923,3,26,15.4,4.3
923,3,27,15.7,4.6
923,3,28,15.9,4.9
923,3,29,16.1,5.2
923,3,30,16.1,5.5
923,3,31,16.2,5.7
923,4,1,16.4,5.8
923,4,2,16.5,5.7
923,4,3,16.5,5.8
923,4,4,16.7,5.9
923,4,5,16.6,6.0
923,4,6,16.9,6.2
923,4,7,17.3,6.7
923,4,8,17.6,6.9
923,4,9,17.7,7.2
923,4,10,18.0,7.6
923,4,11,18.2,7.9
923,4,12,18.2,8.0
923,4,13,18.5,8.1
923,4,14,18.8,8.3
923,4,15,19.1,8.2
923,4,16,19.2,8.3
923,4,17,19.2,8.4
923,4,18,19.0,8.7
923,4,19,19.1,9.0
923,4,20,19.0,9.3
923,4,21,18.8,9.3
923,4,22,19.0,9.4
923,4,23,19.2,9.3
923,4,24,19.1,9.1
923,4,25,19.3,9.0
923,4,26,19.5,8.9
923,4,27,19.8,9.3
923,4,28,20.3,9.9
923,4,29,20.8,10.4
923,4,30,21.0,11.0
923,5,1,21.2,11.6
923,5,2,21.5,11.8
923,5,3,21.6,11.9
923,5,4,21.6,12.0
923,5,5,21.8,12.0
923,5,6,22.2,12.1
923,5,7,22.0,12.1
923,5,8,21.6,12.0
923,5,9,21.4,11.9
923,5,10,21.2,12.0
923,5,11,21.2,12.0
923,5,12,21.4,12.0
923,5,13,21.9,12.2
923,5,14,22.1,12.5
923,5,15,22.6,12.6
923,5,16,22.4,12.7
923,5,17,22.6,13.0
923,5,18,22.8,13.1
923,5,19,23.2,12.9
923,5,20,23.3,13.1
923,5,21,23.5,13.4
923,5,22,23.7,13.5
923,5,23,23.9,13.7
923,5,24,23.9,14.1
923,5,25,23.9,14.2
923,5,26,23.8,14.3
923,5,27,24.0,14.4
923,5,28,23.8,14.5
923,5,29,23.8,14.4
923,5,30,24.0,14.4
923,5,31,24.1,14.6
923,6,1,24.0,14.7
923,6,2,24.2,14.6
923,6,3,24.0,14.9
923,6,4,23.9,15.1
923,6,5,24.1,15.2
923,6,6,24.1,15.4
923,6,7,24.0,15.7
923,6,8,24.1,16.0
923,6,9,24.2,16.3
923,6,10,24.4,16.4
923,6,11,24.5,16.3
923,6,12,24.6,16.2
923,6,13,24.8,16.3
923,6,14,24.9,16.5
923,6,15,24.9,16.6
923,6,16,24.9,16.9
923,6,17,25.3,17.3
923,6,18,25.6,17.6
923,6,19,25.9,18.0
923,6,20,26.0,18.4
923,6,21,26.1,18.6
923,6,22,25.9,18.7
923,6,23,25.5,18.7
923,6,24,25.3,18.7
923,6,25,25.5,18.8
923,6,26,25.7,19.0
923,6,27,25.9,19.2
923,6,28,26.2,19.4
923,6,29,26.4,19.6
923,6,30,26.7,19.9
923,7,1,27.0,20.2
923,7,2,27.0,20.3
923,7,3,27.0,20.4
923,7,4,27.1,20.3
923,7,5,26.8,20.1
923,7,6,26.6,20.1
923,7,7,26.6,20.1
923,7,8,26.8,20.1
923,7,9,26.8,20.4
923,7,10,27.1,20.8
923,7,11,27.3,21.0
923,7,12,27.6,21.3
923,7,13,27.7,21.4
923,7,14,27.9,21.5
923,7,15,28.1,21.5
923,7,16,28.3,21.4
923,7,17,28.5,21.4
923,7,18,28.7,21.6
923,7,19,28.9,21.8
923,7,20,29.2,22.0
923,7,21,29.5,22.2
923,7,22,29.7,22.4
923,7,23,29.8,22.4
923,7,24,29.8,22.4
923,7,25,29.9,22.4
923,7,26,29.7,22.6
923,7,27,29.8,22.7
923,7,28,29.9,22.8
923,7,29,30.2,22.9
923,7,30,30.4,23.1
923,7,31,30.6,23.2
923,8,1,30.6,23.4
923,8,2,30.7,23.5
923,8,3,30.8,23.5
923,8,4,30.8,23.5
923,8,5,30.8,23.5
923,8,6,30.8,23.4
923,8,7,30.7,23.5
923,8,8,30.6,23.4
923,8,9,30.4,23.4
923,8,10,30.4,23.4
923,8,11,30.4,23.3
923,8,12,30.2,23.3
923,8,13,30.1,23.3
923,8,14,30.0,23.3
923,8,15,29.9,23.1
923,8,16,29.7,23.0
923,8,17,29.7,23.0
923,8,18,29.6,22.8
923,8,19,29.6,22.7
923,8,20,29.6,22.7
923,8,21,29.7,22.5
923,8,22,29.6,22.3
923,8,23,29.4,22.1
923,8,24,29.1,21.8
923,8,25,28.9,21.6
923,8,26,28.9,21.5
923,8,27,28.8,21.4
923,8,28,28.6,21.4
923,8,29,28.5,21.4
923,8,30,28.3,21.2
923,8,31,28.0,21.1
923,9,1,27.8,20.9
923,9,2,27.7,20.7
923,9,3,27.5,20.3
923,9,4,27.1,20.1
923,9,5,26.8,19.8
923,9,6,26.8,19.7
923,9,7,26.8,19.6
923,9,8,26.8,19.5
923,9,9,26.8,19.5
923,9,10,26.9,19.5
923,9,11,26.8,19.5
923,9,12,26.5,19.4
923,9,13,26.3,19.3
923,9,14,26.3,19.1
923,9,15,26.1,18.9
923,9,16,26.0,18.7
923,9,17,26.0,18.5
923,9,18,26.0,18.2
923,9,19,25.8,18.1
923,9,20,25.4,17.8
923,9,21,25.0,17.6
923,9,22,24.7,17.4
923,9,23,24.6,17.4
923,9,24,24.6,17.2
923,9,25,24.7,17.0
923,9,26,24.7,16.9
923,9,27,24.5,16.7
923,9,28,24.3,16.5
923,9,29,24.2,16.3
923,9,30,24.2,16.1
923,10,1,24.3,15.7
923,10,2,24.2,15.4
923,10,3,24.1,15.1
923,10,4,23.9,14.8
923,10,5,23.6,14.7
923,10,6,23.4,14.7
923,10,7,23.2,14.6
923,10,8,23.3,14.4
923,10,9,23.3,14.2
923,10,10,23.1,14.0
923,10,11,23.0,13.5
923,10,12,22.9,13.3
923,10,13,22.5,12.9
923,10,14,22.1,12.3
923,10,15,22.0,11.9
923,10,16,21.8,11.7
923,10,17,21.7,11.6
923,10,18,21.6,11.8
923,10,19,21.7,12.1
923,10,20,21.4,12.2
923,10,21,21.1,12.1
923,10,22,20.9,11.8
923,10,23,20.8,11.4
923,10,24,20.5,11.0
923,10,25,20.4,10.5
923,10,26,20.4,10.0
923,10,27,20.2,9.6
923,10,28,19.7,9.2
923,10,29,19.5,8.9
923,10,30,19.3,8.7
923,10,31,18.9,8.3
923,11,1,18.7,7.9
923,11,2,18.6,7.6
923,11,3,18.7,7.6
923,11,4,18.8,7.7
923,11,5,19.0,8.1
923,11,6,19.0,8.5
923,11,7,18.9,8.8
923,11,8,18.5,8.6
923,11,9,18.2,8.3
923,11,10,17.7,7.8
923,11,11,17.3,7.2
923,11,12,17.1,6.9
923,11,13,16.9,6.6
923,11,14,16.5,6.1
923,11,15,16.1,5.6
923,11,16,15.6,5.1
923,11,17,15.0,4.4
923,11,18,14.7,3.9
923,11,19,14.5,3.5
923,11,20,14.3,3.3
923,11,21,14.6,3.5
923,11,22,14.8,3.6
923,11,23,14.8,3.7
923,11,24,14.7,3.9
923,11,25,14.6,3.9
923,11,26,14.3,3.9
923,11,27,14.1,4.0
923,11,28,13.8,3.9
923,11,29,13.5,3.5
923,11,30,13.3,3.3
923,12,1,13.1,2.9
923,12,2,12.8,2.4
923,12,3,12.4,1.7
923,12,4,11.9,1.5
923,12,5,11.4,1.1
923,12,6,11.0,0.7
923,12,7,10.6,0.3
923,12,8,10.7,0.3
923,12,9,10.9,0.3
923,12,10,10.8,0.2
923,12,11,10.7,0.1
923,12,12,10.6,0.0
923,12,13,10.2,-0.3
923,12,14,9.8,-0.7
923,12,15,9.7,-0.9
923,12,16,9.6,-1.1
923,12,17,9.6,-1.0
923,12,18,9.7,-0.9
923,12,19,9.8,-0.6
923,12,20,9.9,-0.2
923,12,21,10.2,-0.1
923,12,22,10.2,0.0
923,12,23,10.1,0.1
923,12,24,9.8,-0.2
923,12,25,9.6,-0.9
923,12,26,9.2,-1.1
923,12,27,9.0,-1.4
923,12,28,8.7,-1.8
923,12,29,8.5,-2.1
923,12,30,8.4,-2.0
923,12,31,8.6,-2.0
932,1,1,7.4,-3.5
932,1,2,7.6,-3.4
932,1,3,7.7,-3.3
932,1,4,7.9,-3.3
932,1,5,7.7,-3.3
932,1,6,7.5,-3.1
932,1,7,7.1,-3.3
932,1,8,7.0,-3.4
932,1,9,6.9,-3.4
932,1,10,6.8,-3.3
932,1,11,6.7,-3.3
932,1,12,6.9,-3.1
932,1,13,7.0,-3.1
932,1,14,7.0,-3.0
932,1,15,7.3,-3.0
932,1,16,7.7,-3.1
932,1,17,7.8,-3.0
932,1,18,7.8,-2.6
932,1,19,7.7,-2.7
932,1,20,7.5,-2.7
932,1,21,7.1,-2.8
932,1,22,6.7,-3.1
932,1,23,6.4,-3.6
932,1,24,6.4,-3.6
932,1,25,6.4,-3.7
932,1,26,6.7,-3.7
932,1,27,6.9,-3.4
932,1,28,7.2,-3.3
932,1,29,7.5,-3.3
932,1,30,7.6,-3.1
932,1,31,7.7,-3.1
932,2,1,7.8,-3.3
932,2,2,8.0,-3.3
932,2,3,8.0,-3.3
932,2,4,8.1,-3.3
932,2,5,8.2,-3.3
932,2,6,8.2,-3.1
932,2,7,8.2,-3.0
932,2,8,8.2,-2.7
932,2,9,8.3,-2.5
932,2,10,8.1,-2.3
932,2,11,8.6,-2.1
932,2,12,9.1,-1.9
932,2,13,9.4,-1.7
932,2,14,9.5,-1.5
932,2,15,9.6,-1.4
932,2,16,9.5,-1.3
932,2,17,9.5,-1.4
932,2,18,9.9,-1.5
932,2,19,10.1,-1.4
932,2,20,10.7,-1.2
932,2,21,11.3,-0.9
932,2,22,11.7,-0.5
932,2,23,11.8,0.0
932,2,24,12.0,0.5
932,2,25,12.1,0.7
932,2,26,12.1,0.9
932,2,27,12.0,1.1
932,2,28,11.9,1.0
932,2,29,12.0,0.9
932,3,1,12.0,0.8
932,3,2,12.0,0.9
932,3,3,12.1,0.9
932,3,4,12.1,1.0
932,3,5,12.0,1.0
932,3,6,12.1,0.9
932,3,7,12.4,0.9
932,3,8,12.5,1.0
932,3,9,12.8,0.9
932,3,10,13.2,0.9
932,3,11,13.6,1.1
932,3,12,13.7,1.4
932,3,13,13.9,1.4
932,3,14,14.1,1.8
932,3,15,14.7,2.2
932,3,16,14.9,2.7
932,3,17,15.6,3.1
932,3,18,15.9,3.4
932,3,19,16.1,3.4
932,3,20,16.0,3.6
932,3,21,15.9,3.5
932,3,22,15.5,3.2
932,3,23,15.3,3.2
932,3,24,15.4,3.2
932,3,25,15.6,3.3
932,3,26,16.2,3.4
932,3,27,16.5,3.8
932,3,28,17.0,4.1
932,3,29,17.3,4.4
932,3,30,17.5,4.7
932,3,31,17.5,5.0
932,4,1,17.8,5.2
932,4,2,17.9,5.2
932,4,3,18.1,5.4
932,4,4,18.1,5.6
932,4,5,18.3,5.8
932,4,6,18.7,6.0
932,4,7,19.1,6.6
932,4,8,19.3,7.0
932,4,9,19.5,7.4
932,4,10,19.8,7.6
932,4,11,19.6,7.8
932,4,12,19.8,7.7
932,4,13,20.2,7.6
932,4,14,20.6,7.5
932,4,15,20.6,7.7
932,4,16,21.0,7.9
932,4,17,21.0,8.2
932,4,18,20.8,8.5
932,4,19,20.8,9.0
932,4,20,21.0,9.4
932,4,21,20.9,9.6
932,4,22,21.1,9.6
932,4,23,21.3,9.5
932,4,24,21.3,9.3
932,4,25,21.3,8.9
932,4,26,21.6,8.7
932,4,27,21.7,8.9
932,4,28,22.1,9.5
932,4,29,22.5,10.1
932,4,30,23.1,10.7
932,5,1,23.4,11.5
932,5,2,24.1,11.9
932,5,3,24.3,11.9
932,5,4,24.4,11.9
932,5,5,24.5,12.0
932,5,6,24.8,11.9
932,5,7,24.5,12.0
932,5,8,24.2,12.2
932,5,9,24.1,12.1
932,5,10,23.9,12.3
932,5,11,23.8,12.2
932,5,12,24.0,12.2
932,5,13,24.2,12.4
932,5,14,24.5,12.8
932,5,15,24.9,12.9
932,5,16,24.8,13.2
932,5,17,24.8,13.4
932,5,18,25.1,13.4
932,5,19,25.5,13.3
932,5,20,25.8,13.4
932,5,21,26.2,13.6
932,5,22,26.5,13.8
932,5,23,26.7,14.0
932,5,24,26.8,14.3
932,5,25,26.7,14.6
932,5,26,26.7,14.8
932,5,27,27.1,14.8
932,5,28,26.9,15.0
932,5,29,27.0,15.0
932,5,30,27.1,15.1
932,5,31,27.2,15.1
932,6,1,27.0,15.4
932,6,2,27.4,15.6
932,6,3,27.6,16.1
932,6,4,27.9,16.5
932,6,5,28.2,16.8
932,6,6,28.1,17.1
932,6,7,28.0,17.3
932,6,8,27.9,17.4
932,6,9,27.8,17.6
932,6,10,27.9,17.6
932,6,11,28.2,17.7
932,6,12,28.1,17.7
932,6,13,28.2,17.7
932,6,14,28.4,17.7
932,6,15,28.3,17.9
932,6,16,28.2,18.1
932,6,17,28.6,18.4
932,6,18,28.6,18.7
932,6,19,28.6,19.1
932,6,20,28.7,19.4
932,6,21,28.6,19.6
932,6,22,28.3,19.7
932,6,23,28.0,19.7
932,6,24,27.6,19.6
932,6,25,27.7,19.7
932,6,26,27.8,19.9
932,6,27,27.9,20.1
932,6,28,28.0,20.4
932,6,29,28.2,20.7
932,6,30,28.2,20.9
932,7,1,28.3,21.1
932,7,2,28.5,21.3
932,7,3,28.8,21.5
932,7,4,28.7,21.6
932,7,5,28.8,21.6
932,7,6,28.7,21.6
932,7,7,28.7,21.6
932,7,8,28.8,21.6
932,7,9,28.9,21.7
932,7,10,28.9,21.8
932,7,11,29.1,21.9
932,7,12,29.2,22.1
932,7,13,29.3,22.3
932,7,14,29.6,22.3
932,7,15,30.0,22.5
932,7,16,30.3,22.4
932,7,17,30.6,22.5
932,7,18,30.9,22.6
932,7,19,31.1,22.8
932,7,20,31.4,23.1
932,7,21,31.6,23.4
932,7,22,31.7,23.5
932,7,23,31.8,23.5
932,7,24,32.0,23.6
932,7,25,32.2,23.6
932,7,26,32.2,23.6
932,7,27,32.5,23.7
932,7,28,32.7,23.8
932,7,29,32.9,24.0
932,7,30,33.1,24.1
932,7,31,33.2,24.2
932,8,1,33.1,24.3
932,8,2,33.1,24.2
932,8,3,33.2,24.2
932,8,4,33.2,24.2
932,8,5,33.1,24.2
932,8,6,33.2,24.2
932,8,7,33.2,24.3
932,8,8,32.8,24.4
932,8,9,32.6,24.2
932,8,10,32.5,24.1
932,8,11,32.2,24.0
932,8,12,31.8,23.7
932,8,13,31.8,23.6
932,8,14,31.8,23.6
932,8,15,31.8,23.5
932,8,16,31.9,23.5
932,8,17,32.2,23.4
932,8,18,31.8,23.3
932,8,19,31.8,23.1
932,8,20,31.6,23.0
932,8,21,31.3,22.7
932,8,22,31.0,22.5
932,8,23,31.0,22.3
932,8,24,30.8,22.0
932,8,25,30.5,21.8
932,8,26,30.7,21.7
932,8,27,30.6,21.5
932,8,28,30.4,21.4
932,8,29,30.2,21.3
932,8,30,30.2,21.1
932,8,31,29.9,20.9
932,9,1,29.7,20.7
932,9,2,30.0,20.4
932,9,3,29.8,20.3
932,9,4,29.5,20.2
932,9,5,29.4,20.1
932,9,6,29.4,19.9
932,9,7,29.2,19.8
932,9,8,29.1,19.6
932,9,9,29.1,19.5
932,9,10,28.9,19.4
932,9,11,28.7,19.4
932,9,12,28.5,19.3
932,9,13,28.3,19.2
932,9,14,28.2,19.0
932,9,15,28.2,18.8
932,9,16,28.2,18.6
932,9,17,28.2,18.2
932,9,18,28.2,17.9
932,9,19,27.9,17.5
932,9,20,27.6,17.1
932,9,21,27.1,16.7
932,9,22,26.7,16.5
932,9,23,26.7,16.2
932,9,24,26.8,16.0
932,9,25,26.8,15.8
932,9,26,26.8,15.7
932,9,27,26.5,15.6
932,9,28,26.1,15.6
932,9,29,25.9,15.5
932,9,30,25.7,15.4
932,10,1,25.7,15.1
932,10,2,25.8,14.7
932,10,3,25.6,14.3
932,10,4,25.4,13.8
932,10,5,25.1,13.5
932,10,6,24.8,13.3
932,10,7,24.6,13.1
932,10,8,24.7,12.9
932,10,9,24.6,12.9
932,10,10,24.4,12.7
932,10,11,24.2,12.3
932,10,12,24.0,12.1
932,10,13,23.7,11.7
932,10,14,23.2,11.0
932,10,15,23.1,10.5
932,10,16,23.0,10.2
932,10,17,22.9,9.9
932,10,18,22.9,9.8
932,10,19,23.1,9.9
932,10,20,22.8,10.1
932,10,21,22.5,10.2
932,10,22,22.2,10.2
932,10,23,21.9,9.8
932,10,24,21.5,9.4
932,10,25,21.2,9.0
932,10,26,20.9,8.5
932,10,27,20.6,8.2
932,10,28,20.2,7.8
932,10,29,19.8,7.4
932,10,30,19.5,7.1
932,10,31,19.2,6.7
932,11,1,19.0,6.4
932,11,2,18.9,6.0
932,11,3,19.0,6.0
932,11,4,19.2,6.1
932,11,5,19.4,6.3
932,11,6,19.3,6.5
932,11,7,19.1,6.9
932,11,8,18.8,6.8
932,11,9,18.3,6.6
932,11,10,17.8,6.2
932,11,11,17.4,5.6
932,11,12,17.0,5.3
932,11,13,16.6,4.9
932,11,14,16.3,4.5
932,11,15,15.9,4.1
932,11,16,15.2,3.8
932,11,17,14.8,3.3
932,11,18,14.4,2.9
932,11,19,14.1,2.4
932,11,20,14.0,2.1
932,11,21,14.3,2.0
932,11,22,14.4,2.0
932,11,23,14.5,2.1
932,11,24,14.4,2.3
932,11,25,14.1,2.4
932,11,26,13.8,2.4
932,11,27,13.5,2.4
932,11,28,13.2,2.1
932,11,29,13.1,1.9
932,11,30,12.9,1.5
932,12,1,12.5,1.3
932,12,2,12.1,0.9
932,12,3,11.6,0.5
932,12,4,11.0,0.2
932,12,5,10.5,-0.2
932,12,6,10.1,-0.6
932,12,7,9.8,-1.0
932,12,8,9.8,-1.2
932,12,9,9.8,-1.1
932,12,10,9.7,-1.2
932,12,11,9.7,-1.2
932,12,12,9.6,-1.3
932,12,13,9.3,-1.4
932,12,14,9.1,-1.7
932,12,15,8.9,-1.9
932,12,16,8.7,-2.0
932,12,17,8.8,-2.0
932,12,18,8.9,-2.0
932,12,19,9.0,-2.0
932,12,20,9.3,-1.8
932,12,21,9.5,-1.7
932,12,22,9.6,-1.6
932,12,23,9.4,-1.6
932,12,24,9.1,-1.7
932,12,25,8.6,-2.1
932,12,26,8.1,-2.5
932,12,27,7.8,-2.8
932,12,28,7.5,-3.0
932,12,29,7.3,-3.4
932,12,30,7.2,-3.5
932,12,31,7.2,-3.4
937,1,1,8.9,-0.4
937,1,2,8.9,-0.3
937,1,3,9.2,-0.1
937,1,4,9.2,0.0
937,1,5,9.1,0.0
937,1,6,8.9,0.1
937,1,7,8.6,0.0
937,1,8,8.4,-0.2
937,1,9,8.3,-0.3
937,1,10,8.0,-0.2
937,1,11,8.0,-0.3
937,1,12,8.1,-0.3
937,1,13,8.3,-0.3
937,1,14,8.3,-0.3
937,1,15,8.6,-0.1
937,1,16,8.9,0.1
937,1,17,9.0,0.3
937,1,18,8.9,0.6
937,1,19,8.9,0.6
937,1,20,8.7,0.4
937,1,21,8.3,0.0
937,1,22,8.0,-0.4
937,1,23,7.9,-0.8
937,1,24,7.8,-0.8
937,1,25,7.9,-0.8
937,1,26,8.2,-0.5
937,1,27,8.4,-0.2
937,1,28,8.6,0.0
937,1,29,8.8,0.0
937,1,30,8.9,0.1
937,1,31,8.9,-0.1
937,2,1,9.0,-0.3
937,2,2,9.0,-0.4
937,2,3,9.1,-0.2
937,2,4,9.1,0.0
937,2,5,9.2,0.3
937,2,6,9.2,0.5
937,2,7,9.3,0.5
937,2,8,9.4,0.6
937,2,9,9.4,0.5
937,2,10,9.2,0.5
937,2,11,9.5,0.6
937,2,12,9.9,1.0
937,2,13,10.1,1.3
937,2,14,10.2,1.5
937,2,15,10.3,1.5
937,2,16,10.2,1.5
937,2,17,10.1,1.5
937,2,18,10.3,1.4
937,2,19,10.5,1.5
937,2,20,10.8,1.9
937,2,21,11.4,2.4
937,2,22,11.6,2.8
937,2,23,11.7,3.2
937,2,24,12.0,3.6
937,2,25,12.0,3.7
937,2,26,11.9,3.8
937,2,27,12.0,3.9
937,2,28,11.9,3.8
937,2,29,12.0,3.8
937,3,1,12.0,3.7
937,3,2,12.0,3.7
937,3,3,12.1,3.7
937,3,4,12.1,3.7
937,3,5,12.0,3.6
937,3,6,11.9,3.5
937,3,7,12.1,3.5
937,3,8,12.1,3.7
937,3,9,12.2,3.6
937,3,10,12.7,3.8
937,3,11,13.2,4.1
937,3,12,13.4,4.3
937,3,13,13.6,4.3
937,3,14,13.8,4.7
937,3,15,14.0,5.0
937,3,16,14.2,5.6
937,3,17,14.5,5.9
937,3,18,14.6,6.2
937,3,19,14.8,6.3
937,3,20,14.7,6.4
937,3,21,14.6,6.0
937,3,22,14.5,5.9
937,3,23,14.6,5.9
937,3,24,14.6,6.0
937,3,25,14.8,6.1
937,3,26,15.2,6.4
937,3,27,15.4,6.7
937,3,28,15.6,6.9
937,3,29,15.9,7.1
937,3,30,16.1,7.4
937,3,31,16.1,7.6
937,4,1,16.4,7.7
937,4,2,16.5,7.6
937,4,3,16.5,7.9
937,4,4,16.6,8.0
937,4,5,16.5,8.1
937,4,6,16.8,8.3
937,4,7,17.2,8.8
937,4,8,17.4,8.9
937,4,9,17.6,9.1
937,4,10,17.8,9.3
937,4,11,17.8,9.5
937,4,12,17.8,9.5
937,4,13,18.0,9.5
937,4,14,18.2,9.8
937,4,15,18.3,10.0
937,4,16,18.6,10.2
937,4,17,18.7,10.4
937,4,18,18.6,10.6
937,4,19,18.7,10.8
937,4,20,18.8,10.9
937,4,21,18.6,10.9
937,4,22,18.8,10.9
937,4,23,19.1,10.8
937,4,24,19.1,10.7
937,4,25,19.2,10.6
937,4,26,19.6,10.4
937,4,27,19.6,10.7
937,4,28,19.8,11.3
937,4,29,20.2,11.7
937,4,30,20.4,12.2
937,5,1,20.5,13.0
937,5,2,20.9,13.2
937,5,3,21.3,13.2
937,5,4,21.3,13.3
937,5,5,21.4,13.3
937,5,6,21.9,13.3
937,5,7,21.8,13.3
937,5,8,21.5,13.1
937,5,9,21.5,13.0
937,5,10,21.2,13.2
937,5,11,21.1,13.2
937,5,12,21.2,13.2
937,5,13,21.5,13.7
937,5,14,21.7,14.0
937,5,15,22.1,14.1
937,5,16,22.1,14.2
937,5,17,22.2,14.4
937,5,18,22.4,14.4
937,5,19,22.8,14.3
937,5,20,23.0,14.5
937,5,21,23.3,14.7
937,5,22,23.5,14.8
937,5,23,23.7,15.0
937,5,24,23.7,15.3
937,5,25,23.6,15.4
937,5,26,23.5,15.5
937,5,27,23.6,15.5
937,5,28,23.5,15.6
937,5,29,23.5,15.5
937,5,30,23.6,15.6
937,5,31,23.7,15.7
937,6,1,23.7,15.8
937,6,2,24.0,15.8
937,6,3,24.2,16.2
937,6,4,24.2,16.4
937,6,5,24.3,16.6
937,6,6,24.4,16.8
937,6,7,24.3,17.0
937,6,8,24.5,17.2
937,6,9,24.5,17.4
937,6,10,24.7,17.6
937,6,11,24.8,17.7
937,6,12,24.8,17.8
937,6,13,24.8,17.9
937,6,14,25.0,18.0
937,6,15,25.1,18.0
937,6,16,25.1,18.2
937,6,17,25.3,18.4
937,6,18,25.4,18.6
937,6,19,25.5,18.8
937,6,20,25.4,19.0
937,6,21,25.6,19.1
937,6,22,25.5,19.1
937,6,23,25.2,19.0
937,6,24,25.1,19.0
937,6,25,25.2,19.1
937,6,26,25.1,19.2
937,6,27,25.2,19.4
937,6,28,25.5,19.6
937,6,29,25.7,19.8
937,6,30,26.0,20.0
937,7,1,26.3,20.3
937,7,2,26.5,20.4
937,7,3,26.5,20.5
937,7,4,26.5,20.5
937,7,5,26.3,20.4
937,7,6,26.3,20.5
937,7,7,26.4,20.6
937,7,8,26.6,20.7
937,7,9,26.8,20.9
937,7,10,27.0,21.2
937,7,11,27.0,21.3
937,7,12,27.2,21.4
937,7,13,27.2,21.5
937,7,14,27.2,21.5
937,7,15,27.4,21.5
937,7,16,27.8,21.6
937,7,17,27.9,21.7
937,7,18,28.1,21.9
937,7,19,28.4,22.1
937,7,20,28.6,22.3
937,7,21,28.8,22.5
937,7,22,29.0,22.8
937,7,23,29.2,22.9
937,7,24,29.4,23.0
937,7,25,29.5,23.2
937,7,26,29.5,23.3
937,7,27,29.7,23.4
937,7,28,29.9,23.5
937,7,29,30.1,23.7
937,7,30,30.3,23.8
937,7,31,30.6,23.9
937,8,1,30.7,24.0
937,8,2,30.7,24.1
937,8,3,30.9,24.2
937,8,4,30.8,24.2
937,8,5,30.7,24.3
937,8,6,30.7,24.2
937,8,7,30.6,24.2
937,8,8,30.5,24.1
937,8,9,30.4,24.1
937,8,10,30.4,24.0
937,8,11,30.2,23.9
937,8,12,30.1,23.9
937,8,13,29.9,23.9
937,8,14,29.8,23.8
937,8,15,29.8,23.7
937,8,16,29.8,23.6
937,8,17,29.8,23.5
937,8,18,29.8,23.4
937,8,19,29.8,23.4
937,8,20,29.7,23.4
937,8,21,29.7,23.3
937,8,22,29.5,23.3
937,8,23,29.4,23.1
937,8,24,29.2,22.9
937,8,25,29.0,22.7
937,8,26,29.0,22.7
937,8,27,29.0,22.5
937,8,28,28.8,22.4
937,8,29,28.7,22.2
937,8,30,28.7,22.1
937,8,31,28.4,21.9
937,9,1,28.2,21.8
937,9,2,28.2,21.6
937,9,3,28.1,21.6
937,9,4,27.7,21.4
937,9,5,27.5,21.2
937,9,6,27.4,20.9
937,9,7,27.4,20.8
937,9,8,27.3,20.7
937,9,9,27.4,20.7
937,9,10,27.4,20.7
937,9,11,27.3,20.6
937,9,12,27.0,20.4
937,9,13,26.8,20.2
937,9,14,26.7,20.0
937,9,15,26.5,19.8
937,9,16,26.4,19.7
937,9,17,26.4,19.5
937,9,18,26.4,19.4
937,9,19,26.2,19.2
937,9,20,26.0,18.9
937,9,21,25.8,18.6
937,9,22,25.5,18.4
937,9,23,25.4,18.2
937,9,24,25.4,18.2
937,9,25,25.5,18.2
937,9,26,25.4,18.2
937,9,27,25.2,18.1
937,9,28,24.9,18.0
937,9,29,24.8,17.8
937,9,30,24.7,17.6
937,10,1,24.7,17.4
937,10,2,24.8,17.1
937,10,3,24.6,16.9
937,10,4,24.5,16.8
937,10,5,24.3,16.6
937,10,6,24.0,16.5
937,10,7,23.9,16.3
937,10,8,24.0,16.1
937,10,9,23.9,16.0
937,10,10,23.7,15.7
937,10,11,23.7,15.4
937,10,12,23.5,15.2
937,10,13,23.2,14.8
937,10,14,22.8,14.3
937,10,15,22.7,13.9
937,10,16,22.5,13.8
937,10,17,22.4,13.7
937,10,18,22.3,13.8
937,10,19,22.3,14.0
937,10,20,22.0,14.1
937,10,21,21.7,14.0
937,10,22,21.5,13.7
937,10,23,21.4,13.3
937,10,24,21.2,12.9
937,10,25,21.1,12.5
937,10,26,21.0,12.1
937,10,27,20.8,11.8
937,10,28,20.3,11.5
937,10,29,20.1,11.2
937,10,30,19.8,10.9
937,10,31,19.5,10.5
937,11,1,19.2,10.0
937,11,2,19.1,9.8
937,11,3,19.2,9.8
937,11,4,19.3,10.0
937,11,5,19.5,10.4
937,11,6,19.5,10.7
937,11,7,19.3,10.8
937,11,8,19.0,10.6
937,11,9,18.6,10.2
937,11,10,18.1,9.8
937,11,11,17.8,9.3
937,11,12,17.6,9.1
937,11,13,17.4,8.7
937,11,14,17.0,8.3
937,11,15,16.7,7.8
937,11,16,16.1,7.2
937,11,17,15.6,6.7
937,11,18,15.2,6.2
937,11,19,15.0,5.9
937,11,20,14.9,5.8
937,11,21,15.1,5.8
937,11,22,15.4,5.9
937,11,23,15.4,6.0
937,11,24,15.4,6.2
937,11,25,15.2,6.2
937,11,26,15.0,6.2
937,11,27,14.7,6.1
937,11,28,14.4,6.0
937,11,29,14.1,5.6
937,11,30,13.9,5.3
937,12,1,13.7,4.9
937,12,2,13.4,4.5
937,12,3,13.0,3.9
937,12,4,12.4,3.4
937,12,5,11.9,2.9
937,12,6,11.6,2.5
937,12,7,11.2,2.1
937,12,8,11.1,2.1
937,12,9,11.2,2.1
937,12,10,11.1,2.0
937,12,11,10.9,1.9
937,12,12,10.7,1.8
937,12,13,10.4,1.5
937,12,14,10.1,1.2
937,12,15,10.0,1.1
937,12,16,9.9,1.1
937,12,17,10.0,1.2
937,12,18,10.2,1.2
937,12,19,10.4,1.5
937,12,20,10.6,1.7
937,12,21,10.9,1.9
937,12,22,10.8,1.9
937,12,23,10.7,1.8
937,12,24,10.3,1.5
937,12,25,10.1,1.1
937,12,26,9.7,0.8
937,12,27,9.5,0.5
937,12,28,9.3,0.2
937,12,29,9.0,-0.1
937,12,30,8.8,-0.2
937,12,31,8.9,-0.2
938,1,1,7.3,-1.2
938,1,2,7.3,-1.0
938,1,3,7.5,-0.9
938,1,4,7.5,-0.8
938,1,5,7.4,-0.8
938,1,6,7.2,-0.8
938,1,7,6.8,-1.0
938,1,8,6.6,-1.1
938,1,9,6.5,-1.2
938,1,10,6.4,-1.1
938,1,11,6.4,-1.2
938,1,12,6.5,-1.2
938,1,13,6.7,-1.1
938,1,14,6.7,-1.1
938,1,15,7.0,-1.0
938,1,16,7.4,-0.7
938,1,17,7.5,-0.6
938,1,18,7.5,-0.4
938,1,19,7.4,-0.4
938,1,20,7.2,-0.5
938,1,21,6.9,-0.9
938,1,22,6.5,-1.2
938,1,23,6.4,-1.6
938,1,24,6.3,-1.6
938,1,25,6.5,-1.7
938,1,26,6.7,-1.4
938,1,27,6.9,-1.1
938,1,28,7.1,-0.9
938,1,29,7.3,-0.8
938,1,30,7.4,-0.8
938,1,31,7.5,-0.9
938,2,1,7.5,-1.0
938,2,2,7.5,-1.2
938,2,3,7.7,-1.1
938,2,4,7.8,-0.9
938,2,5,7.9,-0.7
938,2,6,8.0,-0.4
938,2,7,8.0,-0.3
938,2,8,8.0,-0.3
938,2,9,8.0,-0.3
938,2,10,7.9,-0.3
938,2,11,8.3,-0.1
938,2,12,8.8,0.2
938,2,13,9.1,0.5
938,2,14,9.2,0.7
938,2,15,9.4,0.8
938,2,16,9.2,0.9
938,2,17,9.2,0.9
938,2,18,9.4,0.8
938,2,19,9.5,0.9
938,2,20,10.0,1.3
938,2,21,10.6,1.8
938,2,22,10.8,2.1
938,2,23,11.0,2.6
938,2,24,11.2,3.0
938,2,25,11.2,3.1
938,2,26,11.2,3.3
938,2,27,11.3,3.4
938,2,28,11.3,3.2
938,2,29,11.4,3.2
938,3,1,11.4,3.2
938,3,2,11.4,3.2
938,3,3,11.5,3.1
938,3,4,11.5,3.2
938,3,5,11.4,3.1
938,3,6,11.4,3.0
938,3,7,11.6,3.1
938,3,8,11.6,3.2
938,3,9,11.8,3.2
938,3,10,12.2,3.3
938,3,11,12.8,3.6
938,3,12,13.0,3.8
938,3,13,13.1,3.9
938,3,14,13.3,4.2
938,3,15,13.7,4.7
938,3,16,13.8,5.2
938,3,17,14.2,5.6
938,3,18,14.4,5.9
938,3,19,14.7,6.0
938,3,20,14.5,6.1
938,3,21,14.4,5.8
938,3,22,14.1,5.6
938,3,23,14.2,5.6
938,3,24,14.2,5.7
938,3,25,14.5,5.9
938,3,26,15.0,6.1
938,3,27,15.3,6.5
938,3,28,15.5,6.7
938,3,29,15.9,7.0
938,3,30,16.0,7.2
938,3,31,16.2,7.5
938,4,1,16.5,7.6
938,4,2,16.5,7.5
938,4,3,16.6,7.8
938,4,4,16.7,7.9
938,4,5,16.7,8.0
938,4,6,16.9,8.3
938,4,7,17.3,8.8
938,4,8,17.5,9.0
938,4,9,17.7,9.2
938,4,10,17.9,9.4
938,4,11,17.9,9.5
938,4,12,18.1,9.5
938,4,13,18.3,9.5
938,4,14,18.6,9.7
938,4,15,18.9,10.0
938,4,16,19.2,10.3
938,4,17,19.2,10.5
938,4,18,19.2,10.8
938,4,19,19.3,11.0
938,4,20,19.4,11.1
938,4,21,19.2,11.1
938,4,22,19.5,11.0
938,4,23,19.7,10.8
938,4,24,19.7,10.7
938,4,25,19.9,10.6
938,4,26,20.2,10.5
938,4,27,20.3,10.9
938,4,28,20.6,11.6
938,4,29,21.0,12.1
938,4,30,21.3,12.7
938,5,1,21.5,13.3
938,5,2,21.9,13.5
938,5,3,22.2,13.6
938,5,4,22.3,13.7
938,5,5,22.4,13.7
938,5,6,22.7,13.8
938,5,7,22.6,13.8
938,5,8,22.2,13.7
938,5,9,22.0,13.6
938,5,10,21.7,13.7
938,5,11,21.9,13.8
938,5,12,22.0,13.9
938,5,13,22.5,14.2
938,5,14,22.7,14.5
938,5,15,23.3,14.7
938,5,16,23.2,14.9
938,5,17,23.3,15.1
938,5,18,23.4,15.2
938,5,19,23.9,15.2
938,5,20,24.1,15.3
938,5,21,24.5,15.5
938,5,22,24.8,15.7
938,5,23,25.1,15.9
938,5,24,25.1,16.1
938,5,25,25.1,16.3
938,5,26,25.0,16.3
938,5,27,25.3,16.4
938,5,28,25.2,16.5
938,5,29,25.1,16.4
938,5,30,25.2,16.5
938,5,31,25.2,16.5
938,6,1,25.1,16.6
938,6,2,25.3,16.7
938,6,3,25.4,17.0
938,6,4,25.4,17.2
938,6,5,25.7,17.5
938,6,6,25.6,17.6
938,6,7,25.5,17.8
938,6,8,25.6,17.9
938,6,9,25.7,18.1
938,6,10,25.8,18.3
938,6,11,26.0,18.5
938,6,12,26.0,18.6
938,6,13,26.1,18.7
938,6,14,26.3,18.7
938,6,15,26.3,18.7
938,6,16,26.3,18.9
938,6,17,26.6,19.1
938,6,18,26.8,19.4
938,6,19,26.9,19.6
938,6,20,26.8,19.8
938,6,21,26.8,19.9
938,6,22,26.7,19.8
938,6,23,26.4,19.8
938,6,24,26.1,19.8
938,6,25,26.2,19.9
938,6,26,26.3,20.0
938,6,27,26.5,20.3
938,6,28,26.7,20.4
938,6,29,27.0,20.7
938,6,30,27.3,20.9
938,7,1,27.5,21.2
938,7,2,27.6,21.4
938,7,3,27.8,21.5
938,7,4,27.8,21.5
938,7,5,27.6,21.5
938,7,6,27.4,21.4
938,7,7,27.5,21.5
938,7,8,27.7,21.6
938,7,9,27.8,21.8
938,7,10,27.9,22.1
938,7,11,28.0,22.1
938,7,12,28.3,22.3
938,7,13,28.3,22.3
938,7,14,28.4,22.4
938,7,15,28.6,22.4
938,7,16,29.0,22.5
938,7,17,29.1,22.6
938,7,18,29.4,22.8
938,7,19,29.8,23.1
938,7,20,30.0,23.3
938,7,21,30.3,23.7
938,7,22,30.4,23.9
938,7,23,30.6,24.0
938,7,24,30.6,24.1
938,7,25,30.8,24.1
938,7,26,30.8,24.2
938,7,27,31.0,24.3
938,7,28,31.1,24.4
938,7,29,31.4,24.5
938,7,30,31.6,24.7
938,7,31,31.8,24.8
938,8,1,31.8,24.9
938,8,2,31.8,25.0
938,8,3,31.9,25.1
938,8,4,32.0,25.1
938,8,5,31.9,25.1
938,8,6,32.0,25.0
938,8,7,31.9,25.0
938,8,8,31.6,25.0
938,8,9,31.4,24.9
938,8,10,31.4,24.8
938,8,11,31.3,24.7
938,8,12,31.1,24.6
938,8,13,31.0,24.5
938,8,14,30.9,24.4
938,8,15,30.7,24.3
938,8,16,30.6,24.2
938,8,17,30.6,24.1
938,8,18,30.6,24.0
938,8,19,30.6,24.0
938,8,20,30.6,23.9
938,8,21,30.5,23.8
938,8,22,30.4,23.7
938,8,23,30.2,23.6
938,8,24,29.9,23.3
938,8,25,29.7,23.1
938,8,26,29.8,23.1
938,8,27,29.8,23.0
938,8,28,29.5,22.8
938,8,29,29.4,22.7
938,8,30,29.3,22.5
938,8,31,28.9,22.2
938,9,1,28.7,22.0
938,9,2,28.7,21.8
938,9,3,28.6,21.7
938,9,4,28.2,21.5
938,9,5,28.0,21.3
938,9,6,27.9,21.0
938,9,7,27.8,21.0
938,9,8,27.7,20.9
938,9,9,27.9,20.9
938,9,10,27.9,20.9
938,9,11,27.7,20.8
938,9,12,27.4,20.6
938,9,13,27.1,20.4
938,9,14,27.0,20.2
938,9,15,26.8,20.0
938,9,16,26.7,19.9
938,9,17,26.8,19.7
938,9,18,26.7,19.5
938,9,19,26.6,19.2
938,9,20,26.2,18.9
938,9,21,25.9,18.5
938,9,22,25.5,18.2
938,9,23,25.5,18.1
938,9,24,25.5,17.9
938,9,25,25.6,17.9
938,9,26,25.6,17.8
938,9,27,25.3,17.8
938,9,28,25.1,17.7
938,9,29,24.9,17.6
938,9,30,24.8,17.5
938,10,1,24.8,17.2
938,10,2,24.9,17.0
938,10,3,24.7,16.8
938,10,4,24.6,16.4
938,10,5,24.3,16.2
938,10,6,24.0,16.1
938,10,7,23.7,15.9
938,10,8,23.8,15.6
938,10,9,23.8,15.6
938,10,10,23.6,15.4
938,10,11,23.5,15.1
938,10,12,23.3,14.9
938,10,13,22.9,14.5
938,10,14,22.5,14.0
938,10,15,22.3,13.6
938,10,16,22.1,13.3
938,10,17,22.0,13.2
938,10,18,22.0,13.2
938,10,19,22.0,13.4
938,10,20,21.8,13.6
938,10,21,21.5,13.5
938,10,22,21.2,13.3
938,10,23,20.9,12.9
938,10,24,20.6,12.5
938,10,25,20.4,12.0
938,10,26,20.3,11.6
938,10,27,20.0,11.3
938,10,28,19.6,11.0
938,10,29,19.3,10.6
938,10,30,19.0,10.3
938,10,31,18.7,9.9
938,11,1,18.4,9.6
938,11,2,18.4,9.3
938,11,3,18.5,9.3
938,11,4,18.6,9.5
938,11,5,18.9,9.9
938,11,6,18.9,10.1
938,11,7,18.8,10.2
938,11,8,18.4,10.0
938,11,9,17.9,9.6
938,11,10,17.4,9.1
938,11,11,17.0,8.7
938,11,12,16.7,8.4
938,11,13,16.4,8.1
938,11,14,16.0,7.7
938,11,15,15.6,7.2
938,11,16,15.1,6.7
938,11,17,14.5,6.0
938,11,18,14.1,5.6
938,11,19,13.8,5.3
938,11,20,13.6,5.2
938,11,21,13.9,5.2
938,11,22,14.1,5.4
938,11,23,14.2,5.5
938,11,24,14.1,5.6
938,11,25,13.9,5.5
938,11,26,13.6,5.3
938,11,27,13.3,5.2
938,11,28,13.0,5.1
938,11,29,12.8,4.7
938,11,30,12.6,4.5
938,12,1,12.3,4.2
938,12,2,11.9,3.8
938,12,3,11.5,3.2
938,12,4,10.8,2.7
938,12,5,10.2,2.2
938,12,6,9.8,1.7
938,12,7,9.5,1.4
938,12,8,9.4,1.4
938,12,9,9.5,1.4
938,12,10,9.4,1.2
938,12,11,9.4,1.2
938,12,12,9.2,1.0
938,12,13,8.9,0.8
938,12,14,8.6,0.5
938,12,15,8.5,0.4
938,12,16,8.3,0.2
938,12,17,8.3,0.3
938,12,18,8.4,0.4
938,12,19,8.6,0.6
938,12,20,8.8,0.8
938,12,21,9.1,1.0
938,12,22,9.2,1.1
938,12,23,9.1,0.9
938,12,24,8.7,0.7
938,12,25,8.4,0.2
938,12,26,7.9,-0.2
938,12,27,7.6,-0.5
938,12,28,7.4,-0.8
938,12,29,7.2,-1.1
938,12,30,7.1,-1.2
938,12,31,7.3,-1.1
940,1,1,8.0,-0.8
940,1,2,8.1,-0.7
940,1,3,8.3,-0.6
940,1,4,8.3,-0.5
940,1,5,8.2,-0.7
940,1,6,8.0,-0.7
940,1,7,7.6,-0.9
940,1,8,7.4,-1.0
940,1,9,7.4,-1.0
940,1,10,7.1,-0.9
940,1,11,7.1,-1.0
940,1,12,7.3,-0.9
940,1,13,7.4,-0.9
940,1,14,7.4,-0.9
940,1,15,7.7,-0.8
940,1,16,8.1,-0.6
940,1,17,8.2,-0.6
940,1,18,8.1,-0.3
940,1,19,8.1,-0.3
940,1,20,7.8,-0.4
940,1,21,7.4,-0.7
940,1,22,7.1,-1.0
940,1,23,6.9,-1.4
940,1,24,6.9,-1.4
940,1,25,7.0,-1.4
940,1,26,7.2,-1.2
940,1,27,7.5,-1.0
940,1,28,7.6,-0.8
940,1,29,7.9,-0.8
940,1,30,8.0,-0.8
940,1,31,8.1,-0.9
940,2,1,8.3,-1.0
940,2,2,8.3,-1.1
940,2,3,8.4,-1.0
940,2,4,8.5,-0.9
940,2,5,8.6,-0.6
940,2,6,8.6,-0.4
940,2,7,8.6,-0.4
940,2,8,8.6,-0.2
940,2,9,8.6,-0.2
940,2,10,8.4,-0.2
940,2,11,8.8,0.0
940,2,12,9.3,0.4
940,2,13,9.6,0.6
940,2,14,9.7,0.8
940,2,15,9.8,0.9
940,2,16,9.7,1.0
940,2,17,9.6,0.9
940,2,18,9.8,0.9
940,2,19,9.9,1.0
940,2,20,10.4,1.3
940,2,21,11.0,1.7
940,2,22,11.2,2.0
940,2,23,11.3,2.4
940,2,24,11.5,2.9
940,2,25,11.7,3.0
940,2,26,11.7,3.2
940,2,27,11.9,3.3
940,2,28,11.9,3.2
940,2,29,12.0,3.2
940,3,1,12.0,3.1
940,3,2,11.8,3.2
940,3,3,12.0,3.2
940,3,4,11.9,3.3
940,3,5,11.8,3.2
940,3,6,11.7,3.1
940,3,7,11.9,3.1
940,3,8,12.0,3.4
940,3,9,12.1,3.3
940,3,10,12.6,3.5
940,3,11,13.1,3.6
940,3,12,13.3,3.7
940,3,13,13.5,3.7
940,3,14,13.7,4.1
940,3,15,14.1,4.4
940,3,16,14.3,5.0
940,3,17,14.6,5.4
940,3,18,14.8,5.7
940,3,19,15.1,5.7
940,3,20,14.9,5.8
940,3,21,14.8,5.6
940,3,22,14.6,5.4
940,3,23,14.6,5.4
940,3,24,14.6,5.5
940,3,25,14.9,5.6
940,3,26,15.3,5.9
940,3,27,15.6,6.2
940,3,28,15.9,6.4
940,3,29,16.2,6.7
940,3,30,16.4,6.9
940,3,31,16.4,7.1
940,4,1,16.7,7.2
940,4,2,16.8,7.2
940,4,3,16.9,7.4
940,4,4,17.0,7.6
940,4,5,17.1,7.7
940,4,6,17.4,7.9
940,4,7,17.7,8.3
940,4,8,17.9,8.5
940,4,9,18.1,8.7
940,4,10,18.3,8.9
940,4,11,18.3,9.1
940,4,12,18.4,9.3
940,4,13,18.7,9.4
940,4,14,19.0,9.6
940,4,15,19.2,9.8
940,4,16,19.6,10.0
940,4,17,19.7,10.1
940,4,18,19.6,10.3
940,4,19,19.7,10.6
940,4,20,19.7,10.8
940,4,21,19.4,10.9
940,4,22,19.6,11.0
940,4,23,19.9,10.9
940,4,24,19.8,10.7
940,4,25,20.0,10.6
940,4,26,20.4,10.5
940,4,27,20.6,10.8
940,4,28,20.9,11.4
940,4,29,21.4,12.0
940,4,30,21.7,12.5
940,5,1,21.8,13.1
940,5,2,22.2,13.4
940,5,3,22.7,13.5
940,5,4,22.7,13.6
940,5,5,22.9,13.7
940,5,6,23.2,13.7
940,5,7,23.1,13.7
940,5,8,22.6,13.5
940,5,9,22.5,13.4
940,5,10,22.3,13.5
940,5,11,22.4,13.6
940,5,12,22.5,13.7
940,5,13,22.9,14.0
940,5,14,23.0,14.4
940,5,15,23.5,14.5
940,5,16,23.4,14.6
940,5,17,23.5,14.8
940,5,18,23.8,14.9
940,5,19,24.3,14.7
940,5,20,24.5,14.9
940,5,21,24.9,15.1
940,5,22,25.1,15.2
940,5,23,25.4,15.4
940,5,24,25.5,15.8
940,5,25,25.4,15.9
940,5,26,25.3,15.9
940,5,27,25.6,16.0
940,5,28,25.5,16.1
940,5,29,25.5,16.0
940,5,30,25.7,16.1
940,5,31,25.8,16.2
940,6,1,25.6,16.3
940,6,2,25.9,16.3
940,6,3,25.9,16.6
940,6,4,25.9,16.8
940,6,5,26.1,16.9
940,6,6,26.1,17.1
940,6,7,25.9,17.3
940,6,8,26.1,17.5
940,6,9,26.0,17.7
940,6,10,26.1,17.9
940,6,11,26.2,18.1
940,6,12,26.3,18.1
940,6,13,26.4,18.3
940,6,14,26.6,18.4
940,6,15,26.7,18.4
940,6,16,26.7,18.6
940,6,17,27.0,18.8
940,6,18,27.3,19.0
940,6,19,27.4,19.3
940,6,20,27.2,19.6
940,6,21,27.2,19.7
940,6,22,27.0,19.7
940,6,23,26.7,19.7
940,6,24,26.4,19.6
940,6,25,26.5,19.7
940,6,26,26.6,19.9
940,6,27,26.8,20.1
940,6,28,27.0,20.3
940,6,29,27.2,20.6
940,6,30,27.5,20.8
940,7,1,27.7,21.2
940,7,2,27.8,21.4
940,7,3,28.0,21.5
940,7,4,28.0,21.4
940,7,5,27.8,21.4
940,7,6,27.6,21.4
940,7,7,27.6,21.3
940,7,8,27.8,21.5
940,7,9,27.9,21.7
940,7,10,28.0,21.9
940,7,11,28.2,22.1
940,7,12,28.5,22.3
940,7,13,28.5,22.4
940,7,14,28.6,22.5
940,7,15,28.8,22.5
940,7,16,29.2,22.5
940,7,17,29.3,22.6
940,7,18,29.6,22.8
940,7,19,30.0,23.0
940,7,20,30.3,23.2
940,7,21,30.6,23.5
940,7,22,30.7,23.8
940,7,23,30.9,23.9
940,7,24,30.9,23.9
940,7,25,31.0,24.0
940,7,26,31.0,24.1
940,7,27,31.1,24.1
940,7,28,31.3,24.2
940,7,29,31.6,24.3
940,7,30,31.8,24.5
940,7,31,32.0,24.6
940,8,1,32.1,24.7
940,8,2,32.1,24.8
940,8,3,32.3,24.8
940,8,4,32.3,24.8
940,8,5,32.2,24.8
940,8,6,32.2,24.7
940,8,7,32.0,24.7
940,8,8,31.7,24.6
940,8,9,31.5,24.5
940,8,10,31.4,24.5
940,8,11,31.2,24.4
940,8,12,31.0,24.3
940,8,13,30.9,24.3
940,8,14,30.8,24.2
940,8,15,30.6,24.1
940,8,16,30.5,24.0
940,8,17,30.6,23.9
940,8,18,30.6,23.7
940,8,19,30.7,23.7
940,8,20,30.7,23.6
940,8,21,30.6,23.5
940,8,22,30.4,23.4
940,8,23,30.3,23.2
940,8,24,30.0,22.9
940,8,25,29.8,22.8
940,8,26,29.8,22.7
940,8,27,29.8,22.6
940,8,28,29.6,22.5
940,8,29,29.4,22.4
940,8,30,29.3,22.2
940,8,31,29.0,22.0
940,9,1,28.7,21.8
940,9,2,28.7,21.5
940,9,3,28.6,21.4
940,9,4,28.2,21.2
940,9,5,28.0,20.9
940,9,6,27.9,20.7
940,9,7,27.9,20.7
940,9,8,27.9,20.5
940,9,9,28.1,20.6
940,9,10,28.0,20.6
940,9,11,27.9,20.4
940,9,12,27.5,20.2
940,9,13,27.2,20.1
940,9,14,27.0,19.8
940,9,15,26.8,19.6
940,9,16,26.7,19.4
940,9,17,26.8,19.3
940,9,18,26.8,19.1
940,9,19,26.6,18.9
940,9,20,26.2,18.6
940,9,21,25.9,18.2
940,9,22,25.5,17.9
940,9,23,25.4,17.7
940,9,24,25.4,17.6
940,9,25,25.5,17.5
940,9,26,25.5,17.4
940,9,27,25.3,17.4
940,9,28,25.1,17.3
940,9,29,24.9,17.1
940,9,30,25.0,17.0
940,10,1,25.0,16.8
940,10,2,25.1,16.5
940,10,3,24.9,16.2
940,10,4,24.8,15.9
940,10,5,24.4,15.8
940,10,6,24.1,15.7
940,10,7,23.9,15.4
940,10,8,24.0,15.2
940,10,9,23.9,15.2
940,10,10,23.7,14.9
940,10,11,23.6,14.6
940,10,12,23.5,14.5
940,10,13,23.1,14.1
940,10,14,22.7,13.5
940,10,15,22.5,13.0
940,10,16,22.4,12.7
940,10,17,22.2,12.6
940,10,18,22.2,12.7
940,10,19,22.3,13.0
940,10,20,22.0,13.2
940,10,21,21.7,13.1
940,10,22,21.4,12.9
940,10,23,21.2,12.5
940,10,24,20.8,12.1
940,10,25,20.7,11.6
940,10,26,20.6,11.2
940,10,27,20.3,10.9
940,10,28,19.9,10.6
940,10,29,19.7,10.2
940,10,30,19.4,9.9
940,10,31,19.1,9.6
940,11,1,18.9,9.2
940,11,2,18.8,8.9
940,11,3,18.9,8.9
940,11,4,19.1,9.0
940,11,5,19.3,9.3
940,11,6,19.3,9.6
940,11,7,19.2,9.8
940,11,8,18.8,9.7
940,11,9,18.3,9.4
940,11,10,17.8,9.0
940,11,11,17.4,8.4
940,11,12,17.1,8.0
940,11,13,16.9,7.7
940,11,14,16.6,7.3
940,11,15,16.2,6.7
940,11,16,15.6,6.3
940,11,17,15.0,5.7
940,11,18,14.6,5.3
940,11,19,14.4,4.8
940,11,20,14.2,4.7
940,11,21,14.5,4.7
940,11,22,14.7,4.8
940,11,23,14.8,4.9
940,11,24,14.7,5.1
940,11,25,14.5,5.1
940,11,26,14.2,5.1
940,11,27,14.0,5.1
940,11,28,13.7,4.9
940,11,29,13.4,4.6
940,11,30,13.3,4.3
940,12,1,13.0,4.0
940,12,2,12.6,3.7
940,12,3,12.2,3.1
940,12,4,11.6,2.8
940,12,5,11.1,2.4
940,12,6,10.6,1.8
940,12,7,10.2,1.3
940,12,8,10.1,1.2
940,12,9,10.2,1.2
940,12,10,10.0,1.1
940,12,11,10.0,1.1
940,12,12,9.9,0.9
940,12,13,9.6,0.8
940,12,14,9.3,0.5
940,12,15,9.2,0.3
940,12,16,9.1,0.3
940,12,17,9.1,0.4
940,12,18,9.2,0.4
940,12,19,9.4,0.6
940,12,20,9.6,0.8
940,12,21,9.8,1.0
940,12,22,9.9,1.1
940,12,23,9.7,1.0
940,12,24,9.5,0.8
940,12,25,9.2,0.4
940,12,26,8.8,0.0
940,12,27,8.5,-0.3
940,12,28,8.3,-0.6
940,12,29,8.0,-0.9
940,12,30,7.9,-0.9
940,12,31,8.1,-0.8
941,1,1,7.1,-1.9
941,1,2,7.1,-1.9
941,1,3,7.3,-1.8
941,1,4,7.4,-1.7
941,1,5,7.2,-1.7
941,1,6,7.0,-1.7
941,1,7,6.6,-1.7
941,1,8,6.5,-1.7
941,1,9,6.4,-1.8
941,1,10,6.2,-1.8
941,1,11,6.1,-1.9
941,1,12,6.2,-1.9
941,1,13,6.4,-1.9
941,1,14,6.4,-2.0
941,1,15,6.7,-1.9
941,1,16,7.1,-1.7
941,1,17,7.2,-1.6
941,1,18,7.1,-1.3
941,1,19,7.1,-1.3
941,1,20,6.8,-1.4
941,1,21,6.5,-1.7
941,1,22,6.1,-2.0
941,1,23,6.0,-2.4
941,1,24,6.0,-2.4
941,1,25,6.2,-2.3
941,1,26,6.4,-2.2
941,1,27,6.7,-1.9
941,1,28,6.8,-1.7
941,1,29,7.1,-1.7
941,1,30,7.2,-1.6
941,1,31,7.3,-1.7
941,2,1,7.4,-1.8
941,2,2,7.5,-2.0
941,2,3,7.5,-1.9
941,2,4,7.6,-1.8
941,2,5,7.7,-1.6
941,2,6,7.7,-1.4
941,2,7,7.7,-1.2
941,2,8,7.7,-1.1
941,2,9,7.7,-1.1
941,2,10,7.6,-1.0
941,2,11,7.9,-0.8
941,2,12,8.4,-0.5
941,2,13,8.7,-0.2
941,2,14,8.9,0.0
941,2,15,9.0,0.1
941,2,16,8.9,0.2
941,2,17,8.9,0.2
941,2,18,9.1,0.2
941,2,19,9.2,0.3
941,2,20,9.8,0.5
941,2,21,10.4,0.9
941,2,22,10.6,1.3
941,2,23,10.7,1.7
941,2,24,11.0,2.1
941,2,25,11.0,2.3
941,2,26,11.0,2.5
941,2,27,11.1,2.7
941,2,28,11.1,2.6
941,2,29,11.2,2.6
941,3,1,11.2,2.6
941,3,2,11.1,2.6
941,3,3,11.3,2.6
941,3,4,11.3,2.7
941,3,5,11.1,2.7
941,3,6,11.1,2.6
941,3,7,11.4,2.7
941,3,8,11.4,2.8
941,3,9,11.6,2.8
941,3,10,12.1,2.9
941,3,11,12.6,2.9
941,3,12,12.8,3.1
941,3,13,13.0,3.1
941,3,14,13.3,3.4
941,3,15,13.6,3.8
941,3,16,13.8,4.5
941,3,17,14.3,4.9
941,3,18,14.5,5.2
941,3,19,14.7,5.3
941,3,20,14.6,5.5
941,3,21,14.5,5.3
941,3,22,14.1,5.1
941,3,23,14.2,5.1
941,3,24,14.1,5.2
941,3,25,14.5,5.3
941,3,26,15.0,5.4
941,3,27,15.3,5.8
941,3,28,15.6,6.0
941,3,29,15.9,6.3
941,3,30,16.0,6.5
941,3,31,16.2,6.8
941,4,1,16.5,6.9
941,4,2,16.6,6.9
941,4,3,16.7,7.1
941,4,4,16.8,7.2
941,4,5,16.8,7.4
941,4,6,17.2,7.7
941,4,7,17.5,8.2
941,4,8,17.7,8.4
941,4,9,17.9,8.7
941,4,10,18.1,8.9
941,4,11,18.0,9.0
941,4,12,18.3,9.0
941,4,13,18.5,9.1
941,4,14,18.8,9.3
941,4,15,19.0,9.4
941,4,16,19.4,9.7
941,4,17,19.4,9.9
941,4,18,19.4,10.2
941,4,19,19.5,10.4
941,4,20,19.6,10.7
941,4,21,19.5,10.7
941,4,22,19.8,10.7
941,4,23,20.1,10.6
941,4,24,20.0,10.4
941,4,25,20.1,10.2
941,4,26,20.4,10.1
941,4,27,20.4,10.6
941,4,28,20.6,11.1
941,4,29,21.0,11.6
941,4,30,21.3,12.2
941,5,1,21.5,12.8
941,5,2,22.0,13.1
941,5,3,22.4,13.2
941,5,4,22.5,13.3
941,5,5,22.7,13.5
941,5,6,23.1,13.5
941,5,7,22.9,13.5
941,5,8,22.4,13.5
941,5,9,22.3,13.3
941,5,10,22.1,13.3
941,5,11,22.1,13.4
941,5,12,22.3,13.4
941,5,13,22.8,13.7
941,5,14,23.0,14.1
941,5,15,23.4,14.2
941,5,16,23.3,14.3
941,5,17,23.4,14.4
941,5,18,23.5,14.4
941,5,19,24.0,14.3
941,5,20,24.2,14.6
941,5,21,24.5,14.8
941,5,22,24.8,15.0
941,5,23,25.1,15.2
941,5,24,25.1,15.5
941,5,25,25.0,15.7
941,5,26,24.9,15.7
941,5,27,25.2,15.7
941,5,28,25.0,15.9
941,5,29,25.1,15.8
941,5,30,25.2,15.9
941,5,31,25.3,16.0
941,6,1,25.2,16.1
941,6,2,25.5,16.2
941,6,3,25.6,16.5
941,6,4,25.8,16.7
941,6,5,26.1,16.9
941,6,6,26.1,17.0
941,6,7,26.0,17.3
941,6,8,26.0,17.4
941,6,9,26.0,17.6
941,6,10,26.0,17.8
941,6,11,26.1,18.0
941,6,12,26.1,18.1
941,6,13,26.2,18.2
941,6,14,26.4,18.3
941,6,15,26.5,18.3
941,6,16,26.5,18.5
941,6,17,26.9,18.7
941,6,18,27.0,19.0
941,6,19,27.1,19.2
941,6,20,26.9,19.5
941,6,21,26.9,19.6
941,6,22,26.7,19.6
941,6,23,26.4,19.6
941,6,24,26.1,19.5
941,6,25,26.2,19.6
941,6,26,26.3,19.8
941,6,27,26.3,20.0
941,6,28,26.5,20.2
941,6,29,26.7,20.4
941,6,30,27.0,20.7
941,7,1,27.2,21.0
941,7,2,27.4,21.2
941,7,3,27.5,21.3
941,7,4,27.5,21.3
941,7,5,27.4,21.2
941,7,6,27.3,21.1
941,7,7,27.3,21.1
941,7,8,27.5,21.2
941,7,9,27.7,21.4
941,7,10,27.8,21.6
941,7,11,27.9,21.8
941,7,12,28.0,21.9
941,7,13,28.0,22.1
941,7,14,28.1,22.1
941,7,15,28.3,22.2
941,7,16,28.6,22.2
941,7,17,28.8,22.3
941,7,18,29.1,22.4
941,7,19,29.5,22.6
941,7,20,29.9,22.9
941,7,21,30.1,23.2
941,7,22,30.2,23.4
941,7,23,30.4,23.5
941,7,24,30.4,23.5
941,7,25,30.4,23.5
941,7,26,30.4,23.5
941,7,27,30.7,23.7
941,7,28,30.8,23.7
941,7,29,31.1,23.9
941,7,30,31.3,24.0
941,7,31,31.5,24.1
941,8,1,31.5,24.2
941,8,2,31.6,24.3
941,8,3,31.8,24.3
941,8,4,31.8,24.4
941,8,5,31.8,24.4
941,8,6,31.8,24.3
941,8,7,31.7,24.3
941,8,8,31.4,24.3
941,8,9,31.1,24.2
941,8,10,31.0,24.1
941,8,11,30.8,24.1
941,8,12,30.6,23.9
941,8,13,30.3,23.9
941,8,14,30.2,23.8
941,8,15,30.1,23.7
941,8,16,30.1,23.6
941,8,17,30.2,23.6
941,8,18,30.2,23.4
941,8,19,30.3,23.3
941,8,20,30.3,23.2
941,8,21,30.2,23.1
941,8,22,30.0,22.9
941,8,23,29.9,22.8
941,8,24,29.6,22.6
941,8,25,29.4,22.4
941,8,26,29.5,22.3
941,8,27,29.4,22.2
941,8,28,29.2,22.1
941,8,29,29.0,21.9
941,8,30,28.8,21.7
941,8,31,28.5,21.5
941,9,1,28.3,21.3
941,9,2,28.4,21.1
941,9,3,28.2,21.0
941,9,4,27.8,20.8
941,9,5,27.7,20.6
941,9,6,27.6,20.4
941,9,7,27.5,20.3
941,9,8,27.5,20.2
941,9,9,27.6,20.2
941,9,10,27.5,20.2
941,9,11,27.3,20.2
941,9,12,27.0,19.9
941,9,13,26.8,19.8
941,9,14,26.6,19.6
941,9,15,26.4,19.3
941,9,16,26.3,19.1
941,9,17,26.4,19.0
941,9,18,26.4,18.7
941,9,19,26.2,18.4
941,9,20,25.8,18.1
941,9,21,25.5,17.7
941,9,22,25.1,17.4
941,9,23,25.0,17.3
941,9,24,25.0,17.2
941,9,25,25.1,17.0
941,9,26,25.0,17.0
941,9,27,24.8,17.0
941,9,28,24.6,16.9
941,9,29,24.4,16.7
941,9,30,24.4,16.7
941,10,1,24.5,16.4
941,10,2,24.6,16.1
941,10,3,24.3,15.8
941,10,4,24.1,15.5
941,10,5,23.8,15.3
941,10,6,23.5,15.2
941,10,7,23.3,15.0
941,10,8,23.4,14.7
941,10,9,23.3,14.7
941,10,10,23.2,14.5
941,10,11,23.1,14.2
941,10,12,22.9,13.9
941,10,13,22.5,13.6
941,10,14,22.0,13.0
941,10,15,21.8,12.6
941,10,16,21.6,12.4
941,10,17,21.5,12.2
941,10,18,21.5,12.2
941,10,19,21.6,12.4
941,10,20,21.3,12.6
941,10,21,21.0,12.6
941,10,22,20.7,12.5
941,10,23,20.6,12.1
941,10,24,20.2,11.7
941,10,25,20.1,11.2
941,10,26,19.9,10.7
941,10,27,19.7,10.3
941,10,28,19.2,10.0
941,10,29,18.9,9.6
941,10,30,18.6,9.3
941,10,31,18.2,8.9
941,11,1,17.9,8.6
941,11,2,17.8,8.3
941,11,3,17.9,8.3
941,11,4,18.1,8.4
941,11,5,18.4,8.7
941,11,6,18.4,8.9
941,11,7,18.3,9.1
941,11,8,18.0,9.1
941,11,9,17.6,8.8
941,11,10,17.0,8.4
941,11,11,16.6,7.9
941,11,12,16.3,7.6
941,11,13,16.0,7.2
941,11,14,15.6,6.8
941,11,15,15.3,6.2
941,11,16,14.8,5.8
941,11,17,14.2,5.2
941,11,18,13.9,4.8
941,11,19,13.6,4.4
941,11,20,13.4,4.2
941,11,21,13.6,4.2
941,11,22,13.8,4.3
941,11,23,13.8,4.5
941,11,24,13.7,4.6
941,11,25,13.5,4.5
941,11,26,13.2,4.4
941,11,27,13.0,4.3
941,11,28,12.7,4.1
941,11,29,12.4,3.8
941,11,30,12.2,3.6
941,12,1,11.9,3.3
941,12,2,11.5,2.9
941,12,3,11.1,2.3
941,12,4,10.5,1.9
941,12,5,10.0,1.5
941,12,6,9.6,1.0
941,12,7,9.2,0.6
941,12,8,9.1,0.5
941,12,9,9.2,0.6
941,12,10,9.1,0.4
941,12,11,9.1,0.4
941,12,12,8.9,0.2
941,12,13,8.7,0.2
941,12,14,8.4,-0.2
941,12,15,8.3,-0.3
941,12,16,8.1,-0.4
941,12,17,8.1,-0.4
941,12,18,8.2,-0.4
941,12,19,8.4,-0.3
941,12,20,8.6,-0.1
941,12,21,8.8,0.0
941,12,22,8.9,0.1
941,12,23,8.8,0.0
941,12,24,8.5,-0.1
941,12,25,8.2,-0.6
941,12,26,7.7,-0.9
941,12,27,7.4,-1.3
941,12,28,7.2,-1.5
941,12,29,7.0,-1.8
941,12,30,6.9,-1.9
941,12,31,7.1,-1.9
942,1,1,7.7,-0.3
942,1,2,7.8,-0.2
942,1,3,8.0,0.0
942,1,4,8.1,0.1
942,1,5,8.0,0.1
942,1,6,7.8,0.1
942,1,7,7.5,0.0
942,1,8,7.3,-0.2
942,1,9,7.2,-0.2
942,1,10,7.0,-0.2
942,1,11,7.0,-0.3
942,1,12,7.1,-0.2
942,1,13,7.2,-0.2
942,1,14,7.2,-0.2
942,1,15,7.5,-0.1
942,1,16,7.9,0.3
942,1,17,8.0,0.4
942,1,18,8.0,0.7
942,1,19,7.9,0.7
942,1,20,7.7,0.4
942,1,21,7.4,0.0
942,1,22,7.0,-0.3
942,1,23,6.9,-0.8
942,1,24,6.9,-0.8
942,1,25,7.0,-0.7
942,1,26,7.2,-0.5
942,1,27,7.5,-0.2
942,1,28,7.6,0.0
942,1,29,7.8,0.0
942,1,30,7.8,0.1
942,1,31,7.9,-0.1
942,2,1,7.9,-0.2
942,2,2,8.0,-0.3
942,2,3,8.1,-0.2
942,2,4,8.1,0.0
942,2,5,8.3,0.2
942,2,6,8.3,0.4
942,2,7,8.4,0.5
942,2,8,8.4,0.6
942,2,9,8.4,0.5
942,2,10,8.3,0.4
942,2,11,8.6,0.5
942,2,12,9.1,0.9
942,2,13,9.3,1.2
942,2,14,9.5,1.4
942,2,15,9.6,1.6
942,2,16,9.5,1.7
942,2,17,9.5,1.6
942,2,18,9.7,1.6
942,2,19,9.8,1.7
942,2,20,10.3,2.0
942,2,21,10.8,2.5
942,2,22,11.0,2.9
942,2,23,11.1,3.4
942,2,24,11.3,3.9
942,2,25,11.3,4.0
942,2,26,11.4,4.1
942,2,27,11.5,4.2
942,2,28,11.5,4.0
942,2,29,11.6,4.0
942,3,1,11.6,3.9
942,3,2,11.5,3.9
942,3,3,11.6,3.9
942,3,4,11.6,3.9
942,3,5,11.5,3.9
942,3,6,11.4,3.8
942,3,7,11.6,3.8
942,3,8,11.7,4.0
942,3,9,11.8,3.9
942,3,10,12.2,4.1
942,3,11,12.8,4.4
942,3,12,12.9,4.7
942,3,13,13.0,4.7
942,3,14,13.3,5.0
942,3,15,13.7,5.4
942,3,16,13.9,5.9
942,3,17,14.2,6.2
942,3,18,14.4,6.5
942,3,19,14.5,6.5
942,3,20,14.4,6.6
942,3,21,14.2,6.3
942,3,22,14.0,6.2
942,3,23,14.2,6.2
942,3,24,14.2,6.4
942,3,25,14.6,6.5
942,3,26,15.0,6.8
942,3,27,15.3,7.1
942,3,28,15.4,7.4
942,3,29,15.7,7.6
942,3,30,15.8,7.8
942,3,31,16.0,8.0
942,4,1,16.1,8.1
942,4,2,16.2,8.1
942,4,3,16.2,8.3
942,4,4,16.4,8.4
942,4,5,16.3,8.4
942,4,6,16.6,8.6
942,4,7,17.0,9.2
942,4,8,17.3,9.4
942,4,9,17.4,9.6
942,4,10,17.5,9.9
942,4,11,17.6,10.0
942,4,12,17.8,10.1
942,4,13,18.0,10.2
942,4,14,18.3,10.4
942,4,15,18.5,10.6
942,4,16,18.8,10.8
942,4,17,18.7,10.9
942,4,18,18.6,11.1
942,4,19,18.6,11.3
942,4,20,18.6,11.5
942,4,21,18.5,11.6
942,4,22,18.7,11.6
942,4,23,19.0,11.6
942,4,24,19.1,11.5
942,4,25,19.3,11.5
942,4,26,19.6,11.2
942,4,27,19.8,11.5
942,4,28,20.1,12.0
942,4,29,20.4,12.4
942,4,30,20.5,12.9
942,5,1,20.8,13.6
942,5,2,21.1,13.9
942,5,3,21.3,14.0
942,5,4,21.4,14.1
942,5,5,21.6,14.1
942,5,6,21.9,14.2
942,5,7,21.7,14.2
942,5,8,21.4,14.1
942,5,9,21.3,14.0
942,5,10,21.1,14.1
942,5,11,21.1,14.1
942,5,12,21.3,14.2
942,5,13,21.7,14.5
942,5,14,21.9,14.8
942,5,15,22.4,15.0
942,5,16,22.3,15.2
942,5,17,22.4,15.4
942,5,18,22.6,15.4
942,5,19,23.0,15.3
942,5,20,23.2,15.5
942,5,21,23.5,15.7
942,5,22,23.7,15.8
942,5,23,24.0,16.0
942,5,24,24.1,16.3
942,5,25,24.1,16.4
942,5,26,24.0,16.5
942,5,27,24.3,16.6
942,5,28,24.1,16.8
942,5,29,24.1,16.7
942,5,30,24.2,16.7
942,5,31,24.4,16.8
942,6,1,24.2,16.9
942,6,2,24.4,16.9
942,6,3,24.4,17.2
942,6,4,24.4,17.4
942,6,5,24.5,17.5
942,6,6,24.6,17.7
942,6,7,24.5,18.0
942,6,8,24.6,18.1
942,6,9,24.6,18.4
942,6,10,24.7,18.5
942,6,11,24.8,18.6
942,6,12,24.9,18.6
942,6,13,25.1,18.8
942,6,14,25.2,18.8
942,6,15,25.3,18.9
942,6,16,25.3,19.1
942,6,17,25.6,19.3
942,6,18,25.8,19.5
942,6,19,26.0,19.8
942,6,20,26.0,20.0
942,6,21,26.1,20.1
942,6,22,25.9,20.1
942,6,23,25.7,20.1
942,6,24,25.5,20.1
942,6,25,25.6,20.2
942,6,26,25.6,20.3
942,6,27,25.8,20.5
942,6,28,26.0,20.6
942,6,29,26.2,20.8
942,6,30,26.5,21.0
942,7,1,26.8,21.2
942,7,2,26.9,21.3
942,7,3,26.9,21.4
942,7,4,27.0,21.4
942,7,5,26.8,21.2
942,7,6,26.6,21.2
942,7,7,26.7,21.2
942,7,8,26.9,21.4
942,7,9,27.0,21.6
942,7,10,27.3,21.9
942,7,11,27.5,22.1
942,7,12,27.8,22.3
942,7,13,27.8,22.4
942,7,14,28.0,22.6
942,7,15,28.1,22.7
942,7,16,28.4,22.7
942,7,17,28.5,22.8
942,7,18,28.8,23.0
942,7,19,29.1,23.2
942,7,20,29.3,23.4
942,7,21,29.6,23.6
942,7,22,29.7,23.8
942,7,23,29.8,23.8
942,7,24,29.8,23.9
942,7,25,29.8,24.1
942,7,26,29.9,24.2
942,7,27,30.0,24.4
942,7,28,30.2,24.5
942,7,29,30.5,24.7
942,7,30,30.8,24.8
942,7,31,30.8,24.9
942,8,1,30.9,25.0
942,8,2,31.1,25.1
942,8,3,31.1,25.2
942,8,4,31.2,25.3
942,8,5,31.2,25.3
942,8,6,31.2,25.3
942,8,7,31.1,25.3
942,8,8,31.0,25.3
942,8,9,30.9,25.2
942,8,10,30.8,25.2
942,8,11,30.7,25.1
942,8,12,30.6,25.1
942,8,13,30.4,25.0
942,8,14,30.3,24.9
942,8,15,30.2,24.8
942,8,16,30.1,24.6
942,8,17,30.1,24.6
942,8,18,30.0,24.5
942,8,19,30.0,24.4
942,8,20,30.0,24.4
942,8,21,30.0,24.3
942,8,22,29.9,24.2
942,8,23,29.8,24.0
942,8,24,29.6,23.7
942,8,25,29.3,23.6
942,8,26,29.4,23.5
942,8,27,29.3,23.4
942,8,28,29.1,23.3
942,8,29,29.0,23.2
942,8,30,28.8,23.0
942,8,31,28.5,22.8
942,9,1,28.2,22.6
942,9,2,28.2,22.4
942,9,3,28.0,22.3
942,9,4,27.7,22.1
942,9,5,27.6,21.9
942,9,6,27.4,21.7
942,9,7,27.4,21.6
942,9,8,27.4,21.5
942,9,9,27.4,21.5
942,9,10,27.4,21.5
942,9,11,27.3,21.5
942,9,12,27.0,21.4
942,9,13,26.9,21.2
942,9,14,26.7,21.1
942,9,15,26.6,20.9
942,9,16,26.5,20.7
942,9,17,26.5,20.5
942,9,18,26.4,20.3
942,9,19,26.2,20.1
942,9,20,25.8,19.7
942,9,21,25.4,19.5
942,9,22,25.2,19.1
942,9,23,25.1,19.0
942,9,24,25.0,18.8
942,9,25,25.1,18.7
942,9,26,25.1,18.7
942,9,27,24.9,18.7
942,9,28,24.7,18.6
942,9,29,24.7,18.4
942,9,30,24.7,18.3
942,10,1,24.7,18.0
942,10,2,24.6,17.8
942,10,3,24.4,17.6
942,10,4,24.2,17.3
942,10,5,24.0,17.1
942,10,6,23.7,17.0
942,10,7,23.5,16.8
942,10,8,23.6,16.6
942,10,9,23.5,16.6
942,10,10,23.4,16.3
942,10,11,23.3,16.1
942,10,12,23.2,15.8
942,10,13,22.9,15.4
942,10,14,22.5,14.8
942,10,15,22.3,14.5
942,10,16,22.0,14.2
942,10,17,21.8,14.1
942,10,18,21.8,14.2
942,10,19,21.8,14.4
942,10,20,21.6,14.5
942,10,21,21.4,14.3
942,10,22,21.1,14.1
942,10,23,21.1,13.7
942,10,24,20.7,13.3
942,10,25,20.6,12.8
942,10,26,20.5,12.5
942,10,27,20.3,12.2
942,10,28,19.8,11.9
942,10,29,19.6,11.6
942,10,30,19.3,11.4
942,10,31,18.9,10.9
942,11,1,18.6,10.6
942,11,2,18.6,10.3
942,11,3,18.6,10.3
942,11,4,18.7,10.4
942,11,5,19.0,10.8
942,11,6,19.0,11.0
942,11,7,18.9,11.0
942,11,8,18.6,10.8
942,11,9,18.2,10.5
942,11,10,17.7,10.1
942,11,11,17.3,9.6
942,11,12,17.1,9.4
942,11,13,16.9,9.0
942,11,14,16.5,8.6
942,11,15,16.1,8.1
942,11,16,15.5,7.6
942,11,17,15.0,6.9
942,11,18,14.5,6.5
942,11,19,14.3,6.1
942,11,20,14.1,6.1
942,11,21,14.3,6.1
942,11,22,14.6,6.2
942,11,23,14.6,6.3
942,11,24,14.6,6.3
942,11,25,14.4,6.2
942,11,26,14.1,6.1
942,11,27,13.7,6.1
942,11,28,13.4,5.9
942,11,29,13.2,5.6
942,11,30,13.1,5.3
942,12,1,12.8,5.0
942,12,2,12.5,4.6
942,12,3,12.0,4.0
942,12,4,11.4,3.6
942,12,5,10.9,3.2
942,12,6,10.4,2.8
942,12,7,10.1,2.3
942,12,8,10.0,2.3
942,12,9,10.1,2.3
942,12,10,10.0,2.2
942,12,11,9.9,2.1
942,12,12,9.8,2.0
942,12,13,9.4,1.8
942,12,14,9.2,1.5
942,12,15,9.1,1.3
942,12,16,8.9,1.2
942,12,17,8.9,1.2
942,12,18,9.0,1.2
942,12,19,9.2,1.5
942,12,20,9.4,1.8
942,12,21,9.6,2.0
942,12,22,9.7,2.0
942,12,23,9.6,2.0
942,12,24,9.3,1.7
942,12,25,9.0,1.2
942,12,26,8.6,0.8
942,12,27,8.4,0.5
942,12,28,8.1,0.1
942,12,29,7.8,-0.2
942,12,30,7.7,-0.3
942,12,31,7.8,-0.2
95,1,1,0.7,-11.4
95,1,2,0.8,-11.6
95,1,3,0.8,-11.7
95,1,4,0.8,-11.7
95,1,5,0.8,-11.9
95,1,6,0.7,-11.9
95,1,7,0.6,-11.9
95,1,8,0.5,-11.9
95,1,9,0.4,-12.0
95,1,10,0.3,-12.2
95,1,11,0.2,-12.2
95,1,12,0.2,-12.3
95,1,13,0.3,-12.3
95,1,14,0.5,-12.2
95,1,15,0.7,-11.9
95,1,16,0.9,-11.8
95,1,17,1.0,-11.6
95,1,18,1.1,-11.3
95,1,19,0.9,-11.3
95,1,20,0.8,-11.2
95,1,21,0.6,-11.3
95,1,22,0.4,-11.7
95,1,23,0.2,-12.1
95,1,24,0.3,-12.2
95,1,25,0.4,-12.5
95,1,26,0.7,-12.4
95,1,27,1.0,-12.2
95,1,28,1.3,-11.9
95,1,29,1.4,-11.5
95,1,30,1.4,-11.5
95,1,31,1.4,-11.7
95,2,1,1.4,-11.7
95,2,2,1.5,-11.6
95,2,3,1.6,-11.8
95,2,4,2.0,-11.4
95,2,5,2.2,-10.8
95,2,6,2.3,-10.5
95,2,7,2.3,-10.4
95,2,8,2.5,-10.1
95,2,9,2.5,-10.1
95,2,10,2.6,-9.9
95,2,11,3.2,-9.7
95,2,12,3.7,-9.0
95,2,13,4.0,-8.5
95,2,14,4.1,-8.4
95,2,15,4.1,-8.3
95,2,16,4.1,-8.1
95,2,17,4.1,-8.2
95,2,18,4.4,-8.3
95,2,19,4.7,-7.9
95,2,20,5.2,-7.4
95,2,21,5.4,-7.2
95,2,22,5.7,-7.0
95,2,23,6.0,-6.6
95,2,24,6.4,-6.4
95,2,25,6.6,-6.1
95,2,26,6.9,-5.7
95,2,27,7.0,-5.2
95,2,28,6.8,-5.0
95,2,29,6.9,-4.9
95,3,1,7.0,-4.8
95,3,2,7.1,-4.6
95,3,3,7.3,-4.5
95,3,4,7.3,-4.4
95,3,5,7.5,-4.1
95,3,6,7.6,-4.1
95,3,7,7.8,-4.0
95,3,8,7.8,-3.9
95,3,9,8.0,-3.9
95,3,10,8.4,-3.9
95,3,11,8.7,-3.8
95,3,12,8.9,-3.6
95,3,13,9.4,-3.5
95,3,14,9.9,-3.2
95,3,15,10.4,-3.0
95,3,16,10.8,-2.5
95,3,17,11.2,-2.2
95,3,18,11.5,-2.1
95,3,19,11.9,-1.9
95,3,20,11.9,-1.6
95,3,21,11.7,-1.6
95,3,22,11.5,-1.7
95,3,23,11.3,-1.5
95,3,24,11.5,-1.6
95,3,25,11.7,-1.6
95,3,26,12.2,-1.5
95,3,27,12.7,-1.2
95,3,28,13.2,-0.9
95,3,29,13.3,-0.6
95,3,30,13.6,-0.4
95,3,31,13.7,0.0
95,4,1,14.0,0.2
95,4,2,14.4,0.1
95,4,3,15.0,0.2
95,4,4,15.1,0.4
95,4,5,15.3,0.8
95,4,6,15.7,1.0
95,4,7,16.0,1.6
95,4,8,15.9,2.0
95,4,9,16.3,2.2
95,4,10,16.5,2.3
95,4,11,16.6,2.6
95,4,12,16.7,2.8
95,4,13,17.0,2.9
95,4,14,17.3,3.0
95,4,15,17.8,3.1
95,4,16,18.3,3.4
95,4,17,18.7,3.7
95,4,18,18.8,4.2
95,4,19,18.9,4.7
95,4,20,18.8,5.2
95,4,21,18.6,5.4
95,4,22,18.6,5.4
95,4,23,18.8,5.2
95,4,24,18.7,5.0
95,4,25,18.9,4.8
95,4,26,19.2,4.7
95,4,27,19.4,5.2
95,4,28,19.8,5.9
95,4,29,20.3,6.7
95,4,30,20.9,7.4
95,5,1,21.2,8.1
95,5,2,21.7,8.4
95,5,3,22.1,8.4
95,5,4,22.0,8.4
95,5,5,21.9,8.4
95,5,6,22.2,8.5
95,5,7,22.1,8.7
95,5,8,21.6,9.0
95,5,9,21.7,9.1
95,5,10,21.4,9.4
95,5,11,21.3,9.5
95,5,12,21.4,9.6
95,5,13,21.7,9.9
95,5,14,21.9,10.2
95,5,15,22.3,10.3
95,5,16,22.5,10.4
95,5,17,22.5,10.6
95,5,18,22.7,10.5
95,5,19,23.1,10.5
95,5,20,23.4,10.7
95,5,21,23.8,11.0
95,5,22,24.1,11.3
95,5,23,24.2,11.7
95,5,24,24.1,12.1
95,5,25,24.1,12.2
95,5,26,24.2,12.2
95,5,27,24.4,12.4
95,5,28,24.6,12.5
95,5,29,25.1,12.5
95,5,30,25.4,12.8
95,5,31,25.6,13.0
95,6,1,25.7,13.1
95,6,2,25.8,13.4
95,6,3,25.9,13.7
95,6,4,25.9,14.1
95,6,5,26.0,14.4
95,6,6,26.2,14.6
95,6,7,26.4,14.9
95,6,8,26.5,15.1
95,6,9,26.5,15.3
95,6,10,26.6,15.3
95,6,11,26.7,15.5
95,6,12,26.7,15.6
95,6,13,26.8,15.6
95,6,14,27.0,15.7
95,6,15,27.2,16.0
95,6,16,27.2,16.1
95,6,17,27.2,16.2
95,6,18,27.1,16.4
95,6,19,27.1,16.8
95,6,20,27.1,16.9
95,6,21,27.0,17.0
95,6,22,27.0,17.1
95,6,23,27.0,17.2
95,6,24,26.8,17.2
95,6,25,26.7,17.5
95,6,26,27.0,17.6
95,6,27,27.1,18.0
95,6,28,27.1,18.2
95,6,29,27.1,18.5
95,6,30,27.1,18.8
95,7,1,26.9,19.0
95,7,2,27.2,19.1
95,7,3,27.4,19.1
95,7,4,27.7,19.0
95,7,5,27.9,18.9
95,7,6,28.0,18.9
95,7,7,27.9,18.9
95,7,8,27.8,19.0
95,7,9,27.6,19.1
95,7,10,27.5,19.3
95,7,11,27.4,19.5
95,7,12,27.4,19.6
95,7,13,27.4,19.8
95,7,14,27.3,19.9
95,7,15,27.3,20.0
95,7,16,27.5,20.0
95,7,17,27.5,20.1
95,7,18,27.8,20.2
95,7,19,28.1,20.6
95,7,20,28.5,20.8
95,7,21,28.6,21.0
95,7,22,28.7,21.2
95,7,23,28.6,21.3
95,7,24,28.7,21.1
95,7,25,28.7,21.2
95,7,26,28.7,21.2
95,7,27,28.9,21.4
95,7,28,29.1,21.5
95,7,29,29.2,21.8
95,7,30,29.4,21.9
95,7,31,29.6,22.0
95,8,1,29.7,21.9
95,8,2,29.7,21.8
95,8,3,29.9,21.7
95,8,4,30.0,21.6
95,8,5,29.9,21.5
95,8,6,29.9,21.4
95,8,7,30.0,21.4
95,8,8,29.8,21.3
95,8,9,29.8,21.2
95,8,10,29.9,21.1
95,8,11,29.9,21.0
95,8,12,29.8,21.1
95,8,13,29.7,21.0
95,8,14,29.6,20.9
95,8,15,29.5,20.8
95,8,16,29.2,20.7
95,8,17,28.8,20.4
95,8,18,28.7,20.2
95,8,19,28.5,20.0
95,8,20,28.4,19.7
95,8,21,28.2,19.4
95,8,22,28.1,19.2
95,8,23,27.9,19.0
95,8,24,27.8,18.7
95,8,25,27.6,18.5
95,8,26,27.5,18.4
95,8,27,27.5,18.2
95,8,28,27.5,18.1
95,8,29,27.5,17.9
95,8,30,27.5,17.8
95,8,31,27.5,17.6
95,9,1,27.4,17.5
95,9,2,27.2,17.2
95,9,3,26.9,17.0
95,9,4,26.7,16.7
95,9,5,26.5,16.4
95,9,6,26.4,16.1
95,9,7,26.1,15.8
95,9,8,26.0,15.6
95,9,9,25.9,15.3
95,9,10,25.6,15.0
95,9,11,25.4,14.8
95,9,12,25.4,14.6
95,9,13,25.4,14.4
95,9,14,25.4,14.2
95,9,15,25.4,14.0
95,9,16,25.4,13.7
95,9,17,25.3,13.2
95,9,18,24.9,12.8
95,9,19,24.5,12.4
95,9,20,24.2,11.9
95,9,21,24.0,11.5
95,9,22,23.9,11.4
95,9,23,23.9,11.1
95,9,24,24.0,10.9
95,9,25,23.9,10.9
95,9,26,23.6,10.9
95,9,27,23.4,10.7
95,9,28,23.0,10.6
95,9,29,22.5,10.4
95,9,30,22.1,10.0
95,10,1,21.9,9.7
95,10,2,21.7,9.2
95,10,3,21.5,8.8
95,10,4,21.5,8.4
95,10,5,21.4,8.4
95,10,6,21.4,8.1
95,10,7,21.4,7.9
95,10,8,21.3,7.9
95,10,9,21.1,7.8
95,10,10,20.9,7.4
95,10,11,20.6,7.0
95,10,12,20.3,6.6
95,10,13,19.9,6.0
95,10,14,19.5,5.7
95,10,15,19.2,5.4
95,10,16,19.0,5.2
95,10,17,18.9,5.1
95,10,18,19.0,5.1
95,10,19,19.1,4.9
95,10,20,18.9,4.8
95,10,21,18.5,4.6
95,10,22,18.2,4.4
95,10,23,17.7,4.1
95,10,24,17.2,3.7
95,10,25,17.0,3.2
95,10,26,16.7,2.9
95,10,27,16.2,2.4
95,10,28,15.8,1.9
95,10,29,15.5,1.5
95,10,30,15.1,1.3
95,10,31,14.7,1.1
95,11,1,14.6,0.8
95,11,2,14.6,0.7
95,11,3,14.7,0.8
95,11,4,14.9,1.0
95,11,5,14.9,1.3
95,11,6,14.5,1.5
95,11,7,14.1,1.6
95,11,8,13.4,1.6
95,11,9,12.7,1.2
95,11,10,12.4,0.8
95,11,11,12.1,0.7
95,11,12,11.7,0.5
95,11,13,11.2,0.0
95,11,14,10.8,-0.6
95,11,15,10.3,-0.9
95,11,16,9.7,-1.5
95,11,17,9.2,-2.1
95,11,18,8.8,-2.5
95,11,19,8.3,-2.9
95,11,20,8.2,-3.3
95,11,21,8.2,-3.4
95,11,22,8.0,-3.4
95,11,23,8.1,-3.5
95,11,24,7.9,-3.4
95,11,25,7.5,-3.4
95,11,26,7.1,-3.5
95,11,27,6.8,-3.6
95,11,28,6.7,-3.7
95,11,29,6.5,-4.0
95,11,30,6.4,-4.4
95,12,1,6.0,-4.9
95,12,2,5.6,-5.6
95,12,3,4.9,-6.0
95,12,4,4.3,-6.6
95,12,5,3.9,-6.8
95,12,6,3.6,-6.9
95,12,7,3.5,-7.1
95,12,8,3.4,-7.2
95,12,9,3.3,-7.1
95,12,10,3.1,-7.7
95,12,11,2.9,-8.3
95,12,12,2.6,-8.5
95,12,13,2.3,-8.7
95,12,14,2.1,-9.1
95,12,15,2.0,-9.1
95,12,16,1.8,-9.3
95,12,17,1.9,-9.4
95,12,18,2.1,-9.5
95,12,19,2.3,-9.4
95,12,20,2.7,-9.1
95,12,21,3.0,-8.7
95,12,22,3.0,-8.4
95,12,23,2.8,-8.4
95,12,24,2.4,-8.7
95,12,25,1.8,-9.5
95,12,26,1.4,-10.1
95,12,27,1.1,-10.8
95,12,28,0.7,-11.2
95,12,29,0.5,-11.4
95,12,30,0.6,-11.5
95,12,31,0.6,-11.4
98,1,1,2.0,-9.3
98,1,2,2.2,-9.2
98,1,3,2.5,-9.2
98,1,4,2.6,-9.1
98,1,5,2.5,-9.3
98,1,6,2.4,-9.4
98,1,7,2.1,-9.6
98,1,8,1.9,-9.6
98,1,9,1.7,-9.8
98,1,10,1.7,-9.9
98,1,11,1.5,-9.9
98,1,12,1.6,-9.9
98,1,13,1.8,-9.9
98,1,14,2.0,-9.6
98,1,15,2.3,-9.2
98,1,16,2.7,-8.9
98,1,17,3.1,-8.4
98,1,18,3.2,-7.8
98,1,19,3.1,-7.9
98,1,20,2.9,-7.8
98,1,21,2.6,-8.2
98,1,22,2.2,-8.7
98,1,23,2.0,-9.4
98,1,24,2.0,-9.4
98,1,25,2.2,-9.6
98,1,26,2.5,-9.5
98,1,27,2.8,-9.1
98,1,28,3.2,-8.7
98,1,29,3.4,-8.4
98,1,30,3.4,-8.4
98,1,31,3.3,-8.5
98,2,1,3.2,-8.7
98,2,2,3.2,-8.8
98,2,3,3.2,-8.9
98,2,4,3.4,-8.7
98,2,5,3.7,-8.3
98,2,6,3.8,-8.1
98,2,7,3.8,-7.9
98,2,8,4.1,-7.6
98,2,9,4.1,-7.6
98,2,10,4.1,-7.4
98,2,11,4.7,-7.1
98,2,12,5.2,-6.6
98,2,13,5.4,-6.3
98,2,14,5.4,-6.3
98,2,15,5.6,-6.2
98,2,16,5.5,-6.2
98,2,17,5.6,-6.3
98,2,18,6.0,-6.3
98,2,19,6.5,-5.9
98,2,20,7.2,-5.2
98,2,21,7.6,-4.8
98,2,22,8.1,-4.5
98,2,23,8.3,-3.9
98,2,24,8.6,-3.6
98,2,25,8.8,-3.7
98,2,26,8.9,-3.5
98,2,27,8.9,-3.2
98,2,28,8.8,-3.2
98,2,29,8.9,-3.1
98,3,1,9.0,-3.0
98,3,2,9.1,-2.7
98,3,3,9.0,-2.6
98,3,4,8.9,-2.6
98,3,5,8.9,-2.7
98,3,6,8.8,-2.9
98,3,7,9.1,-3.0
98,3,8,9.3,-2.9
98,3,9,9.7,-3.0
98,3,10,10.1,-2.9
98,3,11,10.5,-2.5
98,3,12,10.7,-2.2
98,3,13,11.4,-2.1
98,3,14,12.0,-1.4
98,3,15,12.7,-0.9
98,3,16,13.4,-0.2
98,3,17,13.8,0.3
98,3,18,14.0,0.6
98,3,19,14.3,0.7
98,3,20,14.2,0.8
98,3,21,14.0,0.5
98,3,22,13.9,0.2
98,3,23,13.6,0.3
98,3,24,13.6,0.2
98,3,25,13.8,0.3
98,3,26,14.0,0.4
98,3,27,14.2,0.8
98,3,28,14.7,1.1
98,3,29,15.0,1.5
98,3,30,15.4,1.8
98,3,31,15.7,2.2
98,4,1,16.0,2.4
98,4,2,16.4,2.4
98,4,3,16.7,2.5
98,4,4,16.5,2.6
98,4,5,16.6,2.8
98,4,6,17.1,2.9
98,4,7,17.2,3.3
98,4,8,17.4,3.8
98,4,9,18.1,4.2
98,4,10,18.4,4.5
98,4,11,18.4,4.9
98,4,12,18.5,5.2
98,4,13,18.7,5.1
98,4,14,19.0,5.2
98,4,15,19.4,5.2
98,4,16,20.0,5.4
98,4,17,20.3,5.7
98,4,18,20.2,6.2
98,4,19,20.2,6.6
98,4,20,20.0,7.1
98,4,21,19.6,7.1
98,4,22,19.7,6.8
98,4,23,19.9,6.6
98,4,24,19.8,6.4
98,4,25,19.9,6.2
98,4,26,20.4,6.2
98,4,27,20.5,6.5
98,4,28,21.1,7.1
98,4,29,21.9,7.9
98,4,30,22.8,8.6
98,5,1,23.1,9.3
98,5,2,23.7,9.7
98,5,3,24.0,9.7
98,5,4,23.7,9.6
98,5,5,23.6,9.3
98,5,6,24.1,9.3
98,5,7,23.9,9.5
98,5,8,23.3,9.6
98,5,9,23.4,9.8
98,5,10,23.0,10.2
98,5,11,22.7,10.3
98,5,12,23.0,10.3
98,5,13,23.2,10.6
98,5,14,23.5,10.8
98,5,15,24.1,10.9
98,5,16,23.9,11.2
98,5,17,23.6,11.4
98,5,18,23.9,11.3
98,5,19,24.3,11.2
98,5,20,24.5,11.5
98,5,21,25.0,11.8
98,5,22,25.6,12.0
98,5,23,25.9,12.5
98,5,24,26.0,13.0
98,5,25,26.0,13.0
98,5,26,26.1,13.1
98,5,27,26.3,13.3
98,5,28,26.3,13.5
98,5,29,26.5,13.4
98,5,30,26.8,13.6
98,5,31,27.0,13.7
98,6,1,27.3,13.8
98,6,2,27.8,14.0
98,6,3,28.0,14.4
98,6,4,28.2,14.9
98,6,5,28.1,15.3
98,6,6,27.9,15.5
98,6,7,28.0,15.7
98,6,8,28.0,15.9
98,6,9,28.0,15.9
98,6,10,28.1,15.9
98,6,11,28.3,16.0
98,6,12,28.2,16.2
98,6,13,28.1,16.2
98,6,14,28.1,16.1
98,6,15,28.2,16.4
98,6,16,28.2,16.6
98,6,17,28.2,16.7
98,6,18,28.3,17.0
98,6,19,28.5,17.5
98,6,20,28.7,17.7
98,6,21,28.6,17.8
98,6,22,28.5,17.9
98,6,23,28.4,17.9
98,6,24,28.2,17.8
98,6,25,27.9,18.0
98,6,26,28.3,18.1
98,6,27,28.3,18.4
98,6,28,28.2,18.7
98,6,29,28.3,19.1
98,6,30,28.3,19.4
98,7,1,27.9,19.6
98,7,2,28.2,19.7
98,7,3,28.4,19.7
98,7,4,28.7,19.8
98,7,5,29.1,19.7
98,7,6,29.4,19.8
98,7,7,29.3,19.9
98,7,8,29.2,20.0
98,7,9,28.9,20.0
98,7,10,28.4,20.0
98,7,11,28.2,20.1
98,7,12,28.1,20.2
98,7,13,28.1,20.3
98,7,14,28.0,20.4
98,7,15,28.1,20.5
98,7,16,28.3,20.6
98,7,17,28.3,20.7
98,7,18,28.8,21.0
98,7,19,29.2,21.3
98,7,20,29.5,21.6
98,7,21,29.5,21.8
98,7,22,29.5,21.9
98,7,23,29.3,21.9
98,7,24,29.3,21.8
98,7,25,29.4,21.9
98,7,26,29.4,21.9
98,7,27,29.6,22.1
98,7,28,29.7,22.2
98,7,29,29.8,22.4
98,7,30,30.1,22.4
98,7,31,30.4,22.6
98,8,1,30.7,22.6
98,8,2,30.9,22.6
98,8,3,31.2,22.7
98,8,4,31.3,22.6
98,8,5,31.2,22.6
98,8,6,31.3,22.5
98,8,7,31.4,22.4
98,8,8,31.2,22.4
98,8,9,31.2,22.3
98,8,10,31.1,22.1
98,8,11,31.0,22.1
98,8,12,30.8,22.1
98,8,13,30.6,21.9
98,8,14,30.5,21.9
98,8,15,30.5,21.7
98,8,16,30.3,21.6
98,8,17,29.9,21.3
98,8,18,29.7,21.2
98,8,19,29.4,20.9
98,8,20,29.3,20.8
98,8,21,29.2,20.5
98,8,22,29.3,20.2
98,8,23,29.2,19.9
98,8,24,29.2,19.7
98,8,25,28.9,19.5
98,8,26,28.9,19.5
98,8,27,28.7,19.5
98,8,28,28.6,19.4
98,8,29,28.5,19.2
98,8,30,28.5,19.0
98,8,31,28.4,18.7
98,9,1,28.5,18.5
98,9,2,28.4,18.2
98,9,3,28.2,18.1
98,9,4,28.0,17.8
98,9,5,27.7,17.6
98,9,6,27.5,17.4
98,9,7,27.1,17.2
98,9,8,27.1,17.0
98,9,9,26.9,16.9
98,9,10,26.7,16.7
98,9,11,26.5,16.4
98,9,12,26.5,16.3
98,9,13,26.4,16.2
98,9,14,26.6,15.9
98,9,15,26.7,15.8
98,9,16,26.6,15.6
98,9,17,26.4,15.2
98,9,18,26.0,14.8
98,9,19,25.5,14.4
98,9,20,25.2,13.9
98,9,21,25.1,13.5
98,9,22,25.1,13.4
98,9,23,25.3,13.1
98,9,24,25.7,13.0
98,9,25,25.7,13.0
98,9,26,25.4,12.9
98,9,27,25.0,12.8
98,9,28,24.6,12.7
98,9,29,23.9,12.5
98,9,30,23.4,12.1
98,10,1,23.1,11.6
98,10,2,22.9,10.9
98,10,3,22.7,10.4
98,10,4,22.9,10.1
98,10,5,23.0,10.1
98,10,6,23.0,10.0
98,10,7,22.9,10.0
98,10,8,22.7,10.0
98,10,9,22.3,9.8
98,10,10,21.9,9.2
98,10,11,21.5,8.6
98,10,12,21.1,8.2
98,10,13,20.8,7.5
98,10,14,20.6,7.1
98,10,15,20.3,6.7
98,10,16,20.3,6.5
98,10,17,20.4,6.5
98,10,18,20.6,6.7
98,10,19,20.7,6.8
98,10,20,20.6,7.1
98,10,21,20.1,7.1
98,10,22,19.8,6.9
98,10,23,19.4,6.6
98,10,24,18.9,6.3
98,10,25,18.7,5.7
98,10,26,18.4,5.3
98,10,27,17.8,4.8
98,10,28,17.4,4.0
98,10,29,17.3,3.5
98,10,30,17.0,3.4
98,10,31,16.6,3.1
98,11,1,16.6,2.9
98,11,2,16.5,3.0
98,11,3,16.5,3.1
98,11,4,16.5,3.2
98,11,5,16.6,3.5
98,11,6,16.3,3.7
98,11,7,15.9,3.8
98,11,8,15.2,3.6
98,11,9,14.5,3.2
98,11,10,14.1,2.5
98,11,11,13.7,2.0
98,11,12,13.2,1.5
98,11,13,12.6,1.0
98,11,14,12.2,0.2
98,11,15,11.7,0.0
98,11,16,11.2,-0.5
98,11,17,10.8,-1.0
98,11,18,10.5,-1.3
98,11,19,10.3,-1.5
98,11,20,10.2,-1.9
98,11,21,10.4,-1.9
98,11,22,10.3,-1.5
98,11,23,10.4,-1.5
98,11,24,10.1,-1.5
98,11,25,9.6,-1.4
98,11,26,9.1,-1.5
98,11,27,8.5,-1.8
98,11,28,8.2,-2.0
98,11,29,8.1,-2.3
98,11,30,8.0,-2.5
98,12,1,7.8,-2.9
98,12,2,7.6,-3.4
98,12,3,6.8,-3.8
98,12,4,6.1,-4.5
98,12,5,5.4,-5.0
98,12,6,4.9,-5.4
98,12,7,4.7,-5.6
98,12,8,4.9,-5.7
98,12,9,4.9,-5.5
98,12,10,4.9,-5.7
98,12,11,4.7,-6.2
98,12,12,4.2,-6.6
98,12,13,3.8,-6.9
98,12,14,3.5,-7.4
98,12,15,3.1,-7.5
98,12,16,2.9,-7.7
98,12,17,2.9,-7.7
98,12,18,3.0,-7.9
98,12,19,3.2,-7.8
98,12,20,3.8,-7.5
98,12,21,4.2,-7.1
98,12,22,4.3,-6.7
98,12,23,4.1,-6.8
98,12,24,3.6,-7.2
98,12,25,2.9,-8.1
98,12,26,2.4,-8.7
98,12,27,2.1,-9.2
98,12,28,1.8,-9.4
98,12,29,1.7,-9.5
98,12,30,1.8,-9.3
98,12,31,1.8,-9.1
99,1,1,1.2,-11.0
99,1,2,1.5,-10.9
99,1,3,1.7,-10.9
99,1,4,1.8,-11.0
99,1,5,1.7,-11.2
99,1,6,1.6,-11.2
99,1,7,1.3,-11.5
99,1,8,1.1,-11.4
99,1,9,1.0,-11.3
99,1,10,0.9,-11.3
99,1,11,0.8,-11.2
99,1,12,1.0,-11.1
99,1,13,1.3,-11.0
99,1,14,1.6,-10.8
99,1,15,2.0,-10.4
99,1,16,2.4,-10.1
99,1,17,2.8,-9.6
99,1,18,2.8,-9.0
99,1,19,2.7,-9.0
99,1,20,2.4,-9.0
99,1,21,1.9,-9.4
99,1,22,1.3,-10.2
99,1,23,0.9,-11.1
99,1,24,0.9,-11.4
99,1,25,1.1,-11.8
99,1,26,1.6,-11.5
99,1,27,2.1,-10.8
99,1,28,2.6,-10.1
99,1,29,2.9,-9.9
99,1,30,2.9,-9.6
99,1,31,2.9,-9.7
99,2,1,2.7,-10.0
99,2,2,2.6,-10.2
99,2,3,2.5,-10.3
99,2,4,2.6,-10.2
99,2,5,2.9,-9.9
99,2,6,2.9,-9.5
99,2,7,3.0,-9.5
99,2,8,3.3,-9.0
99,2,9,3.4,-8.9
99,2,10,3.4,-8.7
99,2,11,4.1,-8.5
99,2,12,4.8,-7.8
99,2,13,5.1,-7.5
99,2,14,5.1,-7.4
99,2,15,5.3,-7.3
99,2,16,5.1,-7.2
99,2,17,5.1,-7.3
99,2,18,5.3,-7.4
99,2,19,5.8,-6.9
99,2,20,6.5,-6.2
99,2,21,6.9,-5.8
99,2,22,7.3,-5.5
99,2,23,7.6,-4.8
99,2,24,7.9,-4.6
99,2,25,7.9,-4.7
99,2,26,8.3,-4.3
99,2,27,8.3,-3.9
99,2,28,8.0,-3.9
99,2,29,8.1,-3.8
99,3,1,8.1,-3.8
99,3,2,8.1,-3.6
99,3,3,7.9,-3.5
99,3,4,7.7,-3.5
99,3,5,8.0,-3.5
99,3,6,8.1,-3.6
99,3,7,8.5,-3.7
99,3,8,8.8,-3.7
99,3,9,9.3,-3.8
99,3,10,9.6,-3.6
99,3,11,9.7,-3.3
99,3,12,9.8,-3.1
99,3,13,10.3,-3.1
99,3,14,10.8,-2.5
99,3,15,11.5,-2.1
99,3,16,12.2,-1.5
99,3,17,12.7,-1.1
99,3,18,12.9,-0.8
99,3,19,13.2,-0.6
99,3,20,13.2,-0.4
99,3,21,12.9,-0.7
99,3,22,12.7,-0.9
99,3,23,12.5,-0.7
99,3,24,12.6,-0.8
99,3,25,12.8,-0.8
99,3,26,13.1,-0.7
99,3,27,13.5,-0.3
99,3,28,14.0,0.0
99,3,29,14.2,0.4
99,3,30,14.6,0.7
99,3,31,15.0,1.1
99,4,1,15.2,1.3
99,4,2,15.6,1.3
99,4,3,15.9,1.3
99,4,4,15.7,1.3
99,4,5,15.6,1.7
99,4,6,15.9,1.8
99,4,7,16.0,2.2
99,4,8,16.2,2.7
99,4,9,16.9,3.2
99,4,10,17.3,3.3
99,4,11,17.5,3.8
99,4,12,17.7,4.0
99,4,13,17.8,3.9
99,4,14,18.0,3.9
99,4,15,18.3,3.9
99,4,16,18.7,4.1
99,4,17,19.0,4.5
99,4,18,18.9,5.0
99,4,19,18.9,5.4
99,4,20,18.6,5.9
99,4,21,18.3,6.0
99,4,22,18.4,5.7
99,4,23,18.6,5.5
99,4,24,18.6,5.3
99,4,25,18.8,5.0
99,4,26,19.3,5.1
99,4,27,19.5,5.6
99,4,28,20.1,6.3
99,4,29,21.0,7.2
99,4,30,21.9,8.0
99,5,1,22.3,8.6
99,5,2,22.9,9.0
99,5,3,23.5,9.1
99,5,4,23.0,8.9
99,5,5,22.9,8.6
99,5,6,23.2,8.7
99,5,7,23.0,8.8
99,5,8,22.5,9.0
99,5,9,22.6,9.2
99,5,10,22.1,9.8
99,5,11,21.9,9.9
99,5,12,22.2,10.0
99,5,13,22.5,10.2
99,5,14,22.7,10.4
99,5,15,23.3,10.4
99,5,16,23.4,10.5
99,5,17,23.2,10.8
99,5,18,23.3,10.7
99,5,19,23.5,10.7
99,5,20,23.8,10.9
99,5,21,24.1,11.2
99,5,22,24.6,11.4
99,5,23,25.0,11.8
99,5,24,25.2,12.2
99,5,25,25.3,12.4
99,5,26,25.6,12.6
99,5,27,25.8,13.0
99,5,28,25.8,13.2
99,5,29,25.9,13.2
99,5,30,26.2,13.3
99,5,31,26.5,13.4
99,6,1,26.7,13.4
99,6,2,26.9,13.5
99,6,3,27.0,13.8
99,6,4,27.1,14.4
99,6,5,26.9,14.8
99,6,6,26.8,15.1
99,6,7,27.0,15.4
99,6,8,27.0,15.7
99,6,9,27.1,15.8
99,6,10,27.2,15.8
99,6,11,27.3,15.9
99,6,12,27.2,16.0
99,6,13,27.3,16.1
99,6,14,27.5,16.0
99,6,15,27.5,16.2
99,6,16,27.6,16.5
99,6,17,27.6,16.7
99,6,18,27.7,17.0
99,6,19,27.7,17.5
99,6,20,28.0,17.7
99,6,21,28.1,17.8
99,6,22,28.0,17.8
99,6,23,28.1,17.8
99,6,24,27.9,17.6
99,6,25,27.6,17.8
99,6,26,27.9,18.0
99,6,27,28.0,18.2
99,6,28,28.0,18.6
99,6,29,28.1,19.0
99,6,30,28.0,19.4
99,7,1,27.7,19.6
99,7,2,27.9,19.7
99,7,3,28.0,19.6
99,7,4,28.1,19.5
99,7,5,28.5,19.5
99,7,6,28.8,19.6
99,7,7,28.9,19.7
99,7,8,28.9,19.8
99,7,9,28.7,19.9
99,7,10,28.3,20.0
99,7,11,28.1,20.1
99,7,12,27.9,20.2
99,7,13,27.9,20.4
99,7,14,27.8,20.4
99,7,15,27.9,20.5
99,7,16,28.1,20.5
99,7,17,28.2,20.7
99,7,18,28.4,20.9
99,7,19,28.9,21.2
99,7,20,29.5,21.4
99,7,21,29.5,21.6
99,7,22,29.5,21.7
99,7,23,29.5,21.8
99,7,24,29.4,21.8
99,7,25,29.3,21.9
99,7,26,29.3,22.0
99,7,27,29.7,22.1
99,7,28,29.9,22.2
99,7,29,30.1,22.5
99,7,30,30.4,22.6
99,7,31,30.8,22.8
99,8,1,31.0,22.9
99,8,2,31.1,22.9
99,8,3,31.5,23.0
99,8,4,31.5,22.9
99,8,5,31.4,22.8
99,8,6,31.4,22.7
99,8,7,31.5,22.7
99,8,8,31.1,22.5
99,8,9,31.0,22.4
99,8,10,31.0,22.3
99,8,11,30.9,22.2
99,8,12,30.6,22.2
99,8,13,30.4,22.1
99,8,14,30.2,22.0
99,8,15,30.1,21.8
99,8,16,29.7,21.6
99,8,17,29.4,21.3
99,8,18,29.4,21.1
99,8,19,29.2,20.9
99,8,20,29.3,20.9
99,8,21,29.3,20.6
99,8,22,29.3,20.2
99,8,23,29.2,19.9
99,8,24,29.1,19.7
99,8,25,29.0,19.5
99,8,26,28.9,19.5
99,8,27,28.7,19.5
99,8,28,28.5,19.4
99,8,29,28.3,19.1
99,8,30,28.2,18.8
99,8,31,27.9,18.5
99,9,1,27.9,18.2
99,9,2,27.7,18.0
99,9,3,27.5,17.8
99,9,4,27.2,17.5
99,9,5,27.1,17.2
99,9,6,27.1,17.0
99,9,7,26.8,16.6
99,9,8,26.8,16.4
99,9,9,26.5,16.4
99,9,10,26.4,16.4
99,9,11,26.2,16.2
99,9,12,26.3,16.2
99,9,13,26.4,16.2
99,9,14,26.6,16.0
99,9,15,26.8,15.8
99,9,16,26.7,15.6
99,9,17,26.5,15.2
99,9,18,26.0,14.8
99,9,19,25.5,14.5
99,9,20,25.2,14.0
99,9,21,25.1,13.6
99,9,22,25.1,13.3
99,9,23,25.3,13.0
99,9,24,25.5,12.7
99,9,25,25.5,12.7
99,9,26,25.1,12.7
99,9,27,24.8,12.5
99,9,28,24.4,12.4
99,9,29,23.9,12.2
99,9,30,23.3,11.6
99,10,1,23.2,11.0
99,10,2,23.1,10.4
99,10,3,22.9,9.8
99,10,4,23.0,9.5
99,10,5,23.0,9.5
99,10,6,22.9,9.4
99,10,7,22.7,9.4
99,10,8,22.5,9.2
99,10,9,22.1,8.8
99,10,10,21.9,8.1
99,10,11,21.6,7.4
99,10,12,21.2,7.0
99,10,13,20.7,6.3
99,10,14,20.5,6.1
99,10,15,20.4,6.0
99,10,16,20.4,6.0
99,10,17,20.4,6.1
99,10,18,20.5,6.5
99,10,19,20.4,6.6
99,10,20,20.1,6.7
99,10,21,19.5,6.6
99,10,22,19.3,6.2
99,10,23,18.8,5.8
99,10,24,18.2,5.3
99,10,25,17.9,4.5
99,10,26,17.7,4.0
99,10,27,17.1,3.4
99,10,28,16.7,2.5
99,10,29,16.7,2.0
99,10,30,16.6,1.9
99,10,31,16.2,1.8
99,11,1,16.1,1.7
99,11,2,16.1,1.9
99,11,3,16.2,2.1
99,11,4,16.2,2.4
99,11,5,16.2,2.8
99,11,6,15.9,3.2
99,11,7,15.5,3.3
99,11,8,14.8,3.2
99,11,9,14.1,2.7
99,11,10,13.7,1.8
99,11,11,13.3,1.3
99,11,12,12.8,0.8
99,11,13,11.9,0.1
99,11,14,11.3,-0.9
99,11,15,10.8,-1.1
99,11,16,10.2,-1.6
99,11,17,9.8,-2.1
99,11,18,9.6,-2.5
99,11,19,9.4,-2.6
99,11,20,9.2,-3.0
99,11,21,9.3,-3.0
99,11,22,9.2,-2.8
99,11,23,9.3,-2.7
99,11,24,9.1,-2.6
99,11,25,8.9,-2.3
99,11,26,8.6,-2.3
99,11,27,8.2,-2.4
99,11,28,7.9,-2.6
99,11,29,7.8,-2.9
99,11,30,7.6,-3.3
99,12,1,7.4,-3.6
99,12,2,7.0,-4.2
99,12,3,6.2,-4.7
99,12,4,5.5,-5.4
99,12,5,4.8,-6.0
99,12,6,4.1,-6.6
99,12,7,3.8,-7.0
99,12,8,3.9,-7.0
99,12,9,3.9,-6.8
99,12,10,3.9,-7.2
99,12,11,3.8,-7.5
99,12,12,3.5,-7.9
99,12,13,3.1,-8.2
99,12,14,2.6,-8.6
99,12,15,2.3,-8.8
99,12,16,2.1,-8.9
99,12,17,2.3,-8.9
99,12,18,2.5,-9.0
99,12,19,2.9,-8.8
99,12,20,3.4,-8.4
99,12,21,3.9,-8.0
99,12,22,3.8,-7.8
99,12,23,3.5,-7.8
99,12,24,2.9,-8.2
99,12,25,1.9,-9.2
99,12,26,1.3,-9.9
99,12,27,1.1,-10.3
99,12,28,0.8,-10.7
99,12,29,0.6,-11.0
99,12,30,0.8,-10.8
99,12,31,1.0,-10.8
